Date,News,What It Affects,Sentiment,Source
2025-01-01,Bulls celebrate new year with all-time high rally,Stock Market (Direct),Positive,https://www.dawn.com/news/1882419/bulls-celebrate-new-year-with-all-time-high-rally
2025-01-01,CPI inflation clocks in at 4.1pc for December 2024 — lowest in nearly 7 years,Stock Market (Direct); Inflation / CPI,Neutral,https://www.dawn.com/news/1882439/cpi-inflation-clocks-in-at-41pc-for-december-2024-lowest-in-nearly-7-years
2025-01-01,FBR falls Rs386bn short of revenue target,Inflation / CPI; Fiscal Policy / Budget / Taxes; Current Account / Trade,Neutral,https://www.dawn.com/news/1882374/fbr-falls-rs386bn-short-of-revenue-target
2025-01-01,"Govt, ADB sign $200m loan for power sector",IMF / External Financing; Oil & Gas / Energy Sector,Neutral,https://www.dawn.com/news/1882376/govt-adb-sign-200m-loan-for-power-sector
2025-01-01,"Iniquitous, inefficient tax system",Fiscal Policy / Budget / Taxes; Political Stability / Government,Neutral,https://www.dawn.com/news/1882450/iniquitous-inefficient-tax-system
2025-01-01,Stock market ends 2024 with historic 84pc gain,Stock Market (Direct),Negative,https://www.dawn.com/news/1882380/stock-market-ends-2024-with-historic-84pc-gain
2025-01-02,Concerns raised over gas sale deal without bidding,Oil & Gas / Energy Sector,Neutral,https://www.dawn.com/news/1882544/concerns-raised-over-gas-sale-deal-without-bidding
2025-01-02,Exports post modest rise of 0.67pc in December,Current Account / Trade,Positive,https://www.dawn.com/news/1882546/exports-post-modest-rise-of-067pc-in-december
2025-01-02,Industry offers divergent views on economic performance in 2024,Fiscal Policy / Budget / Taxes,Neutral,https://www.dawn.com/news/1882547/industry-offers-divergent-views-on-economic-performance-in-2024
2025-01-02,Oil sales dip 19pc,Stock Market (Direct),Negative,https://www.dawn.com/news/1882541/oil-sales-dip-19pc
2025-01-02,Shares at PSX gain 100 points amid mixed economic indicators,Stock Market (Direct); Current Account / Trade,Positive,https://www.dawn.com/news/1882634/shares-at-psx-gain-100-points-amid-mixed-economic-indicators
2025-01-03,SBP reserves fall $371m in two weeks,Monetary Policy / Interest Rates,Negative,https://www.dawn.com/news/1882791/sbp-reserves-fall-371m-in-two-weeks
2025-01-03,Govt moves on efficient utilisation of energy,GDP / Economic Growth,Neutral,https://www.dawn.com/news/1882796/govt-moves-on-efficient-utilisation-of-energy
2025-01-03,Local cement sales fall 10.4pc in 1HFY25,Current Account / Trade; Cement Sector,Negative,https://www.dawn.com/news/1882790/local-cement-sales-fall-104pc-in-1hfy25
2025-01-04,Cotton production plunges over 33pc,Current Account / Trade; Textile Sector,Negative,https://www.dawn.com/news/1882981/cotton-production-plunges-over-33pc
2025-01-04,Export of services reaches $676m  in November,Current Account / Trade,Neutral,https://www.dawn.com/news/1882976/export-of-services-reaches-676m-in-november
2025-01-04,PSX manages record closing on select buying,Stock Market (Direct); Cement Sector,Neutral,https://www.dawn.com/news/1882980/psx-manages-record-closing-on-select-buying
2025-01-04,Weekly inflation eases slightly,Inflation / CPI,Positive,https://www.dawn.com/news/1882978/weekly-inflation-eases-slightly
2025-01-05,"Demand for costly dried fruit, nuts surges",Currency / Exchange Rate; Current Account / Trade,Neutral,https://www.dawn.com/news/1883219/demand-for-costly-dried-fruit-nuts-surges
2025-01-05,Pakistan to face double trouble if dollar is threatened,Currency / Exchange Rate,Negative,https://www.dawn.com/news/1883218
2025-01-05,Petrol­eum Exploration Limited acquires energy assets from Kuwaiti firm,Oil & Gas / Energy Sector,Neutral,https://www.dawn.com/news/1883216/petroleum-exploration-limited-acquires-energy-assets-from-kuwaiti-firm
2025-01-05,"With advent of new year, PSX resumes record-setting spree",Stock Market (Direct),Neutral,https://www.dawn.com/news/1883215/with-advent-of-new-year-psx-resumes-record-setting-spree
2025-01-06,Untangling the gas sector,Oil & Gas / Energy Sector,Negative,https://www.dawn.com/news/1883434
2025-01-06,Plugging the  ADR loop-hole,Banking Sector,Positive,https://www.dawn.com/news/1883427/plugging-the-adr-loop-hole
2025-01-06,IMF wants strict levy on captive power plants,IMF / External Financing,Neutral,https://www.dawn.com/news/1883368/imf-wants-strict-levy-on-captive-power-plants
2025-01-06,Pakistan’s internal issues paired with external challenges merit charter of economy,Inflation / CPI; Fiscal Policy / Budget / Taxes,Neutral,https://www.dawn.com/news/1883344
2025-01-07,Banks advance  record Rs1.9tr to private sector,Monetary Policy / Interest Rates,Neutral,https://www.dawn.com/news/1883589/banks-advance-record-rs19tr-to-private-sector
2025-01-07,Bears at PSX lose steam midway as shares make marginal losses,Stock Market (Direct),Negative,https://www.dawn.com/news/1883659/bears-at-psx-lose-steam-midway-as-shares-make-marginal-losses
2025-01-07,"Blocked US Steel deal could hit investments, warns Japanese PM",Foreign Investment / FPI,Negative,https://www.dawn.com/news/1883587/blocked-us-steel-deal-could-hit-investments-warns-japanese-pm
2025-01-07,Higher petroleum imports widen trade gap with Middle East,Current Account / Trade,Neutral,https://www.dawn.com/news/1883586/higher-petroleum-imports-widen-trade-gap-with-middle-east
2025-01-07,"Stocks falter on economic, security situation",IMF / External Financing,Neutral,https://www.dawn.com/news/1883585/stocks-falter-on-economic-security-situation
2025-01-08,"Rightsizing is an IMF structural benchmark, says finance minister",IMF / External Financing,Neutral,https://www.dawn.com/news/1883755/rightsizing-is-an-imf-structural-benchmark-says-finance-minister
2025-01-08,PM boasts of stability after UAE agrees to $2bn rollover,Fiscal Policy / Budget / Taxes; Current Account / Trade,Neutral,https://www.dawn.com/news/1883758/pm-boasts-of-stability-after-uae-agrees-to-2bn-rollover
2025-01-08,"128 DEA, education dept officials involved in Rs500m scam in Bahawalnagar",Political Stability / Government,Neutral,https://www.dawn.com/news/1883790/128-dea-education-dept-officials-involved-in-rs500m-scam-in-bahawalnagar
2025-01-08,PM Shehbaz stresses need to honour IMF commitments,Stock Market (Direct); IMF / External Financing,Negative,https://www.dawn.com/news/1883866/pm-shehbaz-stresses-need-to-honour-imf-commitments
2025-01-09,Stocks bleed for third straight session despite PM’s visit,Stock Market (Direct),Neutral,https://www.dawn.com/news/1883966/stocks-bleed-for-third-straight-session-despite-pms-visit
2025-01-09,"After a decade, govt wakes up to market Gwadar port",Currency / Exchange Rate,Neutral,https://www.dawn.com/news/1883968/after-a-decade-govt-wakes-up-to-market-gwadar-port
2025-01-09,"Country’s debt level, balance of payments under control, says SBP governor",Monetary Policy / Interest Rates; Current Account / Trade,Neutral,https://www.dawn.com/news/1884080/countrys-debt-level-balance-of-payments-under-control-says-sbp-governor
2025-01-09,Development spending falls off cliff in July-Dec,Fiscal Policy / Budget / Taxes,Neutral,https://www.dawn.com/news/1883971/development-spending-falls-off-cliff-in-july-dec
2025-01-09,Four Pakistani banks in S&P’s Asia-Pacific top 10 list,Banking Sector; Credit Rating,Neutral,https://www.dawn.com/news/1883970/four-pakistani-banks-in-sampps-asia-pacific-top-10-list
2025-01-09,Stakeholders asked to submit budget proposals,Fiscal Policy / Budget / Taxes,Neutral,https://www.dawn.com/news/1883967/stakeholders-asked-to-submit-budget-proposals
2025-01-10,"Remittances, exports will stabilise economy: SBP chief",Monetary Policy / Interest Rates; Inflation / CPI; Current Account / Trade,Neutral,https://www.dawn.com/news/1884232/remittances-exports-will-stabilise-economy-sbp-chief
2025-01-10,"PSX loses 1,510 points as panic-selling continues",Stock Market (Direct); Political Stability / Government,Negative,https://www.dawn.com/news/1884235/psx-loses-1510-points-as-panic-selling-continues
2025-01-10,SBP reserves  fall $15m,Monetary Policy / Interest Rates,Negative,https://www.dawn.com/news/1884234/sbp-reserves-fall-15m
2025-01-10,PIA resumes flights to Paris today following four-year hiatus,Privatization / Divestment,Neutral,https://www.dawn.com/news/1884198/pia-resumes-flights-to-paris-today-following-four-year-hiatus
2025-01-10,"Import delays push lint prices to record Rs20,000 per maund",Fiscal Policy / Budget / Taxes; Current Account / Trade,Negative,https://www.dawn.com/news/1884233/import-delays-push-lint-prices-to-record-rs20000-per-maund
2025-01-10,"PIA flight departs from Islamabad for Paris, ending 4-year EU ban",Privatization / Divestment,Negative,https://www.dawn.com/news/1884310/pia-flight-departs-from-islamabad-for-paris-ending-4-year-eu-ban
2025-01-10,"IMF agrees to end 18pc GST on new aircraft, NA panel told",IMF / External Financing; Privatization / Divestment,Neutral,https://www.dawn.com/news/1884229/imf-agrees-to-end-18pc-gst-on-new-aircraft-na-panel-told
2025-01-10,Govt sees price stability amid ample fertiliser supplies,Fertilizer Sector,Neutral,https://www.dawn.com/news/1884231/govt-sees-price-stability-amid-ample-fertiliser-supplies
2025-01-10,Centre eyes unveiling new budget in early June,Fiscal Policy / Budget / Taxes,Neutral,https://www.dawn.com/news/1884228/centre-eyes-unveiling-new-budget-in-early-june
2025-01-11,Regulator promises action on LPG overcharging,Oil & Gas / Energy Sector,Neutral,https://www.dawn.com/news/1884429/regulator-promises-action-on-lpg-overcharging
2025-01-11,LNG prices for January notified,Oil & Gas / Energy Sector,Neutral,https://www.dawn.com/news/1884431/lng-prices-for-january-notified
2025-01-11,Weekly inflation slows to 1.9pc,Inflation / CPI,Positive,https://www.dawn.com/news/1884433/weekly-inflation-slows-to-19pc
2025-01-11,Buying at dips helps index snap bearish run,Cement Sector,Negative,https://www.dawn.com/news/1884435/buying-at-dips-helps-index-snap-bearish-run
2025-01-11,Barriers impeding regional export: Ishaq Dar,Current Account / Trade,Neutral,https://www.dawn.com/news/1884428/barriers-impeding-regional-export-ishaq-dar
2025-01-11,Economy seen growing at 3.4pc in FY25,IMF / External Financing,Neutral,https://www.dawn.com/news/1884432/economy-seen-growing-at-34pc-in-fy25
2025-01-12,Editorial: Remittances must be channeled for development instead of squandering on imported luxuries,Current Account / Trade,Negative,https://www.dawn.com/news/1884673
2025-01-12,Exports to Europe rise to $3.8bn in July-Nov,Current Account / Trade,Positive,https://www.dawn.com/news/1884643/exports-to-europe-rise-to-38bn-in-july-nov
2025-01-12,"Falling tea imports causing losses, says association",Current Account / Trade,Neutral,https://www.dawn.com/news/1884642/falling-tea-imports-causing-losses-says-association
2025-01-12,"IMF chief sees steady world growth, disinflation",Inflation / CPI; IMF / External Financing,Neutral,https://www.dawn.com/news/1884641/imf-chief-sees-steady-world-growth-disinflation
2025-01-12,Ogra cracks down on adulterated LPG sale,Oil & Gas / Energy Sector,Neutral,https://www.dawn.com/news/1884627/ogra-cracks-down-on-adulterated-lpg-sale
2025-01-12,"PSX loses 4,340 points in first week of new year",Stock Market (Direct),Negative,https://www.dawn.com/news/1884647/psx-loses-4340-points-in-first-week-of-new-year
2025-01-13,Stock market’s surge  — the myth of an  economic turnaround,Stock Market (Direct),Neutral,https://www.dawn.com/news/1884733/stock-markets-surge-the-myth-of-an-economic-turnaround
2025-01-13,"Uraan plan must prioritise food security, female empowerment to incur any meaningful change in country",Foreign Investment / FPI,Neutral,https://www.dawn.com/news/1884741
2025-01-13,Pension pain,Fiscal Policy / Budget / Taxes,Neutral,https://www.dawn.com/news/1884747/pension-pain
2025-01-13,"Pension budget stands at over 6 times the shares for environment, housing, health, education combined",Fiscal Policy / Budget / Taxes,Neutral,https://www.dawn.com/news/1884747
2025-01-13,"Fate of Gwadar power plant under question as consistent delays, high costs render it unaffordable",Oil & Gas / Energy Sector,Negative,https://www.dawn.com/news/1884746
2025-01-13,Empowering local governments,Fiscal Policy / Budget / Taxes,Positive,https://www.dawn.com/news/1884745/empowering-local-governments
2025-01-13,Aurangzeb says country making progress on Panda bonds: report,IMF / External Financing,Neutral,https://www.dawn.com/news/1884901/aurangzeb-says-country-making-progress-on-panda-bonds-report
2025-01-13,Finance: The three “Fs” of economy,Foreign Investment / FPI,Neutral,https://www.dawn.com/news/1884741/finance-the-three-fs-of-economy
2025-01-14,"US, China and UK remain top 3 destinations of Pakistani exports: SBP",Monetary Policy / Interest Rates; Current Account / Trade,Neutral,https://www.dawn.com/news/1885139/us-china-and-uk-remain-top-3-destinations-of-pakistani-exports-sbp
2025-01-14,Textile parks to boost exports,Current Account / Trade; Textile Sector,Positive,https://www.dawn.com/news/1885073/textile-parks-to-boost-exports
2025-01-14,"Oil prices climb $2, hits 4-month high",Oil & Gas / Energy Sector,Neutral,https://www.dawn.com/news/1885074/oil-prices-climb-2-hits-4-month-high
2025-01-14,"Petrol, diesel to cost Rs6 more in next fortnight",Current Account / Trade,Neutral,https://www.dawn.com/news/1885075/petrol-diesel-to-cost-rs6-more-in-next-fortnight
2025-01-14,Bulls stage 983-point rally on value-hunting,Stock Market (Direct); Monetary Policy / Interest Rates,Positive,https://www.dawn.com/news/1885072/bulls-stage-983-point-rally-on-value-hunting
2025-01-14,64pc of adults now have bank accounts,Monetary Policy / Interest Rates,Neutral,https://www.dawn.com/news/1885077/64pc-of-adults-now-have-bank-accounts
2025-01-14,"Nestle, Unilever and PIA among ‘happiest workplaces’ in Pakistan: report",Privatization / Divestment,Neutral,https://www.dawn.com/news/1885143/nestle-unilever-and-pia-among-happiest-workplaces-in-pakistan-report
2025-01-15,Auto sales surge 54pc in July-December,Automobile Sector,Positive,https://www.dawn.com/news/1885216/auto-sales-surge-54pc-in-july-december
2025-01-15,FBR seeks banker’s bail cancellation in Rs40bn tax fraud case,Fiscal Policy / Budget / Taxes,Negative,https://www.dawn.com/news/1885238/fbr-seeks-bankers-bail-cancellation-in-rs40bn-tax-fraud-case
2025-01-15,Govt retires Rs1.5tr bank debt,Monetary Policy / Interest Rates,Neutral,https://www.dawn.com/news/1885215/govt-retires-rs15tr-bank-debt
2025-01-15,Stocks extend overnight gains on select buying,Oil & Gas / Energy Sector,Neutral,https://www.dawn.com/news/1885212/stocks-extend-overnight-gains-on-select-buying
2025-01-15,World Bank pledges $20bn to Pakistan under 10-year partnership framework,IMF / External Financing; Fiscal Policy / Budget / Taxes; GDP / Economic Growth,Neutral,https://www.dawn.com/news/1885337/world-bank-pledges-20bn-to-pakistan-under-10-year-partnership-framework
2025-01-16,Stocks resume slide amid political volatility,Stock Market (Direct); Political Stability / Government,Negative,https://www.dawn.com/news/1885573/stocks-resume-slide-amid-political-volatility
2025-01-16,"Govt raises Rs421bn, cuts yields on PIBs",Monetary Policy / Interest Rates,Positive,https://www.dawn.com/news/1885574/govt-raises-rs421bn-cuts-yields-on-pibs
2025-01-16,"UAE rolls over $2bn deposits, SBP confirms",Monetary Policy / Interest Rates,Neutral,https://www.dawn.com/news/1885667/uae-rolls-over-2bn-deposits-sbp-confirms
2025-01-16,Ahsan asks banks to enhance lending to SMEs for driving up exports,Current Account / Trade,Positive,https://www.dawn.com/news/1885577/ahsan-asks-banks-to-enhance-lending-to-smes-for-driving-up-exports
2025-01-16,Exports to five Central Asian states fall 9pc,Current Account / Trade,Neutral,https://www.dawn.com/news/1885575/exports-to-five-central-asian-states-fall-9pc
2025-01-16,"With competition rising over resources, staying within budget gets increasingly difficult",Fiscal Policy / Budget / Taxes,Neutral,https://www.dawn.com/news/1885571/fight-over-resources
2025-01-17,World Bank sees slow and steady global growth,IMF / External Financing,Neutral,https://www.dawn.com/news/1885801/world-bank-sees-slow-and-steady-global-growth
2025-01-17,Stocks extend losses as uncertainty persists,Oil & Gas / Energy Sector; Fertilizer Sector,Neutral,https://www.dawn.com/news/1885802/stocks-extend-losses-as-uncertainty-persists
2025-01-17,Telecom operators resent 300pc hike in router prices,Current Account / Trade,Neutral,https://www.dawn.com/news/1885805/telecom-operators-resent-300pc-hike-in-router-prices
2025-01-17,"Shares at PSX climb 1,400 points on easing political concerns",Stock Market (Direct),Positive,https://www.dawn.com/news/1885853/shares-at-psx-climb-1400-points-on-easing-political-concerns
2025-01-17,FBR directed to withdraw weak tax cases,Fiscal Policy / Budget / Taxes,Positive,https://www.dawn.com/news/1885804/fbr-directed-to-withdraw-weak-tax-cases
2025-01-18,Current account posts $1.2bn surplus in July-Dec,Current Account / Trade; Debt / External Debt,Neutral,https://www.dawn.com/news/1886021/current-account-posts-12bn-surplus-in-july-dec
2025-01-18,FDI goes up by 20pc in six months,Foreign Investment / FPI,Positive,https://www.dawn.com/news/1886025/fdi-goes-up-by-20pc-in-six-months
2025-01-18,IMF lowers Pakistan’s GDP growth estimate to 3pc,IMF / External Financing; GDP / Economic Growth,Neutral,https://www.dawn.com/news/1885972/imf-lowers-pakistans-gdp-growth-estimate-to-3pc
2025-01-18,IT exports thrive despite internet issues,Current Account / Trade,Neutral,https://www.dawn.com/news/1886023/it-exports-thrive-despite-internet-issues
2025-01-18,Short-term inflation declines for third consecutive week,Inflation / CPI,Positive,https://www.dawn.com/news/1886027/short-term-inflation-declines-for-third-consecutive-week
2025-01-19,World Bank for improving liaison with Pakistan’s development partners,IMF / External Financing,Neutral,https://www.dawn.com/news/1886220/world-bank-for-improving-liaison-with-pakistans-development-partners
2025-01-19,Trade deficit with nine countries surges 43pc,Current Account / Trade,Neutral,https://www.dawn.com/news/1886222/trade-deficit-with-nine-countries-surges-43pc
2025-01-19,Shehbaz hails Digital FDI achievement,Foreign Investment / FPI,Neutral,https://www.dawn.com/news/1886203/shehbaz-hails-digital-fdi-achievement
2025-01-19,India set to allow 1 million tonnes of sugar exports this year,Current Account / Trade,Neutral,https://www.dawn.com/news/1886296/india-set-to-allow-1-million-tonnes-of-sugar-exports-this-year
2025-01-19,"Govt asked to end new canals, corporate farming projects",GDP / Economic Growth,Neutral,https://www.dawn.com/news/1886224/govt-asked-to-end-new-canals-corporate-farming-projects
2025-01-19,Rwanda seeks to expand direct trade,Current Account / Trade,Neutral,https://www.dawn.com/news/1886221/rwanda-seeks-to-expand-direct-trade
2025-01-20,Boosting growth in a durable way,Current Account / Trade,Positive,https://www.dawn.com/news/1886482/boosting-growth-in-a-durable-way
2025-01-20,"Centre, KP seek clarity on gas sale ‘in violation of rules’",Oil & Gas / Energy Sector,Neutral,https://www.dawn.com/news/1886405/centre-kp-seek-clarity-on-gas-sale-in-violation-of-rules
2025-01-20,Education wins big in tax dodge efforts,Fiscal Policy / Budget / Taxes,Neutral,https://www.dawn.com/news/1886432/education-wins-big-in-tax-dodge-efforts
2025-01-20,"National security, broader alignment with emerging world order seen as Pakistan’s new priorities",Current Account / Trade,Positive,https://www.dawn.com/news/1886429
2025-01-20,Shares at PSX climb more than 500 points ahead of MPC meeting,Stock Market (Direct),Positive,https://www.dawn.com/news/1886532/shares-at-psx-climb-more-than-500-points-ahead-of-mpc-meeting
2025-01-20,Underutilising PSDP budget not only a missed opportunity but borders on negligence,Fiscal Policy / Budget / Taxes,Neutral,https://www.dawn.com/news/1886474
2025-01-21,"Stocks rise, bitcoin hits record as Trump returns",Currency / Exchange Rate,Positive,https://www.dawn.com/news/1886694/stocks-rise-bitcoin-hits-record-as-trump-returns
2025-01-21,Textile exports rise 9.6pc in 1HFY25,Current Account / Trade; Textile Sector,Positive,https://www.dawn.com/news/1886692/textile-exports-rise-96pc-in-1hfy25
2025-01-21,Oil imports show paltry growth,Current Account / Trade; Oil & Gas / Energy Sector,Negative,https://www.dawn.com/news/1886693/oil-imports-show-paltry-growth
2025-01-21,Finance minister says $1bn loan agreed with two Middle Eastern banks,IMF / External Financing,Neutral,https://www.dawn.com/news/1886789/finance-minister-says-1bn-loan-agreed-with-two-middle-eastern-banks
2025-01-21,Independent power producer Rousch hands over complex,Oil & Gas / Energy Sector,Neutral,https://www.dawn.com/news/1886691/independent-power-producer-rousch-hands-over-complex
2025-01-21,Repatriation of profit surges 114pc,Foreign Reserves,Positive,https://www.dawn.com/news/1886695/repatriation-of-profit-surges-114pc
2025-01-22,Centre claims K-Electric owes it Rs225bn,Oil & Gas / Energy Sector,Positive,https://www.dawn.com/news/1886858/centre-claims-k-electric-owes-it-rs225bn
2025-01-22,Engin­eering Development Board to prepare Power Sector Indigenisation Plan,Current Account / Trade; Oil & Gas / Energy Sector,Positive,https://www.dawn.com/news/1886851/engineering-development-board-to-prepare-power-sector-indigenisation-plan
2025-01-22,Exporters warn against changes in Export Facilitation Scheme,Fiscal Policy / Budget / Taxes; Current Account / Trade,Negative,https://www.dawn.com/news/1886842/exporters-warn-against-changes-in-export-facilitation-scheme
2025-01-22,NA panel supports FBR move to curb realty black money,Fiscal Policy / Budget / Taxes,Neutral,https://www.dawn.com/news/1886838/na-panel-supports-fbr-move-to-curb-realty-black-money
2025-01-22,Stocks lose 803 points on profit-taking,Political Stability / Government,Negative,https://www.dawn.com/news/1886848/stocks-lose-803-points-on-profit-taking
2025-01-23,Senators call on PM Shehbaz to undo FBR ‘extravagance’,Fiscal Policy / Budget / Taxes,Neutral,https://www.dawn.com/news/1887084/senators-call-on-pm-shehbaz-to-undo-fbr-extravagance
2025-01-23,"PSX loses 1,599 points on political uncertainty",Stock Market (Direct),Negative,https://www.dawn.com/news/1887078/psx-loses-1599-points-on-political-uncertainty
2025-01-23,"PM Shehbaz thanks World Bank for placing faith in Pakistan, inking new partnership programme",IMF / External Financing,Neutral,https://www.dawn.com/news/1887203/pm-shehbaz-thanks-world-bank-for-placing-faith-in-pakistan-inking-new-partnership-programme
2025-01-23,Govt slashes T-bill rates by up to 41bps,Monetary Policy / Interest Rates,Positive,https://www.dawn.com/news/1887080/govt-slashes-t-bill-rates-by-up-to-41bps
2025-01-24,Stocks recover 594 points on select buying,IMF / External Financing,Positive,https://www.dawn.com/news/1887286/stocks-recover-594-points-on-select-buying
2025-01-24,Nadra briefs World Bank team on project,IMF / External Financing,Neutral,https://www.dawn.com/news/1887281/nadra-briefs-world-bank-team-on-project
2025-01-24,PM hails $20bn World Bank partnership to boost growth,IMF / External Financing,Positive,https://www.dawn.com/news/1887312/pm-hails-20bn-world-bank-partnership-to-boost-growth
2025-01-24,SBP reserves fall $276m,Monetary Policy / Interest Rates,Negative,https://www.dawn.com/news/1887285/sbp-reserves-fall-276m
2025-01-24,"Senate panel, energy players discuss challenges",Oil & Gas / Energy Sector,Neutral,https://www.dawn.com/news/1887284/senate-panel-energy-players-discuss-challenges
2025-01-24,Surging rice shipments fuel food exports,Inflation / CPI; Current Account / Trade,Neutral,https://www.dawn.com/news/1887282/surging-rice-shipments-fuel-food-exports
2025-01-25,Subcommittee to assess FBR’s vacant post exemption plea,Fiscal Policy / Budget / Taxes,Neutral,https://www.dawn.com/news/1887535/subcommittee-to-assess-fbrs-vacant-post-exemption-plea
2025-01-25,World Bank wants Pakistan to do more to put house in order,IMF / External Financing,Neutral,https://www.dawn.com/news/1887485/world-bank-wants-pakistan-to-do-more-to-put-house-in-order
2025-01-25,Stocks rally amid economic optimism,Monetary Policy / Interest Rates,Positive,https://www.dawn.com/news/1887539/stocks-rally-amid-economic-optimism
2025-01-25,Short-term inflation rises 0.52pc,Inflation / CPI,Negative,https://www.dawn.com/news/1887537/short-term-inflation-rises-052pc
2025-01-25,Industry leaders seek major cut in interest rate,Monetary Policy / Interest Rates,Positive,https://www.dawn.com/news/1887532/industry-leaders-seek-major-cut-in-interest-rate
2025-01-25,"Commerce minister empowered to grant one-time import, export waivers",Current Account / Trade,Neutral,https://www.dawn.com/news/1887534/commerce-minister-empowered-to-grant-one-time-import-export-waivers
2025-01-25,Bank credit to private sector surges manifold,Textile Sector,Neutral,https://www.dawn.com/news/1887536/bank-credit-to-private-sector-surges-manifold
2025-01-26,Govt reverses decision to halt gas supplies to captive power plants,IMF / External Financing,Negative,https://www.dawn.com/news/1887746/govt-reverses-decision-to-halt-gas-supplies-to-captive-power-plants
2025-01-26,Govt’s commercial borrowing to shake rupee confidence,Currency / Exchange Rate,Neutral,https://www.dawn.com/news/1887748/govts-commercial-borrowing-to-shake-rupee-confidence
2025-01-26,"Import of vehicles, parts for local assembly rises",Current Account / Trade,Neutral,https://www.dawn.com/news/1887745/import-of-vehicles-parts-for-local-assembly-rises
2025-01-26,Non-textile exports soar 13pc to $7.5bn,Current Account / Trade; Textile Sector,Positive,https://www.dawn.com/news/1887747/non-textile-exports-soar-13pc-to-75bn
2025-01-26,Uncertainty turns PSX bearish in volatile week,Stock Market (Direct),Negative,https://www.dawn.com/news/1887749/uncertainty-turns-psx-bearish-in-volatile-week
2025-01-27,"With millions of ordinary Pakistanis unemployed and below the poverty line, all energies must be focused on economic growth this year",GDP / Economic Growth,Neutral,https://www.dawn.com/news/1887934
2025-01-27,SBP cuts key policy rate by 100bps to 12pc,Monetary Policy / Interest Rates,Positive,https://www.dawn.com/news/1888017/sbp-cuts-key-policy-rate-by-100bps-to-12pc
2025-01-27,China bans livestock product imports from numerous countries on disease worries,Current Account / Trade,Negative,https://www.dawn.com/news/1888018/china-bans-livestock-product-imports-from-numerous-countries-on-disease-worries
2025-01-27,Fiscal potential of agricultural taxation,Fiscal Policy / Budget / Taxes,Neutral,https://www.dawn.com/news/1887932/fiscal-potential-of-agricultural-taxation
2025-01-28,Senate body orders fresh audit of solar imports since 2018,Current Account / Trade,Neutral,https://www.dawn.com/news/1888149/senate-body-orders-fresh-audit-of-solar-imports-since-2018
2025-01-28,"Chinese DeepSeek sparks global AI sell-off, Nvidia loses about $593bn of value",Stock Market (Direct),Negative,https://www.dawn.com/news/1888233/chinese-deepseek-sparks-global-ai-sell-off-nvidia-loses-about-593bn-of-value
2025-01-28,Editorial: It is time to prioritise long-term stability over unsustainable faster growth,Monetary Policy / Interest Rates; GDP / Economic Growth,Positive,https://www.dawn.com/news/1888171
2025-01-28,"Govt admits contraction in industrial, agri sectors",Monetary Policy / Interest Rates,Positive,https://www.dawn.com/news/1888152/govt-admits-contraction-in-industrial-agri-sectors
2025-01-28,Industry says single-digit rate will revive economy,Monetary Policy / Interest Rates,Neutral,https://www.dawn.com/news/1888150/industry-says-single-digit-rate-will-revive-economy
2025-01-28,PBC team shares budget proposals,Fiscal Policy / Budget / Taxes,Neutral,https://www.dawn.com/news/1888147/pbc-team-shares-budget-proposals
2025-01-28,"PSX remains under pressure as shares lose nearly 1,500 points",Stock Market (Direct),Negative,https://www.dawn.com/news/1888235/psx-remains-under-pressure-as-shares-lose-nearly-1500-points
2025-01-28,PSX tumbles on ‘poor’ corporate earnings,Stock Market (Direct); Oil & Gas / Energy Sector,Negative,https://www.dawn.com/news/1888143/psx-tumbles-on-poor-corporate-earnings
2025-01-29,"Senator Vawda raises alarm over FBR’s decision to procure 1,010 vehicles",Fiscal Policy / Budget / Taxes,Neutral,"https://www.dawn.com/news/1888345#:~:text=Amendment%20Bill%202025.-,FBR%20vehicles,-Later%2C%20Senator%20Faisal"
2025-01-29,"Govt hints at cheaper industrial power, tax relief for the salaried",Fiscal Policy / Budget / Taxes,Positive,https://www.dawn.com/news/1888363/govt-hints-at-cheaper-industrial-power-tax-relief-for-the-salaried
2025-01-29,Easypaisa Bank gets digital bank licence,Monetary Policy / Interest Rates,Neutral,https://www.dawn.com/news/1888366/easypaisa-bank-gets-digital-bank-licence
2025-01-30,"After many years, SBP has the kind of leadership it needs",Monetary Policy / Interest Rates; Inflation / CPI,Neutral,https://www.dawn.com/news/1888598
2025-01-30,"Bears drag stocks below 112,000 level",Stock Market (Direct),Negative,https://www.dawn.com/news/1888553/bears-drag-stocks-below-112000-level
2025-01-30,NA panel questions quality negligence in rice exports,Current Account / Trade,Neutral,https://www.dawn.com/news/1888556/na-panel-questions-quality-negligence-in-rice-exports
2025-01-30,New procedures to bridge sales tax collection gap,Fiscal Policy / Budget / Taxes,Neutral,https://www.dawn.com/news/1888559/new-procedures-to-bridge-sales-tax-collection-gap
2025-01-31,"Bulls take control of PSX as shares climb 1,000 points",Stock Market (Direct); Inflation / CPI,Positive,https://www.dawn.com/news/1888862/bulls-take-control-of-psx-as-shares-climb-1000-points
2025-01-31,Govt claims measures help ease inflation,Inflation / CPI,Positive,https://www.dawn.com/news/1888802/govt-claims-measures-help-ease-inflation
2025-01-31,"Purchase of over 1,000 vehicles for FBR stopped, Senate panel told",Fiscal Policy / Budget / Taxes,Neutral,https://www.dawn.com/news/1888804/purchase-of-over-1000-vehicles-for-fbr-stopped-senate-panel-told
2025-01-31,foreign reserves fall,Foreign Reserves,Negative,https://www.dawn.com/news/1888798/foreign-reserves-fall
2025-01-31,‘Prudent monetary policy brings stability’: SBP chief,Monetary Policy / Interest Rates,Neutral,https://www.dawn.com/news/1888799/prudent-monetary-policy-brings-stability-sbp-chief
2025-02-01,Weekly inflation slows to 0.4pc,Inflation / CPI,Positive,https://www.dawn.com/news/1889001/weekly-inflation-slows-to-04pc
2025-02-01,Govt urged to renegotiate trade agreements,Current Account / Trade,Neutral,https://www.dawn.com/news/1889005/govt-urged-to-renegotiate-trade-agreements
2025-02-01,SBP chief pushes banks to expand agri-financing,Monetary Policy / Interest Rates,Neutral,https://www.dawn.com/news/1889000/sbp-chief-pushes-banks-to-expand-agri-financing
2025-02-02,Uncertainty turns PSX red in January after five months,Stock Market (Direct),Neutral,https://www.dawn.com/news/1889263/uncertainty-turns-psx-red-in-january-after-five-months
2025-02-02,FBR foils ‘attempt to game faceless assessment system’,Fiscal Policy / Budget / Taxes,Neutral,https://www.dawn.com/news/1889266/fbr-foils-attempt-to-game-faceless-assessment-system
2025-02-02,Growing fuel imports widen trade gap with Middle East,Current Account / Trade; Oil & Gas / Energy Sector,Neutral,https://www.dawn.com/news/1889267/growing-fuel-imports-widen-trade-gap-with-middle-east
2025-02-02,India unveils tax cuts to boost slowing economy,Fiscal Policy / Budget / Taxes,Positive,https://www.dawn.com/news/1889265/india-unveils-tax-cuts-to-boost-slowing-economy
2025-02-02,Low interest rate fails to spur growth,Monetary Policy / Interest Rates,Negative,https://www.dawn.com/news/1889270/low-interest-rate-fails-to-spur-growth
2025-02-02,Portuguese envoy reviews bilateral trade,Textile Sector,Neutral,https://www.dawn.com/news/1889264/portuguese-envoy-reviews-bilateral-trade
2025-02-02,Process of bringing about basic structural changes in the economy has not even begun,Inflation / CPI,Positive,https://www.dawn.com/news/1889242/economic-dilemma
2025-02-02,Sindh asks Centre to consult it for gas sale,Oil & Gas / Energy Sector,Neutral,https://www.dawn.com/news/1889218/sindh-asks-centre-to-consult-it-for-gas-sale
2025-02-03,Sindh set to amend farm income law amid PPP lawmakers’ concerns,Political Stability / Government,Neutral,https://www.dawn.com/news/1889408/sindh-set-to-amend-farm-income-law-amid-ppp-lawmakers-concerns
2025-02-03,Pakistan signs agreement to defer $1.2bn payment for Saudi oil,IMF / External Financing,Neutral,https://www.dawn.com/news/1889514/pakistan-signs-agreement-to-defer-12bn-payment-for-saudi-oil
2025-02-03,‘Political’ development schemes for lawmakers make a comeback,Political Stability / Government,Neutral,https://www.dawn.com/news/1889382/political-development-schemes-for-lawmakers-make-a-comeback
2025-02-03,"Splurging of public money continues, which may necessitate govt borrowing to increase again",Monetary Policy / Interest Rates; Foreign Investment / FPI,Neutral,https://www.dawn.com/news/1889368
2025-02-03,Lagging behind in the economic race,GDP / Economic Growth,Neutral,https://www.dawn.com/news/1889131/lagging-behind-in-the-economic-race
2025-02-03,The case for local production,Current Account / Trade; Automobile Sector,Neutral,https://www.dawn.com/news/1889142
2025-02-03,Gas companies cry foul amid IMF-driven policy shake-up,IMF / External Financing,Neutral,https://www.dawn.com/news/1889377/gas-companies-cry-foul-amid-imf-driven-policy-shake-up
2025-02-03,CPI inflation slows to 2.41pc for January — lowest in 9 years,Inflation / CPI,Positive,https://www.dawn.com/news/1889492/cpi-inflation-slows-to-241pc-for-january-lowest-in-9-years
2025-02-03,"Bears take hold of PSX as shares decline 1,500 points on Trump’s trade war",Stock Market (Direct); Current Account / Trade,Negative,https://www.dawn.com/news/1889490/bears-take-hold-of-psx-as-shares-decline-1500-points-on-trumps-trade-war
2025-02-03,"India vows to avoid protectionist signals on trade, says top official",Currency / Exchange Rate; Banking Sector; Credit Rating,Neutral,https://www.dawn.com/news/1889495/india-vows-to-avoid-protectionist-signals-on-trade-says-top-official
2025-02-03,All eyes on first biannual review of $7bn IMF deal as fragile economic stability takes hold,IMF / External Financing,Neutral,https://www.dawn.com/news/1889371
2025-02-04,Sindh Assembly passes bill to tax agriculture income,Fiscal Policy / Budget / Taxes,Neutral,https://www.dawn.com/news/1889589/sindh-assembly-passes-bill-to-tax-agriculture-income
2025-02-04,Merchandise exports post meagre growth,Current Account / Trade,Positive,https://www.dawn.com/news/1889656/merchandise-exports-post-meagre-growth
2025-02-04,Govt to unveil corruption-free Ramazan package sans utility stores: PM Shehbaz,Foreign Reserves,Negative,https://www.dawn.com/news/1889697/govt-to-unveil-corruption-free-ramazan-package-sans-utility-stores-pm-shehbaz
2025-02-04,Govt gets another shot at PIA sale,Privatization / Divestment,Neutral,https://www.dawn.com/news/1889635/govt-gets-another-shot-at-pia-sale
2025-02-04,Inflation hits nine-year low  at 2.4pc,Inflation / CPI,Neutral,https://www.dawn.com/news/1889655/inflation-hits-nine-year-low-at-24pc
2025-02-04,"ECC concerned over rising prices of sugar, vegetables and edible oil",Fiscal Policy / Budget / Taxes; Current Account / Trade,Neutral,https://www.dawn.com/news/1889657/ecc-concerned-over-rising-prices-of-sugar-vegetables-and-edible-oil
2025-02-04,Cement sales fall,Current Account / Trade; Cement Sector,Negative,https://www.dawn.com/news/1889650/cement-sales-fall
2025-02-04,Aurangzeb thanks provinces for passing agri tax law,Fiscal Policy / Budget / Taxes,Neutral,https://www.dawn.com/news/1889618/aurangzeb-thanks-provinces-for-passing-agri-tax-law
2025-02-04,FBR demands Rs18bn from tractor maker,Fiscal Policy / Budget / Taxes,Neutral,https://www.dawn.com/news/1889652/fbr-demands-rs18bn-from-tractor-maker
2025-02-05,Green taxonomy draft issued,Banking Sector,Neutral,https://www.dawn.com/news/1889821/green-taxonomy-draft-issued
2025-02-05,"Oil sales rise 8pc, fertiliser demand plunges",Fertilizer Sector,Positive,https://www.dawn.com/news/1889819/oil-sales-rise-8pc-fertiliser-demand-plunges
2025-02-05,Pakistan Business Council warns costly gas to hit exports,Current Account / Trade,Negative,https://www.dawn.com/news/1889818/pakistan-business-council-warns-costly-gas-to-hit-exports
2025-02-05,Stocks suffer fourth straight loss,Stock Market (Direct),Neutral,https://www.dawn.com/news/1889816/stocks-suffer-fourth-straight-loss
2025-02-06,Exports to central Asian states fall 17pc in July-Dec,Current Account / Trade,Neutral,https://www.dawn.com/news/1890074/exports-to-central-asian-states-fall-17pc-in-july-dec
2025-02-06,"Gold scales new peak, nears Rs300,000 per tola",Stock Market (Direct),Positive,https://www.dawn.com/news/1890078/gold-scales-new-peak-nears-rs300000-per-tola
2025-02-06,"SBP buys $3.8bn to repay debt, boost reserves",Monetary Policy / Interest Rates,Positive,https://www.dawn.com/news/1890079/sbp-buys-38bn-to-repay-debt-boost-reserves
2025-02-07,SBP reserves up $46m,Monetary Policy / Interest Rates,Positive,https://www.dawn.com/news/1890307/sbp-reserves-up-46m
2025-02-07,Pakistan continues to make headway in restoring economic stability: Fitch,IMF / External Financing; Foreign Reserves; Credit Rating,Neutral,https://www.dawn.com/news/1890353/pakistan-continues-to-make-headway-in-restoring-economic-stability-fitch
2025-02-07,PSX tumbles 1.4pc as downturn enters fifth day,Stock Market (Direct),Negative,https://www.dawn.com/news/1890306/psx-tumbles-14pc-as-downturn-enters-fifth-day
2025-02-07,PM directs speedy divestment of state-owned enterprises,Privatization / Divestment,Neutral,https://www.dawn.com/news/1890308/pm-directs-speedy-divestment-of-state-owned-enterprises
2025-02-07,Govt abolishes support price for wheat,IMF / External Financing,Neutral,https://www.dawn.com/news/1890311/govt-abolishes-support-price-for-wheat
2025-02-08,Ahsan suggests ‘global environment tax’ on countries causing pollution,Fiscal Policy / Budget / Taxes,Neutral,https://www.dawn.com/news/1890521/ahsan-suggests-global-environment-tax-on-countries-causing-pollution
2025-02-08,LNG deal with Qatar open to renegotiation next year,Oil & Gas / Energy Sector,Neutral,https://www.dawn.com/news/1890548/lng-deal-with-qatar-open-to-renegotiation-next-year
2025-02-08,Premier vows more cuts in power tariffs,Political Stability / Government,Positive,https://www.dawn.com/news/1890546/premier-vows-more-cuts-in-power-tariffs
2025-02-09,Global wheat import dented by economic woes,Current Account / Trade,Neutral,https://www.dawn.com/news/1890726/global-wheat-import-dented-by-economic-woes
2025-02-09,Govt needs to exploit US export opportunity: industry experts,Current Account / Trade,Neutral,https://www.dawn.com/news/1890725/govt-needs-to-exploit-us-export-opportunity-industry-experts
2025-02-09,PSX stays bearish for third straight week on IMF concerns,Stock Market (Direct); IMF / External Financing,Negative,https://www.dawn.com/news/1890721/psx-stays-bearish-for-third-straight-week-on-imf-concerns
2025-02-10,Relief on hold for the auto sector,Monetary Policy / Interest Rates; Automobile Sector,Positive,https://www.dawn.com/news/1891012
2025-02-10,Modern investment tools needed to foster a more accessible capital market,Stock Market (Direct),Neutral,https://www.dawn.com/news/1891001
2025-02-10,"IMF mission to inspect regulatory, judicial system",IMF / External Financing,Neutral,https://www.dawn.com/news/1890905/imf-mission-to-inspect-regulatory-judicial-system
2025-02-10,FY2025 could help govt reduce its need to borrow from banks,Monetary Policy / Interest Rates,Neutral,https://www.dawn.com/news/1890910
2025-02-10,EU has warned Pakistan not to take its GSP+ status for granted,Fiscal Policy / Budget / Taxes; Current Account / Trade,Negative,https://www.dawn.com/news/1891009
2025-02-10,Climate change — why action is imperative now,IMF / External Financing; GDP / Economic Growth,Negative,https://www.dawn.com/news/1890909/climate-change-why-action-is-imperative-now
2025-02-10,"Bulls return to PSX as shares climb 1,000 points on corporate results",Stock Market (Direct),Positive,https://www.dawn.com/news/1891061/bulls-return-to-psx-as-shares-climb-1000-points-on-corporate-results
2025-02-10,A turning point in agriculture taxation?,Fiscal Policy / Budget / Taxes,Neutral,https://www.dawn.com/news/1890913/a-turning-point-in-agriculture-taxation
2025-02-11,Committee formed to probe national kitty losses after ex-minister’s 2020 pilot licence remarks,Privatization / Divestment,Neutral,https://www.dawn.com/news/1891296/committee-formed-to-probe-national-kitty-losses-after-ex-ministers-2020-pilot-licence-remarks
2025-02-11,Exports to Europe rise on improved demand in 1HFY25,Current Account / Trade,Positive,https://www.dawn.com/news/1891196/exports-to-europe-rise-on-improved-demand-in-1hfy25
2025-02-11,"IMF seeks details of programme implementation, property rights in meeting with CJP",IMF / External Financing; Foreign Investment / FPI,Neutral,https://www.dawn.com/news/1891270/imf-seeks-details-of-programme-implementation-property-rights-in-meeting-with-cjp
2025-02-11,Licence granted to digital brokerage,Stock Market (Direct),Neutral,https://www.dawn.com/news/1891198/licence-granted-to-digital-brokerage
2025-02-11,PM Shehbaz lays out plan for economic growth after stability,IMF / External Financing; GDP / Economic Growth,Neutral,https://www.dawn.com/news/1891146/pm-shehbaz-lays-out-plan-for-economic-growth-after-stability
2025-02-12,NA panel expands scope of non-filer purchases in tax bill,Fiscal Policy / Budget / Taxes,Neutral,https://www.dawn.com/news/1891423/na-panel-expands-scope-of-non-filer-purchases-in-tax-bill
2025-02-12,Imports of US soybean begin,Current Account / Trade,Neutral,https://www.dawn.com/news/1891420/imports-of-us-soybean-begin
2025-02-12,"IMF chief meets PM Shehbaz, pledges support for govt’s actions",IMF / External Financing,Neutral,https://www.dawn.com/news/1891469/imf-chief-meets-pm-shehbaz-pledges-support-for-govts-actions
2025-02-12,Crackdown against LPG safety violations,Oil & Gas / Energy Sector,Neutral,https://www.dawn.com/news/1891416/crackdown-against-lpg-safety-violations
2025-02-12,Auto sales shoot up 73pc in January,Automobile Sector,Positive,https://www.dawn.com/news/1891422/auto-sales-shoot-up-73pc-in-january
2025-02-12,Global funds eye Pakistan as 84pc stock rally set to continue: report,Stock Market (Direct),Positive,https://www.dawn.com/news/1891490/global-funds-eye-pakistan-as-84pc-stock-rally-set-to-continue-report
2025-02-13,Stocks falter on profit-taking,Foreign Investment / FPI,Negative,https://www.dawn.com/news/1891597/stocks-falter-on-profit-taking
2025-02-13,Bureaucrats will also have to declare their assets,IMF / External Financing,Neutral,https://www.dawn.com/news/1891570/bureaucrats-will-also-have-to-declare-their-assets
2025-02-13,Call for market-driven agri reforms,Monetary Policy / Interest Rates,Neutral,https://www.dawn.com/news/1891601/call-for-market-driven-agri-reforms
2025-02-13,FBR confident of raising tax-to-GDP ratio despite shortfall,Fiscal Policy / Budget / Taxes; GDP / Economic Growth,Negative,https://www.dawn.com/news/1891531/fbr-confident-of-raising-tax-to-gdp-ratio-despite-shortfall
2025-02-13,Joint chamber with Azerbaijan inaugurated,Privatization / Divestment,Neutral,https://www.dawn.com/news/1891598/joint-chamber-with-azerbaijan-inaugurated
2025-02-13,PTI’s wish that its grievances should be factored into IMF’s assessment will be dashed again,IMF / External Financing; Political Stability / Government,Neutral,https://www.dawn.com/news/1891604
2025-02-13,Rules for utilising Pakistan Single Window amended,Fiscal Policy / Budget / Taxes,Neutral,https://www.dawn.com/news/1891603/rules-for-utilising-pakistan-single-window-amended
2025-02-13,Two more IMF missions due in next few weeks,IMF / External Financing,Neutral,https://www.dawn.com/news/1891587/two-more-imf-missions-due-in-next-few-weeks
2025-02-14,FBR details ‘massive over-invoicing’ in solar panels import,Fiscal Policy / Budget / Taxes; Current Account / Trade,Neutral,https://www.dawn.com/news/1891821/fbr-details-massive-over-invoicing-in-solar-panels-import
2025-02-14,Ogra raises RLNG prices for Sui companies,Oil & Gas / Energy Sector,Neutral,https://www.dawn.com/news/1891802/ogra-raises-rlng-prices-for-sui-companies
2025-02-14,PSO profit surges to Rs11.2 billion,Oil & Gas / Energy Sector,Positive,https://www.dawn.com/news/1891804/pso-profit-surges-to-rs112-billion
2025-02-14,"Pakistan, Turkiye to review trade agreement",Foreign Investment / FPI,Neutral,https://www.dawn.com/news/1891799/pakistan-turkiye-to-review-trade-agreement
2025-02-14,SBP reserves fall $500m  in less than  a month,Monetary Policy / Interest Rates,Negative,https://www.dawn.com/news/1891801/sbp-reserves-fall-500m-in-less-than-a-month
2025-02-14,Stocks extend overnight losses for want of triggers,Stock Market (Direct),Neutral,https://www.dawn.com/news/1891807/stocks-extend-overnight-losses-for-want-of-triggers
2025-02-15,Weekly inflation slows to 0.98pc,Inflation / CPI,Positive,https://www.dawn.com/news/1892065/weekly-inflation-slows-to-098pc
2025-02-15,Pakistan’s first manufacturing index launched,Banking Sector; Credit Rating,Neutral,https://www.dawn.com/news/1892066/pakistans-first-manufacturing-index-launched
2025-02-15,Tax Policy Office to be led by finance minister,Fiscal Policy / Budget / Taxes,Neutral,https://www.dawn.com/news/1892009/tax-policy-office-to-be-led-by-finance-minister
2025-02-15,Hubco Green to collab with PSO to install EV charging units at its fuel stations across Pakistan,Stock Market (Direct); Oil & Gas / Energy Sector,Neutral,https://www.dawn.com/news/1892067
2025-02-15,Domestic debt up by Rs2.5tr in six months,Monetary Policy / Interest Rates,Negative,https://www.dawn.com/news/1892064/domestic-debt-up-by-rs25tr-in-six-months
2025-02-15,IMF mission calls for ending graft to attract investment,IMF / External Financing,Neutral,https://www.dawn.com/news/1892076
2025-02-16,Climate change to boost non-agri water use: World Bank,IMF / External Financing,Positive,https://www.dawn.com/news/1892256/climate-change-to-boost-non-agri-water-use-world-bank
2025-02-16,PSX snaps three-week losing streak on robust economic data,Stock Market (Direct); Automobile Sector,Positive,https://www.dawn.com/news/1892252/psx-snaps-three-week-losing-streak-on-robust-economic-data
2025-02-17,Aurangzeb participates in key debate at Saudi Arabia’s Al-Ula moot,IMF / External Financing,Neutral,https://www.dawn.com/news/1892387/aurangzeb-participates-in-key-debate-at-saudi-arabias-al-ula-moot
2025-02-17,Buckling under the tax weight,Fiscal Policy / Budget / Taxes,Neutral,https://www.dawn.com/news/1892506/buckling-under-the-tax-weight
2025-02-17,PM Shehbaz welcomes $40bn ‘investment’ from World Bank,IMF / External Financing,Neutral,https://www.dawn.com/news/1892569/pm-shehbaz-welcomes-40bn-investment-from-world-bank
2025-02-17,Revamping Pakistan’s power sector,Oil & Gas / Energy Sector,Neutral,https://www.dawn.com/news/1892380/revamping-pakistans-power-sector
2025-02-17,Shaping up the economy,Current Account / Trade; Foreign Investment / FPI,Positive,https://www.dawn.com/news/1892381/shaping-up-the-economy
2025-02-17,"Unfavourable policies, weather threaten cotton production",Current Account / Trade,Negative,https://www.dawn.com/news/1892501/unfavourable-policies-weather-threaten-cotton-production
2025-02-18,Textile exports surge 16pc,Current Account / Trade; Textile Sector,Positive,https://www.dawn.com/news/1892674/textile-exports-surge-16pc
2025-02-18,Senate sees uproar after result of vote on SBP bill ‘withheld’,Monetary Policy / Interest Rates; Political Stability / Government,Neutral,https://www.dawn.com/news/1892710/senate-sees-uproar-after-result-of-vote-on-sbp-bill-withheld
2025-02-18,Oil imports post paltry growth in July-January,Current Account / Trade; Oil & Gas / Energy Sector,Neutral,https://www.dawn.com/news/1892675/oil-imports-post-paltry-growth-in-july-january
2025-02-18,Bearish conditions persist on stock market,Stock Market (Direct); Fiscal Policy / Budget / Taxes,Negative,https://www.dawn.com/news/1892670/bearish-conditions-persist-on-stock-market
2025-02-18,"Bulls dominate as PSX rises by nearly 1,400 points with experts citing ‘good corporate results’",Stock Market (Direct),Positive,https://www.dawn.com/news/1892777/bulls-dominate-as-psx-rises-by-nearly-1400-points-with-experts-citing-good-corporate-results
2025-02-18,Govt takes World Bank on board over delaying PIA divestment,IMF / External Financing; Privatization / Divestment,Neutral,https://www.dawn.com/news/1892677/govt-takes-world-bank-on-board-over-delaying-pia-divestment
2025-02-19,Need for edible oil import jetty stressed,Fiscal Policy / Budget / Taxes; Current Account / Trade; Oil & Gas / Energy Sector,Neutral,https://www.dawn.com/news/1892907/need-for-edible-oil-import-jetty-stressed
2025-02-19,"Current account changes track, posts $420m deficit in Jan",Current Account / Trade,Neutral,https://www.dawn.com/news/1892904/current-account-changes-track-posts-420m-deficit-in-jan
2025-02-19,Cut in interest rate jacks up auto financing,Monetary Policy / Interest Rates,Negative,https://www.dawn.com/news/1892905/cut-in-interest-rate-jacks-up-auto-financing
2025-02-19,FM Aurangzeb says Pakistan to meet IMF goals without burdening taxpayers,IMF / External Financing,Neutral,https://www.dawn.com/news/1892980/fm-aurangzeb-says-pakistan-to-meet-imf-goals-without-burdening-taxpayers
2025-02-19,Foreign investment soars to $1.52bn,Foreign Investment / FPI,Positive,https://www.dawn.com/news/1892906/foreign-investment-soars-to-152bn
2025-02-19,Rice drives raw food exports to $4.6bn,Current Account / Trade,Neutral,https://www.dawn.com/news/1892910/rice-drives-raw-food-exports-to-46bn
2025-02-20,Pakistan is not ready for economic growth,GDP / Economic Growth,Neutral,https://www.dawn.com/news/1893123
2025-02-20,IMF mission to visit Pakistan next week to take forward $1bn climate fund talks: Aurangzeb,IMF / External Financing; Fiscal Policy / Budget / Taxes; Credit Rating,Neutral,https://www.dawn.com/news/1893193/imf-mission-to-visit-pakistan-next-week-to-take-forward-1bn-climate-fund-talks-aurangzeb
2025-02-20,SOE losses swell to Rs851bn in FY24,Privatization / Divestment,Negative,https://www.dawn.com/news/1893133/soe-losses-swell-to-rs851bn-in-fy24
2025-02-20,Editorial: Fragility of economic recovery demands that authorities stop relying on remittances,Inflation / CPI,Positive,https://www.dawn.com/news/1893117/premature-alarm
2025-02-20,Govt asked to lift curbs on import of medical devices,Current Account / Trade,Neutral,https://www.dawn.com/news/1893103/govt-asked-to-lift-curbs-on-import-of-medical-devices
2025-02-21,"IMF, Pakistan to open $1bn climate finance talks",IMF / External Financing,Neutral,https://www.dawn.com/news/1893251/imf-pakistan-to-open-1bn-climate-finance-talks
2025-02-21,PML-N lawmakers seek more uplift funds,Current Account / Trade; Political Stability / Government,Positive,https://www.dawn.com/news/1893259/pml-n-lawmakers-seek-more-uplift-funds
2025-02-21,Stocks stay buoyant on strong earnings,Stock Market (Direct),Neutral,https://www.dawn.com/news/1893323/stocks-stay-buoyant-on-strong-earnings
2025-02-22,"Stocks close below 113,000 on profit-taking",IMF / External Financing; Fiscal Policy / Budget / Taxes,Negative,https://www.dawn.com/news/1893535/stocks-close-below-113000-on-profit-taking
2025-02-22,Ogra chief gets one-year extension,Oil & Gas / Energy Sector,Neutral,https://www.dawn.com/news/1893532/ogra-chief-gets-one-year-extension
2025-02-22,Weekly inflation rises on spike in sugar rates,Inflation / CPI,Negative,https://www.dawn.com/news/1893533/weekly-inflation-rises-on-spike-in-sugar-rates
2025-02-22,Lucky Cement announces stock split,Cement Sector,Neutral,https://www.dawn.com/news/1893536/lucky-cement-announces-stock-split
2025-02-22,"IMF appreciates govt commitment to governance, corruption assessment",IMF / External Financing,Negative,https://www.dawn.com/news/1893592/imf-appreciates-govt-commitment-to-governance-corruption-assessment
2025-02-22,New system to track cases that hinder govt business,Fiscal Policy / Budget / Taxes,Neutral,https://www.dawn.com/news/1893508/new-system-to-track-cases-that-hinder-govt-business
2025-02-23,Commerce minister assures carpet industry of resolving issues,Fiscal Policy / Budget / Taxes; Current Account / Trade,Neutral,https://www.dawn.com/news/1893763/commerce-minister-assures-carpet-industry-of-resolving-issues
2025-02-23,PSX closes another week on bullish note,Stock Market (Direct); IMF / External Financing,Positive,https://www.dawn.com/news/1893764/psx-closes-another-week-on-bullish-note
2025-02-23,SBP issues criteria for Raast participants,Monetary Policy / Interest Rates,Neutral,https://www.dawn.com/news/1893759/sbp-issues-criteria-for-raast-participants
2025-02-23,Trade deficit with Middle East widens,Current Account / Trade,Negative,https://www.dawn.com/news/1893762/trade-deficit-with-middle-east-widens
2025-02-24,Aurangzeb hints at tax reduction for salaried class,Fiscal Policy / Budget / Taxes,Neutral,https://www.dawn.com/news/1893953/aurangzeb-hints-at-tax-reduction-for-salaried-class
2025-02-24,IMF mission to visit country for biannual loan review in early March: Aurangzeb,IMF / External Financing; Fiscal Policy / Budget / Taxes,Neutral,https://www.dawn.com/news/1894037/imf-mission-to-visit-country-for-biannual-loan-review-in-early-march-aurangzeb
2025-02-24,IMF talks on $1bn climate funding kick off today,IMF / External Financing; Fiscal Policy / Budget / Taxes,Neutral,https://www.dawn.com/news/1893900/imf-talks-on-1bn-climate-funding-kick-off-today
2025-02-24,Lack of Shariah compliant fintech,Banking Sector,Neutral,https://www.dawn.com/news/1893909/lack-of-shariah-compliant-fintech
2025-02-25,"Stocks stage 1,529-point rally on late buying",Fiscal Policy / Budget / Taxes,Positive,https://www.dawn.com/news/1894171/stocks-stage-1529-point-rally-on-late-buying
2025-02-25,"Pakistan, Bangladesh begin direct trade with rice exports",Current Account / Trade,Neutral,https://www.dawn.com/news/1894244/pakistan-bangladesh-begin-direct-trade-with-rice-exports
2025-02-25,TDAP asked to keep sectors updated on export demand,Current Account / Trade,Neutral,https://www.dawn.com/news/1894174/tdap-asked-to-keep-sectors-updated-on-export-demand
2025-02-25,Guidelines for clearing PSDP projects issued,Fiscal Policy / Budget / Taxes,Neutral,https://www.dawn.com/news/1894177/guidelines-for-clearing-psdp-projects-issued
2025-02-25,Finance minister stresses export-driven growth,Current Account / Trade,Neutral,https://www.dawn.com/news/1894178/finance-minister-stresses-export-driven-growth
2025-02-25,Kanda becomes president of ADB,IMF / External Financing,Neutral,https://www.dawn.com/news/1894172/kanda-becomes-president-of-adb
2025-02-26,Bullish sentiments persist on stock market,Stock Market (Direct),Positive,https://www.dawn.com/news/1894380/bullish-sentiments-persist-on-stock-market
2025-02-26,"Every sector has to ‘chip in’ for exports, says Aurangzeb",Current Account / Trade,Positive,https://www.dawn.com/news/1894442/every-sector-has-to-chip-in-for-exports-says-aurangzeb
2025-02-26,Financial adviser paid $4.3m for failed PIA transaction,Privatization / Divestment,Negative,https://www.dawn.com/news/1894375/financial-adviser-paid-43m-for-failed-pia-transaction
2025-02-26,IMF calls for strict climate adaptation plans,IMF / External Financing,Neutral,https://www.dawn.com/news/1894309/imf-calls-for-strict-climate-adaptation-plans
2025-02-26,Solar users to pay GST on gross value of electricity,Fiscal Policy / Budget / Taxes,Neutral,https://www.dawn.com/news/1894374/solar-users-to-pay-gst-on-gross-value-of-electricity
2025-02-26,Trade deficit with nine states widens,Current Account / Trade,Neutral,https://www.dawn.com/news/1894373/trade-deficit-with-nine-states-widens
2025-02-26,‘Banks need to look beyond govt sector’: SBP chief,Monetary Policy / Interest Rates,Neutral,https://www.dawn.com/news/1894379/banks-need-to-look-beyond-govt-sector-sbp-chief
2025-02-27,Yield on dollar bonds hits three-year low,Currency / Exchange Rate,Neutral,https://www.dawn.com/news/1894579/yield-on-dollar-bonds-hits-three-year-low
2025-02-27,Trucks stuck at Iranian border irk Senate panel,Fiscal Policy / Budget / Taxes,Neutral,https://www.dawn.com/news/1894580/trucks-stuck-at-iranian-border-irk-senate-panel
2025-02-27,"The world our power elites rely on to underwrite dysfunctions, bailouts is now ending",IMF / External Financing,Neutral,https://www.dawn.com/news/1894573
2025-02-27,Stocks lose 666 points on profit-taking,Stock Market (Direct),Negative,https://www.dawn.com/news/1894575/stocks-lose-666-points-on-profit-taking
2025-02-27,KP seeks greater input in fiscal policies,IMF / External Financing; Fiscal Policy / Budget / Taxes,Neutral,https://www.dawn.com/news/1894560/kp-seeks-greater-input-in-fiscal-policies
2025-02-27,"CPI inflation to maintain stable trajectory in Feb, says finance ministry",Inflation / CPI,Neutral,https://www.dawn.com/news/1894646/cpi-inflation-to-maintain-stable-trajectory-in-feb-says-finance-ministry
2025-02-27,SHC asks FBR to explain extra duty on auto industry,Fiscal Policy / Budget / Taxes; Automobile Sector,Neutral,https://www.dawn.com/news/1894577/shc-asks-fbr-to-explain-extra-duty-on-auto-industry
2025-02-28,Equities drift lower on lack of triggers,IMF / External Financing; Fiscal Policy / Budget / Taxes,Neutral,https://www.dawn.com/news/1894803/equities-drift-lower-on-lack-of-triggers
2025-02-28,FBR proposes stringent steps to prevent Export Finance Scheme misuse,Fiscal Policy / Budget / Taxes; Current Account / Trade,Neutral,https://www.dawn.com/news/1894796/fbr-proposes-stringent-steps-to-prevent-export-finance-scheme-misuse
2025-02-28,Inflation going up in March,Inflation / CPI; Current Account / Trade,Negative,https://www.dawn.com/news/1894798/inflation-going-up-in-march
2025-02-28,Private sector retires 48pc bank debt in a month,Fiscal Policy / Budget / Taxes,Neutral,https://www.dawn.com/news/1894799/private-sector-retires-48pc-bank-debt-in-a-month
2025-02-28,SBP reserves up,Monetary Policy / Interest Rates; Foreign Reserves,Positive,https://www.dawn.com/news/1894800/sbp-reserves-up
2025-03-01,Fuel prices cut by up to Rs5.3 per litre,Oil & Gas / Energy Sector,Neutral,https://www.dawn.com/news/1894989/fuel-prices-cut-by-up-to-rs53-per-litre
2025-03-01,"Higher sugar, perishable prices drive inflation up",Inflation / CPI,Negative,https://www.dawn.com/news/1895046/higher-sugar-perishable-prices-drive-inflation-up
2025-03-01,Market opinion divided on interest rate cut,Monetary Policy / Interest Rates,Positive,https://www.dawn.com/news/1895048/market-opinion-divided-on-interest-rate-cut
2025-03-01,OGDCL profit slumps 33pc in six months,Currency / Exchange Rate,Negative,https://www.dawn.com/news/1895049/ogdcl-profit-slumps-33pc-in-six-months
2025-03-02,Stakeholders oppose agri-trade authority,Current Account / Trade,Neutral,https://www.dawn.com/news/1895187/stakeholders-oppose-agri-trade-authority
2025-03-02,PSX witnesses second bearish month amid IMF uncertainty,Stock Market (Direct); IMF / External Financing,Negative,https://www.dawn.com/news/1895181/psx-witnesses-second-bearish-month-amid-imf-uncertainty
2025-03-02,Bank holiday on Monday,Monetary Policy / Interest Rates,Neutral,https://www.dawn.com/news/1895182/bank-holiday-on-monday
2025-03-02,Exports to Europe up 10pc to $5.3bn,Current Account / Trade,Positive,https://www.dawn.com/news/1895185/exports-to-europe-up-10pc-to-53bn
2025-03-03,"Bears take hold of PSX as shares decline 1,200 points due to IMF review concerns",Stock Market (Direct); IMF / External Financing,Negative,https://www.dawn.com/news/1895526/bears-take-hold-of-psx-as-shares-decline-1200-points-due-to-imf-review-concerns
2025-03-03,Challenges to  export-led growth,Current Account / Trade; GDP / Economic Growth,Neutral,https://www.dawn.com/news/1895318/challenges-to-export-led-growth
2025-03-03,Govt expects no hiccups as IMF reviews targets,IMF / External Financing,Neutral,https://www.dawn.com/news/1895459/govt-expects-no-hiccups-as-imf-reviews-targets
2025-03-03,Hurdles to Islamic banking conversion,Banking Sector,Neutral,https://www.dawn.com/news/1895327
2025-03-03,Inflation for February clocks in at 1.5pc — lowest since 2015,Stock Market (Direct); Inflation / CPI,Positive,https://www.dawn.com/news/1895542/inflation-for-february-clocks-in-at-15pc-lowest-since-2015
2025-03-03,Regulating global Sukuk,Debt / External Debt,Neutral,https://www.dawn.com/news/1895477/regulating-global-sukuk
2025-03-04,Plunging lint output to hit textile industry,Current Account / Trade; Textile Sector,Negative,https://www.dawn.com/news/1895650/plunging-lint-output-to-hit-textile-industry
2025-03-04,"Pakistan, IMF open talks on 1st review of $7bn programme",IMF / External Financing,Neutral,https://www.dawn.com/news/1895748/pakistan-imf-open-talks-on-1st-review-of-7bn-programme
2025-03-04,Inflation drops to lowest in nearly a decade,Inflation / CPI,Positive,https://www.dawn.com/news/1895622/inflation-drops-to-lowest-in-nearly-a-decade
2025-03-04,Editorial: Strengthening of economic stability depends on ongoing IMF review’s success,IMF / External Financing,Neutral,https://www.dawn.com/news/1895681
2025-03-04,Banks earn Rs153bn,Monetary Policy / Interest Rates,Neutral,https://www.dawn.com/news/1895654/banks-earn-rs153bn
2025-03-04,"Existing railway pension policy unsustainable, Senate body told",Fiscal Policy / Budget / Taxes,Neutral,https://www.dawn.com/news/1895660/existing-railway-pension-policy-unsustainable-senate-body-told
2025-03-05,Cement sales improve in February,Current Account / Trade; Cement Sector,Positive,https://www.dawn.com/news/1895869/cement-sales-improve-in-february
2025-03-05,"Delay in audit of state institutions worries IMF, PAC told",IMF / External Financing,Negative,https://www.dawn.com/news/1895957/delay-in-audit-of-state-institutions-worries-imf-pac-told
2025-03-05,Govt appoints chief adviser to finance minister for Pakistan Crypto Council,Currency / Exchange Rate,Neutral,https://www.dawn.com/news/1895975/govt-appoints-chief-adviser-to-finance-minister-for-pakistan-crypto-council
2025-03-05,Services exports swell to $4.4bn,Current Account / Trade,Positive,https://www.dawn.com/news/1895870/services-exports-swell-to-44bn
2025-03-05,Tough fiscal measures must to unlock IMF tranche,IMF / External Financing,Positive,https://www.dawn.com/news/1895824/tough-fiscal-measures-must-to-unlock-imf-tranche
2025-03-06,"Shares at PSX climb more than 1,400 points on IMF review optimism",Stock Market (Direct); IMF / External Financing; Fiscal Policy / Budget / Taxes,Positive,https://www.dawn.com/news/1896147/shares-at-psx-climb-more-than-1400-points-on-imf-review-optimism
2025-03-06,‘Cut or no cut’: businesses not on same page over policy rate,Monetary Policy / Interest Rates,Neutral,https://www.dawn.com/news/1896100/cut-or-no-cut-businesses-not-on-same-page-over-policy-rate
2025-03-06,Relief eludes consumers in Ramazan despite inflation dip,Inflation / CPI,Positive,https://www.dawn.com/news/1896194/relief-eludes-consumers-in-ramazan-despite-inflation-dip
2025-03-06,"Public Acc­ounts Committee unhappy with PAEC, FBR audit objections",IMF / External Financing; Fiscal Policy / Budget / Taxes,Neutral,https://www.dawn.com/news/1896078/public-accounts-committee-unhappy-with-paec-fbr-audit-objections
2025-03-06,"Pakistan’s industry paying double power costs of US, China, India: report",Current Account / Trade,Positive,https://www.dawn.com/news/1896102/pakistans-industry-paying-double-power-costs-of-us-china-india-report
2025-03-06,Govt to complete PIA’s privatisation within 3 months: Aleem Khan,Privatization / Divestment,Neutral,https://www.dawn.com/news/1896181/govt-to-complete-pias-privatisation-within-3-months-aleem-khan
2025-03-06,"For now, there is no sign of any structural tax reform on the horizon",Fiscal Policy / Budget / Taxes,Neutral,https://www.dawn.com/news/1896093
2025-03-07,"Analysts see seventh rate cut amid low inflation, IMF review",Inflation / CPI; IMF / External Financing; Banking Sector,Positive,https://www.dawn.com/news/1896365/analysts-see-seventh-rate-cut-amid-low-inflation-imf-review
2025-03-07,Cash-starved All Pakistan Textile Mills Association seeks release of Rs329bn refunds,Fiscal Policy / Budget / Taxes; Textile Sector,Neutral,https://www.dawn.com/news/1896279/cash-starved-all-pakistan-textile-mills-association-seeks-release-of-rs329bn-refunds
2025-03-07,"Country to review 18pc tax on packaged milk, says food security minister",Fiscal Policy / Budget / Taxes,Neutral,https://www.dawn.com/news/1896393/country-to-review-18pc-tax-on-packaged-milk-says-food-security-minister
2025-03-07,PSX optimism continues amid govt moves to ease circular debt,Stock Market (Direct); Oil & Gas / Energy Sector,Positive,https://www.dawn.com/news/1896370/psx-optimism-continues-amid-govt-moves-to-ease-circular-debt
2025-03-07,State Bank reserves rise by $27m,Monetary Policy / Interest Rates,Positive,https://www.dawn.com/news/1896278/state-bank-reserves-rise-by-27m
2025-03-08,Weekly inflation falls 0.87pc,Inflation / CPI,Positive,https://www.dawn.com/news/1896586/weekly-inflation-falls-087pc
2025-03-08,SBP launches VPN portals,Monetary Policy / Interest Rates,Neutral,https://www.dawn.com/news/1896591/sbp-launches-vpn-portals
2025-03-08,Pakistan Business Cou­ncil warns against revoking export facilitations,Current Account / Trade,Negative,https://www.dawn.com/news/1896590/pakistan-business-council-warns-against-revoking-export-facilitations
2025-03-08,"Govt, banks in talks for Rs1.25tr deal to reduce circular debt",Oil & Gas / Energy Sector,Positive,https://www.dawn.com/news/1896587/govt-banks-in-talks-for-rs125tr-deal-to-reduce-circular-debt
2025-03-08,Consumers to bear burden as govt proposes new power surcharge,IMF / External Financing,Negative,https://www.dawn.com/news/1896588/consumers-to-bear-burden-as-govt-proposes-new-power-surcharge
2025-03-09,Debt rollover by China gives govt breathing space,IMF / External Financing,Neutral,https://www.dawn.com/news/1896697/debt-rollover-by-china-gives-govt-breathing-space
2025-03-09,Smooth IMF talks drive PSX bullish,Stock Market (Direct); Monetary Policy / Interest Rates; IMF / External Financing; Oil & Gas / Energy Sector,Positive,https://www.dawn.com/news/1896729/smooth-imf-talks-drive-psx-bullish
2025-03-09,Tax rationalisation must for boosting exports: Pakistan Textile Exporter Association,Fiscal Policy / Budget / Taxes; Current Account / Trade; Textile Sector,Neutral,https://www.dawn.com/news/1896725/tax-rationalisation-must-for-boosting-exports-pakistan-textile-exporter-association
2025-03-10,Addressing gaps in enabling digital FDI,Foreign Investment / FPI,Neutral,https://www.dawn.com/news/1896880/addressing-gaps-in-enabling-digital-fdi
2025-03-10,Finance: Long road to economic recovery,Inflation / CPI; Current Account / Trade,Positive,https://www.dawn.com/news/1896882/finance-long-road-to-economic-recovery
2025-03-10,Oil marketing companies warn of collapse over forced refinery quotas,Oil & Gas / Energy Sector,Negative,https://www.dawn.com/news/1896896/oil-marketing-companies-warn-of-collapse-over-forced-refinery-quotas
2025-03-10,SBP surprises with hold on key policy rate at 12pc,Monetary Policy / Interest Rates; Inflation / CPI,Neutral,https://www.dawn.com/news/1897015/sbp-surprises-with-hold-on-key-policy-rate-at-12pc
2025-03-10,Textile sector may soon be at crossroads because of AI’s increasing role in fashion supply chain,Textile Sector,Neutral,https://www.dawn.com/news/1896987
2025-03-11,Punjab Revenue Authority’s notice to Fauji Cement set aside,Cement Sector,Neutral,https://www.dawn.com/news/1897155/punjab-revenue-authoritys-notice-to-fauji-cement-set-aside
2025-03-11,Stocks close lower amid lack of triggers,IMF / External Financing; Oil & Gas / Energy Sector,Negative,https://www.dawn.com/news/1897161/stocks-close-lower-amid-lack-of-triggers
2025-03-11,Insurance leaders seek income tax credit restoration,Fiscal Policy / Budget / Taxes,Neutral,https://www.dawn.com/news/1897154/insurance-leaders-seek-income-tax-credit-restoration
2025-03-11,Interest rate status quo displeases businesses,Monetary Policy / Interest Rates,Neutral,https://www.dawn.com/news/1897156/interest-rate-status-quo-displeases-businesses
2025-03-11,Govt to import raw sugar to ‘stabilise prices’,Current Account / Trade,Neutral,https://www.dawn.com/news/1897157/govt-to-import-raw-sugar-to-stabilise-prices
2025-03-11,Fresh SC Constitutional Bench to hear super tax case from today,Fiscal Policy / Budget / Taxes,Neutral,https://www.dawn.com/news/1897183/fresh-sc-constitutional-bench-to-hear-super-tax-case-from-today
2025-03-11,Firm issued notice over ‘fake documents’,Fiscal Policy / Budget / Taxes,Neutral,https://www.dawn.com/news/1897160/firm-issued-notice-over-fake-documents
2025-03-12,‘Discriminatory tax policy hit lint production’,Fiscal Policy / Budget / Taxes,Neutral,https://www.dawn.com/news/1897382/discriminatory-tax-policy-hit-lint-production
2025-03-12,"Stocks fall on rate-cut pause, IMF worries",Stock Market (Direct); IMF / External Financing,Negative,https://www.dawn.com/news/1897381/stocks-fall-on-rate-cut-pause-imf-worries
2025-03-12,"SBP pauses rate cuts, but likely not for long",Monetary Policy / Interest Rates,Positive,https://www.dawn.com/news/1897431/sbp-pauses-rate-cuts-but-likely-not-for-long
2025-03-12,Legality of super tax comes under SC Constitutional Bench scrutiny,Fiscal Policy / Budget / Taxes,Neutral,https://www.dawn.com/news/1897296/legality-of-super-tax-comes-under-sc-constitutional-bench-scrutiny
2025-03-12,Tax receipts from sugar sector up 54pc,Fiscal Policy / Budget / Taxes; Current Account / Trade,Neutral,https://www.dawn.com/news/1897385/tax-receipts-from-sugar-sector-up-54pc
2025-03-12,"Editorial: Fiscal, external sectors remain under stress, impeding nascent recovery, faster economic growth",Monetary Policy / Interest Rates; Fiscal Policy / Budget / Taxes; GDP / Economic Growth,Positive,https://www.dawn.com/news/1897407/state-banks-caution
2025-03-12,Court questions FBR’s raid powers,Fiscal Policy / Budget / Taxes,Neutral,https://www.dawn.com/news/1897383/court-questions-fbrs-raid-powers
2025-03-12,Auto sales surge 50pc  in July-February,Automobile Sector,Positive,https://www.dawn.com/news/1897377/auto-sales-surge-50pc-in-july-february
2025-03-12,Govt hikes tariff for captive plants on IMF prodding,IMF / External Financing,Negative,https://www.dawn.com/news/1897305/govt-hikes-tariff-for-captive-plants-on-imf-prodding
2025-03-13,Balanced tax policy needed to check evasion: experts,Fiscal Policy / Budget / Taxes,Neutral,https://www.dawn.com/news/1897568/balanced-tax-policy-needed-to-check-evasion-experts
2025-03-13,Equities suffer third straight loss,Stock Market (Direct); IMF / External Financing,Neutral,https://www.dawn.com/news/1897562/equities-suffer-third-straight-loss
2025-03-13,Farm tax collection plan still unclear amid IMF review,IMF / External Financing; Fiscal Policy / Budget / Taxes,Neutral,https://www.dawn.com/news/1897593/farm-tax-collection-plan-still-unclear-amid-imf-review
2025-03-13,"Shares at PSX rally 1,000 points amid expectations of smooth IMF review",Stock Market (Direct); IMF / External Financing,Positive,https://www.dawn.com/news/1897647/shares-at-psx-rally-1000-points-amid-expectations-of-smooth-imf-review
2025-03-14,P@sha calls for rational taxes,Fiscal Policy / Budget / Taxes,Neutral,https://www.dawn.com/news/1897773/patsha-calls-for-rational-taxes
2025-03-14,SBP reserves fall $152m,Monetary Policy / Interest Rates,Negative,https://www.dawn.com/news/1897771/sbp-reserves-fall-152m
2025-03-15,PM Shehbaz orders crackdown on sugar hoarders to curb ‘artificial hike’,Current Account / Trade,Neutral,https://www.dawn.com/news/1897962/pm-shehbaz-orders-crackdown-on-sugar-hoarders-to-curb-artificial-hike
2025-03-15,Rupee dips to Rs281 vs dollar in interbank,Currency / Exchange Rate,Neutral,https://www.dawn.com/news/1897987/rupee-dips-to-rs281-vs-dollar-in-interbank
2025-03-15,IMF terms $7bn loan programme implementation ‘strong’ but no staff-level agreement signed,IMF / External Financing,Positive,https://www.dawn.com/news/1898053/imf-terms-7bn-loan-programme-implementation-strong-but-no-staff-level-agreement-signed
2025-03-15,IHC sets aside stay against promotions in FBR,Fiscal Policy / Budget / Taxes,Neutral,https://www.dawn.com/news/1897942/ihc-sets-aside-stay-against-promotions-in-fbr
2025-03-15,Gul Ahmed plans four subsidiaries,Textile Sector,Neutral,https://www.dawn.com/news/1897992/gul-ahmed-plans-four-subsidiaries
2025-03-15,Govt keeps prices of petroleum products unchanged,Oil & Gas / Energy Sector,Neutral,https://www.dawn.com/news/1898110/govt-keeps-prices-of-petroleum-products-unchanged
2025-03-15,Govt eyes next IMF tranche as review wraps up,IMF / External Financing,Positive,https://www.dawn.com/news/1897968/govt-eyes-next-imf-tranche-as-review-wraps-up
2025-03-16,"Editorial: Govt should do itself, people a favour by focusing solely on restructuring the economy",Current Account / Trade,Neutral,https://www.dawn.com/news/1898217
2025-03-16,Petroleum prices kept unchanged to make space for tariff cut,Oil & Gas / Energy Sector,Positive,https://www.dawn.com/news/1898143/petroleum-prices-kept-unchanged-to-make-space-for-tariff-cut
2025-03-16,‘Significant progress’ made towards staff-level agreement: IMF,IMF / External Financing,Neutral,https://www.dawn.com/news/1898142/significant-progress-made-towards-staff-level-agreement-imf
2025-03-17,A possible indicator for growth?,Current Account / Trade,Neutral,https://www.dawn.com/news/1898443/a-possible-indicator-for-growth
2025-03-17,"As policymakers navigate IMF negotiations, remittances remain crucial pillar of economic support",IMF / External Financing,Neutral,https://www.dawn.com/news/1898367
2025-03-17,Economy holds its breath,IMF / External Financing; Fiscal Policy / Budget / Taxes,Neutral,https://www.dawn.com/news/1898370/economy-holds-its-breath
2025-03-17,Shares at PSX rally over 600 points on hopes of IMF staff-level agreement soon,Stock Market (Direct); IMF / External Financing; Oil & Gas / Energy Sector,Positive,https://www.dawn.com/news/1898468/shares-at-psx-rally-over-600-points-on-hopes-of-imf-staff-level-agreement-soon
2025-03-18,Textile exports post paltry growth,Current Account / Trade; Textile Sector,Neutral,https://www.dawn.com/news/1898582/textile-exports-post-paltry-growth
2025-03-18,Minister defends McKinsey’s hiring for tax digitisation,Fiscal Policy / Budget / Taxes,Positive,https://www.dawn.com/news/1898590/minister-defends-mckinseys-hiring-for-tax-digitisation
2025-03-18,Current account deficit falls to $12m in February,Current Account / Trade,Positive,https://www.dawn.com/news/1898584/current-account-deficit-falls-to-12m-in-february
2025-03-18,Foreign direct investment plunges 45pc,Foreign Investment / FPI,Negative,https://www.dawn.com/news/1898581/foreign-direct-investment-plunges-45pc
2025-03-19,World Bank okays $102m in financing to boost Pakistan’s microfinance sector,IMF / External Financing,Positive,https://www.dawn.com/news/1898919/world-bank-okays-102m-in-financing-to-boost-pakistans-microfinance-sector
2025-03-19,Bulls stage 801-point rally on IMF optimism,Stock Market (Direct); IMF / External Financing,Positive,https://www.dawn.com/news/1898848/bulls-stage-801-point-rally-on-imf-optimism
2025-03-19,Constitutional Bench issues order to transfer super tax cases,Fiscal Policy / Budget / Taxes,Neutral,https://www.dawn.com/news/1898872/constitutional-bench-issues-order-to-transfer-super-tax-cases
2025-03-19,Domestic prices surge on rising food exports,Current Account / Trade,Positive,https://www.dawn.com/news/1898842/domestic-prices-surge-on-rising-food-exports
2025-03-19,Only 35 lawmakers turn up as pre-budget debate in Sindh Assembly continues,Fiscal Policy / Budget / Taxes,Neutral,https://www.dawn.com/news/1898828/only-35-lawmakers-turn-up-as-pre-budget-debate-in-sindh-assembly-continues
2025-03-19,Pri­vatisation Commission approves second attempt to divest PIA,Privatization / Divestment,Positive,https://www.dawn.com/news/1898843/privatisation-commission-approves-second-attempt-to-divest-pia
2025-03-19,"Shares at PSX reach all-time high, move closer to 118,000 barrier",Stock Market (Direct); Oil & Gas / Energy Sector,Positive,https://www.dawn.com/news/1898939/shares-at-psx-reach-all-time-high-move-closer-to-118000-barrier
2025-03-20,"Pakistan’s tax regime is anti-growth and investment, anti-documentation and inequitable",Fiscal Policy / Budget / Taxes,Negative,https://www.dawn.com/news/1899087
2025-03-20,"Shares at PSX surge 1,200 points in intraday trade, crossing 119,000 barrier in new high",Stock Market (Direct); IMF / External Financing,Positive,https://www.dawn.com/news/1899134/shares-at-psx-surge-1200-points-in-intraday-trade-crossing-119000-barrier-in-new-high
2025-03-20,"Miftah Ismail criticises govt for exorbitant electricity, sugar prices",Oil & Gas / Energy Sector,Neutral,https://www.dawn.com/news/1899172/miftah-ismail-criticises-govt-for-exorbitant-electricity-sugar-prices
2025-03-20,"Pakistan Business Forum calls for reducing GST, abolishing super tax",Fiscal Policy / Budget / Taxes,Neutral,https://www.dawn.com/news/1899088/pakistan-business-forum-calls-for-reducing-gst-abolishing-super-tax
2025-03-21,35 Sindh lawmakers seek development schemes for their areas,Political Stability / Government,Neutral,https://www.dawn.com/news/1899264/35-sindh-lawmakers-seek-development-schemes-for-their-areas
2025-03-21,Editorial: Budget for govt’s projects has been jacked up considerably despite many concerns,Fiscal Policy / Budget / Taxes,Neutral,https://www.dawn.com/news/1899337/personal-priorities
2025-03-21,Islamic banking app,Banking Sector,Neutral,https://www.dawn.com/news/1899287/islamic-banking-app
2025-03-21,Oil imports post paltry growth,Current Account / Trade; Oil & Gas / Energy Sector,Neutral,https://www.dawn.com/news/1899288/oil-imports-post-paltry-growth
2025-03-21,Private sector lending drops sharply,GDP / Economic Growth,Neutral,https://www.dawn.com/news/1899282/private-sector-lending-drops-sharply
2025-03-21,Starlink granted temporary NOC to operate in Pakistan: IT ministry,Political Stability / Government,Neutral,https://www.dawn.com/news/1899407/starlink-granted-temporary-noc-to-operate-in-pakistan-it-ministry
2025-03-21,Uptick in SBP reserves,Monetary Policy / Interest Rates,Positive,https://www.dawn.com/news/1899283/uptick-in-sbp-reserves
2025-03-22,SPI inflation falls 1.2pc,Inflation / CPI,Positive,https://www.dawn.com/news/1899521/spi-inflation-falls-12pc
2025-03-22,"Ogra, refineries at loggerheads over imports, supply issues",Current Account / Trade; Oil & Gas / Energy Sector,Neutral,https://www.dawn.com/news/1899519/ogra-refineries-at-loggerheads-over-imports-supply-issues
2025-03-22,Dollar outflow doubles,Currency / Exchange Rate; Foreign Reserves,Negative,https://www.dawn.com/news/1899522/dollar-outflow-doubles
2025-03-22,Bears snap six-session winning streak,Stock Market (Direct),Negative,https://www.dawn.com/news/1899523/bears-snap-six-session-winning-streak
2025-03-22,Govt meets another IMF condition of phasing out export financing,IMF / External Financing; Current Account / Trade,Neutral,https://www.dawn.com/news/1899518/govt-meets-another-imf-condition-of-phasing-out-export-financing
2025-03-23,Equities resume record-setting spree in robust week,IMF / External Financing,Neutral,https://www.dawn.com/news/1899749/equities-resume-record-setting-spree-in-robust-week
2025-03-23,Fish harbour to get facelift before EU audit next month,Current Account / Trade,Neutral,https://www.dawn.com/news/1899745/fish-harbour-to-get-facelift-before-eu-audit-next-month
2025-03-23,PM Shehbaz calls recovery of Rs34bn by FBR historic,Fiscal Policy / Budget / Taxes,Positive,https://www.dawn.com/news/1899747/pm-shehbaz-calls-recovery-of-rs34bn-by-fbr-historic
2025-03-23,Packaged dairy producers seek tax rationalisation,Fiscal Policy / Budget / Taxes,Neutral,https://www.dawn.com/news/1899750/packaged-dairy-producers-seek-tax-rationalisation
2025-03-23,"Plan to cut costs, boost exports",Current Account / Trade,Negative,https://www.dawn.com/news/1899744/plan-to-cut-costs-boost-exports
2025-03-24,"IMF shoots down plan to cut power tariffs, for now",IMF / External Financing; Oil & Gas / Energy Sector,Positive,https://www.dawn.com/news/1899914/imf-shoots-down-plan-to-cut-power-tariffs-for-now
2025-03-24,"Despite widespread tax avoidance, Pakistanis are remarkably generous in supporting the less fortunate",Fiscal Policy / Budget / Taxes,Neutral,https://www.dawn.com/news/1899715
2025-03-24,"Shares at PSX reverse gains, plunge 2,000 points on IMF concerns",Stock Market (Direct); IMF / External Financing; Oil & Gas / Energy Sector,Positive,https://www.dawn.com/news/1900048/shares-at-psx-reverse-gains-plunge-2000-points-on-imf-concerns
2025-03-24,An endless economic sprint,Oil & Gas / Energy Sector,Neutral,https://www.dawn.com/news/1899771/an-endless-economic-sprint
2025-03-24,A directionless agriculture sector,Fiscal Policy / Budget / Taxes,Neutral,https://www.dawn.com/news/1899711
2025-03-24,"Centre, provinces must engage in meaningful dialogue on new NFC award for fairer framework: analysts",IMF / External Financing,Neutral,https://www.dawn.com/news/1899778
2025-03-25,"ADB advises merchant adoption, digital payments",IMF / External Financing,Neutral,https://www.dawn.com/news/1900135/adb-advises-merchant-adoption-digital-payments
2025-03-25,Professionals being hired to run tax policy office,Fiscal Policy / Budget / Taxes,Neutral,https://www.dawn.com/news/1900134/professionals-being-hired-to-run-tax-policy-office
2025-03-25,"Remittances expected to maintain upward trend, says finance ministry",Fiscal Policy / Budget / Taxes,Neutral,https://www.dawn.com/news/1900234/remittances-expected-to-maintain-upward-trend-says-finance-ministry
2025-03-25,Trade gap with nine countries widens 36pc,Current Account / Trade,Neutral,https://www.dawn.com/news/1900133/trade-gap-with-nine-countries-widens-36pc
2025-03-26,Finance ministry expects inflation to rise next month,Inflation / CPI; Current Account / Trade,Negative,https://www.dawn.com/news/1900320/finance-ministry-expects-inflation-to-rise-next-month
2025-03-26,NA panel concerned by cargo glut at ports,Fiscal Policy / Budget / Taxes,Neutral,https://www.dawn.com/news/1900384/na-panel-concerned-by-cargo-glut-at-ports
2025-03-26,"PM Shehbaz commends team, nation for unlocking IMF deal, new $1.3bn climate fund",IMF / External Financing,Neutral,https://www.dawn.com/news/1900322/pm-shehbaz-commends-team-nation-for-unlocking-imf-deal-new-13bn-climate-fund
2025-03-26,Pakistan Business Council opposes hasty reduction in customs duty,Fiscal Policy / Budget / Taxes,Neutral,https://www.dawn.com/news/1900380/pakistan-business-council-opposes-hasty-reduction-in-customs-duty
2025-03-26,"Shares at PSX surge 1,100 points after IMF agreement",Stock Market (Direct); IMF / External Financing,Positive,https://www.dawn.com/news/1900419/shares-at-psx-surge-1100-points-after-imf-agreement
2025-03-26,T-bills attract $1.14bn in 8MFY25,Foreign Investment / FPI,Neutral,https://www.dawn.com/news/1900383/t-bills-attract-114bn-in-8mfy25
2025-03-27,Taxpayers and power consumers are not lambs to be fleeced at will,Fiscal Policy / Budget / Taxes,Neutral,https://www.dawn.com/news/1900582
2025-03-27,"T-bill yields jump by up to 34bps, surpass policy rate",Monetary Policy / Interest Rates; Oil & Gas / Energy Sector,Positive,https://www.dawn.com/news/1900587/t-bill-yields-jump-by-up-to-34bps-surpass-policy-rate
2025-03-27,Gas supply to urea plants extended for three months,Fertilizer Sector,Neutral,https://www.dawn.com/news/1900584/gas-supply-to-urea-plants-extended-for-three-months
2025-03-27,Carbon levy on the cards after IMF funding secured,IMF / External Financing; Oil & Gas / Energy Sector,Positive,https://www.dawn.com/news/1900572/carbon-levy-on-the-cards-after-imf-funding-secured
2025-03-27,Economic growth almost steady in second quarter,GDP / Economic Growth,Neutral,https://www.dawn.com/news/1900589/economic-growth-almost-steady-in-second-quarter
2025-03-27,Editorial: Hard-won macroeconomic stability is only a short distance away from deeper crisis,Fiscal Policy / Budget / Taxes; Oil & Gas / Energy Sector,Negative,https://www.dawn.com/news/1900579
2025-03-28,Major tariff relief hits snag despite IMF’s meagre cut,IMF / External Financing,Positive,https://www.dawn.com/news/1900757/major-tariff-relief-hits-snag-despite-imfs-meagre-cut
2025-03-28,Non-textile exports post paltry growth,Current Account / Trade; Textile Sector,Neutral,https://www.dawn.com/news/1900791/non-textile-exports-post-paltry-growth
2025-03-28,SBP buys $5.5bn from currency market,Monetary Policy / Interest Rates; Currency / Exchange Rate; Foreign Reserves,Negative,https://www.dawn.com/news/1900795/sbp-buys-55bn-from-currency-market
2025-03-28,Stocks stay flat ahead of long Eid break,IMF / External Financing,Neutral,https://www.dawn.com/news/1900789/stocks-stay-flat-ahead-of-long-eid-break
2025-03-29,IMF deal drives ‘positive March’ after two bearish months,IMF / External Financing,Negative,https://www.dawn.com/news/1901019/imf-deal-drives-positive-march-after-two-bearish-months
2025-03-29,Public debt swells to Rs74tr in July-December,Debt / External Debt,Negative,https://www.dawn.com/news/1901021/public-debt-swells-to-rs74tr-in-july-december
2025-03-30,Fashion firms producing  truckload of textile waste every second,Textile Sector,Neutral,https://www.dawn.com/news/1901205/fashion-firms-producing-truckload-of-textile-waste-every-second
2025-03-30,FBR misses collection target by Rs716bn,Fiscal Policy / Budget / Taxes,Neutral,https://www.dawn.com/news/1901203/fbr-misses-collection-target-by-rs716bn
2025-03-30,Auto industry gets uneasy with IMF’s economic liberalisation plan,IMF / External Financing; Automobile Sector,Neutral,https://www.dawn.com/news/1901204/auto-industry-gets-uneasy-with-imfs-economic-liberalisation-plan
2025-03-30,"2025 was second best Ramazan for PSX returns since 2015, says firm",Stock Market (Direct); IMF / External Financing,Positive,https://www.dawn.com/news/1901306/2025-was-second-best-ramazan-for-psx-returns-since-2015-says-firm
2025-03-31,CORPORATE WINDOW: Carbon tax viability for Pakistan,Fiscal Policy / Budget / Taxes; GDP / Economic Growth,Neutral,https://www.dawn.com/news/1901255/corporate-window-carbon-tax-viability-for-pakistan
2025-04-01,"Carbon tax focused on meeting tax-to-GDP targets but neglecting fairness, efficiency will likely worsen distortions in tax system",Fiscal Policy / Budget / Taxes; GDP / Economic Growth,Negative,https://www.dawn.com/news/1901255
2025-04-01,State needs new trade framework engaging private-sector stakeholders,Current Account / Trade,Negative,https://www.dawn.com/news/1901167
2025-04-02,Govt to announce ‘major relief package’ today,Stock Market (Direct); Inflation / CPI,Positive,https://www.dawn.com/news/1901660/govt-to-announce-major-relief-package-today
2025-04-03,What Pakistan’s bureaucrats can learn from India’s economic reforms,Current Account / Trade,Neutral,https://www.dawn.com/news/1901768
2025-04-03,Remittances to exceed $3.5bn in March,Currency / Exchange Rate,Positive,https://www.dawn.com/news/1901776/remittances-to-exceed-35bn-in-march
2025-04-03,PM Shehbaz announces Rs7.41 per unit cut in power tariffs for countrywide consumers,Oil & Gas / Energy Sector,Positive,https://www.dawn.com/news/1901850/pm-shehbaz-announces-rs741-per-unit-cut-in-power-tariffs-for-countrywide-consumers
2025-04-03,"PSX reaches all-time high of 118,000 in light of PM’s power relief package",Stock Market (Direct),Positive,https://www.dawn.com/news/1901854/psx-reaches-all-time-high-of-118000-in-light-of-pms-power-relief-package
2025-04-03,Gold nears all-time high,Stock Market (Direct),Positive,https://www.dawn.com/news/1901771/gold-nears-all-time-high
2025-04-03,Economists see hurdles and opportunities for Pakistan as US imposes 29pc tariff on country,Current Account / Trade,Neutral,https://www.dawn.com/news/1901838/economists-see-hurdles-and-opportunities-for-pakistan-as-us-imposes-29pc-tariff-on-country
2025-04-03,"Despite surplus, maize exports plunge 87pc",Current Account / Trade,Negative,https://www.dawn.com/news/1901719/despite-surplus-maize-exports-plunge-87pc
2025-04-03,Inflation clocks in at 0.7pc in March,Stock Market (Direct); Inflation / CPI,Neutral,https://www.dawn.com/news/1901844/inflation-clocks-in-at-07pc-in-march
2025-04-04,"After tariff shock, Trump may weaponise finance against allies",Banking Sector,Neutral,https://www.dawn.com/news/1902088/after-tariff-shock-trump-may-weaponise-finance-against-allies
2025-04-04,Challenges crop up as US imposes tariff on Pakistan,Current Account / Trade,Negative,https://www.dawn.com/news/1901921/challenges-crop-up-as-us-imposes-tariff-on-pakistan
2025-04-04,Merchandise exports rise  in March,Currency / Exchange Rate; Current Account / Trade,Positive,https://www.dawn.com/news/1901920/merchandise-exports-rise-in-march
2025-04-04,"OGDCL, Mari make  new discoveries",Oil & Gas / Energy Sector,Neutral,https://www.dawn.com/news/1901917/ogdcl-mari-make-new-discoveries
2025-04-04,PM hails ‘hard work’ as March inflation falls to historic low,Inflation / CPI,Positive,https://www.dawn.com/news/1901948/pm-hails-hard-work-as-march-inflation-falls-to-historic-low
2025-04-04,Shares at PSX reach all-time high before reversing gains,Stock Market (Direct),Positive,https://www.dawn.com/news/1902022/shares-at-psx-reach-all-time-high-before-reversing-gains
2025-04-04,World braces for price hike after tariff bombshell by Trump,Credit Rating,Negative,https://www.dawn.com/news/1901950/world-braces-for-price-hike-after-tariff-bombshell-by-trump
2025-04-05,Short-term inflation falls for fifth week,Inflation / CPI,Positive,https://www.dawn.com/news/1902193/short-term-inflation-falls-for-fifth-week
2025-04-05,Power minister concedes no cut in base tariff yet,Fiscal Policy / Budget / Taxes,Positive,https://www.dawn.com/news/1902192/power-minister-concedes-no-cut-in-base-tariff-yet
2025-04-05,"PSX falters after crossing 120,000-barrier",Stock Market (Direct),Positive,https://www.dawn.com/news/1902194/psx-falters-after-crossing-120000-barrier
2025-04-05,Exports of services rise to $5.46bn,Current Account / Trade,Positive,https://www.dawn.com/news/1902190/exports-of-services-rise-to-546bn
2025-04-06,Cement sales slip 6.6pc as subdued construction activity persists,Current Account / Trade; Cement Sector,Negative,https://www.dawn.com/news/1902422/cement-sales-slip-66pc-as-subdued-construction-activity-persists
2025-04-06,Govt hopes US tariffs may yield win-win situation,Fiscal Policy / Budget / Taxes; Current Account / Trade; GDP / Economic Growth,Neutral,https://www.dawn.com/news/1902350/govt-hopes-us-tariffs-may-yield-win-win-situation
2025-04-07,Redirecting talent towards productivity,IMF / External Financing,Neutral,https://www.dawn.com/news/1902453/redirecting-talent-towards-productivity
2025-04-07,"PSX settles nearly 3,900 points in the red as global market rout spooks investors",Stock Market (Direct),Neutral,https://www.dawn.com/news/1902658/psx-settles-nearly-3900-points-in-the-red-as-global-market-rout-spooks-investors
2025-04-07,Overtaxed and underserved — reforming a broken  tax equation,Fiscal Policy / Budget / Taxes,Neutral,https://www.dawn.com/news/1902454/overtaxed-and-underserved-reforming-a-broken-tax-equation
2025-04-07,Reforming debt for the long term,Debt / External Debt,Neutral,https://www.dawn.com/news/1902527/reforming-debt-for-the-long-term
2025-04-07,Disinflation — a mirage amid hardship,Inflation / CPI; Fiscal Policy / Budget / Taxes,Neutral,https://www.dawn.com/news/1902445/disinflation-a-mirage-amid-hardship
2025-04-07,Adapting to Trump’s new tariffs,Textile Sector,Neutral,https://www.dawn.com/news/1902530/adapting-to-trumps-new-tariffs
2025-04-07,Oil markets battered and bruised,Current Account / Trade; Oil & Gas / Energy Sector,Negative,https://www.dawn.com/news/1902529/oil-markets-battered-and-bruised
2025-04-08,18pc sales tax on local cotton set  to go,IMF / External Financing; Fiscal Policy / Budget / Taxes,Neutral,https://www.dawn.com/news/1902837/18pc-sales-tax-on-local-cotton-set-to-go
2025-04-08,PSX recovers by 600 points after day of losses,Stock Market (Direct),Positive,https://www.dawn.com/news/1902896/psx-recovers-by-600-points-after-day-of-losses
2025-04-08,‘Trillions of dollars’ in mineral deposits can help Pakistan say goodbye to institutions like IMF: PM Shehbaz,IMF / External Financing,Neutral,https://www.dawn.com/news/1902898/trillions-of-dollars-in-mineral-deposits-can-help-pakistan-say-goodbye-to-institutions-like-imf-pm-shehbaz
2025-04-09,Financial literacy week in Karachi,Monetary Policy / Interest Rates; IMF / External Financing,Neutral,https://www.dawn.com/news/1903048/financial-literacy-week-in-karachi
2025-04-09,PIA ‘achieves net profit’ after 21 years,Privatization / Divestment,Neutral,https://www.dawn.com/news/1903037/pia-achieves-net-profit-after-21-years
2025-04-09,"PSX slides 1,300 points as fears of global trade war deepen",Stock Market (Direct),Negative,https://www.dawn.com/news/1903113/psx-slides-1300-points-as-fears-of-global-trade-war-deepen
2025-04-09,Pakistan’s economic outlook depends largely on ongoing reforms’ success: ADB,IMF / External Financing,Neutral,https://www.dawn.com/news/1903106/pakistans-economic-outlook-depends-largely-on-ongoing-reforms-success-adb
2025-04-10,OGDCL to begin output in ADNOC’s block by 2027,Oil & Gas / Energy Sector,Neutral,https://www.dawn.com/news/1903272/ogdcl-to-begin-output-in-adnocs-block-by-2027
2025-04-10,World Bank investment arm commits $300m loan to Reko Diq mining project,IMF / External Financing,Neutral,https://www.dawn.com/news/1903352/world-bank-investment-arm-commits-300m-loan-to-reko-diq-mining-project
2025-04-10,Nepra approves slashing electricity prices by Rs1.71,Oil & Gas / Energy Sector,Positive,https://www.dawn.com/news/1903338/nepra-approves-slashing-electricity-prices-by-rs171
2025-04-10,"PSX stages a comeback, gains 2,000 points after Trump eases tariffs for 3 months",Stock Market (Direct); Current Account / Trade; Oil & Gas / Energy Sector,Positive,https://www.dawn.com/news/1903298/psx-stages-a-comeback-gains-2000-points-after-trump-eases-tariffs-for-3-months
2025-04-10,"Dollar bonds resume sell-off, Pakistan’s drops 6 cents",Currency / Exchange Rate,Negative,https://www.dawn.com/news/1903275/dollar-bonds-resume-sell-off-pakistans-drops-6-cents
2025-04-10,Exports to Europe rise 10pc in July-February,Current Account / Trade; Textile Sector,Positive,https://www.dawn.com/news/1903274/exports-to-europe-rise-10pc-in-july-february
2025-04-10,ADB warns of risks to Pakistan’s economic recovery,IMF / External Financing,Neutral,https://www.dawn.com/news/1903277/adb-warns-of-risks-to-pakistans-economic-recovery
2025-04-11,Auto sales swell by 46pc in 9MFY25,Automobile Sector,Positive,https://www.dawn.com/news/1903396/auto-sales-swell-by-46pc-in-9mfy25
2025-04-11,Bank advances to private sector fall,Monetary Policy / Interest Rates; Banking Sector,Neutral,https://www.dawn.com/news/1903392/bank-advances-to-private-sector-fall
2025-04-11,Gas utilities seek massive increase  for FY26,Oil & Gas / Energy Sector,Neutral,https://www.dawn.com/news/1903398/gas-utilities-seek-massive-increase-for-fy26
2025-04-11,"Govt’s efforts have reduced circular debt by Rs9bn in 6 months, energy ministry tells NA",Oil & Gas / Energy Sector,Positive,https://www.dawn.com/news/1903565/govts-efforts-have-reduced-circular-debt-by-rs9bn-in-6-months-energy-ministry-tells-na
2025-04-11,"Salaried class is the third largest tax contributor, NA told",Fiscal Policy / Budget / Taxes,Neutral,https://www.dawn.com/news/1903395/salaried-class-is-the-third-largest-tax-contributor-na-told
2025-04-11,Uptick in SBP reserves,Monetary Policy / Interest Rates; Foreign Reserves,Neutral,https://www.dawn.com/news/1903394/uptick-in-sbp-reserves
2025-04-12,SPI records its biggest decline ever,Inflation / CPI,Neutral,https://www.dawn.com/news/1903692/spi-records-its-biggest-decline-ever
2025-04-12,"Stocks tumble 1,336 points after China raises tariffs",Oil & Gas / Energy Sector,Negative,https://www.dawn.com/news/1903693/stocks-tumble-1336-points-after-china-raises-tariffs
2025-04-12,FBR notifies four firms to register retailers,Fiscal Policy / Budget / Taxes,Neutral,https://www.dawn.com/news/1903690/fbr-notifies-four-firms-to-register-retailers
2025-04-12,Govt makes first move in Roosevelt Hotel sale,Privatization / Divestment,Neutral,https://www.dawn.com/news/1903689/govt-makes-first-move-in-roosevelt-hotel-sale
2025-04-13,Exports to North America rise 10pc in July-February,Current Account / Trade,Neutral,https://www.dawn.com/news/1903901/exports-to-north-america-rise-10pc-in-july-february
2025-04-13,Firewall to protect corporate sector from ‘harassment’: PM’s adviser,Current Account / Trade,Neutral,https://www.dawn.com/news/1903902/firewall-to-protect-corporate-sector-from-harassment-pms-adviser
2025-04-13,Govt asks businesses to help bridge trade deficit with US,Inflation / CPI; Current Account / Trade,Neutral,https://www.dawn.com/news/1903848/govt-asks-businesses-to-help-bridge-trade-deficit-with-us
2025-04-13,"New US tariff policy offers opportunity to boost exports, says PRGMEA Coordinator",Current Account / Trade,Positive,https://www.dawn.com/news/1903898/new-us-tariff-policy-offers-opportunity-to-boost-exports-says-prgmea-coordinator
2025-04-13,PSX suffers massive weekly losses as trade war intensifies,Stock Market (Direct),Neutral,https://www.dawn.com/news/1903896/psx-suffers-massive-weekly-losses-as-trade-war-intensifies
2025-04-13,SBP initiative fails to spur financing for SMEs,Monetary Policy / Interest Rates,Negative,https://www.dawn.com/news/1903900/sbp-initiative-fails-to-spur-financing-for-smes
2025-04-14,"Bulls return to PSX over record remittances as shares climb 1,500 points",Stock Market (Direct),Positive,https://www.dawn.com/news/1904179/bulls-return-to-psx-over-record-remittances-as-shares-climb-1500-points
2025-04-14,Nano loans — financial inclusion or debt trap?,Monetary Policy / Interest Rates,Neutral,https://www.dawn.com/news/1903996/nano-loans-financial-inclusion-or-debt-trap
2025-04-14,Remittances hit record $4.1bn for March: SBP governor,Monetary Policy / Interest Rates; Foreign Reserves,Neutral,https://www.dawn.com/news/1904169/remittances-hit-record-41bn-for-march-sbp-governor
2025-04-14,Trump tariffs could pose ‘$1.4bn risk to Pakistan exports’,Current Account / Trade,Positive,https://www.dawn.com/news/1904017/trump-tariffs-could-pose-14bn-risk-to-pakistan-exports
2025-04-15,World Bank looks to new investments under public-private partnerships model,IMF / External Financing,Neutral,https://www.dawn.com/news/1904306/world-bank-looks-to-new-investments-under-public-private-partnerships-model
2025-04-15,"World shares rise, dollar sags on tech tariff twist",Currency / Exchange Rate,Positive,https://www.dawn.com/news/1904309/world-shares-rise-dollar-sags-on-tech-tariff-twist
2025-04-15,Wapda justifies Dasu project’s cost escalation,Currency / Exchange Rate,Negative,https://www.dawn.com/news/1904307/wapda-justifies-dasu-projects-cost-escalation
2025-04-15,"Aurangzeb due in US for IMF, World Bank spring meetings",IMF / External Financing,Neutral,https://www.dawn.com/news/1904268/aurangzeb-due-in-us-for-imf-world-bank-spring-meetings
2025-04-15,"Fitch upgrades Pakistan’s credit rating to ‘B-’ on improving deficits, reforms",Credit Rating,Positive,https://www.dawn.com/news/1904417/fitch-upgrades-pakistans-credit-rating-to-b-on-improving-deficits-reforms
2025-04-15,"IMF team discusses tax issues, judicial efficiency",IMF / External Financing; Fiscal Policy / Budget / Taxes,Neutral,https://www.dawn.com/news/1904275/imf-team-discusses-tax-issues-judicial-efficiency
2025-04-16,Big industry shrinks 3.5pc in March,Monetary Policy / Interest Rates,Neutral,https://www.dawn.com/news/1904546/big-industry-shrinks-35pc-in-march
2025-04-16,NBP faces glitches after 4-day system update,Banking Sector,Neutral,https://www.dawn.com/news/1904544/nbp-faces-glitches-after-4-day-system-update
2025-04-16,Savings from lower oil prices diverted to Balochistan projects,Oil & Gas / Energy Sector,Neutral,https://www.dawn.com/news/1904567/savings-from-lower-oil-prices-diverted-to-balochistan-projects
2025-04-16,Soneri Bank profit falls,Banking Sector,Negative,https://www.dawn.com/news/1904541/soneri-bank-profit-falls
2025-04-16,Stocks extend gains on economic optimism,Inflation / CPI,Positive,https://www.dawn.com/news/1904543/stocks-extend-gains-on-economic-optimism
2025-04-17,Senate panel defers income tax bill,Fiscal Policy / Budget / Taxes,Neutral,https://www.dawn.com/news/1904781/senate-panel-defers-income-tax-bill
2025-04-17,Govt to seek fresh bids for PIA next week: privatisation ministry,Privatization / Divestment,Neutral,https://www.dawn.com/news/1904869/govt-to-seek-fresh-bids-for-pia-next-week-privatisation-ministry
2025-04-17,Kuwait extends oil credit facility for two years,Current Account / Trade; Foreign Reserves,Neutral,https://www.dawn.com/news/1904783/kuwait-extends-oil-credit-facility-for-two-years
2025-04-17,Auto financing rises amid strong sales,Monetary Policy / Interest Rates,Positive,https://www.dawn.com/news/1904780/auto-financing-rises-amid-strong-sales
2025-04-17,Editorial: Govt’s incentives should be for expats willing to invest in economy’s productive segments,Current Account / Trade,Neutral,https://www.dawn.com/news/1904766/double-edged-sword
2025-04-18,Govt to seek fresh expressions of interest for PIA,Privatization / Divestment,Neutral,https://www.dawn.com/news/1904924
2025-04-18,IMF sees global growth hurt by trade tensions,IMF / External Financing,Negative,https://www.dawn.com/news/1904925/imf-sees-global-growth-hurt-by-trade-tensions
2025-04-18,Karachiites in for another shock from utility bills,Fiscal Policy / Budget / Taxes,Neutral,https://www.dawn.com/news/1904896/karachiites-in-for-another-shock-from-utility-bills
2025-04-18,Oil import bill falls to $11.9bn,Current Account / Trade; Oil & Gas / Energy Sector; GDP / Economic Growth,Positive,https://www.dawn.com/news/1904920/oil-import-bill-falls-to-119bn
2025-04-18,Record $1.2bn surplus in March,Monetary Policy / Interest Rates; Foreign Reserves; Foreign Investment / FPI,Neutral,https://www.dawn.com/news/1904945/record-12bn-surplus-in-march
2025-04-18,Record March surplus fuels rally on PSX,Stock Market (Direct); Inflation / CPI; Oil & Gas / Energy Sector; Credit Rating,Positive,https://www.dawn.com/news/1904923/record-march-surplus-fuels-rally-on-psx
2025-04-19,Short-term inflation declines for seventh week,Inflation / CPI,Positive,https://www.dawn.com/news/1905181
2025-04-19,Verdict reserved on fertiliser firms’ pleas,Fertilizer Sector,Neutral,https://www.dawn.com/news/1905183/verdict-reserved-on-fertiliser-firms-pleas
2025-04-19,Privatisation Commission board okays transaction structure for Roosevelt Hotel,Privatization / Divestment,Neutral,https://www.dawn.com/news/1905182/privatisation-commission-board-okays-transaction-structure-for-roosevelt-hotel
2025-04-19,"PM urges FBR to boost revenue, end IMF dependence",IMF / External Financing; Fiscal Policy / Budget / Taxes,Positive,https://www.dawn.com/news/1905146/pm-urges-fbr-to-boost-revenue-end-imf-dependence
2025-04-19,PSX ends the week with 414-point gain,Stock Market (Direct); Currency / Exchange Rate,Neutral,https://www.dawn.com/news/1905185/psx-ends-the-week-with-414-point-gain
2025-04-19,"Aurangzeb leaves for US to attend IMF, World Bank meetings",IMF / External Financing,Neutral,https://www.dawn.com/news/1905259/aurangzeb-leaves-for-us-to-attend-imf-world-bank-meetings
2025-04-19,Ahsan Iqbal reaffirms commitment to development of Balochistan,Current Account / Trade,Neutral,https://www.dawn.com/news/1905194/ahsan-iqbal-reaffirms-commitment-to-development-of-balochistan
2025-04-20,Equities resume recovery drive amid easing tariff tensions,Stock Market (Direct),Positive,https://www.dawn.com/news/1905372/equities-resume-recovery-drive-amid-easing-tariff-tensions
2025-04-20,Food exports increase to $5.75bn in July-March,Inflation / CPI; Current Account / Trade,Positive,https://www.dawn.com/news/1905373/food-exports-increase-to-575bn-in-july-march
2025-04-20,Govt urged to curb imports of used vehicles,Current Account / Trade,Neutral,https://www.dawn.com/news/1905375/govt-urged-to-curb-imports-of-used-vehicles
2025-04-21,"Pakistan to seek economic support, climate financing at World Bank, IMF talks",IMF / External Financing,Neutral,https://www.dawn.com/news/1905599/pakistan-to-seek-economic-support-climate-financing-at-world-bank-imf-talks
2025-04-21,PSX continues bullish trend over record current account surplus,Stock Market (Direct); Current Account / Trade,Positive,https://www.dawn.com/news/1905660/psx-continues-bullish-trend-over-record-current-account-surplus
2025-04-21,Removal of support price increased availability of wheat: FAO,Current Account / Trade,Neutral,https://www.dawn.com/news/1905583/removal-of-support-price-increased-availability-of-wheat-fao
2025-04-21,India and the new world disorder,Cement Sector,Neutral,https://www.dawn.com/news/1905499/india-and-the-new-world-disorder
2025-04-21,"Despite positive efforts, sustained progress hinges on fundamental actions such as restoring political stability",Current Account / Trade,Neutral,https://www.dawn.com/news/1905498
2025-04-21,Making crypto safe for the masses,Monetary Policy / Interest Rates,Neutral,https://www.dawn.com/news/1905500/making-crypto-safe-for-the-masses
2025-04-22,Aurangzeb assures World Bank of govt’s commitment to sustainable economic stability,IMF / External Financing,Neutral,https://www.dawn.com/news/1905924/aurangzeb-assures-world-bank-of-govts-commitment-to-sustainable-economic-stability
2025-04-22,"Focus on recovery, reforms as Aurangzeb meets IMF, World Bank heads",IMF / External Financing,Positive,https://www.dawn.com/news/1905795/focus-on-recovery-reforms-as-aurangzeb-meets-imf-world-bank-heads
2025-04-22,IMF lowers Pakistan’s GDP growth estimate to 2.6pc in wake of century-high US tariffs,Inflation / CPI; IMF / External Financing; GDP / Economic Growth,Neutral,https://www.dawn.com/news/1905933/imf-lowers-pakistans-gdp-growth-estimate-to-26pc-in-wake-of-century-high-us-tariffs
2025-04-23,BOP posts Rs4bn  pre-tax profit,Fiscal Policy / Budget / Taxes,Neutral,https://www.dawn.com/news/1906027/bop-posts-rs4bn-pre-tax-profit
2025-04-23,Pakistan’s minerals could help fix trade imbalance with US: Aurangzeb,IMF / External Financing; Fiscal Policy / Budget / Taxes; Privatization / Divestment,Neutral,https://www.dawn.com/news/1905975/pakistans-minerals-could-help-fix-trade-imbalance-with-us-aurangzeb
2025-04-23,Stocks manage modest gains in choppy trade,Stock Market (Direct); IMF / External Financing,Positive,https://www.dawn.com/news/1906028/stocks-manage-modest-gains-in-choppy-trade
2025-04-23,Trade gap with nine states widens 34pc to $8.4bn,Current Account / Trade,Negative,https://www.dawn.com/news/1906029/trade-gap-with-nine-states-widens-34pc-to-84bn
2025-04-24,"Shares at PSX plunge 2,200 points as India-Pakistan tensions simmer",Stock Market (Direct); Monetary Policy / Interest Rates,Negative,https://www.dawn.com/news/1906281/shares-at-psx-plunge-2200-points-as-india-pakistan-tensions-simmer
2025-04-24,World Bank trims Pakistan’s economic growth forecast to 2.7pc,IMF / External Financing; GDP / Economic Growth,Negative,https://www.dawn.com/news/1906217/world-bank-trims-pakistans-economic-growth-forecast-to-27pc
2025-04-24,Sindh protests take a toll on national supply chain,Fertilizer Sector,Negative,https://www.dawn.com/news/1906219/sindh-protests-take-a-toll-on-national-supply-chain
2025-04-24,Senate panel seeks plan to stem invoicing fraud,Fiscal Policy / Budget / Taxes,Negative,https://www.dawn.com/news/1906240/senate-panel-seeks-plan-to-stem-invoicing-fraud
2025-04-24,"PSX loses 1,204 points after IMF trims forecast",Stock Market (Direct); Currency / Exchange Rate; IMF / External Financing; Credit Rating,Negative,https://www.dawn.com/news/1906235/psx-loses-1204-points-after-imf-trims-forecast
2025-04-24,Govt looks to end Federal Excise Duty on property transactions,IMF / External Financing; Fiscal Policy / Budget / Taxes,Neutral,https://www.dawn.com/news/1906241/govt-looks-to-end-federal-excise-duty-on-property-transactions
2025-04-24,FBR sets deadlines for e-integration,Fiscal Policy / Budget / Taxes,Neutral,https://www.dawn.com/news/1906237/fbr-sets-deadlines-for-e-integration
2025-04-24,Reforms needed to ensure sustainable growth: Aurangzeb,Current Account / Trade; Foreign Investment / FPI,Positive,https://www.dawn.com/news/1906238/reforms-needed-to-ensure-sustainable-growth-aurangzeb
2025-04-25,Fresh bids sought for second push to sell PIA,Privatization / Divestment,Neutral,https://www.dawn.com/news/1906353/fresh-bids-sought-for-second-push-to-sell-pia
2025-04-25,Govt claims stability amid contraction in Large-Scale Manufacturing output,Monetary Policy / Interest Rates,Positive,https://www.dawn.com/news/1906380/govt-claims-stability-amid-contraction-in-large-scale-manufacturing-output
2025-04-25,Ministers pledge support as US tariffs threaten exports,Current Account / Trade,Negative,https://www.dawn.com/news/1906382/ministers-pledge-support-as-us-tariffs-threaten-exports
2025-04-25,SBP reserves fall $367m,Monetary Policy / Interest Rates,Negative,https://www.dawn.com/news/1906384/sbp-reserves-fall-367m
2025-04-25,‘Pakistan faces $2bn losses in climate disasters’: ADB,IMF / External Financing,Neutral,https://www.dawn.com/news/1906379/pakistan-faces-2bn-losses-in-climate-disasters-adb
2025-04-26,Developing countries should fast-track US trade deals: World Bank president,IMF / External Financing,Neutral,https://www.dawn.com/news/1906700/developing-countries-should-fast-track-us-trade-deals-world-bank-president
2025-04-26,Trump-backed crypto venture partners with Pakistan Crypto Council to boost blockchain adoption,Currency / Exchange Rate,Positive,https://www.dawn.com/news/1906732/trump-backed-crypto-venture-partners-with-pakistan-crypto-council-to-boost-blockchain-adoption
2025-04-26,Sensitive Price Index sees another record decline,Inflation / CPI,Positive,https://www.dawn.com/news/1906640/sensitive-price-index-sees-another-record-decline
2025-04-26,China warns G20 of low global growth,Banking Sector,Negative,https://www.dawn.com/news/1906639/china-warns-g20-of-low-global-growth
2025-04-26,IMF chief hails ‘constructive’ Spring Meetings,IMF / External Financing,Neutral,https://www.dawn.com/news/1906644/imf-chief-hails-constructive-spring-meetings
2025-04-27,SBP chief touts economic stability in Washington,Monetary Policy / Interest Rates,Neutral,https://www.dawn.com/news/1906846/sbp-chief-touts-economic-stability-in-washington
2025-04-27,Commerce ministry for steps to revive maize exports amid sharp decline,Current Account / Trade,Negative,https://www.dawn.com/news/1906811/commerce-ministry-for-steps-to-revive-maize-exports-amid-sharp-decline
2025-04-27,PSX snaps bullish momentum in a jittery week,Stock Market (Direct),Positive,https://www.dawn.com/news/1906844/psx-snaps-bullish-momentum-in-a-jittery-week
2025-04-27,Regulations for AI use in banks on the cards,Monetary Policy / Interest Rates,Neutral,https://www.dawn.com/news/1906849/regulations-for-ai-use-in-banks-on-the-cards
2025-04-27,Swimming against the current on EV adoption,IMF / External Financing; Fiscal Policy / Budget / Taxes,Neutral,https://www.dawn.com/news/1906847/situationer-swimming-against-the-current-on-ev-adoption
2025-04-28,Water disputes and ecological challenges,Fiscal Policy / Budget / Taxes,Neutral,https://www.dawn.com/news/1906744/water-disputes-and-ecological-challenges
2025-04-28,"Shares at PSX shed 1,400 points as Pakistan-India tensions loom",Stock Market (Direct),Negative,https://www.dawn.com/news/1907093/shares-at-psx-shed-1400-points-as-pakistan-india-tensions-loom
2025-04-28,IMF-WB meetings end without clarity on US tariff regime,IMF / External Financing,Neutral,https://www.dawn.com/news/1906952/imf-wb-meetings-end-without-clarity-on-us-tariff-regime
2025-04-28,Govt must focus on improving forex reserves to protect hard-earned stability amid rising global tensions,Foreign Reserves,Neutral,https://www.dawn.com/news/1906968
2025-04-28,Diaspora capital for lasting stability,Foreign Investment / FPI,Neutral,https://www.dawn.com/news/1906753/diaspora-capital-for-lasting-stability
2025-04-28,Centre irked by Punjab delaying lower tariff for LNG plants,Oil & Gas / Energy Sector,Positive,https://www.dawn.com/news/1907075/centre-irked-by-punjab-delaying-lower-tariff-for-lng-plants
2025-04-29,45 nations will be represented at digital FDI conference today,Foreign Investment / FPI,Neutral,https://www.dawn.com/news/1907277/45-nations-will-be-represented-at-digital-fdi-conference-today
2025-04-29,Central bank blames falling productivity for weak growth,Monetary Policy / Interest Rates; Banking Sector,Neutral,https://www.dawn.com/news/1907284/central-bank-blames-falling-productivity-for-weak-growth
2025-04-29,"Chambers accuse FBR, FIA of undue meddling",Fiscal Policy / Budget / Taxes,Neutral,https://www.dawn.com/news/1907286/chambers-accuse-fbr-fia-of-undue-meddling
2025-04-29,Circular debt inches up to Rs2.4tr,Oil & Gas / Energy Sector,Negative,https://www.dawn.com/news/1907289/circular-debt-inches-up-to-rs24tr
2025-04-29,IMF board to meet on May 9 to discuss Pakistan’s programmes,IMF / External Financing,Neutral,https://www.dawn.com/news/1907317/imf-board-to-meet-on-may-9-to-discuss-pakistans-programmes
2025-04-29,Shares at PSX climb 800 points after IMF announcement,Stock Market (Direct); IMF / External Financing,Positive,https://www.dawn.com/news/1907349/shares-at-psx-climb-800-points-after-imf-announcement
2025-04-29,Textile exports bear the brunt of transport disruptions,Current Account / Trade; Textile Sector,Negative,https://www.dawn.com/news/1907285/textile-exports-bear-the-brunt-of-transport-disruptions
2025-04-29,"World Bank okays $108m more financing for rural access, tourism projects in KP",IMF / External Financing,Neutral,https://www.dawn.com/news/1907336/world-bank-okays-108m-more-financing-for-rural-access-tourism-projects-in-kp
2025-04-30,"PSX slumps over 3,500 points as Pakistan expects Indian action",Stock Market (Direct); Currency / Exchange Rate,Negative,https://www.dawn.com/news/1907535/psx-slumps-over-3500-points-as-pakistan-expects-indian-action
2025-04-30,PM Shehbaz touts $700m in foreign investment for IT sector,Foreign Investment / FPI,Neutral,https://www.dawn.com/news/1907497/pm-shehbaz-touts-700m-in-foreign-investment-for-it-sector
2025-04-30,Oil falls 3pc on weak demand outlook,Current Account / Trade,Neutral,https://www.dawn.com/news/1907504/oil-falls-3pc-on-weak-demand-outlook
2025-04-30,Dealers complain of no rise in petroleum margins,Inflation / CPI,Neutral,https://www.dawn.com/news/1907500/dealers-complain-of-no-rise-in-petroleum-margins
2025-04-30,New method for tax collection on cement,Fiscal Policy / Budget / Taxes; Cement Sector,Neutral,https://www.dawn.com/news/1907502/new-method-for-tax-collection-on-cement
2025-04-30,OICCI proposes doubling tax exemption limit,Fiscal Policy / Budget / Taxes,Positive,https://www.dawn.com/news/1907501/oicci-proposes-doubling-tax-exemption-limit
2025-05-01,Chambers call for ending anti-export levies in next budget,Fiscal Policy / Budget / Taxes; Current Account / Trade,Neutral,https://www.dawn.com/news/1907708/chambers-call-for-ending-anti-export-levies-in-next-budget
2025-05-01,Justice Mandokhail calls for formal recognition of mining as an industry,GDP / Economic Growth,Neutral,https://www.dawn.com/news/1907766/justice-mandokhail-calls-for-formal-recognition-of-mining-as-an-industry
2025-05-01,Tax target missed by Rs831bn,Fiscal Policy / Budget / Taxes,Neutral,https://www.dawn.com/news/1907709/tax-target-missed-by-rs831bn
2025-05-02,Trade deficit with Middle East crosses $10bn,Current Account / Trade; Oil & Gas / Energy Sector,Neutral,https://www.dawn.com/news/1907883/trade-deficit-with-middle-east-crosses-10bn
2025-05-02,"With exports, FDI on the wane, economic productivity takes a hit",Current Account / Trade; Foreign Investment / FPI,Neutral,https://www.dawn.com/news/1907888/with-exports-fdi-on-the-wane-economic-productivity-takes-a-hit
2025-05-02,Govt insists programme on track amid reports of India asking IMF to review Pakistan loan,IMF / External Financing,Neutral,https://www.dawn.com/news/1907975/govt-insists-programme-on-track-amid-reports-of-india-asking-imf-to-review-pakistan-loan
2025-05-02,"Finance minister credits financial discipline, coordination between Centre, provinces for primary surplus",Credit Rating,Neutral,https://www.dawn.com/news/1907969/finance-minister-credits-financial-discipline-coordination-between-centre-provinces-for-primary-surplus
2025-05-02,Core inflation slows down to 0.3pc in April,Inflation / CPI; Currency / Exchange Rate; Current Account / Trade,Positive,https://www.dawn.com/news/1907970/core-inflation-slows-down-to-03pc-in-april
2025-05-02,Shares at PSX rebound as investor confidence returns,Stock Market (Direct); Inflation / CPI,Positive,https://www.dawn.com/news/1907957/shares-at-psx-rebound-as-investor-confidence-returns
2025-05-03,"Delays in Punjab solar subsidy scheme disappoint 450,000 farmers",Fiscal Policy / Budget / Taxes,Negative,https://www.dawn.com/news/1908108/delays-in-punjab-solar-subsidy-scheme-disappoint-450000-farmers
2025-05-03,Exports fall 8.9pc in April amid slowing growth trend,Current Account / Trade,Negative,https://www.dawn.com/news/1908109/exports-fall-89pc-in-april-amid-slowing-growth-trend
2025-05-03,Pakistan bans all ports to Indian flag carriers in tit-for-tat move,Current Account / Trade,Negative,https://www.dawn.com/news/1908171/pakistan-bans-all-ports-to-indian-flag-carriers-in-tit-for-tat-move
2025-05-03,SBP reserves up $9m,Monetary Policy / Interest Rates; Currency / Exchange Rate,Positive,https://www.dawn.com/news/1908110/sbp-reserves-up-9m
2025-05-04,"Samsung fights $520m India tax demand, points to Reliance practice",Fiscal Policy / Budget / Taxes,Neutral,https://www.dawn.com/news/1908385/samsung-fights-520m-india-tax-demand-points-to-reliance-practice
2025-05-04,Cement sales  rise in April,Cement Sector,Positive,https://www.dawn.com/news/1908315/cement-sales-rise-in-april
2025-05-04,Govt to reduce interference in corporate sector: Haroon,Current Account / Trade,Neutral,https://www.dawn.com/news/1908317/govt-to-reduce-interference-in-corporate-sector-haroon
2025-05-04,PSX tumbles as border tensions turn investors jittery,Stock Market (Direct),Negative,https://www.dawn.com/news/1908318/psx-tumbles-as-border-tensions-turn-investors-jittery
2025-05-04,Tensions with India to ‘influence’ SBP’s monetary policy decision,Monetary Policy / Interest Rates,Positive,https://www.dawn.com/news/1908316/tensions-with-india-to-influence-sbps-monetary-policy-decision
2025-05-04,Two telecoms to settle Rs26bn outstanding taxes,Fiscal Policy / Budget / Taxes; Current Account / Trade,Neutral,https://www.dawn.com/news/1908314/two-telecoms-to-settle-rs26bn-outstanding-taxes
2025-05-05,Questions raised over FBR’s new evaluation system,Fiscal Policy / Budget / Taxes,Neutral,https://www.dawn.com/news/1908456
2025-05-05,Pakistan’s battle for its water rights is sure to be a long and tedious one,IMF / External Financing,Neutral,https://www.dawn.com/news/1908564
2025-05-05,Looking forward to lower oil prices,Oil & Gas / Energy Sector,Neutral,https://www.dawn.com/news/1908542/looking-forward-to-lower-oil-prices
2025-05-05,SBP cuts interest rate by 100bps to 11pc,Monetary Policy / Interest Rates; Inflation / CPI,Positive,https://www.dawn.com/news/1908601/sbp-cuts-interest-rate-by-100bps-to-11pc
2025-05-05,CORPORATE WINDOW: Abandoning a legacy treaty,IMF / External Financing,Neutral,https://www.dawn.com/news/1908564/corporate-window-abandoning-a-legacy-treaty
2025-05-05,ADB boosts Asia-Pacific food security fund to $40 billion,IMF / External Financing,Positive,https://www.dawn.com/news/1908452/adb-boosts-asia-pacific-food-security-fund-to-40-billion
2025-05-05,Escalating tensions with India to impact Pakistan’s economic growth: Moody’s,GDP / Economic Growth,Neutral,https://www.dawn.com/news/1908608/escalating-tensions-with-india-to-impact-pakistans-economic-growth-moodys
2025-05-05,Swift resolution of water-related disputes inecessary to improve country’s political climate,Current Account / Trade,Negative,https://www.dawn.com/news/1908541
2025-05-06,Tax officers to be stationed at business premises,Fiscal Policy / Budget / Taxes,Neutral,https://www.dawn.com/news/1908736/tax-officers-to-be-stationed-at-business-premises
2025-05-06,Stocks trim early losses on late buying decision,Stock Market (Direct),Neutral,https://www.dawn.com/news/1908741/stocks-trim-early-losses-on-late-buying-decision
2025-05-06,Industry insists SBP policy rate cut ‘inadequate’,Monetary Policy / Interest Rates,Positive,https://www.dawn.com/news/1908737/industry-insists-sbp-policy-rate-cut-inadequate
2025-05-06,"Shares at PSX fail to sustain early gains, dip by 500 points",Stock Market (Direct); Monetary Policy / Interest Rates,Positive,https://www.dawn.com/news/1908797/shares-at-psx-fail-to-sustain-early-gains-dip-by-500-points
2025-05-06,ECC extends Rs50bn guarantee for LNG imports,Current Account / Trade; Oil & Gas / Energy Sector,Neutral,https://www.dawn.com/news/1908738/ecc-extends-rs50bn-guarantee-for-lng-imports
2025-05-07,"Aurangzeb, PM’s privatisation czar in UK to woo investors",Privatization / Divestment,Neutral,https://www.dawn.com/news/1908996/aurangzeb-pms-privatisation-czar-in-uk-to-woo-investors
2025-05-07,PSX bleeds as fears of Indian military action come true,Stock Market (Direct),Negative,https://www.dawn.com/news/1909071/psx-bleeds-as-fears-of-indian-military-action-come-true
2025-05-07,S&P Global sees more rate cuts,Credit Rating,Positive,https://www.dawn.com/news/1908995/sp-global-sees-more-rate-cuts
2025-05-08,60-day ban on gold exports,Current Account / Trade,Negative,https://www.dawn.com/news/1909329/60-day-ban-on-gold-exports
2025-05-08,Govt launches sukuk to promote green economy,Stock Market (Direct); Debt / External Debt,Neutral,https://www.dawn.com/news/1909335/govt-launches-sukuk-to-promote-green-economy
2025-05-08,No big cut in base power tariff likely for FY26,Currency / Exchange Rate,Positive,https://www.dawn.com/news/1909330/no-big-cut-in-base-power-tariff-likely-for-fy26
2025-05-08,SBP orders vigil on outflows,Monetary Policy / Interest Rates; Currency / Exchange Rate,Negative,https://www.dawn.com/news/1909333/sbp-orders-vigil-on-outflows
2025-05-09,Workers remittances clock in $3.2bn for April,Stock Market (Direct),Neutral,https://www.dawn.com/news/1909732/workers-remittances-clock-in-32bn-for-april
2025-05-09,Uptick in SBP reserves,Monetary Policy / Interest Rates,Positive,https://www.dawn.com/news/1909586/uptick-in-sbp-reserves
2025-05-09,PSX takes record plunge amid security unrest,Stock Market (Direct),Negative,https://www.dawn.com/news/1909591/psx-takes-record-plunge-amid-security-unrest
2025-05-09,PSX gallops to recovery after day of historic losses,Stock Market (Direct); IMF / External Financing,Positive,https://www.dawn.com/news/1909677/psx-gallops-to-recovery-after-day-of-historic-losses
2025-05-09,Budget due on June 2; PSDP faces 16pc cut,Fiscal Policy / Budget / Taxes,Neutral,https://www.dawn.com/news/1909569/budget-due-on-june-2-psdp-faces-16pc-cut
2025-05-09,IMF approves disbursement of $1bn to Pakistan under $7bn deal,IMF / External Financing,Positive,https://www.dawn.com/news/1909691/imf-approves-disbursement-of-1bn-to-pakistan-under-7bn-deal
2025-05-09,Govt’s priority in upcoming budget is to provide relief to common man: PM Shehbaz,Fiscal Policy / Budget / Taxes,Positive,https://www.dawn.com/news/1909763/govts-priority-in-upcoming-budget-is-to-provide-relief-to-common-man-pm-shehbaz
2025-05-09,Export of services rises to $6.2bn in July-March,Current Account / Trade,Positive,https://www.dawn.com/news/1909590/export-of-services-rises-to-62bn-in-july-march
2025-05-09,IMF board meets today,IMF / External Financing,Neutral,https://www.dawn.com/news/1909585/imf-board-meets-today
2025-05-10,Indian ‘meddling’ fails to block IMF support,IMF / External Financing,Negative,https://www.dawn.com/news/1909885/indian-meddling-fails-to-block-imf-support
2025-05-10,Govt censured for bypassing oversight on tax ordinance,Fiscal Policy / Budget / Taxes,Neutral,https://www.dawn.com/news/1909956/govt-censured-for-bypassing-oversight-on-tax-ordinance
2025-05-10,World shares hit pause,Foreign Investment / FPI,Positive,https://www.dawn.com/news/1909931/world-shares-hit-pause
2025-05-10,Consumers to get relief in power bills for summer months,Oil & Gas / Energy Sector,Positive,https://www.dawn.com/news/1909892/consumers-to-get-relief-in-power-bills-for-summer-months
2025-05-10,Development spending flat despite high revenues,Fiscal Policy / Budget / Taxes,Neutral,https://www.dawn.com/news/1909927/development-spending-flat-despite-high-revenues
2025-05-11,Exports to Europe rise to $6.8bn,Current Account / Trade; Textile Sector,Positive,https://www.dawn.com/news/1910175/exports-to-europe-rise-to-68bn
2025-05-11,IMF wants cut in auto tariffs,IMF / External Financing; Current Account / Trade,Positive,https://www.dawn.com/news/1910172/imf-wants-cut-in-auto-tariffs
2025-05-11,Nepra member flags power sector inefficiencies,Oil & Gas / Energy Sector,Neutral,https://www.dawn.com/news/1910174/nepra-member-flags-power-sector-inefficiencies
2025-05-11,"PSX loses 6,939 points in jittery week amid border skirmishes",Stock Market (Direct); IMF / External Financing,Negative,https://www.dawn.com/news/1910177/psx-loses-6939-points-in-jittery-week-amid-border-skirmishes
2025-05-12,Finance: Cutting costs creatively,Fiscal Policy / Budget / Taxes,Neutral,https://www.dawn.com/news/1910336/finance-cutting-costs-creatively
2025-05-12,PSDP spending in 10 months stands at paltry 41pc,Fiscal Policy / Budget / Taxes,Neutral,https://www.dawn.com/news/1910377/psdp-spending-in-10-months-stands-at-paltry-41pc
2025-05-12,PSX jacks up record 9pc as ceasefire with India calms investors,Stock Market (Direct); IMF / External Financing,Positive,https://www.dawn.com/news/1910505/psx-jacks-up-record-9pc-as-ceasefire-with-india-calms-investors
2025-05-12,When markets react to escalation,Stock Market (Direct),Neutral,https://www.dawn.com/news/1910340/when-markets-react-to-escalation
2025-05-13,Textile industry demands cheaper power,Current Account / Trade; Textile Sector,Negative,https://www.dawn.com/news/1910681/textile-industry-demands-cheaper-power
2025-05-13,"PM directs measures to broaden tax net, tech use to prevent evasion",Fiscal Policy / Budget / Taxes,Neutral,https://www.dawn.com/news/1910790/pm-directs-measures-to-broaden-tax-net-tech-use-to-prevent-evasion
2025-05-13,Oil prices climb 2pc,Oil & Gas / Energy Sector,Neutral,https://www.dawn.com/news/1910677/oil-prices-climb-2pc
2025-05-13,Commercial imports of used vehicles sought,Current Account / Trade,Neutral,https://www.dawn.com/news/1910680/commercial-imports-of-used-vehicles-sought
2025-05-13,"Bulls dominate as PSX climbs over 1,000 points upon boost in investor sentiment",Stock Market (Direct); Monetary Policy / Interest Rates; Fiscal Policy / Budget / Taxes,Positive,https://www.dawn.com/news/1910762/bulls-dominate-as-psx-climbs-over-1000-points-upon-boost-in-investor-sentiment
2025-05-13,Govt repays $3.8 billion in third quarter,Monetary Policy / Interest Rates,Neutral,https://www.dawn.com/news/1910679/govt-repays-38-billion-in-third-quarter
2025-05-14,Auto sales fall 5pc in April,Automobile Sector,Negative,https://www.dawn.com/news/1910904/auto-sales-fall-5pc-in-april
2025-05-14,Exports to North America rise,Current Account / Trade,Neutral,https://www.dawn.com/news/1910902/exports-to-north-america-rise
2025-05-14,Pakistan receives second tranche of $1bn from IMF,IMF / External Financing; Foreign Reserves,Neutral,https://www.dawn.com/news/1910966/pakistan-receives-second-tranche-of-1bn-from-imf
2025-05-14,Petrol prices expected to come down soon; relief for KE subscribers likely,Oil & Gas / Energy Sector,Positive,https://www.dawn.com/news/1910906/petrol-prices-expected-to-come-down-soon-relief-for-ke-subscribers-likely
2025-05-14,Private sector reverses debt retirement trend,Monetary Policy / Interest Rates,Neutral,https://www.dawn.com/news/1910901/private-sector-reverses-debt-retirement-trend
2025-05-15,SC Constit­utional Bench restores parliament’s tweak to sales tax law,Fiscal Policy / Budget / Taxes,Neutral,https://www.dawn.com/news/1911118/sc-constitutional-bench-restores-parliaments-tweak-to-sales-tax-law
2025-05-15,"Stocks close flat on budget jitters, rupee concerns",Currency / Exchange Rate; Fiscal Policy / Budget / Taxes,Neutral,https://www.dawn.com/news/1911142/stocks-close-flat-on-budget-jitters-rupee-concerns
2025-05-15,Fertiliser makers upset at tax hike proposal,Fiscal Policy / Budget / Taxes; Fertilizer Sector,Negative,https://www.dawn.com/news/1911145/fertiliser-makers-upset-at-tax-hike-proposal
2025-05-15,"Bullish momentum at PSX as shares gain 1,400 points after SBP receives 2nd IMF tranche",Stock Market (Direct); Monetary Policy / Interest Rates; IMF / External Financing; Banking Sector,Positive,https://www.dawn.com/news/1911206/bullish-momentum-at-psx-as-shares-gain-1400-points-after-sbp-receives-2nd-imf-tranche
2025-05-15,Citizens may bear brunt of extra costs on fuel prices,Oil & Gas / Energy Sector,Negative,https://www.dawn.com/news/1911148/citizens-may-bear-brunt-of-extra-costs-on-fuel-prices
2025-05-15,"IMF expects Rs20tr revenue, stricter spending",Inflation / CPI; IMF / External Financing; Fiscal Policy / Budget / Taxes; GDP / Economic Growth,Neutral,https://www.dawn.com/news/1911133/imf-expects-rs20tr-revenue-stricter-spending
2025-05-16,Govt okays five-year tariff reform plan to spur exports,Current Account / Trade,Neutral,https://www.dawn.com/news/1911262/govt-okays-five-year-tariff-reform-plan-to-spur-exports
2025-05-16,"Govt’s claimed Rs4tr power sector savings cut to half, Nepra told",Oil & Gas / Energy Sector,Positive,https://www.dawn.com/news/1911288/govts-claimed-rs4tr-power-sector-savings-cut-to-half-nepra-told
2025-05-16,Paapam rejects perception of 98pc tariff protection,Fiscal Policy / Budget / Taxes,Negative,https://www.dawn.com/news/1911284/paapam-rejects-perception-of-98pc-tariff-protection
2025-05-16,SBP foreign exchange reserves up $71m,Monetary Policy / Interest Rates; Foreign Reserves,Positive,https://www.dawn.com/news/1911283/sbp-foreign-exchange-reserves-up-71m
2025-05-16,Senate committee clears IMF-driven grid levy bill,IMF / External Financing; Fiscal Policy / Budget / Taxes,Neutral,https://www.dawn.com/news/1911287/senate-committee-clears-imf-driven-grid-levy-bill
2025-05-16,UN projects Pakistan’s economy to grow by 2.3pc in 2025 amid continuing fiscal reforms,GDP / Economic Growth,Neutral,https://www.dawn.com/news/1911421/un-projects-pakistans-economy-to-grow-by-23pc-in-2025-amid-continuing-fiscal-reforms
2025-05-17,Two-side coated bleached boards’ import: LHC quashes plea against launch of anti-circumvention investigation,Current Account / Trade,Neutral,https://www.dawn.com/news/1911552/two-side-coated-bleached-boards-import-lhc-quashes-plea-against-launch-of-anti-circumvention-investigation
2025-05-17,Textile exports down 1.35pc last month,Current Account / Trade; Textile Sector,Negative,https://www.dawn.com/news/1911528/textile-exports-down-135pc-last-month
2025-05-17,Stock market ends lower after range-bound session,Stock Market (Direct),Negative,https://www.dawn.com/news/1911524/stock-market-ends-lower-after-range-bound-session
2025-05-17,SPI rises after nine weeks of decline,Inflation / CPI,Negative,https://www.dawn.com/news/1911529/spi-rises-after-nine-weeks-of-decline
2025-05-17,PM Shehbaz may approve National Electric Vehicle policy next week,Fiscal Policy / Budget / Taxes,Positive,https://www.dawn.com/news/1911526/pm-shehbaz-may-approve-national-electric-vehicle-policy-next-week
2025-05-17,"FBR overhaul, laptop scheme among Rs143bn projects cleared by CDWP",Fiscal Policy / Budget / Taxes,Neutral,https://www.dawn.com/news/1911520/fbr-overhaul-laptop-scheme-among-rs143bn-projects-cleared-by-cdwp
2025-05-17,Interest rate cuts fuel 1.8pc growth in large-scale manufacturing sector,Monetary Policy / Interest Rates; Current Account / Trade; Textile Sector,Positive,https://www.dawn.com/news/1911527/interest-rate-cuts-fuel-18pc-growth-in-large-scale-manufacturing-sector
2025-05-17,"Editorial: While planned import tariff reforms are a positive shift, other policies also need fixing",Current Account / Trade,Neutral,https://www.dawn.com/news/1911546
2025-05-17,Current account surplus shrinks to $12m in April,Current Account / Trade; Foreign Investment / FPI,Neutral,https://www.dawn.com/news/1911531/current-account-surplus-shrinks-to-12m-in-april
2025-05-17,NA passes money bill along with eight others,IMF / External Financing,Neutral,https://www.dawn.com/news/1911475/na-passes-money-bill-along-with-eight-others
2025-05-18,"PSX sees historic rebound after ceasefire, IMF tranche approval",Stock Market (Direct); IMF / External Financing,Positive,https://www.dawn.com/news/1911742/psx-sees-historic-rebound-after-ceasefire-imf-tranche-approval
2025-05-18,Olive value chain policy submitted to cabinet for approval,Current Account / Trade; Oil & Gas / Energy Sector,Positive,https://www.dawn.com/news/1911745/olive-value-chain-policy-submitted-to-cabinet-for-approval
2025-05-18,"Govt achieved economic revival under PM Shehbaz, will provide relief in next budget: Sanaullah",Fiscal Policy / Budget / Taxes; Political Stability / Government,Positive,https://www.dawn.com/news/1911793/govt-achieved-economic-revival-under-pm-shehbaz-will-provide-relief-in-next-budget-sanaullah
2025-05-18,Business leaders up in arms against new tax law,Fiscal Policy / Budget / Taxes,Neutral,https://www.dawn.com/news/1911744/business-leaders-up-in-arms-against-new-tax-law
2025-05-18,Bank advances drop by Rs1.6tr in January-April,Banking Sector,Neutral,https://www.dawn.com/news/1911746/bank-advances-drop-by-rs16tr-in-january-april
2025-05-18,Food import bill nears $7bn in July-April,Current Account / Trade,Negative,https://www.dawn.com/news/1911747/food-import-bill-nears-7bn-in-july-april
2025-05-19,The latent price for  patriotism,Fiscal Policy / Budget / Taxes,Neutral,https://www.dawn.com/news/1911939/the-latent-price-for-patriotism
2025-05-19,Questions raised over Rs2.2bn vehicle spending in FBR reforms,Fiscal Policy / Budget / Taxes,Neutral,https://www.dawn.com/news/1911866/questions-raised-over-rs22bn-vehicle-spending-in-fbr-reforms
2025-05-19,Key federal ministers discuss budget with Sindh govt to get allies on board,Inflation / CPI; Fiscal Policy / Budget / Taxes,Neutral,https://www.dawn.com/news/1911935
2025-05-19,"IT exports increase to $3.5bn in 10 months, says Shaza",Current Account / Trade,Positive,https://www.dawn.com/news/1911936/it-exports-increase-to-35bn-in-10-months-says-shaza
2025-05-19,"PSX hits 120,000 barrier to reach record high in intraday trade before losing gains",Stock Market (Direct); IMF / External Financing; Fiscal Policy / Budget / Taxes,Positive,https://www.dawn.com/news/1911962/psx-hits-120000-barrier-to-reach-record-high-in-intraday-trade-before-losing-gains
2025-05-19,Dollar retreat setting stage for diversification?,Currency / Exchange Rate; Fiscal Policy / Budget / Taxes,Neutral,https://www.dawn.com/news/1911914/dollar-retreat-setting-stage-for-diversification
2025-05-19,Cotton sector faces potential crisis amid tax-free imports,Fiscal Policy / Budget / Taxes; Current Account / Trade; Textile Sector,Negative,https://www.dawn.com/news/1911929/cotton-sector-faces-potential-crisis-amid-tax-free-imports
2025-05-19,Banking sector’s problem child,IMF / External Financing; Banking Sector,Neutral,https://www.dawn.com/news/1911917/banking-sectors-problem-child
2025-05-19,Economic perils may push policymakers to introduce stricter tax measures,Fiscal Policy / Budget / Taxes; Current Account / Trade,Neutral,https://www.dawn.com/news/1911911/finance-economic-perils-persist
2025-05-20,"Pakistan, IMF open talks on budget finalisation",IMF / External Financing; Fiscal Policy / Budget / Taxes,Neutral,https://www.dawn.com/news/1912130/pakistan-imf-open-talks-on-budget-finalisation
2025-05-20,Profit repatriation jumps to $1.8bn,Foreign Investment / FPI,Positive,https://www.dawn.com/news/1912105/profit-repatriation-jumps-to-18bn
2025-05-20,SBP goes ‘cashless’ for cattle markets,Monetary Policy / Interest Rates,Neutral,https://www.dawn.com/news/1912107/sbp-goes-cashless-for-cattle-markets
2025-05-20,Tariff cut on CBU vehicles,Current Account / Trade,Positive,https://www.dawn.com/news/1912108/tariff-cut-on-cbu-vehicles
2025-05-21,Push for simplified sukuk structures,Monetary Policy / Interest Rates; Debt / External Debt,Neutral,https://www.dawn.com/news/1912306/push-for-simplified-sukuk-structures
2025-05-21,Pakistan set to miss growth projection for FY25,GDP / Economic Growth,Positive,https://www.dawn.com/news/1912301/pakistan-set-to-miss-growth-projection-for-fy25
2025-05-21,Stocks lose 718 points on budget uncertainty,Stock Market (Direct); Fiscal Policy / Budget / Taxes,Negative,https://www.dawn.com/news/1912307/stocks-lose-718-points-on-budget-uncertainty
2025-05-21,CDWP clears 10 projects,Fiscal Policy / Budget / Taxes,Neutral,https://www.dawn.com/news/1912304/cdwp-clears-10-projects
2025-05-21,6.6pc rise in gas prices okayed,Oil & Gas / Energy Sector,Neutral,https://www.dawn.com/news/1912302/66pc-rise-in-gas-prices-okayed
2025-05-21,PM Shehbaz briefed on FBR’s plan of digital freight tracking,Fiscal Policy / Budget / Taxes; Cement Sector,Neutral,https://www.dawn.com/news/1912268/pm-shehbaz-briefed-on-fbrs-plan-of-digital-freight-tracking
2025-05-22,"PSX hits all-time high, inches towards 120,000",Stock Market (Direct),Positive,https://www.dawn.com/news/1912480/psx-hits-all-time-high-inches-towards-120000
2025-05-22,Trade deficit with nine regional countries widens 35pc,Current Account / Trade,Positive,https://www.dawn.com/news/1912485/trade-deficit-with-nine-regional-countries-widens-35pc
2025-05-22,IMF yet to decide on budget relief request,IMF / External Financing; Fiscal Policy / Budget / Taxes,Positive,https://www.dawn.com/news/1912486/imf-yet-to-decide-on-budget-relief-request
2025-05-22,PM Shehbaz vows to expedite institutional reforms as IMF lauds economic progress,IMF / External Financing,Neutral,https://www.dawn.com/news/1912609/pm-shehbaz-vows-to-expedite-institutional-reforms-as-imf-lauds-economic-progress
2025-05-23,"Pakistan to export 125,000 tonnes of mangoes",Current Account / Trade,Neutral,https://www.dawn.com/news/1912737/pakistan-to-export-125000-tonnes-of-mangoes
2025-05-23,"PSX dips on oil price pressure, budget caution",Stock Market (Direct); Fiscal Policy / Budget / Taxes; Oil & Gas / Energy Sector,Neutral,https://www.dawn.com/news/1912736/psx-dips-on-oil-price-pressure-budget-caution
2025-05-23,Rupee depreciates despite global drop in dollar index,Monetary Policy / Interest Rates; Currency / Exchange Rate; IMF / External Financing,Negative,https://www.dawn.com/news/1912738/rupee-depreciates-despite-global-drop-in-dollar-index
2025-05-23,"PM Shehbaz pledges swift reforms, resolves to benefit from World Bank help",IMF / External Financing,Neutral,https://www.dawn.com/news/1912759/pm-shehbaz-pledges-swift-reforms-resolves-to-benefit-from-world-bank-help
2025-05-23,"Pakistan met all economic targets, EFF decisions taken by consensus: IMF",IMF / External Financing; Fiscal Policy / Budget / Taxes; Banking Sector,Neutral,https://www.dawn.com/news/1912850/pakistan-met-all-economic-targets-eff-decisions-taken-by-consensus-imf
2025-05-23,Federal budget to be presented on June 10: Finance Ministry,Fiscal Policy / Budget / Taxes; GDP / Economic Growth,Neutral,https://www.dawn.com/news/1912867/federal-budget-to-be-presented-on-june-10-finance-ministry
2025-05-23,National Assembly panel directs FBR to expedite tax refunds,Fiscal Policy / Budget / Taxes,Neutral,https://www.dawn.com/news/1912739/national-assembly-panel-directs-fbr-to-expedite-tax-refunds
2025-05-23,Export Development Fund to support exporters in reaching global markets,Current Account / Trade,Neutral,https://www.dawn.com/news/1912735/export-development-fund-to-support-exporters-in-reaching-global-markets
2025-05-23,ABAD proposes 15-year tax policy to boost investor confidence,Fiscal Policy / Budget / Taxes,Positive,https://www.dawn.com/news/1912734/abad-proposes-15-year-tax-policy-to-boost-investor-confidence
2025-05-24,Ahsan Iqbal confirms Pakistan will increase defence budget as security situation calls for it,Fiscal Policy / Budget / Taxes,Neutral,https://www.dawn.com/news/1913055/ahsan-iqbal-confirms-pakistan-will-increase-defence-budget-as-security-situation-calls-for-it
2025-05-24,"Auto industry to be consulted on used cars, duty cut: SAPM",Automobile Sector,Neutral,https://www.dawn.com/news/1912999/auto-industry-to-be-consulted-on-used-cars-duty-cut-sapm
2025-05-24,Budget put off to June 10 as talks with IMF continue,IMF / External Financing; Fiscal Policy / Budget / Taxes,Neutral,https://www.dawn.com/news/1912931/budget-put-off-to-june-10-as-talks-with-imf-continue
2025-05-24,Govt vows regulatory support as tobacco exports surge,Current Account / Trade,Positive,https://www.dawn.com/news/1912997/govt-vows-regulatory-support-as-tobacco-exports-surge
2025-05-24,IMF says will continue budget discussions in ‘coming days’ as mission wraps up visit,Monetary Policy / Interest Rates; Inflation / CPI; IMF / External Financing; Fiscal Policy / Budget / Taxes,Neutral,https://www.dawn.com/news/1913028/imf-says-will-continue-budget-discussions-in-coming-days-as-mission-wraps-up-visit
2025-05-24,Stocks drift lower on budget-related concerns,Stock Market (Direct); Fiscal Policy / Budget / Taxes,Negative,https://www.dawn.com/news/1913001/stocks-drift-lower-on-budget-related-concerns
2025-05-24,"Sugar, meat fuel weekly inflation",Inflation / CPI,Neutral,https://www.dawn.com/news/1912995/sugar-meat-fuel-weekly-inflation
2025-05-25,"Sales tax ‘largest’ contributor to inequality, poverty: World Bank",IMF / External Financing; Fiscal Policy / Budget / Taxes,Neutral,https://www.dawn.com/news/1913165/sales-tax-largest-contributor-to-inequality-poverty-world-bank
2025-05-25,Packaged juice makers seek tax cuts,Fiscal Policy / Budget / Taxes,Positive,https://www.dawn.com/news/1913166/packaged-juice-makers-seek-tax-cuts
2025-05-25,"Pakistan, IMF agree on budget blueprint",IMF / External Financing; Fiscal Policy / Budget / Taxes,Neutral,https://www.dawn.com/news/1913147/pakistan-imf-agree-on-budget-blueprint
2025-05-25,First power equipment dashboard unveiled to boost industry,Current Account / Trade,Positive,https://www.dawn.com/news/1913146/first-power-equipment-dashboard-unveiled-to-boost-industry
2025-05-25,PSX turns bearish as investors fear ‘unfriendly’ IMF-driven budget,Stock Market (Direct); IMF / External Financing; Fiscal Policy / Budget / Taxes,Negative,https://www.dawn.com/news/1913168/psx-turns-bearish-as-investors-fear-unfriendly-imf-driven-budget
2025-05-26,"Editorial: The difference of opinion between govt, IMF over certain matters is not something to fret over",IMF / External Financing,Neutral,https://www.dawn.com/news/1913387
2025-05-26,"IMF’s tariff cuts, increase in age limit of used cars may slow down sales of locally made vehicles",IMF / External Financing; Fiscal Policy / Budget / Taxes,Negative,https://www.dawn.com/news/1913204
2025-05-26,Lowering taxes to boost tax revenue,Fiscal Policy / Budget / Taxes,Positive,https://www.dawn.com/news/1913376/lowering-taxes-to-boost-tax-revenue
2025-05-26,Realising its full revenue potential will require Sindh to broaden its tax base further,Fiscal Policy / Budget / Taxes,Neutral,https://www.dawn.com/news/1913213
2025-05-26,"Relying on temporary measures, external financial support merely postpones inevitable reckoning",Current Account / Trade,Neutral,https://www.dawn.com/news/1913375
2025-05-26,Shares at PSX trim 600 points on budget announcement delay,Stock Market (Direct); IMF / External Financing; Fiscal Policy / Budget / Taxes; Oil & Gas / Energy Sector,Negative,https://www.dawn.com/news/1913422/shares-at-psx-trim-600-points-on-budget-announcement-delay
2025-05-27,Auto sector seeks clarity on import duty cuts,Fiscal Policy / Budget / Taxes; Current Account / Trade; Automobile Sector,Neutral,https://www.dawn.com/news/1913561/auto-sector-seeks-clarity-on-import-duty-cuts
2025-05-27,Budget features bold measures for ‘strategic direction’,Fiscal Policy / Budget / Taxes,Neutral,https://www.dawn.com/news/1913573/budget-features-bold-measures-for-strategic-direction
2025-05-27,European Central Bank President Lagarde pitches euro alternative to dollar,Currency / Exchange Rate; Banking Sector,Neutral,https://www.dawn.com/news/1913565/european-central-bank-president-lagarde-pitches-euro-alternative-to-dollar
2025-05-27,Govt extends deadline for PIA expressions of interest till June 19,Privatization / Divestment,Neutral,https://www.dawn.com/news/1913616/govt-extends-deadline-for-pia-expressions-of-interest-till-june-19
2025-05-27,Petroleum exports  surge 118pc,Current Account / Trade; Oil & Gas / Energy Sector,Positive,https://www.dawn.com/news/1913562/petroleum-exports-surge-118pc
2025-05-28,SBP buys $6bn to bolster its forex reserves,Monetary Policy / Interest Rates; Foreign Reserves,Positive,https://www.dawn.com/news/1913825/sbp-buys-6bn-to-bolster-its-forex-reserves
2025-05-28,"Government plans curbs, incentives to push cashless economy",Fiscal Policy / Budget / Taxes,Neutral,https://www.dawn.com/news/1913808/government-plans-curbs-incentives-to-push-cashless-economy
2025-05-28,"Budget 2025-26 to further burden people, says Senate finance standing body chairman",Fiscal Policy / Budget / Taxes; Oil & Gas / Energy Sector,Neutral,https://www.dawn.com/news/1913858/budget-2025-26-to-further-burden-people-says-senate-finance-standing-body-chairman
2025-05-28,Editorial: Nothing can be bolder or more strategic than taxing sectors still operating outside the system,Fiscal Policy / Budget / Taxes; GDP / Economic Growth,Negative,https://www.dawn.com/news/1913815
2025-05-28,Equities eke out gains on value-hunting,Stock Market (Direct),Neutral,https://www.dawn.com/news/1913821/equities-eke-out-gains-on-value-hunting
2025-05-29,Adviser to the finance minister announces ‘no extension’ in budget date amid speculation,Fiscal Policy / Budget / Taxes; GDP / Economic Growth,Neutral,https://www.dawn.com/news/1914095/adviser-to-the-finance-minister-announces-no-extension-in-budget-date-amid-speculation
2025-05-29,Bulls dominate as PSX rise by 600 points due to budget expectations,Stock Market (Direct); Fiscal Policy / Budget / Taxes,Positive,https://www.dawn.com/news/1914090/bulls-dominate-as-psx-rise-by-600-points-due-to-budget-expectations
2025-05-29,"Finance secretary says ban on cryptocurrency still in place, stresses need for regulation",Currency / Exchange Rate,Negative,https://www.dawn.com/news/1914084/finance-secretary-says-ban-on-cryptocurrency-still-in-place-stresses-need-for-regulation
2025-05-29,Food minister assures agri sector of relief in budget,Fiscal Policy / Budget / Taxes,Positive,https://www.dawn.com/news/1914018/food-minister-assures-agri-sector-of-relief-in-budget
2025-05-29,Trade deficit with Middle East swells to $11.7bn,Current Account / Trade,Neutral,https://www.dawn.com/news/1914015/trade-deficit-with-middle-east-swells-to-117bn
2025-05-30,Crypto Council to meet on June 2 for digital currency regulations,Currency / Exchange Rate,Neutral,https://www.dawn.com/news/1914295/crypto-council-to-meet-on-june-2-for-digital-currency-regulations
2025-05-30,"Crypto policy in disarray as SBP, ministry insist ban is still in place",Monetary Policy / Interest Rates,Negative,https://www.dawn.com/news/1914192/crypto-policy-in-disarray-as-sbp-ministry-insist-ban-is-still-in-place
2025-05-30,Inflation may start rising after record lows,Inflation / CPI,Negative,https://www.dawn.com/news/1914180/inflation-may-start-rising-after-record-lows
2025-05-30,SBP needs $2.5bn to achieve $14bn target,Monetary Policy / Interest Rates; Currency / Exchange Rate,Neutral,https://www.dawn.com/news/1914178/sbp-needs-25bn-to-achieve-14bn-target
2025-05-30,Senate panel clears tax amendment bill,Fiscal Policy / Budget / Taxes,Neutral,https://www.dawn.com/news/1914176/senate-panel-clears-tax-amendment-bill
2025-05-31,Weekly inflation rises,Inflation / CPI,Negative,https://www.dawn.com/news/1914435/weekly-inflation-rises
2025-05-31,Petrol price rises by Re1 while LPG falls by Rs4.62,Oil & Gas / Energy Sector,Negative,https://www.dawn.com/news/1914531/petrol-price-rises-by-re1-while-lpg-falls-by-rs462
2025-05-31,Businessmen demand tax relief for salaried class and industries in budget,Fiscal Policy / Budget / Taxes; Current Account / Trade,Positive,https://www.dawn.com/news/1914438
2025-05-31,Govt mulls tax break to avert cotton sector collapse,Fiscal Policy / Budget / Taxes,Negative,https://www.dawn.com/news/1914436/govt-mulls-tax-break-to-avert-cotton-sector-collapse
2025-05-31,NA panel urges review of Utility Stores Corporation divestment,Privatization / Divestment,Neutral,https://www.dawn.com/news/1914437/na-panel-urges-review-of-utility-stores-corporation-divestment
2025-06-01,Cotton import bill goes up by 114pc,Current Account / Trade,Negative,https://www.dawn.com/news/1914656/cotton-import-bill-goes-up-by-114pc
2025-06-01,July-May collection falls short by Rs1tr,Fiscal Policy / Budget / Taxes; Current Account / Trade,Negative,https://www.dawn.com/news/1914660/july-may-collection-falls-short-by-rs1tr
2025-06-01,PSX recovers 7.5pc in May despite a brief war with India,Stock Market (Direct),Positive,https://www.dawn.com/news/1914648/psx-recovers-75pc-in-may-despite-a-brief-war-with-india
2025-06-02,In the spirit of crypto experimentation,Monetary Policy / Interest Rates,Neutral,https://www.dawn.com/news/1914933/in-the-spirit-of-crypto-experimentation
2025-06-02,"With rising mechanisation in agriculture and slow-growing industrial sector, wave of rural workers’ displacement may rise",GDP / Economic Growth,Neutral,https://www.dawn.com/news/1914928
2025-06-02,Textile exporters urge policy reversal to avoid sector collapse,Textile Sector,Negative,https://www.dawn.com/news/1914843/textile-exporters-urge-policy-reversal-to-avoid-sector-collapse
2025-06-02,Inflation climbs to 3.5pc for May,Inflation / CPI,Negative,https://www.dawn.com/news/1914976/inflation-climbs-to-35pc-for-may
2025-06-02,Govt to prioritise high-value projects as development budget stands at Rs880bn only: Ahsan Iqbal,Fiscal Policy / Budget / Taxes,Neutral,https://www.dawn.com/news/1914987/govt-to-prioritise-high-value-projects-as-development-budget-stands-at-rs880bn-only-ahsan-iqbal
2025-06-02,"Editorial: Despite bound by IMF’s conditions, govt seems desperate to provide tax relief to salaried people",IMF / External Financing; Fiscal Policy / Budget / Taxes,Positive,https://www.dawn.com/news/1914866
2025-06-02,Forging a solid reforms agenda,IMF / External Financing; Fiscal Policy / Budget / Taxes,Neutral,https://www.dawn.com/news/1914914/forging-a-solid-reforms-agenda
2025-06-02,"Fiscal sustainability to remain at risk without progress on equity, institutional reform",Fiscal Policy / Budget / Taxes,Neutral,https://www.dawn.com/news/1914930
2025-06-02,Gilgit-Baltistan protest over trade intensifies as KKH blocked for third day,Fiscal Policy / Budget / Taxes,Negative,https://www.dawn.com/news/1914874/gilgit-baltistan-protest-over-trade-intensifies-as-kkh-blocked-for-third-day
2025-06-02,Budget 2025-26: Dual pricing on the cards as govt ratchets up war on cash,Fiscal Policy / Budget / Taxes,Neutral,https://www.dawn.com/news/1914877/budget-2025-26-dual-pricing-on-the-cards-as-govt-ratchets-up-war-on-cash
2025-06-03,PM directs hiring of reputed firms to validate initiatives for tax reforms,Fiscal Policy / Budget / Taxes,Neutral,https://www.dawn.com/news/1915122/pm-directs-hiring-of-reputed-firms-to-validate-initiatives-for-tax-reforms
2025-06-03,Govt eyes 4.2pc GDP growth for FY26,Current Account / Trade; GDP / Economic Growth,Negative,https://www.dawn.com/news/1915125/govt-eyes-42pc-gdp-growth-for-fy26
2025-06-03,"Stocks falter after breaching 120,000-barrier",Stock Market (Direct),Neutral,https://www.dawn.com/news/1915120/stocks-falter-after-breaching-120000-barrier
2025-06-03,Budget 2025-26: Shadow of IMF looms over development kitty,IMF / External Financing; Fiscal Policy / Budget / Taxes,Neutral,https://www.dawn.com/news/1915111/shadow-of-imf-looms-over-development-kitty
2025-06-03,ADB approves $800m to boost Pakistan’s public finance,IMF / External Financing,Positive,https://www.dawn.com/news/1915179/adb-approves-800m-to-boost-pakistans-public-finance
2025-06-03,Fertiliser companies fined Rs375m for ‘anti-competitive conduct’,Fertilizer Sector,Negative,https://www.dawn.com/news/1915182/fertiliser-companies-fined-rs375m-for-anti-competitive-conduct
2025-06-04,Aptma seeks review of export scheme,Fiscal Policy / Budget / Taxes; Current Account / Trade,Neutral,https://www.dawn.com/news/1915345/aptma-seeks-review-of-export-scheme
2025-06-04,"Bulls toss PSX to record above 120,400",Stock Market (Direct),Positive,https://www.dawn.com/news/1915342/bulls-toss-psx-to-record-above-120400
2025-06-04,Exports to Europe swell to $7.5bn,Current Account / Trade,Positive,https://www.dawn.com/news/1915344/exports-to-europe-swell-to-75bn
2025-06-04,"Fertiliser makers, association fined Rs375m",Fertilizer Sector,Negative,https://www.dawn.com/news/1915348/fertiliser-makers-association-fined-rs375m
2025-06-04,"Shares at PSX climb 1,300 points due to ADB programme",Stock Market (Direct); IMF / External Financing; Fiscal Policy / Budget / Taxes,Positive,https://www.dawn.com/news/1915374/shares-at-psx-climb-1300-points-due-to-adb-programme
2025-06-04,‘Flawed’ govt policies cause sharp contraction in major crops,Current Account / Trade,Neutral,https://www.dawn.com/news/1915349/flawed-govt-policies-cause-sharp-contraction-in-major-crops
2025-06-05,PM approves plan to cut import duties on raw materials,Current Account / Trade,Positive,https://www.dawn.com/news/1915540/pm-approves-plan-to-cut-import-duties-on-raw-materials
2025-06-05,Punjab mulls waiving tax on local cotton,Fiscal Policy / Budget / Taxes,Neutral,https://www.dawn.com/news/1915535/punjab-mulls-waiving-tax-on-local-cotton
2025-06-05,Importers struggle for dollars despite higher inflows,Currency / Exchange Rate,Positive,https://www.dawn.com/news/1915539/importers-struggle-for-dollars-despite-higher-inflows
2025-06-05,The rulers can start with the upcoming budget to make at least one breakthrough to vindicate themselves,Fiscal Policy / Budget / Taxes,Positive,https://www.dawn.com/news/1915532
2025-06-05,Exports contract 10pc in May,Current Account / Trade,Negative,https://www.dawn.com/news/1915536/exports-contract-10pc-in-may
2025-06-05,Economy vulnerable to external shocks: think tank,Fiscal Policy / Budget / Taxes,Negative,https://www.dawn.com/news/1915537/economy-vulnerable-to-external-shocks
2025-06-05,China’s rare earth export curbs hit global auto industry,Current Account / Trade; Automobile Sector,Neutral,https://www.dawn.com/news/1915538/chinas-rare-earth-export-curbs-hit-global-auto-industry
2025-06-05,IMF wants ‘strict compliance’ as budget enters final stages,IMF / External Financing; Fiscal Policy / Budget / Taxes,Neutral,https://www.dawn.com/news/1915517/imf-wants-strict-compliance-as-budget-enters-final-stages
2025-06-06,PSX falters after IMF calls for strict compliance,Stock Market (Direct); IMF / External Financing,Neutral,https://www.dawn.com/news/1915753/psx-falters-after-imf-calls-for-strict-compliance
2025-06-06,Reforms launched to ease funding barriers for SMEs,Monetary Policy / Interest Rates,Neutral,https://www.dawn.com/news/1915758/reforms-launched-to-ease-funding-barriers-for-smes
2025-06-06,SBP reserves fall,Monetary Policy / Interest Rates,Negative,https://www.dawn.com/news/1915752/sbp-reserves-fall
2025-06-06,Weekly inflation eases slightly,Inflation / CPI,Positive,https://www.dawn.com/news/1915757/weekly-inflation-eases-slightly
2025-06-07,"Agricultural sector teetering on the brink, warn stakeholders",Fiscal Policy / Budget / Taxes,Negative,https://www.dawn.com/news/1915908/agricultural-sector-teetering-on-the-brink-warn-stakeholders
2025-06-07,"Auto sector raises red flags over tariff reforms, used car imports",IMF / External Financing; Current Account / Trade; Automobile Sector,Neutral,https://www.dawn.com/news/1915930/auto-sector-raises-red-flags-over-tariff-reforms-used-car-imports
2025-06-07,OICCI seeks relief for salaried and corporate sector,Fiscal Policy / Budget / Taxes,Positive,https://www.dawn.com/news/1915904/oicci-seeks-relief-for-salaried-and-corporate-sector
2025-06-07,Positive triggers continue to drive bullish momentum at PSX,Stock Market (Direct); Oil & Gas / Energy Sector,Positive,https://www.dawn.com/news/1915905/positive-triggers-continue-to-drive-bullish-momentum-at-psx
2025-06-08,Pakistan imports 32.8GW of solar PV modules in 5 years,Current Account / Trade,Neutral,https://www.dawn.com/news/1915907
2025-06-08,National Assembly speaker gives nod to budget schedule: statement,Fiscal Policy / Budget / Taxes,Neutral,https://www.dawn.com/news/1916044/national-assembly-speaker-gives-nod-to-budget-schedule-statement
2025-06-08,Editorial: Reversing the increasing poverty rate requires political will and a strong policy focus,IMF / External Financing,Neutral,https://www.dawn.com/news/1915943
2025-06-09,We asked two ex-finance ministers what the 2025-26 budget should look like. Here are their thoughts,Fiscal Policy / Budget / Taxes,Neutral,https://www.dawn.com/news/1914504/we-asked-two-ex-finance-ministers-what-the-2025-26-budget-should-look-like-here-are-their-thoughts
2025-06-09,‘Fantastic story on inflation’: Economic Survey shows ambitious GDP growth for FY25,Inflation / CPI; GDP / Economic Growth,Neutral,https://www.dawn.com/news/1916059/fantastic-story-on-inflation-economic-survey-shows-ambitious-gdp-growth-for-fy25
2025-06-10,Economic Survey 2024-25: Growth stumbles as key targets missed,GDP / Economic Growth,Neutral,https://www.dawn.com/news/1916157/economic-survey-2024-25-growth-stumbles-as-key-targets-missed
2025-06-10,"Women-centric metrics: nearly 3,000 girls enrolled for sports training",GDP / Economic Growth,Neutral,https://www.dawn.com/news/1916210/women-centric-metrics-nearly-3000-girls-enrolled-for-sports-training
2025-06-10,Pakistan becoming regional IT hub,Current Account / Trade; GDP / Economic Growth,Positive,https://www.dawn.com/news/1916213/pakistan-becoming-regional-it-hub
2025-06-10,"PPP demands salary, pension raise for govt workers",Political Stability / Government,Neutral,https://www.dawn.com/news/1916207/ppp-demands-salary-pension-raise-for-govt-workers
2025-06-10,"Over fivefold raise in salaries of Senate chairman, NA speaker okayed",Political Stability / Government,Neutral,https://www.dawn.com/news/1916120/over-fivefold-raise-in-salaries-of-senate-chairman-na-speaker-okayed
2025-06-10,On to the budget,Fiscal Policy / Budget / Taxes,Neutral,https://www.dawn.com/news/1916242/on-to-the-budget
2025-06-10,Historic performance tosses PSX to record highs in FY25,Stock Market (Direct),Positive,https://www.dawn.com/news/1916218/historic-performance-tosses-psx-to-record-highs-in-fy25
2025-06-10,Heavy imports causing trade imbalances,Current Account / Trade,Neutral,https://www.dawn.com/news/1916216/heavy-imports-causing-trade-imbalances
2025-06-10,Exemptions hit record as tax revenue falls short,Fiscal Policy / Budget / Taxes,Negative,https://www.dawn.com/news/1916155/exemptions-hit-record-as-tax-revenue-falls-short
2025-06-10,Economic jargon you need to know for understanding the budget,Fiscal Policy / Budget / Taxes,Neutral,https://www.dawn.com/news/1837512
2025-06-10,Economic Survey 2024-25: Education spending plummets to 0.8pc of GDP,GDP / Economic Growth,Neutral,https://www.dawn.com/news/1916136/economic-survey-2024-25-education-spending-plummets-to-08pc-of-gdp
2025-06-10,"After expanding the net, new budget will focus on increasing tax rates",Fiscal Policy / Budget / Taxes,Negative,https://www.dawn.com/news/1916156/after-expanding-the-net-new-budget-will-focus-on-increasing-tax-rates
2025-06-10,Debt grows moderately to Rs76 trillion,GDP / Economic Growth; Debt / External Debt,Negative,https://www.dawn.com/news/1916217/debt-grows-moderately-to-rs76-trillion
2025-06-10,57 licences issued to EV makers,Automobile Sector,Neutral,https://www.dawn.com/news/1916219/57-licences-issued-to-ev-makers
2025-06-10,Agriculture: Burdening the national backbone,Fiscal Policy / Budget / Taxes,Neutral,https://www.dawn.com/news/1916160/agriculture-burdening-the-national-backbone
2025-06-10,"Budget FY26: Pakistan targets 4.2pc growth, slashes overall spending",Fiscal Policy / Budget / Taxes,Neutral,https://www.dawn.com/news/1916292/budget-fy26-pakistan-targets-42pc-growth-slashes-overall-spending
2025-06-10,"Budget FY26: ‘Relief’ for salaried group as govt goes after solar panels, e-commerce",Fiscal Policy / Budget / Taxes,Positive,https://www.dawn.com/news/1916323/budget-fy26-relief-for-salaried-group-as-govt-goes-after-solar-panels-e-commerce
2025-06-10,Economic Survey 2024-25 encapsulates ‘glass half-full or half-empty’ analogy,GDP / Economic Growth,Neutral,https://www.dawn.com/news/1916153/analysis-half-empty-or-half-full
2025-06-10,CORPORATE WINDOW: An inquiry into cryptocurrency,Currency / Exchange Rate,Neutral,https://www.dawn.com/news/1916229/corporate-window-an-inquiry-into-cryptocurrency
2025-06-10,Capacity payments weigh heavily on electricity users,GDP / Economic Growth,Neutral,https://www.dawn.com/news/1916119/economic-survey-2024-25-capacity-payments-weigh-heavily-on-electricity-users
2025-06-10,Converting surplus MWs into jobs,Fiscal Policy / Budget / Taxes,Neutral,https://www.dawn.com/news/1916164/converting-surplus-mws-into-jobs
2025-06-10,Budget cuts & developing backwards,Fiscal Policy / Budget / Taxes,Neutral,https://www.dawn.com/news/1916165/budget-cuts-developing-backwards
2025-06-11,‘Non-filers’ to face the music as income tax rates come down,Fiscal Policy / Budget / Taxes,Positive,https://www.dawn.com/news/1916440/non-filers-to-face-the-music-as-income-tax-rates-come-down
2025-06-11,Subsidies slashed to Rs1.18tr,Fiscal Policy / Budget / Taxes; Oil & Gas / Energy Sector,Neutral,https://www.dawn.com/news/1916461/subsidies-slashed-to-rs118tr
2025-06-11,"Sindh govt to allocate funds for EV taxis, scooters in provincial budget: minister",Fiscal Policy / Budget / Taxes,Neutral,https://www.dawn.com/news/1916493/sindh-govt-to-allocate-funds-for-ev-taxis-scooters-in-provincial-budget-minister
2025-06-11,Petrolheads in for a price shock,Fiscal Policy / Budget / Taxes; Automobile Sector,Neutral,https://www.dawn.com/news/1916458/petrolheads-in-for-a-price-shock
2025-06-11,PSX hits all-time high as proposed ‘neutral-to-positive’ budget well-received by investors,Stock Market (Direct); Fiscal Policy / Budget / Taxes,Positive,https://www.dawn.com/news/1916492/psx-hits-all-time-high-as-proposed-neutral-to-positive-budget-well-received-by-investors
2025-06-11,New taxes to make online shopping costlier,Fiscal Policy / Budget / Taxes,Neutral,https://www.dawn.com/news/1916435/new-taxes-to-make-online-shopping-costlier
2025-06-11,"Tax relief for property buyers, but not for sellers",Fiscal Policy / Budget / Taxes,Positive,https://www.dawn.com/news/1916465/tax-relief-for-property-buyers-but-not-for-sellers
2025-06-11,Defence budget sees major boost amid India tensions,Fiscal Policy / Budget / Taxes; GDP / Economic Growth,Positive,https://www.dawn.com/news/1916437/defence-budget-sees-major-boost-amid-india-tensions
2025-06-11,"Editorial: FY26 budget shows that stability has returned, but will growth follow suit?",Fiscal Policy / Budget / Taxes,Neutral,https://www.dawn.com/news/1916446/ambitious-goals
2025-06-11,An IMF-mandated balancing act for the budget,IMF / External Financing; Fiscal Policy / Budget / Taxes,Neutral,https://www.dawn.com/news/1916438
2025-06-11,Budget 2025-26: Austerity budget offers ‘crumbs’ for relief,Fiscal Policy / Budget / Taxes,Positive,https://www.dawn.com/news/1916442/budget-2025-26-austerity-budget-offers-crumbs-for-relief
2025-06-11,Rs200bn relief unveiled in major tariff overhaul,Fiscal Policy / Budget / Taxes; Current Account / Trade,Positive,https://www.dawn.com/news/1916459/rs200bn-relief-unveiled-in-major-tariff-overhaul
2025-06-11,"Budget grants 10pc pay raise, 7pc pension increase for govt employees",Fiscal Policy / Budget / Taxes,Neutral,https://www.dawn.com/news/1916441/budget-grants-10pc-pay-raise-7pc-pension-increase-for-govt-employees
2025-06-11,"Budget 2025-26: FM Aurangzeb acknowledges pain, calls budget ‘foundation’ for Pakistan’s future",IMF / External Financing; Fiscal Policy / Budget / Taxes,Neutral,https://www.dawn.com/news/1916425/budget-2025-26-fm-aurangzeb-acknowledges-pain-calls-budget-foundation-for-pakistans-future
2025-06-11,"Budget lacks steps to cure economic ills, complain industry leaders",Fiscal Policy / Budget / Taxes; Current Account / Trade,Neutral,https://www.dawn.com/news/1916466/budget-lacks-steps-to-cure-economic-ills-complain-industry-leaders
2025-06-12,Punjab envisages Rs1.2 trillion development outlay,Fiscal Policy / Budget / Taxes,Neutral,https://www.dawn.com/news/1916574/punjab-envisages-rs12-trillion-development-outlay
2025-06-12,There is not a single reform measure in this budget,Fiscal Policy / Budget / Taxes,Neutral,https://www.dawn.com/news/1916673
2025-06-12,PTI rallies farmers for decisive protest to fix agri sector,Political Stability / Government,Positive,https://www.dawn.com/news/1916648/pti-rallies-farmers-for-decisive-protest-to-fix-agri-sector
2025-06-12,"Low education budget worries teachers as varsities struggle to pay salaries, pensions",Fiscal Policy / Budget / Taxes,Negative,https://www.dawn.com/news/1916593/low-education-budget-worries-teachers-as-varsities-struggle-to-pay-salaries-pensions
2025-06-12,Legal provisions introduced to curb sales tax evasion,Fiscal Policy / Budget / Taxes,Neutral,https://www.dawn.com/news/1916679/legal-provisions-introduced-to-curb-sales-tax-evasion
2025-06-12,Budget 2025-26: Threat of Rs500bn tax hike if enforcement measures blocked,IMF / External Financing; Fiscal Policy / Budget / Taxes,Negative,https://www.dawn.com/news/1916663/budget-2025-26-threat-of-rs500bn-tax-hike-if-enforcement-measures-blocked
2025-06-12,"After sugar, FBR sets its sights on tobacco sector",Fiscal Policy / Budget / Taxes,Neutral,https://www.dawn.com/news/1916650
2025-06-12,Editorial: A govt desperate to grow economy can hardly do so as the dynamism required is not visible,Fiscal Policy / Budget / Taxes,Neutral,https://www.dawn.com/news/1916667
2025-06-13,Automobile sales flourish in May,Monetary Policy / Interest Rates; Inflation / CPI; Automobile Sector,Neutral,https://www.dawn.com/news/1916830/automobile-sales-flourish-in-may
2025-06-13,"SBP reserves up, monetary policy on 16th",Monetary Policy / Interest Rates; Banking Sector,Positive,https://www.dawn.com/news/1916829/sbp-reserves-up-monetary-policy-on-16th
2025-06-13,SBP set to hold policy rate as Israel-Iran conflict overshadows growth push,Monetary Policy / Interest Rates; Inflation / CPI,Neutral,https://www.dawn.com/news/1916927/sbp-set-to-hold-policy-rate-as-israel-iran-conflict-overshadows-growth-push
2025-06-13,Telco ordered to pay Rs22bn tax on towers’ sale,Fiscal Policy / Budget / Taxes,Neutral,https://www.dawn.com/news/1916828/telco-ordered-to-pay-rs22bn-tax-on-towers-sale
2025-06-13,‘Taxation steps  to stifle growth’,Fiscal Policy / Budget / Taxes,Neutral,https://www.dawn.com/news/1916831/taxation-steps-to-stifle-growth
2025-06-14,Sindh unveils Rs3.45tr budget amid opposition protest,Fiscal Policy / Budget / Taxes,Negative,https://www.dawn.com/news/1917023/sindh-unveils-rs345tr-budget-amid-opposition-protest
2025-06-14,Sindh Budget 2025-26: No new mega uplift scheme for Karachi three years running,Fiscal Policy / Budget / Taxes,Neutral,https://www.dawn.com/news/1916970
2025-06-14,"PSX loses 1,950 points on geopolitical tensions",Stock Market (Direct); Cement Sector; Fertilizer Sector,Negative,https://www.dawn.com/news/1917008/psx-loses-1950-points-on-geopolitical-tensions
2025-06-14,"NA panel okays cash withdrawal hike, rejects online sales tax",Fiscal Policy / Budget / Taxes,Negative,https://www.dawn.com/news/1917022/na-panel-okays-cash-withdrawal-hike-rejects-online-sales-tax
2025-06-14,FBR fails to expedite recovery in tax cases,Fiscal Policy / Budget / Taxes,Negative,https://www.dawn.com/news/1917000/fbr-fails-to-expedite-recovery-in-tax-cases
2025-06-14,Budget democratisation,Fiscal Policy / Budget / Taxes,Neutral,https://www.dawn.com/news/1917036/budget-democratisation
2025-06-14,Balochistan okays public-private partnership projects,Fiscal Policy / Budget / Taxes,Neutral,https://www.dawn.com/news/1916999/balochistan-okays-public-private-partnership-projects
2025-06-14,KP unveils tax-free budget of Rs2.12tr,Fiscal Policy / Budget / Taxes,Neutral,https://www.dawn.com/news/1917025/kp-unveils-tax-free-budget-of-rs212tr
2025-06-15,Sindh offers tax relief to boost economic activity,Fiscal Policy / Budget / Taxes,Positive,https://www.dawn.com/news/1917238/sindh-offers-tax-relief-to-boost-economic-activity
2025-06-15,Equities turn bullish as ‘positive’ budget sparks value hunting,Fiscal Policy / Budget / Taxes,Positive,https://www.dawn.com/news/1917242/equities-turn-bullish-as-positive-budget-sparks-value-hunting
2025-06-15,Second Afghan transit vessel arrives at Gwadar Port,Fertilizer Sector,Neutral,https://www.dawn.com/news/1917256/second-afghan-transit-vessel-arrives-at-gwadar-port
2025-06-15,Budget 2025-26: Senate panel opposes arrest powers for tax commissioners,Fiscal Policy / Budget / Taxes,Neutral,https://www.dawn.com/news/1917151/budget-2025-26-senate-panel-opposes-arrest-powers-for-tax-commissioners
2025-06-15,Aurangzeb urged to review FBR’s excessive powers,Fiscal Policy / Budget / Taxes,Neutral,https://www.dawn.com/news/1917240/aurangzeb-urged-to-review-fbrs-excessive-powers
2025-06-15,CM Bugti discusses budget proposals with PPP members,Fiscal Policy / Budget / Taxes; Political Stability / Government,Neutral,https://www.dawn.com/news/1917255/cm-bugti-discusses-budget-proposals-with-ppp-members
2025-06-16,"Govt hikes petrol price by Rs4.80, diesel by Rs7.95",Oil & Gas / Energy Sector,Negative,https://www.dawn.com/news/1917324/govt-hikes-petrol-price-by-rs480-diesel-by-rs795
2025-06-16,"Sindh budget: New year, same old broken tune",Fiscal Policy / Budget / Taxes,Neutral,https://www.dawn.com/news/1917278/sindh-budget-new-year-same-old-broken-tune
2025-06-16,SBP maintains 11pc interest rate amid Mideast conflict,Monetary Policy / Interest Rates; Inflation / CPI; Oil & Gas / Energy Sector,Negative,https://www.dawn.com/news/1917488/sbp-maintains-11pc-interest-rate-amid-mideast-conflict
2025-06-16,Questioning the masses,Fiscal Policy / Budget / Taxes,Neutral,https://www.dawn.com/news/1917281/questioning-the-masses
2025-06-16,PPP’s Senator Marri laments development projects not being given to Sindh,Political Stability / Government,Neutral,https://www.dawn.com/news/1917484/ppps-senator-marri-laments-development-projects-not-being-given-to-sindh
2025-06-16,The salaried struggle carries on and on,Fiscal Policy / Budget / Taxes,Negative,https://www.dawn.com/news/1917435/the-salaried-struggle-carries-on-and-on
2025-06-16,KP budget: Eyeing prosperity with gaps at home,Fiscal Policy / Budget / Taxes,Neutral,https://www.dawn.com/news/1917279/kp-budget-eyeing-prosperity-with-gaps-at-home
2025-06-16,False promises and avoiding agricultural necessities,Fiscal Policy / Budget / Taxes,Neutral,https://www.dawn.com/news/1917431/false-promises-and-avoiding-agricultural-necessities
2025-06-16,"One-time sellers, home-based business exempt from online registration: FBR",Fiscal Policy / Budget / Taxes,Positive,https://www.dawn.com/news/1917415/one-time-sellers-home-based-business-exempt-from-online-registration-fbr
2025-06-16,Driving blind on auto industry taxation,Fiscal Policy / Budget / Taxes; Automobile Sector,Positive,https://www.dawn.com/news/1917283/driving-blind-on-auto-industry-taxation
2025-06-16,Digging deeper development holes to nowhere,Fiscal Policy / Budget / Taxes,Neutral,https://www.dawn.com/news/1917433/digging-deeper-development-holes-to-nowhere
2025-06-16,Budget special: Tying down e-commerce with misguided reforms,Fiscal Policy / Budget / Taxes,Neutral,https://www.dawn.com/news/1917280/budget-special-tying-down-e-commerce-with-misguided-reforms
2025-06-16,Budget special: A fragile budget meets a volatile world,Fiscal Policy / Budget / Taxes,Negative,https://www.dawn.com/news/1917284/budget-special-a-fragile-budget-meets-a-volatile-world
2025-06-16,Budget Special: Unpacking a paradoxical fiscal plan,Fiscal Policy / Budget / Taxes,Neutral,https://www.dawn.com/news/1917432/budget-special-unpacking-a-paradoxical-fiscal-plan
2025-06-16,"Bits, gaps, and the farmers’ perspective",Fiscal Policy / Budget / Taxes,Neutral,https://www.dawn.com/news/1917429/bits-gaps-and-the-farmers-perspective
2025-06-16,Balochistan to present Rs1tr surplus budget tomorrow,Fiscal Policy / Budget / Taxes,Neutral,https://www.dawn.com/news/1917410/balochistan-to-present-rs1tr-surplus-budget-tomorrow
2025-06-16,"Economic Survey: Resilient, if you don’t look too closely",Fiscal Policy / Budget / Taxes; GDP / Economic Growth,Neutral,https://www.dawn.com/news/1917282/economic-survey-resilient-if-you-dont-look-too-closely
2025-06-17,"Punjab raises govt employee pays, minimum wage in Rs5.33tr budget",Fiscal Policy / Budget / Taxes,Neutral,https://www.dawn.com/news/1917559
2025-06-17,"Pakistan, US agree to advance talks on reciprocal tariffs: Aurangzeb",Fiscal Policy / Budget / Taxes,Neutral,https://www.dawn.com/news/1917668/pakistan-us-agree-to-advance-talks-on-reciprocal-tariffs-aurangzeb
2025-06-17,PTI’s Gohar suggests tax exemption for salaried class earning upto Rs2.2m annually,Fiscal Policy / Budget / Taxes; Political Stability / Government,Neutral,https://www.dawn.com/news/1917693/ptis-gohar-suggests-tax-exemption-for-salaried-class-earning-upto-rs22m-annually
2025-06-17,Opposition accuses govt of painting ‘rosy picture’ of economy,Fiscal Policy / Budget / Taxes; Political Stability / Government,Neutral,https://www.dawn.com/news/1917613/opposition-accuses-govt-of-painting-rosy-picture-of-economy
2025-06-17,"NA, Senate panels reject 18pc tax on imported solar panels",Fiscal Policy / Budget / Taxes,Negative,https://www.dawn.com/news/1917698/na-senate-panels-reject-18pc-tax-on-imported-solar-panels
2025-06-17,Monetary policy draws mixed reaction,Monetary Policy / Interest Rates,Neutral,https://www.dawn.com/news/1917620/monetary-policy-draws-mixed-reaction
2025-06-17,Excessive powers to FBR rejected,Fiscal Policy / Budget / Taxes,Negative,https://www.dawn.com/news/1917619/excessive-powers-to-fbr-rejected
2025-06-17,Fauji Fertiliser submits expression of interest for PIA purchase,Fertilizer Sector; Privatization / Divestment,Neutral,https://www.dawn.com/news/1917610/fauji-fertiliser-submits-expression-of-interest-for-pia-purchase
2025-06-17,Ex-Fata steel millers oppose new tax,Fiscal Policy / Budget / Taxes,Neutral,https://www.dawn.com/news/1917536/ex-fata-steel-millers-oppose-new-tax
2025-06-17,Budget 2025-26: Guardrails sought to stop misuse of FBR arrest powers,Fiscal Policy / Budget / Taxes,Neutral,https://www.dawn.com/news/1917564/budget-2025-26-guardrails-sought-to-stop-misuse-of-fbr-arrest-powers
2025-06-17,Budget 2025-26: Climate budget a ‘walking contradiction’,Fiscal Policy / Budget / Taxes; GDP / Economic Growth,Neutral,https://www.dawn.com/news/1917401
2025-06-17,Mayor Karachi launches municipal bonds,Stock Market (Direct),Neutral,https://www.dawn.com/news/1917621/mayor-karachi-launches-municipal-bonds
2025-06-18,Oil prices up 3pc,Oil & Gas / Energy Sector,Neutral,https://www.dawn.com/news/1917763/oil-prices-up-3pc
2025-06-18,Pindi cantonment boards send budget for approval to military lands department,Fiscal Policy / Budget / Taxes,Positive,https://www.dawn.com/news/1917817/pindi-cantonment-boards-send-budget-for-approval-to-military-lands-department
2025-06-18,PPP boasts of healthcare spending as opposition declares Sindh budget ‘anti-people’,Fiscal Policy / Budget / Taxes; Political Stability / Government,Neutral,https://www.dawn.com/news/1917749/ppp-boasts-of-healthcare-spending-as-opposition-declares-sindh-budget-anti-people
2025-06-18,FDI declines by 7.6pc,Foreign Investment / FPI,Negative,https://www.dawn.com/news/1917764/fdi-declines-by-76pc
2025-06-18,Current account negative after two months,Current Account / Trade,Negative,https://www.dawn.com/news/1917759/current-account-negative-after-two-months
2025-06-18,"Budget 2025-26: Lawmakers reject solar panel tax, seek relief for small cars",Fiscal Policy / Budget / Taxes,Neutral,https://www.dawn.com/news/1917736/budget-2025-26-lawmakers-reject-solar-panel-tax-seek-relief-for-small-cars
2025-06-18,"Budget 2025-26: Friends, foes join hands to disapprove ‘budget for elite’",Fiscal Policy / Budget / Taxes,Neutral,https://www.dawn.com/news/1917727/budget-2025-26-friends-foes-join-hands-to-disapprove-budget-for-elite
2025-06-18,Balochistan Budget 2025-26: Biggest-ever Rs1.03tr budget unveiled for ‘sustainable progress’,Fiscal Policy / Budget / Taxes,Neutral,https://www.dawn.com/news/1917732/balochistan-budget-2025-26-biggest-ever-rs103tr-budget-unveiled-for-sustainable-progress
2025-06-18,Balochistan Budget 2025-26: Balochistan allocates Rs86.7bn for law and order,Fiscal Policy / Budget / Taxes,Neutral,https://www.dawn.com/news/1917722/balochistan-budget-2025-26-balochistan-allocates-rs867bn-for-law-and-order
2025-06-19,‘Unusual’ T-bill auction sees govt raise Rs915bn,Oil & Gas / Energy Sector,Neutral,https://www.dawn.com/news/1918068/unusual-t-bill-auction-sees-govt-raise-rs915bn
2025-06-19,Oil prices drift higher,Oil & Gas / Energy Sector,Neutral,https://www.dawn.com/news/1918064/oil-prices-drift-higher
2025-06-19,Lawmakers are right to look at how regressive new tax measures are,Fiscal Policy / Budget / Taxes,Neutral,https://www.dawn.com/news/1918055
2025-06-19,Govt proposes new tobacco levy to run Daanish University,Fiscal Policy / Budget / Taxes,Neutral,https://www.dawn.com/news/1917998/govt-proposes-new-tobacco-levy-to-run-daanish-university
2025-06-19,"PSX tumbles 1,505 points on geopolitical tensions",Stock Market (Direct),Negative,https://www.dawn.com/news/1918063/psx-tumbles-1505-points-on-geopolitical-tensions
2025-06-19,Budget 2025-26: Senate panel seeks to ease tax rules for buying property,Fiscal Policy / Budget / Taxes,Positive,https://www.dawn.com/news/1918040/budget-2025-26-senate-panel-seeks-to-ease-tax-rules-for-buying-property
2025-06-19,Balochistan budget 2025-26: Surplus increased to Rs51.5 billion: Nosherwani,Fiscal Policy / Budget / Taxes,Neutral,https://www.dawn.com/news/1918033/balochistan-budget-2025-26-surplus-increased-to-rs515-billion-nosherwani
2025-06-19,AJK budget 2025-26: Rs49 billion allocated for annual development programme in Azad Kashmir,Fiscal Policy / Budget / Taxes,Neutral,https://www.dawn.com/news/1917994/ajk-budget-2025-26-rs49-billion-allocated-for-annual-development-programme-in-azad-kashmir
2025-06-19,ADB-backed pact signed for $1bn with ME banks,IMF / External Financing,Neutral,https://www.dawn.com/news/1918071/adb-backed-pact-signed-for-1bn-with-me-banks
2025-06-19,Fed keeps rates steady,Inflation / CPI,Negative,https://www.dawn.com/news/1918062/fed-keeps-rates-steady
2025-06-20,SBP reserves rise by a meagre $46m,Monetary Policy / Interest Rates; Banking Sector,Positive,https://www.dawn.com/news/1918274/sbp-reserves-rise-by-a-meagre-46m
2025-06-20,"Process begins to name advisers for four power companies, two plants",Privatization / Divestment,Neutral,https://www.dawn.com/news/1918277/process-begins-to-name-advisers-for-four-power-companies-two-plants
2025-06-20,"PTI objects to ‘huge’ funds set aside for luxury vehicles, govt offices",Political Stability / Government,Neutral,https://www.dawn.com/news/1918251/pti-objects-to-huge-funds-set-aside-for-luxury-vehicles-govt-offices
2025-06-20,Govt signs $4.5bn loans with local banks to ease power sector debt,Oil & Gas / Energy Sector,Positive,https://www.dawn.com/news/1918449/govt-signs-45bn-loans-with-local-banks-to-ease-power-sector-debt
2025-06-20,Govt flags risks to budgetary targets,Inflation / CPI,Neutral,https://www.dawn.com/news/1918272/govt-flags-risks-to-budgetary-targets
2025-06-20,"Budget 2025-26: Era of amnesty schemes is over, says Aurangzeb",Fiscal Policy / Budget / Taxes,Neutral,https://www.dawn.com/news/1918333/budget-2025-26-era-of-amnesty-schemes-is-over-says-aurangzeb
2025-06-20,Bears drag index further lower in volatile session,Stock Market (Direct),Negative,https://www.dawn.com/news/1918276/bears-drag-index-further-lower-in-volatile-session
2025-06-20,"E-bikes, rickshaws get Rs9bn subsidy under National Electric Vehicle policy",Fiscal Policy / Budget / Taxes,Neutral,https://www.dawn.com/news/1918321/e-bikes-rickshaws-get-rs9bn-subsidy-under-national-electric-vehicle-policy
2025-06-21,Oil prices slip after US sanctions Iran,Oil & Gas / Energy Sector,Neutral,https://www.dawn.com/news/1918603/oil-prices-slip-after-us-sanctions-iran
2025-06-21,"The FY25-26 budget is distinctly anti-growth, anti-poor and a wasted opportunity",Fiscal Policy / Budget / Taxes,Neutral,https://www.dawn.com/news/1918631
2025-06-21,PSX flat as regional tensions erase early gains,Stock Market (Direct),Neutral,https://www.dawn.com/news/1918599/psx-flat-as-regional-tensions-erase-early-gains
2025-06-21,Ogra advises oil marketing companies to ensure maintenance of mandatory 20-day stock levels,Oil & Gas / Energy Sector,Neutral,https://www.dawn.com/news/1918738/ogra-advises-oil-marketing-companies-to-ensure-maintenance-of-mandatory-20-day-stock-levels
2025-06-21,Editorial: Lawmakers should try to fix the broken tax system rather than calling for new amnesties,Fiscal Policy / Budget / Taxes,Positive,https://www.dawn.com/news/1918634
2025-06-21,KP Budget 2025-26: KP puts off budget’s approval as Imran’s consent awaited,Fiscal Policy / Budget / Taxes,Positive,https://www.dawn.com/news/1918528/kp-budget-2025-26-kp-puts-off-budgets-approval-as-imrans-consent-awaited
2025-06-21,EU imposes measures to curb ethanol imports from Pakistan,Current Account / Trade,Neutral,https://www.dawn.com/news/1918600/eu-imposes-measures-to-curb-ethanol-imports-from-pakistan
2025-06-21,Budget 2025-26: Roadmap for liberalised vehicle imports unveiled,Fiscal Policy / Budget / Taxes; Current Account / Trade,Neutral,https://www.dawn.com/news/1918563/budget-2025-26-roadmap-for-liberalised-vehicle-imports-unveiled
2025-06-21,"NA panel rejects uniform property tax rate, approves clampdown on tax fraud, elite clubs",Fiscal Policy / Budget / Taxes,Negative,https://www.dawn.com/news/1918606/na-panel-rejects-uniform-property-tax-rate-approves-clampdown-on-tax-fraud-elite-clubs
2025-06-22,SC bars FBR from making arrests before liability assessment,Fiscal Policy / Budget / Taxes,Neutral,https://www.dawn.com/news/1918884/sc-bars-fbr-from-making-arrests-before-liability-assessment
2025-06-22,PSX slides 1.7pc amid Middle East tensions,Stock Market (Direct),Negative,https://www.dawn.com/news/1918860/psx-slides-17pc-amid-middle-east-tensions
2025-06-22,Khuzdar medical college project’s removal from PSDP flayed,Fiscal Policy / Budget / Taxes,Neutral,https://www.dawn.com/news/1918879/khuzdar-medical-college-projects-removal-from-psdp-flayed
2025-06-22,Dollar shortage spurs exchange rate volatility,Currency / Exchange Rate,Negative,https://www.dawn.com/news/1918865/dollar-shortage-spurs-exchange-rate-volatility
2025-06-22,NA panel okays tax relief for salaried people,Fiscal Policy / Budget / Taxes,Positive,https://www.dawn.com/news/1918866/na-panel-okays-tax-relief-for-salaried-people
2025-06-22,"Budget 2025-26: Curbs placed on FBR’s arrest powers, assures Aurangzeb",Fiscal Policy / Budget / Taxes; Current Account / Trade,Neutral,https://www.dawn.com/news/1918913/budget-2025-26-curbs-placed-on-fbrs-arrest-powers-assures-aurangzeb
2025-06-22,"Amid cash crunch, Senate panel proposes tax cuts, salary hikes in budget FY26",Fiscal Policy / Budget / Taxes,Negative,https://www.dawn.com/news/1918904/budget-2025-26-amid-cash-crunch-senate-panel-proposes-tax-cuts-salary-hikes
2025-06-22,ADB approves plan for digital overhaul of Discos,IMF / External Financing,Positive,https://www.dawn.com/news/1918863/adb-approves-plan-for-digital-overhaul-of-discos
2025-06-22,Bumpy road ahead for auto sector,Current Account / Trade; Automobile Sector,Neutral,https://www.dawn.com/news/1918864/bumpy-road-ahead-for-auto-sector
2025-06-23,Balochistan Budget: A move towards transformative development,Fiscal Policy / Budget / Taxes,Neutral,https://www.dawn.com/news/1919251/balochistan-budget-a-move-towards-transformative-development
2025-06-23,Finance: Foresight amid global shocks,Fiscal Policy / Budget / Taxes,Neutral,https://www.dawn.com/news/1918786/finance-foresight-amid-global-shocks
2025-06-23,Planning around global tensions,Fiscal Policy / Budget / Taxes; Oil & Gas / Energy Sector,Neutral,https://www.dawn.com/news/1918792/planning-around-global-tensions
2025-06-23,"Punjab Budget: Flush with cash, short on viable plans",Fiscal Policy / Budget / Taxes,Neutral,https://www.dawn.com/news/1918789/punjab-budget-flush-with-cash-short-on-viable-plans
2025-06-23,The dangers of rushing crypto adoption,Fiscal Policy / Budget / Taxes,Neutral,https://www.dawn.com/news/1919243/the-dangers-of-rushing-crypto-adoption
2025-06-24,"PSX climbs nearly 6,000 points amid announcement of Iran-Israel ‘ceasefire’",Stock Market (Direct),Positive,https://www.dawn.com/news/1919683/psx-climbs-nearly-6000-points-amid-announcement-of-iran-israel-ceasefire
2025-06-24,Textile exports drop for second month,Current Account / Trade; Textile Sector,Negative,https://www.dawn.com/news/1919520/textile-exports-drop-for-second-month
2025-06-24,"PSX plunges 3,855 points on geopolitical jitters",Stock Market (Direct),Negative,https://www.dawn.com/news/1919518/psx-plunges-3855-points-on-geopolitical-jitters
2025-06-24,India’s subsidised rice fails to dent Pakistan’s exports,Current Account / Trade,Negative,https://www.dawn.com/news/1919523/indias-subsidised-rice-fails-to-dent-pakistans-exports
2025-06-24,"Budget 2025-26: Working class not given any incentive in budget, say speakers",Fiscal Policy / Budget / Taxes,Neutral,https://www.dawn.com/news/1919612/budget-2025-26-working-class-not-given-any-incentive-in-budget-say-speakers
2025-06-24,Gligit-Baltistan govt presents Rs148.6 billion budget for FY26,Fiscal Policy / Budget / Taxes,Neutral,https://www.dawn.com/news/1919528/gligit-baltistan-govt-presents-rs1486-billion-budget-for-fy26
2025-06-24,"Budget 2025-26: Proposal to abolish tax rebate for teachers, researchers condemned",Fiscal Policy / Budget / Taxes,Neutral,https://www.dawn.com/news/1919608/budget-2025-26-proposal-to-abolish-tax-rebate-for-teachers-researchers-condemned
2025-06-24,Govt approves sugar imports,Current Account / Trade,Positive,https://www.dawn.com/news/1919522/govt-approves-sugar-imports
2025-06-24,Finance Minister Aurangzeb unveils measures to offset impact of relief to salaried class,Fiscal Policy / Budget / Taxes,Positive,https://www.dawn.com/news/1919535/finance-minister-aurangzeb-unveils-measures-to-offset-impact-of-relief-to-salaried-class
2025-06-25,Dairy industry wants GST cut to 5pc,Current Account / Trade,Neutral,https://www.dawn.com/news/1919880/dairy-industry-wants-gst-cut-to-5pc
2025-06-25,Trade gap with nine states widens to $11.17bn,Current Account / Trade,Neutral,https://www.dawn.com/news/1919884/trade-gap-with-nine-states-widens-to-1117bn
2025-06-25,"WB, ADB Loans approved for education, water access and women’s empowerment",IMF / External Financing,Positive,https://www.dawn.com/news/1919882/wb-adb-loans-approved-for-education-water-access-and-womens-empowerment
2025-06-26,PM reaffirms commitment to agriculture and power sector reforms,Fiscal Policy / Budget / Taxes; Oil & Gas / Energy Sector,Positive,https://www.dawn.com/news/1920130/pm-reaffirms-commitment-to-agriculture-and-power-sector-reforms
2025-06-26,Oil rebounds on strong US demand,Oil & Gas / Energy Sector,Neutral,https://www.dawn.com/news/1920165/oil-rebounds-on-strong-us-demand
2025-06-26,Budget 2025-26: Friction within ruling partners necessitates last-minute tweaks,Fiscal Policy / Budget / Taxes,Neutral,https://www.dawn.com/news/1920142/budget-2025-26-friction-within-ruling-partners-necessitates-last-minute-tweaks
2025-06-26,Finance Bill sails through parliament to greenlight Rs17.57tr budget,Fiscal Policy / Budget / Taxes,Neutral,https://www.dawn.com/news/1920303/finance-bill-sails-through-parliament-to-greenlight-rs1757tr-budget
2025-06-27,"Lawmakers, FBR celebrate passage of ‘their budget’",Fiscal Policy / Budget / Taxes,Neutral,https://www.dawn.com/news/1920475
2025-06-27,"PSX falters on profit-taking, year-end selling",Stock Market (Direct),Negative,https://www.dawn.com/news/1920439/psx-falters-on-profit-taking-year-end-selling
2025-06-27,"PSX rises by nearly 1,600 points a day after federal budget is passed",Stock Market (Direct); Fiscal Policy / Budget / Taxes,Neutral,https://www.dawn.com/news/1920553/psx-rises-by-nearly-1600-points-a-day-after-federal-budget-is-passed
2025-06-27,SBP set to miss $14bn forex target for FY25,Monetary Policy / Interest Rates,Negative,https://www.dawn.com/news/1920443/sbp-set-to-miss-14bn-forex-target-for-fy25
2025-06-27,"Situationer: Lawmakers, FBR celebrate passage of ‘their budget’",Fiscal Policy / Budget / Taxes,Neutral,https://www.dawn.com/news/1920475/situationer-lawmakers-fbr-celebrate-passage-of-their-budget
2025-06-27,World Bank reaffirms support for Pakistan’s economic agenda,IMF / External Financing,Neutral,https://www.dawn.com/news/1920564/world-bank-reaffirms-support-for-pakistans-economic-agenda
2025-06-27,"Business leaders decry new tax measures, warn of strike",Fiscal Policy / Budget / Taxes,Negative,https://www.dawn.com/news/1920444/business-leaders-decry-new-tax-measures-warn-of-strike
2025-06-28,"Perishables, pulses bring down weekly inflation",Inflation / CPI,Positive,https://www.dawn.com/news/1920704/perishables-pulses-bring-down-weekly-inflation
2025-06-28,Trade associations reject ‘draconian’ powers for FBR,Fiscal Policy / Budget / Taxes,Negative,https://www.dawn.com/news/1920701/trade-associations-reject-draconian-powers-for-fbr
2025-06-28,Editorial: Next budget reflection of previous ones — bid to balance the books within IMF framework,IMF / External Financing; Fiscal Policy / Budget / Taxes,Neutral,https://www.dawn.com/news/1920743/same-tune
2025-06-28,China confirms trade deal as Trump nixes Canada talks,Current Account / Trade,Neutral,https://www.dawn.com/news/1920706/china-confirms-trade-deal-as-trump-nixes-canada-talks
2025-06-28,Business leaders reject hike in gas tariff,Current Account / Trade; Oil & Gas / Energy Sector,Negative,https://www.dawn.com/news/1920703/business-leaders-reject-hike-in-gas-tariff
2025-06-28,Edible oil industry faces dollar shortage,Currency / Exchange Rate,Neutral,https://www.dawn.com/news/1920705/edible-oil-industry-faces-dollar-shortage
2025-06-29,Crude oil import bill rises 13.5pc,Current Account / Trade; Oil & Gas / Energy Sector,Negative,https://www.dawn.com/news/1920876/crude-oil-import-bill-rises-135pc
2025-06-29,PSX hits record high as Mideast ceasefire drives relief rally,Stock Market (Direct),Positive,https://www.dawn.com/news/1920878/psx-hits-record-high-as-mideast-ceasefire-drives-relief-rally
2025-06-30,Country’s June inflation likely to remain between 3-4pc: finance ministry,Inflation / CPI,Neutral,https://www.dawn.com/news/1921197/countrys-june-inflation-likely-to-remain-between-3-4pc-finance-ministry
2025-06-30,Funding Balochistan’s climate crisis,Fiscal Policy / Budget / Taxes,Negative,https://www.dawn.com/news/1921152/funding-balochistans-climate-crisis
2025-06-30,Is the textile sector recovering?,Current Account / Trade; Textile Sector,Neutral,https://www.dawn.com/news/1921167/is-the-textile-sector-recovering
2025-06-30,Perpetually caught between panic and paralysis,Foreign Investment / FPI,Negative,https://www.dawn.com/news/1921169/perpetually-caught-between-panic-and-paralysis
2025-07-01,PSX ends FY25 at record high on China loan boost,Stock Market (Direct),Positive,https://www.dawn.com/news/1921314/psx-ends-fy25-at-record-high-on-china-loan-boost
2025-07-01,"PSX crosses 128,000 barrier on first day of FY26",Stock Market (Direct),Neutral,https://www.dawn.com/news/1921408/psx-crosses-128000-barrier-on-first-day-of-fy26
2025-07-01,June inflation rises 3.2pc y/y in line with finance ministry forecast,Inflation / CPI,Negative,https://www.dawn.com/news/1921446/june-inflation-rises-32pc-yy-in-line-with-finance-ministry-forecast
2025-07-01,FBR misses FY25 target by Rs163bn,Fiscal Policy / Budget / Taxes,Neutral,https://www.dawn.com/news/1921313/fbr-misses-fy25-target-by-rs163bn
2025-07-01,"Government sees exports rising, inflation at  5-7pc in FY26",Inflation / CPI; Current Account / Trade,Neutral,https://www.dawn.com/news/1921312/government-sees-exports-rising-inflation-at-5-7pc-in-fy26
2025-07-02,SBP’s foreign exchange reserves climb to $14.51bn,Monetary Policy / Interest Rates; Current Account / Trade; Foreign Reserves,Positive,https://www.dawn.com/news/1921678/sbps-foreign-exchange-reserves-climb-to-1451bn
2025-07-02,Collection of sales tax via PoS machines surges 40pc,Fiscal Policy / Budget / Taxes,Neutral,https://www.dawn.com/news/1921542/collection-of-sales-tax-via-pos-machines-surges-40pc
2025-07-02,Exports suffer third straight contraction in June,Current Account / Trade,Negative,https://www.dawn.com/news/1921543/exports-suffer-third-straight-contraction-in-june
2025-07-02,Inflation slumps to 9-year low at 4.49pc,Monetary Policy / Interest Rates; Inflation / CPI,Neutral,https://www.dawn.com/news/1921571/inflation-slumps-to-9-year-low-at-449pc
2025-07-02,Karachi leads tax collection with record 29pc growth,Fiscal Policy / Budget / Taxes,Neutral,https://www.dawn.com/news/1921545/karachi-leads-tax-collection-with-record-29pc-growth
2025-07-02,"PSX scales 130,000 barrier as market climbs by 2,100 points",Stock Market (Direct); Inflation / CPI,Positive,https://www.dawn.com/news/1921638/psx-scales-130000-barrier-as-market-climbs-by-2100-points
2025-07-02,Port Qasim halves export cargo charges,Current Account / Trade,Neutral,https://www.dawn.com/news/1921544/port-qasim-halves-export-cargo-charges
2025-07-02,Private sector borrowing hits Rs710bn in FY25,Monetary Policy / Interest Rates,Neutral,https://www.dawn.com/news/1921546/private-sector-borrowing-hits-rs710bn-in-fy25
2025-07-03,Pakistan-US trade talks in final stretch,Current Account / Trade,Neutral,https://www.dawn.com/news/1921783/pakistan-us-trade-talks-in-final-stretch
2025-07-03,Industry protests furnace oil tax hike,Fiscal Policy / Budget / Taxes,Negative,https://www.dawn.com/news/1921786/industry-protests-furnace-oil-tax-hike
2025-07-03,"Govt slammed for loadshedding, rising consumer burden",Oil & Gas / Energy Sector,Negative,https://www.dawn.com/news/1921788/govt-slammed-for-loadshedding-rising-consumer-burden
2025-07-04,Business leaders warn of strike over ‘draconian’ tax law,Fiscal Policy / Budget / Taxes,Negative,https://www.dawn.com/news/1921941/business-leaders-warn-of-strike-over-draconian-tax-law
2025-07-04,FY25 ends with mixed industrial trends,Cement Sector,Negative,https://www.dawn.com/news/1921942/fy25-ends-with-mixed-industrial-trends
2025-07-04,Finance ministry notifies 10pc pay raise for govt employees,Fiscal Policy / Budget / Taxes,Neutral,https://www.dawn.com/news/1922098/finance-ministry-notifies-10pc-pay-raise-for-govt-employees
2025-07-04,Financial advisers for ZTBL appointed,Privatization / Divestment,Neutral,https://www.dawn.com/news/1921944/financial-advisers-for-ztbl-appointed
2025-07-04,Folly of fixing the exchange rate,Currency / Exchange Rate,Neutral,https://www.dawn.com/news/1921968/folly-of-fixing-the-exchange-rate
2025-07-04,PSX extends record rally on robust buying,Stock Market (Direct),Negative,https://www.dawn.com/news/1921945/psx-extends-record-rally-on-robust-buying
2025-07-04,Petition against PIA sell-off dismissed,Privatization / Divestment,Negative,https://www.dawn.com/news/1921943/petition-against-pia-sell-off-dismissed
2025-07-05,Trump says ‘probably 12’ tariff letters being sent out on Monday,Current Account / Trade,Neutral,https://www.dawn.com/news/1922286/trump-says-probably-12-tariff-letters-being-sent-out-on-monday
2025-07-05,Govt mulls lifting ban on gas connections amid LNG glut,Oil & Gas / Energy Sector,Negative,https://www.dawn.com/news/1922162/govt-mulls-lifting-ban-on-gas-connections-amid-lng-glut
2025-07-05,"PSX crosses 131,000 on economic optimism",Stock Market (Direct),Neutral,https://www.dawn.com/news/1922167/psx-crosses-131000-on-economic-optimism
2025-07-05,"Despite tensions, trade with India continues",Current Account / Trade,Neutral,https://www.dawn.com/news/1922165/despite-tensions-trade-with-india-continues
2025-07-05,Govt eyes new industrial policy to reverse sector decline,Fiscal Policy / Budget / Taxes,Neutral,https://www.dawn.com/news/1922166/govt-eyes-new-industrial-policy-to-reverse-sector-decline
2025-07-06,PCPA warns of pesticide shortages,Current Account / Trade,Negative,https://www.dawn.com/news/1922378/pcpa-warns-of-pesticide-shortages
2025-07-06,PSX delivers stellar weekly gains amid macroeconomic stability,Stock Market (Direct),Positive,https://www.dawn.com/news/1922377/psx-delivers-stellar-weekly-gains-amid-macroeconomic-stability
2025-07-07,"Yet another record high as PSX soars past 133,000 points",Stock Market (Direct); Fiscal Policy / Budget / Taxes,Positive,https://www.dawn.com/news/1922543/yet-another-record-high-as-psx-soars-past-133000-points
2025-07-08,FBR rolls out AI-driven system,Fiscal Policy / Budget / Taxes,Neutral,https://www.dawn.com/news/1922656/fbr-rolls-out-ai-driven-system
2025-07-08,Govt approves four potential bidders for struggling PIA,Privatization / Divestment,Neutral,https://www.dawn.com/news/1922858/govt-approves-four-potential-bidders-for-struggling-pia
2025-07-08,"Govt approves sugar import of upto 500,000 tonnes to maintain ‘affordable prices’",Current Account / Trade,Positive,https://www.dawn.com/news/1922850/govt-approves-sugar-import-of-upto-500000-tonnes-to-maintain-affordable-prices
2025-07-08,Govt repays Rs500bn SBP debt early,Monetary Policy / Interest Rates,Neutral,https://www.dawn.com/news/1922655/govt-repays-rs500bn-sbp-debt-early
2025-07-09,Rightsizing delayed as focus shifts to FBR,Fiscal Policy / Budget / Taxes,Negative,https://www.dawn.com/news/1922979/rightsizing-delayed-as-focus-shifts-to-fbr
2025-07-09,Service exports grow to $7.65bn,Current Account / Trade,Positive,https://www.dawn.com/news/1922980/service-exports-grow-to-765bn
2025-07-09,PM seeks plan to boost farm output,Current Account / Trade,Positive,https://www.dawn.com/news/1922986/pm-seeks-plan-to-boost-farm-output
2025-07-09,PSX hits all-time high amid volatile session,Stock Market (Direct),Positive,https://www.dawn.com/news/1922987/psx-hits-all-time-high-amid-volatile-session
2025-07-09,FAO drafts policy for fisheries sector,Current Account / Trade,Neutral,https://www.dawn.com/news/1922984/fao-drafts-policy-for-fisheries-sector
2025-07-09,ADB questions impact of aggressive tax base expansion,IMF / External Financing; Fiscal Policy / Budget / Taxes; GDP / Economic Growth,Neutral,https://www.dawn.com/news/1922978/adb-questions-impact-of-aggressive-tax-base-expansion
2025-07-09,Honda raises car prices,Fiscal Policy / Budget / Taxes,Neutral,https://www.dawn.com/news/1922983/honda-raises-car-prices
2025-07-10,PM unveils scheme for soft agricultural loans,Fiscal Policy / Budget / Taxes,Neutral,https://www.dawn.com/news/1923206/pm-unveils-scheme-for-soft-agricultural-loans
2025-07-10,PSX snaps eight-session record-setting spree,Stock Market (Direct),Negative,https://www.dawn.com/news/1923197/psx-snaps-eight-session-record-setting-spree
2025-07-10,Trading Corporation of Pakistan to import 0.35m tonnes of sugar,Current Account / Trade,Neutral,https://www.dawn.com/news/1923204/trading-corporation-of-pakistan-to-import-035m-tonnes-of-sugar
2025-07-11,Auto sales surge despite tractor setback,Automobile Sector,Positive,https://www.dawn.com/news/1923376/auto-sales-surge-despite-tractor-setback
2025-07-11,Chambers call strike on July 19 against  ‘anti-business’ tax measures,Fiscal Policy / Budget / Taxes,Negative,https://www.dawn.com/news/1923375/chambers-call-strike-on-july-19-against-anti-business-tax-measures
2025-07-11,PSX hits new peak on earnings optimism,Stock Market (Direct),Positive,https://www.dawn.com/news/1923380/psx-hits-new-peak-on-earnings-optimism
2025-07-11,"SBP builds reserves on record inflows, dollar buying",Monetary Policy / Interest Rates; Currency / Exchange Rate; Foreign Reserves,Neutral,https://www.dawn.com/news/1923377/sbp-builds-reserves-on-record-inflows-dollar-buying
2025-07-12,"PSX extends rally, settles above 134,000",Stock Market (Direct); Banking Sector; Oil & Gas / Energy Sector,Negative,https://www.dawn.com/news/1923655/psx-extends-rally-settles-above-134000
2025-07-12,Weekly inflation declines 1.23pc,Inflation / CPI,Positive,https://www.dawn.com/news/1923651/weekly-inflation-declines-123pc
2025-07-12,SOEs’ profit falls as power sector losses hit Rs5.9tr,Oil & Gas / Energy Sector,Negative,https://www.dawn.com/news/1923650/soes-profit-falls-as-power-sector-losses-hit-rs59tr
2025-07-12,Foreigners withdraw over $1.5bn from T-bills in FY25,Monetary Policy / Interest Rates,Positive,https://www.dawn.com/news/1923649/foreigners-withdraw-over-15bn-from-t-bills-in-fy25
2025-07-12,Businessmen rally against ‘anti-industry’ tax laws,Fiscal Policy / Budget / Taxes,Positive,https://www.dawn.com/news/1923653/businessmen-rally-against-anti-industry-tax-laws
2025-07-13,"Auto prices surge up to Rs600,000",Fiscal Policy / Budget / Taxes,Neutral,https://www.dawn.com/news/1923872/auto-prices-surge-up-to-rs600000
2025-07-13,The bitter reality driving sugar prices higher,Current Account / Trade,Neutral,https://www.dawn.com/news/1923873
2025-07-14,Additional FBR powers have ‘nothing to do with income tax’: Aurangzeb,Fiscal Policy / Budget / Taxes,Neutral,https://www.dawn.com/news/1924164/additional-fbr-powers-have-nothing-to-do-with-income-tax-aurangzeb
2025-07-14,Can the future be debtless?,Oil & Gas / Energy Sector,Neutral,https://www.dawn.com/news/1924051/can-the-future-be-debtless
2025-07-14,Editorial: Crucial to support any government action that aims at broadening the tax base,Fiscal Policy / Budget / Taxes,Neutral,https://www.dawn.com/news/1924066
2025-07-14,Imports surge as pulse production dips,Currency / Exchange Rate; Current Account / Trade,Positive,https://www.dawn.com/news/1924047/imports-surge-as-pulse-production-dips
2025-07-14,It is not about the tax-to-GDP ratio,Fiscal Policy / Budget / Taxes; Current Account / Trade; GDP / Economic Growth,Neutral,https://www.dawn.com/news/1924049/it-is-not-about-the-tax-to-gdp-ratio
2025-07-14,"PSX continues positive trajectory to cross 136,000 points barrier",Stock Market (Direct),Neutral,https://www.dawn.com/news/1924128/psx-continues-positive-trajectory-to-cross-136000-points-barrier
2025-07-15,"PSX breaks record rally, sheds 500 points",Stock Market (Direct),Negative,https://www.dawn.com/news/1924347/psx-breaks-record-rally-sheds-500-points
2025-07-15,Taxmen should not act as ‘penalising agencies’: SC,Fiscal Policy / Budget / Taxes,Neutral,https://www.dawn.com/news/1924245/taxmen-should-not-act-as-penalising-agencies-sc
2025-07-15,Four bidders get access to PIACL virtual data,Cement Sector,Neutral,https://www.dawn.com/news/1924254/four-bidders-get-access-to-piacl-virtual-data
2025-07-15,Asian Development Bank recommends 5pc GST on digital transactions,IMF / External Financing; Fiscal Policy / Budget / Taxes,Neutral,https://www.dawn.com/news/1924365/asian-development-bank-recommends-5pc-gst-on-digital-transactions
2025-07-15,Editorial: Benefits of current stability hinge on continuity of structural reforms beyond IMF-dictated goals,IMF / External Financing,Neutral,https://www.dawn.com/news/1924301
2025-07-15,Exports to North America grow,Current Account / Trade,Neutral,https://www.dawn.com/news/1924256/exports-to-north-america-grow
2025-07-15,Cotton imports surpass domestic output,Current Account / Trade; Textile Sector,Positive,https://www.dawn.com/news/1924260/cotton-imports-surpass-domestic-output
2025-07-16,"UK lifts ban on Pakistani airlines, removes country from Air Safety List",Political Stability / Government; Privatization / Divestment,Negative,https://www.dawn.com/news/1924570/uk-lifts-ban-on-pakistani-airlines-removes-country-from-air-safety-list
2025-07-16,Moody’s urged to improve Pakistan’s credit rating,Fiscal Policy / Budget / Taxes; Credit Rating,Negative,https://www.dawn.com/news/1924444/moodys-urged-to-improve-pakistans-credit-rating
2025-07-16,LSM expands 2.29pc in May,Monetary Policy / Interest Rates,Positive,https://www.dawn.com/news/1924503/lsm-expands-229pc-in-may
2025-07-16,PSX slips as strike worries prompt sell-off,Stock Market (Direct),Negative,https://www.dawn.com/news/1924504/psx-slips-as-strike-worries-prompt-sell-off
2025-07-16,Bank lending to govt surges past Rs44tr,Banking Sector,Neutral,https://www.dawn.com/news/1924502/bank-lending-to-govt-surges-past-rs44tr
2025-07-16,"Aurangzeb, traders begin talks to ease tensions",Fiscal Policy / Budget / Taxes,Neutral,https://www.dawn.com/news/1924499/aurangzeb-traders-begin-talks-to-ease-tensions
2025-07-16,ADR drops to 38pc after tax condition withdrawn,Fiscal Policy / Budget / Taxes; Banking Sector,Positive,https://www.dawn.com/news/1924500/adr-drops-to-38pc-after-tax-condition-withdrawn
2025-07-16,Govt-mills talks on sugar retail rate inconclusive,Current Account / Trade,Neutral,https://www.dawn.com/news/1924501/govt-mills-talks-on-sugar-retail-rate-inconclusive
2025-07-17,Businesses gear up for nationwide strike,Fiscal Policy / Budget / Taxes,Negative,https://www.dawn.com/news/1924723/businesses-gear-up-for-nationwide-strike
2025-07-17,FBR powers,Fiscal Policy / Budget / Taxes,Neutral,https://www.dawn.com/news/1924713/fbr-powers
2025-07-17,Fuel price surge alarms industry,Inflation / CPI,Negative,https://www.dawn.com/news/1924717/fuel-price-surge-alarms-industry
2025-07-17,July 31 deadline set to wind up Utility Stores,Privatization / Divestment,Neutral,https://www.dawn.com/news/1924725/july-31-deadline-set-to-wind-up-utility-stores
2025-07-17,Karachi Tax Bar Association urges FBR to extend deadline for filing sales tax returns,Fiscal Policy / Budget / Taxes,Neutral,https://www.dawn.com/news/1924715
2025-07-17,"PSX reaches new peak of 138,000 with 2,200-point rally",Stock Market (Direct),Positive,https://www.dawn.com/news/1924775/psx-reaches-new-peak-of-138000-with-2200-point-rally
2025-07-17,Punjab Assembly panel approves bill to reward reporting of property tax evasion,Fiscal Policy / Budget / Taxes,Positive,https://www.dawn.com/news/1924733/punjab-assembly-panel-approves-bill-to-reward-reporting-of-property-tax-evasion
2025-07-18,NA panel endorses PIA privatisation,Privatization / Divestment,Positive,https://www.dawn.com/news/1924855/na-panel-endorses-pia-privatisation
2025-07-18,Pakistan records annual current account surplus of $2.1bn: State Bank,Current Account / Trade,Neutral,https://www.dawn.com/news/1925029/pakistan-records-annual-current-account-surplus-of-21bn-state-bank
2025-07-18,Fertiliser stocks power PSX to record close,Stock Market (Direct); Fertilizer Sector,Positive,https://www.dawn.com/news/1924856/fertiliser-stocks-power-psx-to-record-close
2025-07-18,"Dollar shortage deepens despite C/A surplus, record remittances",Currency / Exchange Rate,Neutral,https://www.dawn.com/news/1924853/dollar-shortage-deepens-despite-ca-surplus-record-remittances
2025-07-18,Auto loans rise for seventh month on low interest rates,Monetary Policy / Interest Rates,Neutral,https://www.dawn.com/news/1924854/auto-loans-rise-for-seventh-month-on-low-interest-rates
2025-07-18,Editorial: PIA ban’s removal will support new push to sell lossmaking airline by end of year,Privatization / Divestment,Negative,https://www.dawn.com/news/1924922
2025-07-19,"Cotton arrivals drop 32pc, alarming textile sector",Textile Sector,Neutral,https://www.dawn.com/news/1925151/cotton-arrivals-drop-32pc-alarming-textile-sector
2025-07-19,IT exports hit record $3.8bn in 2024-25,Fiscal Policy / Budget / Taxes; Current Account / Trade,Neutral,https://www.dawn.com/news/1925145/it-exports-hit-record-38bn-in-2024-25
2025-07-19,Karachi’s business community partially heeds strike call against new FBR powers,Fiscal Policy / Budget / Taxes,Negative,https://www.dawn.com/news/1925217/karachis-business-community-partially-heeds-strike-call-against-new-fbr-powers
2025-07-19,Nepra notifies Rs40 per unit tariff for KE,Fiscal Policy / Budget / Taxes,Negative,https://www.dawn.com/news/1925148/nepra-notifies-rs40-per-unit-tariff-for-ke
2025-07-19,PSX stays flat despite current account surplus,Stock Market (Direct); Current Account / Trade,Neutral,https://www.dawn.com/news/1925152/psx-stays-flat-despite-current-account-surplus
2025-07-20,"Strike shuts down Karachi, Lahore against  ‘anti-business’ taxation measures",Fiscal Policy / Budget / Taxes,Negative,https://www.dawn.com/news/1925345/strike-shuts-down-karachi-lahore-against-anti-business-taxation-measures
2025-07-20,Rice slump drags down FY25 food shipments,Current Account / Trade,Negative,https://www.dawn.com/news/1925339/rice-slump-drags-down-fy25-food-shipments
2025-07-20,Seafood exports rise 13pc to $465mn,Current Account / Trade,Positive,https://www.dawn.com/news/1925340/seafood-exports-rise-13pc-to-465mn
2025-07-20,Equities sustain bullish spell for another week,Stock Market (Direct),Positive,https://www.dawn.com/news/1925342/equities-sustain-bullish-spell-for-another-week
2025-07-20,Retailers’ ignorance fuels illicit cigarette trade: study,Fiscal Policy / Budget / Taxes,Neutral,https://www.dawn.com/news/1925344/retailers-ignorance-fuels-illicit-cigarette-trade-study
2025-07-21,Balancing recovery and price stability,Inflation / CPI,Positive,https://www.dawn.com/news/1925566/balancing-recovery-and-price-stability
2025-07-21,Between costs and credit,Fiscal Policy / Budget / Taxes,Neutral,https://www.dawn.com/news/1925564/finance-between-costs-and-credit
2025-07-21,Diversity in investment trends,GDP / Economic Growth,Neutral,https://www.dawn.com/news/1925398/diversity-in-investment-trends
2025-07-21,Exporting produce at a cost,Current Account / Trade,Positive,https://www.dawn.com/news/1925563/exporting-produce-at-a-cost
2025-07-21,Weak tariff policies,Current Account / Trade,Neutral,https://www.dawn.com/news/1925391/weak-tariff-policies
2025-07-22,"PSX falls on debt worries, profit-taking",Stock Market (Direct),Positive,https://www.dawn.com/news/1925705/psx-falls-on-debt-worries-profit-taking
2025-07-22,Rising fuel imports widen ME trade gap,Current Account / Trade,Neutral,https://www.dawn.com/news/1925706/rising-fuel-imports-widen-me-trade-gap
2025-07-23,Trade gap with neighbours widens 29pc in FY25,Current Account / Trade,Positive,https://www.dawn.com/news/1925963/trade-gap-with-neighbours-widens-29pc-in-fy25
2025-07-23,"ZTBL, PMDC  sell-off questioned",Privatization / Divestment,Negative,https://www.dawn.com/news/1925962/ztbl-pmdc-sell-off-questioned
2025-07-23,Sindh farmers to boycott wheat cultivation over imposition of farm tax,Fiscal Policy / Budget / Taxes,Neutral,https://www.dawn.com/news/1925934/sindh-farmers-to-boycott-wheat-cultivation-over-imposition-of-farm-tax
2025-07-23,COAS ‘pledges full backing’ for industrial revival,Monetary Policy / Interest Rates,Neutral,https://www.dawn.com/news/1925965/coas-pledges-full-backing-for-industrial-revival
2025-07-23,Foreign debt inflows surge to $12.4bn,IMF / External Financing,Neutral,https://www.dawn.com/news/1925966/foreign-debt-inflows-surge-to-124bn
2025-07-23,SBP to publish monetary policy report biannually,Monetary Policy / Interest Rates,Neutral,https://www.dawn.com/news/1925964/sbp-to-publish-monetary-policy-report-biannually
2025-07-23,Confidence surges as PSX sets new record,Stock Market (Direct),Neutral,https://www.dawn.com/news/1925969/confidence-surges-as-psx-sets-new-record
2025-07-24,ADB sees Pakistan’s growth at 3pc,IMF / External Financing; GDP / Economic Growth,Neutral,https://www.dawn.com/news/1926217/adb-sees-pakistans-growth-at-3pc
2025-07-24,Ghee makers threaten strike,Fiscal Policy / Budget / Taxes,Negative,https://www.dawn.com/news/1926215/ghee-makers-threaten-strike
2025-07-24,Index sheds gains on privatisation worries,Monetary Policy / Interest Rates; Privatization / Divestment,Neutral,https://www.dawn.com/news/1926203/index-sheds-gains-on-privatisation-worries
2025-07-24,PM wants privatisation process to be transparent,Privatization / Divestment,Neutral,https://www.dawn.com/news/1926161/pm-wants-privatisation-process-to-be-transparent
2025-07-24,Premier directs FBR to tighten enforcement,Fiscal Policy / Budget / Taxes; GDP / Economic Growth,Neutral,https://www.dawn.com/news/1926218/premier-directs-fbr-to-tighten-enforcement
2025-07-24,Privatisation of profit-making Discos worries NA committee,Privatization / Divestment,Neutral,https://www.dawn.com/news/1926172/privatisation-of-profit-making-discos-worries-na-committee
2025-07-24,Rate cut hopes rise as T-bill yields fall,Monetary Policy / Interest Rates,Positive,https://www.dawn.com/news/1926214/rate-cut-hopes-rise-as-t-bill-yields-fall
2025-07-24,"S&P Global lifts Pakistan’s credit rating ‘B-’ from ‘CCC+’, outlook stable",Credit Rating,Neutral,https://www.dawn.com/news/1926320/sampp-global-lifts-pakistans-credit-rating-b-from-ccc-outlook-stable
2025-07-25,PSX slides for second straight session,Stock Market (Direct),Negative,https://www.dawn.com/news/1926401/psx-slides-for-second-straight-session
2025-07-25,"PM Shehbaz lauds S&P ratings upgrade, vows to acheive sustainable growth",Credit Rating,Positive,https://www.dawn.com/news/1926529/pm-shehbaz-lauds-sampp-ratings-upgrade-vows-to-acheive-sustainable-growth
2025-07-25,Crackdown cools dollar surge amid buying by SBP,Monetary Policy / Interest Rates; Currency / Exchange Rate,Positive,https://www.dawn.com/news/1926395/crackdown-cools-dollar-surge-amid-buying-by-sbp
2025-07-25,More than Rs2.2tr ‘lost to tax evasion’ in two years: FBR,Fiscal Policy / Budget / Taxes,Neutral,https://www.dawn.com/news/1926443/more-than-rs22tr-lost-to-tax-evasion-in-two-years-fbr
2025-07-26,"ECC flags ghee profiteering, clears housing subsidy",Fiscal Policy / Budget / Taxes,Neutral,https://www.dawn.com/news/1926632/ecc-flags-ghee-profiteering-clears-housing-subsidy
2025-07-26,Industrialists call for sharp cut in SBP policy rate,Monetary Policy / Interest Rates,Positive,https://www.dawn.com/news/1926638/industrialists-call-for-sharp-cut-in-sbp-policy-rate
2025-07-26,PM Shehbaz wants govt to hire technical experts ‘on merit’,Political Stability / Government,Neutral,https://www.dawn.com/news/1926635/pm-shehbaz-wants-govt-to-hire-technical-experts-on-merit
2025-07-26,Rating upgrade reverses bearish trend at PSX,Stock Market (Direct); Monetary Policy / Interest Rates,Positive,https://www.dawn.com/news/1926641/rating-upgrade-reverses-bearish-trend-at-psx
2025-07-26,Weekly inflation jumps 4.07pc,Inflation / CPI,Negative,https://www.dawn.com/news/1926634/weekly-inflation-jumps-407pc
2025-07-27,Trade with Central Asia shrinks amid rising imports,Current Account / Trade,Positive,https://www.dawn.com/news/1926852/trade-with-central-asia-shrinks-amid-rising-imports
2025-07-27,"SBP eases account opening, pushes for digital inclusion",Monetary Policy / Interest Rates,Neutral,https://www.dawn.com/news/1926848/sbp-eases-account-opening-pushes-for-digital-inclusion
2025-07-27,PM approves digital overhaul of FBR to curb tax evasion,Fiscal Policy / Budget / Taxes,Positive,https://www.dawn.com/news/1926835/pm-approves-digital-overhaul-of-fbr-to-curb-tax-evasion
2025-07-27,Banks moot on exchange rate issues called,Currency / Exchange Rate,Negative,https://www.dawn.com/news/1926854/banks-moot-on-exchange-rate-issues-called
2025-07-27,PSX ends week in green as credit rating outlook improves,Stock Market (Direct); Currency / Exchange Rate; Credit Rating,Neutral,https://www.dawn.com/news/1926847/psx-ends-week-in-green-as-credit-rating-outlook-improves
2025-07-28,ADB appoints new DG for regional dept overseeing Pakistan engagement,IMF / External Financing,Neutral,https://www.dawn.com/news/1927138/adb-appoints-new-dg-for-regional-dept-overseeing-pakistan-engagement
2025-07-28,Country’s July inflation likely to remain at 3.5-4.5pc as price pressures ease: finance ministry,Inflation / CPI; Current Account / Trade,Neutral,https://www.dawn.com/news/1927192/countrys-july-inflation-likely-to-remain-at-35-45pc-as-price-pressures-ease-finance-ministry
2025-07-28,Finance: Beneath the privatisation push,Privatization / Divestment,Neutral,https://www.dawn.com/news/1927014/finance-beneath-the-privatisation-push
2025-07-28,Muted impact of import of used cars,Current Account / Trade,Neutral,https://www.dawn.com/news/1927105
2025-07-28,Pakistan Kissan Ittehad warns of agriculture collapse due to current govt policies,Current Account / Trade,Negative,https://www.dawn.com/news/1927026/pakistan-kissan-ittehad-warns-of-agriculture-collapse-due-to-current-govt-policies
2025-07-28,Think tank for policy rate cut to 6pc to make industry viable,Monetary Policy / Interest Rates,Positive,https://www.dawn.com/news/1927030/think-tank-for-policy-rate-cut-to-6pc-to-make-industry-viable
2025-07-29,"Economic recovery continues, but rains pose threat: ministry",Current Account / Trade,Neutral,https://www.dawn.com/news/1927243/economic-recovery-continues-but-rains-pose-threat-ministry
2025-07-29,Banks raise concerns as govt seeks to strengthen rupee,Currency / Exchange Rate,Positive,https://www.dawn.com/news/1927247/banks-raise-concerns-as-govt-seeks-to-strengthen-rupee
2025-07-29,Govt crackdown on black market dollar trade pushes deals online,Currency / Exchange Rate,Neutral,https://www.dawn.com/news/1927423/govt-crackdown-on-black-market-dollar-trade-pushes-deals-online
2025-07-29,"PBF advises cut in interest, exchange rates",Monetary Policy / Interest Rates; Currency / Exchange Rate,Neutral,https://www.dawn.com/news/1927245/pbf-advises-cut-in-interest-exchange-rates
2025-07-29,Stocks flat as profit-taking erodes early gains,Stock Market (Direct),Negative,https://www.dawn.com/news/1927241/stocks-flat-as-profit-taking-erodes-early-gains
2025-07-29,"‘Budget lacks reforms, burdens formal sector’: report",Fiscal Policy / Budget / Taxes,Neutral,https://www.dawn.com/news/1927242/budget-lacks-reforms-burdens-formal-sector-report
2025-07-30,IMF nudges up growth forecasts amid risks,IMF / External Financing,Positive,https://www.dawn.com/news/1927532/imf-nudges-up-growth-forecasts-amid-risks
2025-07-30,PSX to have single-day trade settlement system from Feb,Stock Market (Direct),Neutral,https://www.dawn.com/news/1927526/psx-to-have-single-day-trade-settlement-system-from-feb
2025-07-30,18pc tax levied on cotton imports,Fiscal Policy / Budget / Taxes; Current Account / Trade,Neutral,https://www.dawn.com/news/1927533/18pc-tax-levied-on-cotton-imports
2025-07-30,Govt looks to fast-track crypto adoption,Monetary Policy / Interest Rates,Neutral,https://www.dawn.com/news/1927476/govt-looks-to-fast-track-crypto-adoption
2025-07-30,State Bank keeps monetary policy rate unchanged at 11pc,Monetary Policy / Interest Rates; Inflation / CPI,Neutral,https://www.dawn.com/news/1927601/state-bank-keeps-monetary-policy-rate-unchanged-at-11pc
2025-07-31,PSX ends higher despite policy rate surprise,Stock Market (Direct); Monetary Policy / Interest Rates,Negative,https://www.dawn.com/news/1927740/psx-ends-higher-despite-policy-rate-surprise
2025-07-31,"US oil partnership could embark Pakistan on ‘transformative path’, say experts",Oil & Gas / Energy Sector,Neutral,https://www.dawn.com/news/1927806/us-oil-partnership-could-embark-pakistan-on-transformative-path-say-experts
2025-07-31,"Govt slashes petrol price by Rs7.54, hikes high-speed diesel by Rs1.48",Oil & Gas / Energy Sector,Negative,https://www.dawn.com/news/1927841/govt-slashes-petrol-price-by-rs754-hikes-high-speed-diesel-by-rs148
2025-07-31,High interest rate stokes private sector woes,Monetary Policy / Interest Rates,Neutral,https://www.dawn.com/news/1927743/high-interest-rate-stokes-private-sector-woes
2025-07-31,Govt eyes rollovers to meet debt obligations,Monetary Policy / Interest Rates,Neutral,https://www.dawn.com/news/1927745/govt-eyes-rollovers-to-meet-debt-obligations
2025-07-31,FBR forms seven-member committee to settle GB tax issue,Fiscal Policy / Budget / Taxes,Neutral,https://www.dawn.com/news/1927718/fbr-forms-seven-member-committee-to-settle-gb-tax-issue
2025-07-31,Digital proceeds tax to not apply on foreign goods and services ordered online: FBR,Fiscal Policy / Budget / Taxes,Neutral,https://www.dawn.com/news/1927776/digital-proceeds-tax-to-not-apply-on-foreign-goods-and-services-ordered-online-fbr
2025-08-01,"Exports to EU rebound, hit $8.86bn in FY25",Current Account / Trade,Neutral,https://www.dawn.com/news/1927923/exports-to-eu-rebound-hit-886bn-in-fy25
2025-08-01,FBR exempts online foreign services from 5pc levy,Fiscal Policy / Budget / Taxes,Neutral,https://www.dawn.com/news/1927927/fbr-exempts-online-foreign-services-from-5pc-levy
2025-08-01,"PSX crosses 141,000 barrier in wake of US trade deal",Stock Market (Direct),Positive,https://www.dawn.com/news/1928054/psx-crosses-141000-barrier-in-wake-of-us-trade-deal
2025-08-01,Pakistan to get first US oil shipment as Cnergyico seals import deal,Current Account / Trade,Neutral,https://www.dawn.com/news/1928002/pakistan-to-get-first-us-oil-shipment-as-cnergyico-seals-import-deal
2025-08-01,Pakistani goods face reduced 19pc US tariff as Trump hits dozens of countries with steep duties,Current Account / Trade,Positive,https://www.dawn.com/news/1927992/pakistani-goods-face-reduced-19pc-us-tariff-as-trump-hits-dozens-of-countries-with-steep-duties
2025-08-01,SBP reserves fall by $153mn in July,Monetary Policy / Interest Rates; Foreign Reserves,Negative,https://www.dawn.com/news/1927925/sbp-reserves-fall-by-153mn-in-july
2025-08-01,Stocks rally on euphoria over US trade deal,Stock Market (Direct),Positive,https://www.dawn.com/news/1927928/stocks-rally-on-euphoria-over-us-trade-deal
2025-08-01,Tax collection rises 14pc to Rs748.6bn,Fiscal Policy / Budget / Taxes,Neutral,https://www.dawn.com/news/1927922/tax-collection-rises-14pc-to-rs7486bn
2025-08-02,Pakistan and Kyrgyzstan agree to boost cooperation in cryptocurrency,Currency / Exchange Rate,Positive,https://www.dawn.com/news/1928254/pakistan-and-kyrgyzstan-agree-to-boost-cooperation-in-cryptocurrency
2025-08-02,"Iran ready to hold talks to resolve issues hampering bilateral trade, says envoy",Current Account / Trade,Neutral,https://www.dawn.com/news/1928198/iran-ready-to-hold-talks-to-resolve-issues-hampering-bilateral-trade-says-envoy
2025-08-02,Bank Makra­­mah Ltd posts first profit,Fiscal Policy / Budget / Taxes,Neutral,https://www.dawn.com/news/1928181/bank-makramah-ltd-posts-first-profit
2025-08-02,FBR makes e-invoicing mandatory from Aug 1,Fiscal Policy / Budget / Taxes,Neutral,https://www.dawn.com/news/1928180/fbr-makes-e-invoicing-mandatory-from-aug-1
2025-08-02,Fuel and food costs push July inflation to 4.1pc,Inflation / CPI,Neutral,https://www.dawn.com/news/1928178/fuel-and-food-costs-push-july-inflation-to-41pc
2025-08-03,Cement despatches surge 30pc in July,Current Account / Trade; Cement Sector,Positive,https://www.dawn.com/news/1928369/cement-despatches-surge-30pc-in-july
2025-08-03,Equities hit all-time high on economic optimism,Stock Market (Direct),Positive,https://www.dawn.com/news/1928366/equities-hit-all-time-high-on-economic-optimism
2025-08-03,KE launches first-ever listed retail sukuk,Debt / External Debt,Neutral,https://www.dawn.com/news/1928367/ke-launches-first-ever-listed-retail-sukuk
2025-08-03,Nepra sounds alarm on power sector flaws,Oil & Gas / Energy Sector,Neutral,https://www.dawn.com/news/1928370/nepra-sounds-alarm-on-power-sector-flaws
2025-08-03,Pakistan loses ground to rivals with new 19pc US tariff,Textile Sector,Negative,https://www.dawn.com/news/1928371/pakistan-loses-ground-to-rivals-with-new-19pc-us-tariff
2025-08-05,"Urea sales decline in July, meat exports surge",Current Account / Trade; Fertilizer Sector,Neutral,https://www.dawn.com/news/1928824/urea-sales-decline-in-july-meat-exports-surge
2025-08-05,"Weak Indian rupee may blunt US tariff bite, say economists",Currency / Exchange Rate,Neutral,https://www.dawn.com/news/1928883/weak-indian-rupee-may-blunt-us-tariff-bite-say-economists
2025-08-05,Procedures notified for collection of tax on digital transactions,Fiscal Policy / Budget / Taxes,Neutral,https://www.dawn.com/news/1928822/procedures-notified-for-collection-of-tax-on-digital-transactions
2025-08-05,FBR sets safeguards against sales tax fraud arrests,Fiscal Policy / Budget / Taxes,Negative,https://www.dawn.com/news/1928821/fbr-sets-safeguards-against-sales-tax-fraud-arrests
2025-08-05,"PSX hits record high, breaching 142,000-mark",Stock Market (Direct),Positive,https://www.dawn.com/news/1928826/psx-hits-record-high-breaching-142000-mark
2025-08-06,Pakistan Mart in Dubai set to boost ‘global footprint’ of exports,Current Account / Trade,Positive,https://www.dawn.com/news/1929091/pakistan-mart-in-dubai-set-to-boost-global-footprint-of-exports
2025-08-06,PM directs FBR to eliminate bureaucratic barriers,Fiscal Policy / Budget / Taxes,Neutral,https://www.dawn.com/news/1928960/pm-directs-fbr-to-eliminate-bureaucratic-barriers
2025-08-06,Optimism drives PSX record-setting spree,Stock Market (Direct),Neutral,https://www.dawn.com/news/1929038/optimism-drives-psx-record-setting-spree
2025-08-06,"PSX soars past record 145,000 points on ‘strong’ corporate results",Stock Market (Direct); Banking Sector,Neutral,https://www.dawn.com/news/1929082/psx-soars-past-record-145000-points-on-strong-corporate-results
2025-08-06,Non-tax bonanza pushes tax ratio to 21-year high,Fiscal Policy / Budget / Taxes; GDP / Economic Growth,Neutral,https://www.dawn.com/news/1929033/non-tax-bonanza-pushes-tax-ratio-to-21-year-high
2025-08-06,New car levy to power EV revolution,Fiscal Policy / Budget / Taxes,Neutral,https://www.dawn.com/news/1929034/new-car-levy-to-power-ev-revolution
2025-08-06,Govt approves Rs2 billion bailout package for Quaid-i-Azam University,IMF / External Financing,Positive,https://www.dawn.com/news/1928952/govt-approves-rs2-billion-bailout-package-for-quaid-i-azam-university
2025-08-06,Oil prices fall,Oil & Gas / Energy Sector,Neutral,https://www.dawn.com/news/1929037/oil-prices-fall
2025-08-07,550-point gain helps PSX maintain record-setting spree,Stock Market (Direct),Neutral,https://www.dawn.com/news/1929316/550-point-gain-helps-psx-maintain-record-setting-spree
2025-08-07,Currency crunch as govt pushes dollar down,Currency / Exchange Rate,Negative,https://www.dawn.com/news/1929253/currency-crunch-as-govt-pushes-dollar-down
2025-08-07,NA passes bill to establish Pakistan Land Port Authority,Political Stability / Government,Neutral,https://www.dawn.com/news/1929324/na-passes-bill-to-establish-pakistan-land-port-authority
2025-08-07,"Record food imports, skyrocketing prices hit masses",Current Account / Trade,Negative,https://www.dawn.com/news/1929247/record-food-imports-skyrocketing-prices-hit-masses
2025-08-08,Pakistani meat company cleared for direct exports to UAE,Current Account / Trade,Neutral,https://www.dawn.com/news/1929472/tomcl-cleared-for-direct-exports-to-uae
2025-08-08,SBP reserves slip for third week,Monetary Policy / Interest Rates; Foreign Reserves,Negative,https://www.dawn.com/news/1929466/sbp-reserves-slip-for-third-week
2025-08-09,Sensitive Price Index inches up 1.73pc YoY,Inflation / CPI,Negative,https://www.dawn.com/news/1929651/sensitive-price-index-inches-up-173pc-yoy
2025-08-09,Premier seeks IT roadmap to boost exports to $30bn,Current Account / Trade,Positive,https://www.dawn.com/news/1929649/premier-seeks-it-roadmap-to-boost-exports-to-30bn
2025-08-09,"Traders continue sit-in, halting travel, trade on KKH for 20th day",Fiscal Policy / Budget / Taxes,Neutral,https://www.dawn.com/news/1929586/traders-continue-sit-in-halting-travel-trade-on-kkh-for-20th-day
2025-08-09,Factories drive 58pc surge in demand as captive users switch back to grid,Oil & Gas / Energy Sector,Negative,https://www.dawn.com/news/1929647/factories-drive-58pc-surge-in-demand-as-captive-users-switch-back-to-grid
2025-08-09,Businesses relieved as govt softens tax policy,Fiscal Policy / Budget / Taxes,Neutral,https://www.dawn.com/news/1929650/businesses-relieved-as-govt-softens-tax-policy
2025-08-09,"PSX slips as trade gap, politics rattle investors",Stock Market (Direct); Fertilizer Sector,Neutral,https://www.dawn.com/news/1929652/psx-slips-as-trade-gap-politics-rattle-investors
2025-08-10,"Smuggled goods, high energy costs cripple economy",GDP / Economic Growth,Positive,https://www.dawn.com/news/1929886/smuggled-goods-high-energy-costs-cripple-economy
2025-08-10,Services exports rise 9.2pc to $8.39bn in FY25,Current Account / Trade,Positive,https://www.dawn.com/news/1929888/services-exports-rise-92pc-to-839bn-in-fy25
2025-08-11,ADB to provide Punjab with project readiness financing,IMF / External Financing,Neutral,https://www.dawn.com/news/1930041/adb-to-provide-punjab-with-project-readiness-financing
2025-08-11,"Govt expects investment in mines, export of refined copper to US",Current Account / Trade,Neutral,https://www.dawn.com/news/1930100/govt-expects-investment-in-mines-export-of-refined-copper-to-us
2025-08-11,Parent-friendly policies must be treated as essential to economic growth,GDP / Economic Growth,Neutral,https://www.dawn.com/news/1929984/corporate-window-investing-in-families
2025-08-11,Power sector economics,Oil & Gas / Energy Sector,Neutral,https://www.dawn.com/news/1929975/power-sector-economics
2025-08-11,Souring India-US relationship,Current Account / Trade,Neutral,https://www.dawn.com/news/1929942/souring-india-us-relationship
2025-08-12,Business confidence rises: Gallup,Political Stability / Government,Neutral,https://www.dawn.com/news/1930290/business-confidence-rises-gallup
2025-08-12,PSX hits new peak amid US investment hopes,Stock Market (Direct),Neutral,https://www.dawn.com/news/1930285/psx-hits-new-peak-amid-us-investment-hopes
2025-08-12,SME defaults rise despite SBP push for digitalisation,Monetary Policy / Interest Rates,Neutral,https://www.dawn.com/news/1930286/sme-defaults-rise-despite-sbp-push-for-digitalisation
2025-08-12,US tariff on Indian rice opens market for Pakistan,Current Account / Trade,Positive,https://www.dawn.com/news/1930287/us-tariff-on-indian-rice-opens-market-for-pakistan
2025-08-13,Pakistan picks Japanese company for digital currency rollout,Currency / Exchange Rate; Banking Sector,Neutral,https://www.dawn.com/news/1930568/pakistan-picks-japanese-company-for-digital-currency-rollout
2025-08-13,"PSX closes above record 147,000 points",Stock Market (Direct),Neutral,https://www.dawn.com/news/1930562/psx-closes-above-record-147000-points
2025-08-13,Moody’s upgrades Pakistan’s credit rating to Caa1 based on ‘improving external position’,Credit Rating,Positive,https://www.dawn.com/news/1930657/moodys-upgrades-pakistans-credit-rating-to-caa1-based-on-improving-external-position
2025-08-13,Ministry okays Rs141bn PSDP for first quarter,Fiscal Policy / Budget / Taxes,Neutral,https://www.dawn.com/news/1930595/ministry-okays-rs141bn-psdp-for-first-quarter
2025-08-13,Finance minister notes ‘room’ for lowering interest rate by year end,Stock Market (Direct); Monetary Policy / Interest Rates; Credit Rating,Neutral,https://www.dawn.com/news/1930636/finance-minister-notes-room-for-lowering-interest-rate-by-year-end
2025-08-13,Auto sales see annual growth amidst monthly decline,Automobile Sector,Neutral,https://www.dawn.com/news/1930565/auto-sales-see-annual-growth-amidst-monthly-decline
2025-08-14,ECC okays industrial estate on Pakistan Steel Mills land,Current Account / Trade,Neutral,https://www.dawn.com/news/1930750/ecc-okays-industrial-estate-on-pakistan-steel-mills-land
2025-08-14,Govt mulls action as fertiliser prices strain farmers,Fertilizer Sector,Positive,https://www.dawn.com/news/1930747/govt-mulls-action-as-fertiliser-prices-strain-farmers
2025-08-14,Profit-taking snaps record streak at PSX,Stock Market (Direct),Negative,https://www.dawn.com/news/1930743/profit-taking-snaps-record-streak-at-psx
2025-08-14,SBP calls for reforms to sustain growth,Monetary Policy / Interest Rates,Neutral,https://www.dawn.com/news/1930749/sbp-calls-for-reforms-to-sustain-growth
2025-08-15,Worn clothing imports rise as poverty surges to 45pc,Current Account / Trade,Neutral,https://www.dawn.com/news/1930963/worn-clothing-imports-rise-as-poverty-surges-to-45pc
2025-08-15,Trade with North America rebounds in FY25,Current Account / Trade; Textile Sector,Positive,https://www.dawn.com/news/1930959/trade-with-north-america-rebounds-in-fy25
2025-08-15,Saudi fund sells stakes  in US firms,IMF / External Financing,Neutral,https://www.dawn.com/news/1930960/saudi-fund-sells-stakes-in-us-firms
2025-08-15,S&P lifts India rating despite US tariff risks,Credit Rating,Neutral,https://www.dawn.com/news/1930958/sp-lifts-india-rating-despite-us-tariff-risks
2025-08-15,PM Shehbaz inaugurates Chinese textile group’s special economic zone in Islamabad,Current Account / Trade; Textile Sector,Neutral,https://www.dawn.com/news/1931055/pm-shehbaz-inaugurates-chinese-textile-groups-special-economic-zone-in-islamabad
2025-08-15,Digital tracking to end fuel black market,Current Account / Trade,Neutral,https://www.dawn.com/news/1930957/digital-tracking-to-end-fuel-black-market
2025-08-15,"Deployment of FBR, Rangers men at tobacco factories flayed",Fiscal Policy / Budget / Taxes,Neutral,https://www.dawn.com/news/1930937/deployment-of-fbr-rangers-men-at-tobacco-factories-flayed
2025-08-15,Committee formed for auto sector,Automobile Sector,Neutral,https://www.dawn.com/news/1930962/committee-formed-for-auto-sector
2025-08-15,Privatisation Commission signs pact with financial advisers for privatising Zarai Taraqiati Bank,Privatization / Divestment,Neutral,https://www.dawn.com/news/1931071/privatisation-commission-signs-pact-with-financial-advisers-for-privatising-zarai-taraqiati-bank
2025-08-16,Govt pledges uninterrupted fertiliser supply for Kharif season,Fertilizer Sector,Neutral,https://www.dawn.com/news/1931199/govt-pledges-uninterrupted-fertiliser-supply-for-kharif-season
2025-08-16,PSX ends flat as profit-taking caps gains,Stock Market (Direct),Negative,https://www.dawn.com/news/1931175/psx-ends-flat-as-profit-taking-caps-gains
2025-08-16,SBP forex reserves rise,Monetary Policy / Interest Rates; Foreign Reserves,Positive,https://www.dawn.com/news/1931176/sbp-forex-reserves-rise
2025-08-16,Weekly inflation rises 2.21pc amid soaring food prices,Inflation / CPI,Negative,https://www.dawn.com/news/1931180/weekly-inflation-rises-221pc-amid-soaring-food-prices
2025-08-17,Investments in T-bills dip as sentiment weakens,Foreign Investment / FPI,Neutral,https://www.dawn.com/news/1931346/investments-in-t-bills-dip-as-sentiment-weakens
2025-08-17,"PSX rises for eighth week on rating upgrade, strong results",Stock Market (Direct),Positive,https://www.dawn.com/news/1931340/psx-rises-for-eighth-week-on-rating-upgrade-strong-results
2025-08-17,"Faceless clearance lifts vehicle imports, not revenues",Current Account / Trade,Positive,https://www.dawn.com/news/1931345/faceless-clearance-lifts-vehicle-imports-not-revenues
2025-08-17,"Business leaders seek rate cut, power relief to spur exports",Current Account / Trade,Positive,https://www.dawn.com/news/1931344/business-leaders-seek-rate-cut-power-relief-to-spur-exports
2025-08-18,Clear signal from US that trade deals are now tools of geopolitical competition,Current Account / Trade,Neutral,https://www.dawn.com/news/1931602
2025-08-18,Govt may allow new gas connections with fee hike amid push to address glut,Oil & Gas / Energy Sector,Neutral,https://www.dawn.com/news/1931531/govt-may-allow-new-gas-connections-with-fee-hike
2025-08-18,Int’l road-building contract funded by ADB under parliamentary scrutiny for ‘glaring lapses’,IMF / External Financing,Neutral,https://www.dawn.com/news/1931599
2025-08-18,State Bank to launch upgraded payment and settlement system today,Monetary Policy / Interest Rates,Positive,https://www.dawn.com/news/1931707/state-bank-to-launch-upgraded-payment-and-settlement-system-today
2025-08-19,"Banks set to gain from stability, says Fitch",Inflation / CPI; Credit Rating; GDP / Economic Growth,Neutral,https://www.dawn.com/news/1931786/banks-set-to-gain-from-stability-says-fitch
2025-08-19,Low savings hamper growth: SBP chief,Monetary Policy / Interest Rates; GDP / Economic Growth,Negative,https://www.dawn.com/news/1931788/low-savings-hamper-growth-sbp-chief
2025-08-19,"PSX scales another milestone of 148,000",Stock Market (Direct),Positive,https://www.dawn.com/news/1931782/psx-scales-another-milestone-of-148000
2025-08-19,"Pakistan, Iran set $3bn target for agri-trade in two years in bid to boost bilateral trade",Current Account / Trade,Positive,https://www.dawn.com/news/1931746/pakistan-iran-set-3bn-target-for-agri-trade-in-two-years
2025-08-20,PSX hits record high amid heavy downpour,Stock Market (Direct),Positive,https://www.dawn.com/news/1931978/psx-hits-record-high-amid-heavy-downpour
2025-08-20,Moody’s upgrades ratings of 5 banks,Credit Rating,Positive,https://www.dawn.com/news/1931980/moodys-upgrades-ratings-of-5-banks
2025-08-20,"Karachi deluge cripples industries, halts exports",Current Account / Trade,Negative,https://www.dawn.com/news/1931982/karachi-deluge-cripples-industries-halts-exports
2025-08-20,FBR notifies simplified e-return form for taxpayers,Fiscal Policy / Budget / Taxes,Neutral,https://www.dawn.com/news/1932014/fbr-notifies-simplified-e-return-form-for-taxpayers
2025-08-21,Exports to nine regional states rise,Current Account / Trade,Positive,https://www.dawn.com/news/1932168/exports-to-nine-regional-states-rise
2025-08-21,Govt pledges support for auto sector as parts makers decry used car imports,Current Account / Trade; Automobile Sector,Neutral,https://www.dawn.com/news/1932171/support-pledged-for-auto-sector
2025-08-21,"PSX surpasses 150,000-point milestone",Stock Market (Direct),Positive,https://www.dawn.com/news/1932173/psx-surpasses-150000-point-milestone
2025-08-21,Slow pace of work on CPEC cause for concern: PML-N leader,Political Stability / Government,Neutral,https://www.dawn.com/news/1932178/slow-pace-of-work-on-cpec-cause-for-concern-pml-n-leader
2025-08-21,"Wapda under fire for trillion-rupee disputes, project failures",Currency / Exchange Rate,Neutral,https://www.dawn.com/news/1932167/wapda-under-fire-for-trillion-rupee-disputes-project-failures
2025-08-22,‘Textile exports struggling due to high costs’,Monetary Policy / Interest Rates; Fiscal Policy / Budget / Taxes; Current Account / Trade; Textile Sector,Negative,https://www.dawn.com/news/1933220/textile-exports-struggling-due-to-high-costs
2025-08-22,Uptick in SBP reserves,Monetary Policy / Interest Rates,Positive,https://www.dawn.com/news/1933217/uptick-in-sbp-reserves
2025-08-22,Rs790bn tax gap exposes systemic rot,Fiscal Policy / Budget / Taxes,Neutral,https://www.dawn.com/news/1933225/rs790bn-tax-gap-exposes-systemic-rot
2025-08-22,"FIA cracks down on illegal currency, fake ID networks",Currency / Exchange Rate,Neutral,https://www.dawn.com/news/1933250/fia-cracks-down-on-illegal-currency-fake-id-networks
2025-08-22,ADB to give $410m for Barrick-run Reko Diq,IMF / External Financing,Neutral,https://www.dawn.com/news/1933222/adb-to-give-410m-for-barrick-run-reko-diq
2025-08-22,"PSX drops 1,346 points amid political jitters",Stock Market (Direct),Negative,https://www.dawn.com/news/1933215/psx-drops-1346-points-amid-political-jitters
2025-08-23,Textile exports surge by 32pc in July,Current Account / Trade; Textile Sector,Positive,https://www.dawn.com/news/1934914/textile-exports-surge-by-32pc-in-july
2025-08-23,ADB approves $800m for fiscal sustainability,IMF / External Financing; Fiscal Policy / Budget / Taxes,Positive,https://www.dawn.com/news/1934913/adb-approves-800m-for-fiscal-sustainability
2025-08-23,ADB looks to back rail upgrade connecting Reko Diq to Karachi,IMF / External Financing,Positive,https://www.dawn.com/news/1934902/adb-looks-to-back-rail-upgrade-connecting-reko-diq-to-karachi
2025-08-23,"Economic gains at risk without bold reforms, warns Institute of International Finance",Fiscal Policy / Budget / Taxes; Oil & Gas / Energy Sector; Privatization / Divestment,Negative,https://www.dawn.com/news/1934917/economic-gains-at-risk-without-bold-reforms-warns-institute-of-international-finance
2025-08-23,"FPCCI calls claimed circular debt cut ‘misleading, artificial’",Oil & Gas / Energy Sector,Positive,https://www.dawn.com/news/1934915/fpcci-calls-claimed-circular-debt-cut-misleading-artificial
2025-08-23,PSX rebounds as investor sentiment improves,Stock Market (Direct),Neutral,https://www.dawn.com/news/1934910/psx-rebounds-as-investor-sentiment-improves
2025-08-24,PSX extends northward journey for ninth straight week,Stock Market (Direct),Neutral,https://www.dawn.com/news/1936362/psx-extends-northward-journey-for-ninth-straight-week
2025-08-24,Raw food exports decline 10.25pc in July,Current Account / Trade,Negative,https://www.dawn.com/news/1936368/raw-food-exports-decline-1025pc-in-july
2025-08-24,50pc decline in dollar sales reported amid concerns of re-emerging illegal forex market,Currency / Exchange Rate,Negative,https://www.dawn.com/news/1936369
2025-08-24,Ginners launch crackdown to improve cotton quality,Current Account / Trade,Neutral,https://www.dawn.com/news/1936366/ginners-launch-crackdown-to-improve-cotton-quality
2025-08-25,"Fitch maintains its rating on India, citing strong growth",Credit Rating,Neutral,https://www.dawn.com/news/1937109/fitch-maintains-its-rating-on-india-citing-strong-growth
2025-08-25,King Dollar,Currency / Exchange Rate,Neutral,https://www.dawn.com/news/1937054/king-dollar
2025-08-25,Repeated neglect in disaster response mirrors Pakistan’s broader economic vulnerabilities,Political Stability / Government,Neutral,https://www.dawn.com/news/1936956
2025-08-25,Transfer pricing — legal and procedural perspectives,Fiscal Policy / Budget / Taxes,Neutral,https://www.dawn.com/news/1936974/transfer-pricing-legal-and-procedural-perspectives
2025-08-25,"World bank approves $47.9m grant to improve Punjab primary education, enrolment",IMF / External Financing,Positive,https://www.dawn.com/news/1937091/world-bank-approves-479m-grant-to-improve-punjab-primary-education-enrolment
2025-08-26,IT sector grows as exports reach all-time high of $354m in July,Stock Market (Direct); Current Account / Trade,Positive,https://www.dawn.com/news/1937233
2025-08-26,Indian lenders told to step up checks on funds flowing indirectly from Pakistan,Banking Sector,Neutral,https://www.dawn.com/news/1937350/indian-lenders-told-to-step-up-checks-on-funds-flowing-indirectly-from-pakistan
2025-08-26,PSX loses 677 points on IMF concerns,Stock Market (Direct); IMF / External Financing,Negative,https://www.dawn.com/news/1937229/psx-loses-677-points-on-imf-concerns
2025-08-26,SBP’s sandbox to foster financial innovations,Monetary Policy / Interest Rates,Neutral,https://www.dawn.com/news/1937230/sbps-sandbox-to-foster-financial-innovations
2025-08-27,Stocks stay bearish on economic concerns,Stock Market (Direct),Negative,https://www.dawn.com/news/1937486/stocks-stay-bearish-on-economic-concerns
2025-08-27,SBP purchases $7.8bn to check rupee surge,Monetary Policy / Interest Rates; Currency / Exchange Rate; Foreign Reserves; Banking Sector,Neutral,https://www.dawn.com/news/1937480/sbp-purchases-78bn-to-check-rupee-surge
2025-08-27,PM Shehbaz pushes for AI-driven customs reforms,Fiscal Policy / Budget / Taxes,Neutral,https://www.dawn.com/news/1937484/pm-shehbaz-pushes-for-ai-driven-customs-reforms
2025-08-27,Businesses avoid bank loans,Monetary Policy / Interest Rates; Banking Sector,Neutral,https://www.dawn.com/news/1937482/businesses-avoid-bank-loans
2025-08-27,Declining lending rates drive surge in auto loans,Monetary Policy / Interest Rates,Neutral,https://www.dawn.com/news/1937483/declining-lending-rates-drive-surge-in-auto-loans
2025-08-27,"Govt approves Rs47bn petroleum levy recovery, Rs11bn PTV bailout",IMF / External Financing; Oil & Gas / Energy Sector,Positive,https://www.dawn.com/news/1937481/govt-approves-rs47bn-petroleum-levy-recovery-rs11bn-ptv-bailout
2025-08-28,Gold exports in crisis as traders urge revival of SRO 760,Current Account / Trade,Negative,https://www.dawn.com/news/1937762/gold-exports-in-crisis-as-traders-urge-revival-of-sro-760
2025-08-28,Pakistan Textile Council flags raw material exclusion from Export Facilitation Scheme,Current Account / Trade; Textile Sector,Neutral,https://www.dawn.com/news/1937763/pakistan-textile-council-flags-raw-material-exclusion-from-export-facilitation-scheme
2025-08-28,Pakistan seeks Asian Development Bank’s support for reforms,IMF / External Financing,Neutral,https://www.dawn.com/news/1937791/pakistan-seeks-asian-development-banks-support-for-reforms
2025-08-28,"State Bank of Pakistan, United Nations join hands",Monetary Policy / Interest Rates,Neutral,https://www.dawn.com/news/1937764/state-bank-of-pakistan-united-nations-join-hands
2025-08-28,"Tax overhaul, faster privatisation on government agenda",Fiscal Policy / Budget / Taxes; Privatization / Divestment,Neutral,https://www.dawn.com/news/1937767/tax-overhaul-faster-privatisation-on-government-agenda
2025-08-29,SBP earns Rs2.5tr profit,Monetary Policy / Interest Rates,Neutral,https://www.dawn.com/news/1938002/sbp-earns-rs25tr-profit
2025-08-29,Ogra orders shift to digital payments,Oil & Gas / Energy Sector,Neutral,https://www.dawn.com/news/1937997/ogra-orders-shift-to-digital-payments
2025-08-29,PSX extends losing streak for fourth session,Stock Market (Direct),Neutral,https://www.dawn.com/news/1938003/psx-extends-losing-streak-for-fourth-session
2025-08-29,Glitches in tax portal,Fiscal Policy / Budget / Taxes,Neutral,https://www.dawn.com/news/1937999/glitches-in-tax-portal
2025-08-29,Lahore High Court nixes plea against PIA sale,Privatization / Divestment,Neutral,https://www.dawn.com/news/1938045/lahore-high-court-nixes-plea-against-pia-sale
2025-08-29,FBR moves to tighten e-commerce oversight,Fiscal Policy / Budget / Taxes,Neutral,https://www.dawn.com/news/1938019/fbr-moves-to-tighten-e-commerce-oversight
2025-08-30,ADB commits $3 million grant for flood relief,IMF / External Financing,Positive,https://www.dawn.com/news/1938326/adb-commits-3-million-grant-for-flood-relief
2025-08-30,"Aurangzeb highlights reforms, invites UAE investment",Privatization / Divestment,Neutral,https://www.dawn.com/news/1938336/aurangzeb-highlights-reforms-invites-uae-investment
2025-08-30,Cement stocks lift PSX out of four-session slump,Stock Market (Direct); Inflation / CPI; Cement Sector,Negative,https://www.dawn.com/news/1938337/cement-stocks-lift-psx-out-of-four-session-slump
2025-08-30,Financing for new PSDP projects limited to 2pc in line with IMF conditions,IMF / External Financing; Fiscal Policy / Budget / Taxes,Neutral,https://www.dawn.com/news/1938330/new-psdp-projects-limited-to-2pc-under-imf-programme
2025-08-30,Govt finalising five-year policy to boost textile exports,Current Account / Trade; Textile Sector,Positive,https://www.dawn.com/news/1938331/govt-finalising-five-year-policy-to-boost-textile-exports
2025-08-30,Listed banks post Rs168bn profit,Banking Sector,Positive,https://www.dawn.com/news/1938334/listed-banks-post-rs168bn-profit
2025-08-30,"Pakistan gets US nod to extend seafood exports for 4 years, set to ‘bolster position in global market’",Current Account / Trade,Neutral,https://www.dawn.com/news/1938431/pakistan-gets-us-nod-to-extend-seafood-exports-for-4-years-set-to-bolster-position-in-global-market
2025-08-30,SBP to monitor banks’ investing abroad,Monetary Policy / Interest Rates,Neutral,https://www.dawn.com/news/1938333/sbp-to-monitor-banks-investing-abroad
2025-08-30,Short-term inflation rises 3.57pc,Inflation / CPI,Negative,https://www.dawn.com/news/1938332/short-term-inflation-rises-357pc
2025-08-31,"Onion, potato deliveries to Karachi decline as Punjab floods disrupt supply chains",Inflation / CPI,Neutral,https://www.dawn.com/news/1938520/punjab-floods-disrupt-supply-chains-inflation-risks-loom
2025-08-31,Ogra notifies 0.54pc decrease in LPG price,Inflation / CPI; Currency / Exchange Rate; Oil & Gas / Energy Sector,Neutral,https://www.dawn.com/news/1938720/ogra-notifies-054pc-decrease-in-lpg-price
2025-08-31,Dollar shortage strains rupee’s ‘artificial’ strength,Currency / Exchange Rate,Neutral,https://www.dawn.com/news/1938513/dollar-shortage-strains-rupees-artificial-strength
2025-08-31,Asian Development Bank to fund climate-resilient agriculture project,IMF / External Financing,Neutral,https://www.dawn.com/news/1938512/asian-development-bank-to-fund-climate-resilient-agriculture-project
2025-08-31,FBR faces Rs42bn gap amid tax slowdown,Fiscal Policy / Budget / Taxes,Negative,https://www.dawn.com/news/1938511/fbr-faces-rs42bn-gap-amid-tax-slowdown
2025-09-01,"August inflation cools to 3pc, flood impact looms",Inflation / CPI,Neutral,https://www.dawn.com/news/1938951/august-inflation-cools-to-3pc-flood-impact-looms
2025-09-02,PSX extends recovery drive despite flood warnings,Stock Market (Direct),Positive,https://www.dawn.com/news/1939059/psx-extends-recovery-drive-despite-flood-warnings
2025-09-03,Urea sales surge 46pc in August,Fertilizer Sector,Positive,https://www.dawn.com/news/1939303/urea-sales-surge-46pc-in-august
2025-09-03,Construction activity spurs cement demand,Cement Sector,Neutral,https://www.dawn.com/news/1939300/construction-activity-spurs-cement-demand
2025-09-03,Exports fall 12.5pc as demand dips in August,Current Account / Trade,Negative,https://www.dawn.com/news/1939304/exports-fall-125pc-as-demand-dips-in-august
2025-09-03,"PSX defies flood concerns, hits new peak",Stock Market (Direct),Neutral,https://www.dawn.com/news/1939299/psx-defies-flood-concerns-hits-new-peak
2025-09-03,Paperboard industry warns of dumping risk,Current Account / Trade,Negative,https://www.dawn.com/news/1939298/paperboard-industry-warns-of-dumping-risk
2025-09-03,SBP chief sees GDP expanding 3.25-4.25pc,Monetary Policy / Interest Rates; Current Account / Trade; Textile Sector; GDP / Economic Growth,Positive,https://www.dawn.com/news/1939305/sbp-chief-sees-gdp-expanding-325-425pc
2025-09-04,"The state is trying to extract more revenues, dollars from an economy not able to supply those",IMF / External Financing,Neutral,https://www.dawn.com/news/1939561
2025-09-04,"Cement, fertiliser power PSX to new peak",Stock Market (Direct); Cement Sector; Fertilizer Sector,Neutral,https://www.dawn.com/news/1939573/cement-fertiliser-power-psx-to-new-peak
2025-09-04,Parliament to take up bill to give legal cover to employees regularised during PPP govt,Political Stability / Government,Neutral,https://www.dawn.com/news/1939507/parliament-to-take-up-bill-to-give-legal-cover-to-employees-regularised-during-ppp-govt
2025-09-05,K-Electric sukuk IPO oversubscribed by 2.2 times; raises Rs2bn,Debt / External Debt,Neutral,https://www.dawn.com/news/1939747/k-electric-sukuk-ipo-oversubscribed-by-22-times-raises-rs2bn
2025-09-05,"PSX crosses 154,000 points amid investor optimism despite flood-related risks",Stock Market (Direct),Neutral,https://www.dawn.com/news/1939917/psx-crosses-154000-points-amid-investor-optimism-despite-flood-related-risks
2025-09-05,PSX hits new highs despite flood concerns,Stock Market (Direct),Positive,https://www.dawn.com/news/1939752/psx-hits-new-highs-despite-flood-concerns
2025-09-05,SBP reserves rise by $28m to $14.3bn,Monetary Policy / Interest Rates,Positive,https://www.dawn.com/news/1939750/sbp-reserves-rise-by-28m-to-143bn
2025-09-05,Services exports rise 18.3pc in July,Current Account / Trade,Positive,https://www.dawn.com/news/1939748/services-exports-rise-183pc-in-july
2025-09-06,KE’s sukuk,Debt / External Debt,Neutral,https://www.dawn.com/news/1940064/kes-sukuk
2025-09-06,Perishables push inflation up 5pc,Inflation / CPI,Negative,https://www.dawn.com/news/1940067/perishables-push-inflation-up-5pc
2025-09-06,Weak reforms fuel Pakistan’s energy black hole,Oil & Gas / Energy Sector; GDP / Economic Growth,Neutral,https://www.dawn.com/news/1940070/weak-reforms-fuel-pakistans-energy-black-hole
2025-09-07,Kazakh Deputy PM to arrive in Pakistan tomorrow on 2-day visit to further cement ties,Cement Sector,Neutral,https://www.dawn.com/news/1940275/kazakh-deputy-pm-to-arrive-in-pakistan-tomorrow-on-2-day-visit-to-further-cement-ties
2025-09-08,Removing the auto sector’s training wheels,Current Account / Trade; Automobile Sector,Neutral,https://www.dawn.com/news/1940050/removing-the-auto-sectors-training-wheels
2025-09-08,"PSX breaches 156,000-point barrier on back of improving macroeconomic indicators",Stock Market (Direct),Positive,https://www.dawn.com/news/1940511/psx-breaches-156000-point-barrier-on-back-of-improving-macroeconomic-indicators
2025-09-09,Gender Diversity Awards celebrate companies committed to empowering women,Banking Sector,Neutral,https://www.dawn.com/news/1940627
2025-09-09,"Punjab floods cause major damage to Kharif crops, prompting food inflation fears",Inflation / CPI,Neutral,https://www.dawn.com/news/1940647/flood-devastation-prompts-food-inflation-fears
2025-09-09,The new tariff policy poses a risk to external sector stability and current account surplus,Current Account / Trade,Neutral,https://www.dawn.com/news/1940660
2025-09-09,Trade deficit with Middle East soars 22pc,Monetary Policy / Interest Rates; Current Account / Trade,Negative,https://www.dawn.com/news/1940623/trade-deficit-with-middle-east-soars-22pc
2025-09-10,Cabinet approves resumption of new gas connections; declares climate and agriculture emergencies,Oil & Gas / Energy Sector,Positive,https://www.dawn.com/news/1941002/cabinet-approves-resumption-of-new-gas-connections-declares-climate-and-agriculture-emergencies
2025-09-10,Just Rs5.3bn spent on development in July-Aug,Fiscal Policy / Budget / Taxes,Neutral,https://www.dawn.com/news/1940828/just-rs53bn-spent-on-development-in-july-aug
2025-09-10,PM Shehbaz orders revival of taxpayers’ directory after 5 years,Fiscal Policy / Budget / Taxes,Neutral,https://www.dawn.com/news/1940830/pm-shehbaz-orders-revival-of-taxpayers-directory-after-5-years
2025-09-10,PSX sustains record-setting streak,Stock Market (Direct),Neutral,https://www.dawn.com/news/1940831/psx-sustains-record-setting-streak
2025-09-11,‘China Inside’: How Chinese EV tech is reshaping global auto design,Automobile Sector,Neutral,https://www.dawn.com/news/1941184/china-inside-how-chinese-ev-tech-is-reshaping-global-auto-design
2025-09-11,"Senate panel seeks govt control over SBP, SECP salaries",Monetary Policy / Interest Rates,Neutral,https://www.dawn.com/news/1941127/senate-panel-seeks-govt-control-over-sbp-secp-salaries
2025-09-11,PSX extends record rally for seventh session,Stock Market (Direct),Negative,https://www.dawn.com/news/1941126/psx-extends-record-rally-for-seventh-session
2025-09-12,Auto sales surge 62pc,Automobile Sector,Positive,https://www.dawn.com/news/1941300/auto-sales-surge-62pc
2025-09-12,"Industrial policy is not a strategy for growth, but a recipe for stagnation and inertia",Fiscal Policy / Budget / Taxes,Neutral,https://www.dawn.com/news/1941369/industrial-policy-a-relic
2025-09-12,Ogra raises RLNG prices for September,Oil & Gas / Energy Sector,Neutral,https://www.dawn.com/news/1941298/ogra-raises-rlng-prices-for-september
2025-09-12,"PSX snaps bull run on flood, inflation risks",Stock Market (Direct); Inflation / CPI,Negative,https://www.dawn.com/news/1941302/psx-snaps-bull-run-on-flood-inflation-risks
2025-09-12,Pakistan secures $285m guarantees for Panda bond,IMF / External Financing,Positive,https://www.dawn.com/news/1941296/pakistan-secures-285m-guarantees-for-panda-bond
2025-09-12,SBP reserves rise by $34m to $14.34bn,Monetary Policy / Interest Rates; Foreign Reserves,Positive,https://www.dawn.com/news/1941301/sbp-reserves-rise-by-34m-to-1434bn
2025-09-13,"IMF says Pakistan’s flood spending, budget agility to be reviewed",IMF / External Financing; Fiscal Policy / Budget / Taxes,Neutral,https://www.dawn.com/news/1941738/imf-says-pakistans-flood-spending-budget-agility-to-be-reviewed
2025-09-13,PIA halts Canada flights operations for a month,Privatization / Divestment,Negative,https://www.dawn.com/news/1941608/pia-halts-canada-flights-operations-for-a-month
2025-09-13,"PSX sheds 1,701 points amid economic concerns",Stock Market (Direct); IMF / External Financing,Negative,https://www.dawn.com/news/1941606/psx-sheds-1701-points-amid-economic-concerns
2025-09-13,SBP poised to maintain policy rate at 11pc,Monetary Policy / Interest Rates; Inflation / CPI,Neutral,https://www.dawn.com/news/1941600/sbp-poised-to-maintain-policy-rate-at-11pc
2025-09-14,Textile exports hinge on European Union,Current Account / Trade; Textile Sector,Neutral,https://www.dawn.com/news/1941813/textile-exports-hinge-on-european-union
2025-09-14,Stakeholders differ over flood impact on supplies,Inflation / CPI,Negative,https://www.dawn.com/news/1941814/stakeholders-differ-over-flood-impact-on-supplies
2025-09-14,"PSX holds steady; investors eye policy rate, flood impact",Stock Market (Direct); Monetary Policy / Interest Rates; Automobile Sector,Positive,https://www.dawn.com/news/1941810/psx-holds-steady-investors-eye-policy-rate-flood-impact
2025-09-14,"Inflation, changing consumer habits reshaping online food and grocery orders: foodpanda CEO",Inflation / CPI,Neutral,https://www.dawn.com/news/1941812
2025-09-15,Editorial: Govt’s fiscal mismanagement has made state unable to protect Pakistanis when disaster strikes,GDP / Economic Growth,Negative,https://www.dawn.com/news/1942062/fiscal-failure
2025-09-15,Faceless customs system loses Rs100bn in three months,Fiscal Policy / Budget / Taxes,Neutral,https://www.dawn.com/news/1942013/faceless-customs-system-loses-rs100bn-in-three-months
2025-09-15,Finance: The hidden tax on progress,Fiscal Policy / Budget / Taxes,Neutral,https://www.dawn.com/news/1942002/finance-the-hidden-tax-on-progress
2025-09-15,IMF team to assess flood spending later this month,IMF / External Financing,Neutral,https://www.dawn.com/news/1942071/imf-team-to-assess-flood-spending-later-this-month
2025-09-15,Pakistan again holds interest rate at 11pc as floods stoke inflation fears,Stock Market (Direct); Monetary Policy / Interest Rates; Inflation / CPI,Neutral,https://www.dawn.com/news/1942178/pakistan-again-holds-interest-rate-at-11pc-as-floods-stoke-inflation-fears
2025-09-15,Rallying support for those in need,Fiscal Policy / Budget / Taxes,Negative,https://www.dawn.com/news/1942003/rallying-support-for-those-in-need
2025-09-15,The hidden tax on progress,Fiscal Policy / Budget / Taxes,Neutral,https://www.dawn.com/news/1942002
2025-09-16,"Unchanged policy rate disappoints trade, industry leaders",Monetary Policy / Interest Rates,Neutral,https://www.dawn.com/news/1942307
2025-09-16,PIA swings to profit in first half of this year as privatisation push gathers pace,Fiscal Policy / Budget / Taxes; Privatization / Divestment,Neutral,https://www.dawn.com/news/1942425/pia-swings-to-profit-in-first-half-of-this-year-as-privatisation-push-gathers-pace
2025-09-16,Govt to centralise customs assessment to curb corruption,Fiscal Policy / Budget / Taxes,Negative,https://www.dawn.com/news/1942306/govt-to-centralise-customs-assessment-to-curb-corruption
2025-09-16,Auto sector warns draft law may ‘criminalise’ business,Automobile Sector,Negative,https://www.dawn.com/news/1942305/auto-sector-warns-draft-law-may-criminalise-business
2025-09-17,Big industry grows 9pc in July,Current Account / Trade; Textile Sector,Positive,https://www.dawn.com/news/1942531/big-industry-grows-9pc-in-july
2025-09-17,Bulls stay the course as PSX gains ground,Stock Market (Direct); Monetary Policy / Interest Rates,Positive,https://www.dawn.com/news/1942530/bulls-stay-the-course-as-psx-gains-ground
2025-09-17,Deadlock persists on GB traders’ demand for tax exemptions,Fiscal Policy / Budget / Taxes,Neutral,https://www.dawn.com/news/1942538/deadlock-persists-on-gb-traders-demand-for-tax-exemptions
2025-09-17,"Development budget hits historic low, warns Ahsan Iqbal",Currency / Exchange Rate; Fiscal Policy / Budget / Taxes,Negative,https://www.dawn.com/news/1942533/development-budget-hits-historic-low-warns-ahsan-iqbal
2025-09-17,SC questions parliament’s power to slap super tax,Fiscal Policy / Budget / Taxes,Neutral,https://www.dawn.com/news/1942562/sc-questions-parliaments-power-to-slap-super-tax
2025-09-18,PSX ends flat as inflation concerns weigh,Stock Market (Direct); Inflation / CPI,Neutral,https://www.dawn.com/news/1942824/psx-ends-flat-as-inflation-concerns-weigh
2025-09-18,"PSX rises by 1,700 points on back of bolstered investor confidence after Saudi defence pact",Stock Market (Direct),Positive,https://www.dawn.com/news/1942949/psx-rises-by-1700-points-on-back-of-bolstered-investor-confidence-after-saudi-defence-pact
2025-09-18,Tax on feminine hygiene products challenged in LHC,Fiscal Policy / Budget / Taxes,Neutral,https://www.dawn.com/news/1942802/tax-on-feminine-hygiene-products-challenged-in-lhc
2025-09-19,PSX rallies to all-time high on defence deal,Stock Market (Direct),Positive,https://www.dawn.com/news/1943045/psx-rallies-to-all-time-high-on-defence-deal
2025-09-19,Foreign investment plunges 22pc in first 2 months,Foreign Investment / FPI; Textile Sector,Negative,https://www.dawn.com/news/1943041/
2025-09-19,Auto industry warns of looming uncertainty as international firms exit,Foreign Investment / FPI; Automobile Sector,Negative,https://www.dawn.com/news/1943043/
2025-09-19,All govt payments to be digitised by June 2026,Monetary Policy / Interest Rates,Neutral,https://www.dawn.com/news/1943042/all-govt-payments-to-be-digitised-by-june-2026
2025-09-19,Current account gap narrows to $245m,Current Account / Trade,Neutral,https://www.dawn.com/news/1943044/current-account-gap-narrows-to-245m
2025-09-20,Global banks feel heat after Trump’s Fed attack,Banking Sector,Neutral,https://www.dawn.com/news/1943315/global-banks-feel-heat-after-trumps-fed-attack
2025-09-20,"PSX settles above 158,000 mark for first time",Stock Market (Direct),Neutral,https://www.dawn.com/news/1943310/psx-settles-above-158000-mark-for-first-time
2025-09-20,Repatriation of profit doubles in July-August,Foreign Investment / FPI,Positive,https://www.dawn.com/news/1943313/repatriation-of-profit-doubles-in-july-august
2025-09-20,Weekly inflation rises 4.17pc,Inflation / CPI,Negative,https://www.dawn.com/news/1943312/weekly-inflation-rises-417pc
2025-09-21,Millers warn of sugar crisis amid curbs on sales,Fiscal Policy / Budget / Taxes,Negative,https://www.dawn.com/news/1943567/millers-warn-of-sugar-crisis-amid-curbs-on-sales
2025-09-21,Pakistan poised to meet IMF targets ahead of 2nd review: report,Inflation / CPI; IMF / External Financing,Neutral,https://www.dawn.com/news/1943563
2025-09-21,Trade deficit with nine states soars 28pc,Current Account / Trade,Positive,https://www.dawn.com/news/1943564/trade-deficit-with-nine-states-soars-28pc
2025-09-21,"Govt eyes new markets for kinno export, introduces steps to boost its global recognition",Current Account / Trade,Positive,https://www.dawn.com/news/1943565
2025-09-21,Equities hit all-time high despite economic concerns amid floods,Stock Market (Direct),Positive,https://www.dawn.com/news/1943568/equities-hit-all-time-high-despite-economic-concerns-amid-floods
2025-09-21,Maritime minister warns of textile pollution impact,Textile Sector,Negative,https://www.dawn.com/news/1943566/maritime-minister-warns-of-textile-pollution-impact
2025-09-21,Central Deve­lopment Working Party recommends Rs18bn health project for KP,IMF / External Financing,Neutral,https://www.dawn.com/news/1943558/central-development-working-party-recommends-rs18bn-health-project-for-kp
2025-09-22,Massive taxes and the NFC conundrum,Fiscal Policy / Budget / Taxes,Negative,https://www.dawn.com/news/1943694/massive-taxes-and-the-nfc-conundrum
2025-09-22,Saudi-Pak pact could deliver both immediate relief and longer-term stability,Fiscal Policy / Budget / Taxes; GDP / Economic Growth,Positive,https://www.dawn.com/news/1943691/finance-hope-persists-amidst-worries
2025-09-22,The understated debt burden,Oil & Gas / Energy Sector; GDP / Economic Growth,Neutral,https://www.dawn.com/news/1943692/the-understated-debt-burden
2025-09-23,NA panel urges value addition to narrow China trade gap,Current Account / Trade,Neutral,https://www.dawn.com/news/1944041/na-panel-urges-value-addition-to-narrow-china-trade-gap
2025-09-23,PM directs roadmap to boost investment,Current Account / Trade,Positive,https://www.dawn.com/news/1944040/pm-directs-roadmap-to-boost-investment
2025-09-23,PSX dips as market volatility mounts,Stock Market (Direct),Negative,https://www.dawn.com/news/1944045/psx-dips-as-market-volatility-mounts
2025-09-23,TOMCL secures $8.1m export deal,Current Account / Trade,Positive,https://www.dawn.com/news/1944043/tomcl-secures-81m-export-deal
2025-09-23,World Bank opens regional hub,IMF / External Financing,Neutral,https://www.dawn.com/news/1944044/world-bank-opens-regional-hub
2025-09-24,Port Qasim’s upgrade to boost cement exports,Current Account / Trade; Cement Sector,Positive,https://www.dawn.com/news/1944270/port-qasims-upgrade-to-boost-cement-exports
2025-09-24,PM Shehbaz urges IMF to consider flood impact in next review of Pakistan’s economy,IMF / External Financing,Neutral,https://www.dawn.com/news/1944307/pm-shehbaz-urges-imf-to-consider-flood-impact-in-next-review-of-pakistans-economy
2025-09-24,"PIA gets TCO certificate, set to resume UK operations next month",Privatization / Divestment,Neutral,https://www.dawn.com/news/1944316/pia-gets-tco-certificate-set-to-resume-uk-operations-next-month
2025-09-24,Oil and Gas Development Company Ltd earns Rs170bn,Fiscal Policy / Budget / Taxes; Oil & Gas / Energy Sector,Neutral,https://www.dawn.com/news/1944275/oil-and-gas-development-company-ltd-earns-rs170bn
2025-09-24,CII clarifies no final decision yet on withholding tax issue,Fiscal Policy / Budget / Taxes,Neutral,https://www.dawn.com/news/1944350/cii-clarifies-no-final-decision-yet-on-withholding-tax-issue
2025-09-24,ECC green-lights proposals for commercial import of used vehicles,Current Account / Trade,Neutral,https://www.dawn.com/news/1944359/ecc-green-lights-proposals-for-commercial-import-of-used-vehicles
2025-09-24,Diamonds and drones: FBR’s new monitoring cell scans social media for tax evasion,Fiscal Policy / Budget / Taxes,Neutral,https://www.dawn.com/news/1944351/diamonds-and-drones-fbrs-new-monitoring-cell-scans-social-media-for-tax-evasion
2025-09-24,Call for wheat imports to avert further rise in flour prices,Current Account / Trade,Neutral,https://www.dawn.com/news/1944272/call-for-wheat-imports-to-avert-further-rise-in-flour-prices
2025-09-24,Govt to sign financing facility agreement today for reducing power sector’s circular debt,Oil & Gas / Energy Sector,Neutral,https://www.dawn.com/news/1944158/govt-to-sign-financing-facility-agreement-today-for-reducing-power-sectors-circular-debt
2025-09-25,Rs1.2tr bank loan secured to settle circular debt,Oil & Gas / Energy Sector,Positive,https://www.dawn.com/news/1944474/rs12tr-bank-loan-secured-to-settle-circular-debt
2025-09-25,Power sector drives rally on stock market,Stock Market (Direct); Oil & Gas / Energy Sector,Positive,https://www.dawn.com/news/1944469/power-sector-drives-rally-on-stock-market
2025-09-25,Pharma exports surge to highest $457m in two decades: Gilani,Current Account / Trade,Positive,https://www.dawn.com/news/1944375/pharma-exports-surge-to-highest-457m-in-two-decades-gilani
2025-09-25,FBR mulls tax on TikTok content creators,Fiscal Policy / Budget / Taxes,Neutral,https://www.dawn.com/news/1944470/fbr-mulls-tax-on-tiktok-content-creators
2025-09-25,Aurangzeb terms Rs1.2tr circular debt deal ‘largest financing’ in Pakistan’s history,Oil & Gas / Energy Sector,Neutral,https://www.dawn.com/news/1944535/aurangzeb-terms-rs12tr-circular-debt-deal-largest-financing-in-pakistans-history
2025-09-25,Govt grants tax relief to end GB traders’ strike,Fiscal Policy / Budget / Taxes; Current Account / Trade,Neutral,https://www.dawn.com/news/1944473/govt-grants-tax-relief-to-end-gb-traders-strike
2025-09-26,FBR extends e-invoicing deadline for sales tax registrants,Fiscal Policy / Budget / Taxes,Neutral,https://www.dawn.com/news/1944640/fbr-extends-e-invoicing-deadline-for-sales-tax-registrants
2025-09-26,IMF mission begins review sans finance minister,IMF / External Financing,Neutral,https://www.dawn.com/news/1944701/imf-mission-begins-review-sans-finance-minister
2025-09-26,Loan inflows nearly double in two months,IMF / External Financing,Neutral,https://www.dawn.com/news/1944639/loan-inflows-nearly-double-in-two-months
2025-09-26,"PSX hits record high near 160,000-milestone",Stock Market (Direct); Oil & Gas / Energy Sector,Positive,https://www.dawn.com/news/1944646/psx-hits-record-high-near-160000-milestone
2025-09-26,SBP slows dollar buying to ease market pressure,Monetary Policy / Interest Rates; Currency / Exchange Rate; Current Account / Trade; Banking Sector,Neutral,https://www.dawn.com/news/1944643/sbp-slows-dollar-buying-to-ease-market-pressure
2025-09-26,Taxpayers can declare assets ‘without formal valuation’,Fiscal Policy / Budget / Taxes,Neutral,https://www.dawn.com/news/1944694/taxpayers-can-declare-assets-without-formal-valuation
2025-09-26,Used vehicle import unlikely to dent local sales: Sazgar,Current Account / Trade,Neutral,https://www.dawn.com/news/1944642/used-vehicle-import-unlikely-to-dent-local-sales-sazgar
2025-09-27,Govt scraps asset valuation column from tax return form,Fiscal Policy / Budget / Taxes,Neutral,https://www.dawn.com/news/1944871/govt-scraps-asset-valuation-column-from-tax-return-form
2025-09-27,Public debt servicing to cost Rs6.4tr,Debt / External Debt,Neutral,https://www.dawn.com/news/1944899/public-debt-servicing-to-cost-rs64tr
2025-09-27,"Bulls toss index above record 162,000-barrier",Stock Market (Direct),Positive,https://www.dawn.com/news/1944903/bulls-toss-index-above-record-162000-barrier
2025-09-28,"PSX scales new peak on geopolitical, economic developments",Stock Market (Direct); Oil & Gas / Energy Sector,Neutral,https://www.dawn.com/news/1945128/psx-scales-new-peak-on-geopolitical-economic-developments
2025-09-28,Tax filing gaps highlighted in jewellery sector,Fiscal Policy / Budget / Taxes,Neutral,https://www.dawn.com/news/1945129/tax-filing-gaps-highlighted-in-jewellery-sector
2025-09-28,"Zero income, millionaire lifestyle: Pakistan’s tax system under fire",Fiscal Policy / Budget / Taxes,Neutral,https://www.dawn.com/news/1945133/zero-income-millionaire-lifestyle-pakistans-tax-system-under-fire
2025-09-29,All Pakistan Textile Mills Association slams ‘unrealistic’ plan of power generation,Current Account / Trade; Textile Sector,Neutral,https://www.dawn.com/news/1945389/all-pakistan-textile-mills-association-slams-unrealistic-plan-of-power-generation
2025-09-29,Exporting surplus power as AI compute,Current Account / Trade,Neutral,https://www.dawn.com/news/1945227/exporting-surplus-power-as-ai-compute
2025-09-29,FBR says deadline for filing income tax returns will not be extended beyond tomorrow,Fiscal Policy / Budget / Taxes,Neutral,https://www.dawn.com/news/1945449/fbr-says-deadline-for-filing-income-tax-returns-will-not-be-extended-beyond-tomorrow
2025-09-29,Shoring up  development  spending,Foreign Investment / FPI,Neutral,https://www.dawn.com/news/1945069/shoring-up-development-spending
2025-09-29,UN finds $1tr annual gap in nature conservation funding,GDP / Economic Growth,Neutral,https://www.dawn.com/news/1945371/un-finds-1tr-annual-gap-in-nature-conservation-funding
2025-09-29,"Without deeper structural changes, circular debt plan could end up as another costly rerun of past bailouts",IMF / External Financing; Oil & Gas / Energy Sector,Negative,https://www.dawn.com/news/1945228
2025-09-30,"PSX briefly surpasses 166,000 points to register new high",Stock Market (Direct),Positive,https://www.dawn.com/news/1945649/psx-briefly-surpasses-166000-points-to-register-new-high
2025-09-30,PSX hits new high on institutional buying,Stock Market (Direct); IMF / External Financing,Positive,https://www.dawn.com/news/1945567/psx-hits-new-high-on-institutional-buying
2025-09-30,Govt rebuffs All Pakistan Textile Mill Association’s concerns on power generation plan,Textile Sector,Neutral,https://www.dawn.com/news/1945562
2025-09-30,"ADB says sustained reforms, disaster resilience key to Pakistan’s continued economic growth",IMF / External Financing; GDP / Economic Growth,Neutral,https://www.dawn.com/news/1945627/adb-says-sustained-reforms-disaster-resilience-key-to-pakistans-continued-economic-growth
2025-09-30,"IMF review begins amid revenue gaps, reform delays",IMF / External Financing,Negative,https://www.dawn.com/news/1945569/imf-review-begins-amid-revenue-gaps-reform-delays
2025-10-01,"ADB warns of risks from policy slippage, climate change",Inflation / CPI; IMF / External Financing,Negative,https://www.dawn.com/news/1945760/adb-warns-of-risks-from-policy-slippage-climate-change
2025-10-01,FBR extends deadline for filing income tax returns till Oct 15,Fiscal Policy / Budget / Taxes,Neutral,https://www.dawn.com/news/1945674/fbr-extends-deadline-for-filing-income-tax-returns-till-oct-15
2025-10-01,FBR misses Q1 target by Rs199bn,Fiscal Policy / Budget / Taxes,Neutral,https://www.dawn.com/news/1945762/fbr-misses-q1-target-by-rs199bn
2025-10-01,Govt expects floods will worsen inflation,Inflation / CPI,Negative,https://www.dawn.com/news/1945781/govt-expects-floods-will-worsen-inflation
2025-10-01,"Pakistan repays $500m Eurobond on schedule, reflecting ‘fiscal discipline, stronger economy’",Debt / External Debt,Neutral,https://www.dawn.com/news/1945823/pakistan-repays-500m-eurobond-on-schedule-reflecting-fiscal-discipline-stronger-economy
2025-10-01,Textile exporters struggle amid rising costs and tariffs,Current Account / Trade; Textile Sector,Negative,https://www.dawn.com/news/1945766/textile-exporters-struggle-amid-rising-costs-and-tariffs
2025-10-01,"‘So far, so good’: Aurangzeb says talks with IMF headed in right direction",IMF / External Financing,Neutral,https://www.dawn.com/news/1945859/so-far-so-good-aurangzeb-says-talks-with-imf-headed-in-right-direction
2025-10-02,"‘Logistics inefficiencies hamper trade’, says FPCCI",GDP / Economic Growth,Neutral,https://www.dawn.com/news/1946037/logistics-inefficiencies-hamper-trade-says-fpcci
2025-10-02,Public debt hits Rs80.6tr despite lower interest costs,Fiscal Policy / Budget / Taxes; GDP / Economic Growth; Debt / External Debt,Positive,https://www.dawn.com/news/1946038/public-debt-hits-rs806tr-despite-lower-interest-costs
2025-10-02,PSX extends winning streak despite volatility,Stock Market (Direct),Negative,https://www.dawn.com/news/1946029/psx-extends-winning-streak-despite-volatility
2025-10-02,"P&G says it is winding down operations in Pakistan, will rely on ‘third-party distributors’",Stock Market (Direct),Neutral,https://www.dawn.com/news/1946085/pampg-says-it-is-winding-down-operations-in-pakistan-will-rely-on-third-party-distributors
2025-10-02,New safety standards for vehicles enforced amid concerns from auto industry stakeholders,Automobile Sector,Neutral,https://www.dawn.com/news/1946041/new-safety-standards-for-vehicles-enforced
2025-10-02,Inflation rebounds to 5.6pc on food price surge,Inflation / CPI,Negative,https://www.dawn.com/news/1946040/inflation-rebounds-to-56pc-on-food-price-surge
2025-10-02,Government approves resumption of donkey hide exports,Current Account / Trade,Positive,https://www.dawn.com/news/1946148/government-approves-resumption-of-donkey-hide-exports
2025-10-03,Cement sales rise 16pc,Cement Sector,Positive,https://www.dawn.com/news/1946199/cement-sales-rise-16pc
2025-10-03,Exports fall in July-Sept as  trade gap widens,Current Account / Trade,Negative,https://www.dawn.com/news/1946201/exports-fall-in-july-sept-as-trade-gap-widens
2025-10-03,"FBR uncovers customs fraud at Karachi airport, detects Rs384m in duty evasion",Fiscal Policy / Budget / Taxes,Negative,https://www.dawn.com/news/1946336/fbr-uncovers-customs-fraud-at-karachi-airport-detects-rs384m-in-duty-evasion
2025-10-03,PSX accepts voluntary delisting request from tobacco giant Philip Morris,Stock Market (Direct),Neutral,https://www.dawn.com/news/1946352/psx-accepts-voluntary-delisting-request-from-tobacco-giant-philip-morris
2025-10-03,Paapam warns IMF move risks auto sector,IMF / External Financing; Current Account / Trade; Automobile Sector,Negative,https://www.dawn.com/news/1946198/paapam-warns-imf-move-risks-auto-sector
2025-10-03,SBP reserves inch up to $14.4bn,Monetary Policy / Interest Rates; Currency / Exchange Rate,Positive,https://www.dawn.com/news/1946197/sbp-reserves-inch-up-to-144bn
2025-10-04,Used vehicles’ import poses long-term risks,Current Account / Trade,Neutral,https://www.dawn.com/news/1946441/used-vehicles-import-poses-long-term-risks
2025-10-04,Short-term inflation rises 4.07pc,Inflation / CPI,Negative,https://www.dawn.com/news/1946443/short-term-inflation-rises-407pc
2025-10-04,Pakistan set to secure $1bn tranche from IMF despite slippages,IMF / External Financing; Fiscal Policy / Budget / Taxes,Positive,https://www.dawn.com/news/1946466
2025-10-04,FIA arrests four in Balochistan for illegal currency trade,Currency / Exchange Rate,Neutral,https://www.dawn.com/news/1946446/fia-arrests-four-in-balochistan-for-illegal-currency-trade
2025-10-04,Former SBP governor Ishrat Husain calls Islamic banking ‘economic necessity’,Monetary Policy / Interest Rates; Banking Sector,Neutral,https://www.dawn.com/news/1946426/former-sbp-governor-ishrat-husain-calls-islamic-banking-economic-necessity
2025-10-04,PSX breaks records for seventh straight session,Stock Market (Direct),Neutral,https://www.dawn.com/news/1946445/psx-breaks-records-for-seventh-straight-session
2025-10-05,"Bulls approach 170,000-barrier despite IMF uncertainty",Stock Market (Direct); IMF / External Financing,Positive,https://www.dawn.com/news/1946694/bulls-approach-170000-barrier-despite-imf-uncertainty
2025-10-05,Competition commission flags SOE dominance in LNG sector,Oil & Gas / Energy Sector,Neutral,https://www.dawn.com/news/1946692/competition-commission-flags-soe-dominance-in-lng-sector
2025-10-05,Demolishing New York’s Roosevelt Hotel to build skyscraper an option for Pakistan: report,Privatization / Divestment,Neutral,https://www.dawn.com/news/1946786/demolishing-new-yorks-roosevelt-hotel-to-build-skyscraper-an-option-for-pakistan-report
2025-10-05,Exporters sell dollars in forward market to hedge against exchange rate risks,Currency / Exchange Rate,Negative,https://www.dawn.com/news/1946690/exporters-hedge-risks-via-forward-dollar-sales
2025-10-05,IT exports drive 12pc jump in services trade,Current Account / Trade,Positive,https://www.dawn.com/news/1946689/it-exports-drive-12pc-jump-in-services-trade
2025-10-05,Pakistan leads region in used car imports,Current Account / Trade,Neutral,https://www.dawn.com/news/1946688/pakistan-leads-region-in-used-car-imports
2025-10-05,Urea sales rise 17pc,Fertilizer Sector,Positive,https://www.dawn.com/news/1946693/urea-sales-rise-17pc
2025-10-06,‘Welcome step’: PM hails Malaysian announcement of import of Halal meat worth $200m from Pakistan,Current Account / Trade,Neutral,https://www.dawn.com/news/1946958/welcome-step-pm-hails-malaysian-announcement-of-import-of-halal-meat-worth-200m-from-pakistan
2025-10-06,Human capital transformation,Current Account / Trade,Neutral,https://www.dawn.com/news/1946807/human-capital-transformation
2025-10-07,Govt pushes provinces to meet IMF targets,IMF / External Financing,Neutral,https://www.dawn.com/news/1947151/govt-pushes-provinces-to-meet-imf-targets
2025-10-07,PSX snaps bull run amid economic concerns,Stock Market (Direct),Negative,https://www.dawn.com/news/1947145/psx-snaps-bull-run-amid-economic-concerns
2025-10-07,Pakistan among top five cotton producers,GDP / Economic Growth,Neutral,https://www.dawn.com/news/1947149/pakistan-among-top-five-cotton-producers
2025-10-08,Analysis shows Pakistani banks lead Asia-Pacific in returns,Stock Market (Direct),Neutral,https://www.dawn.com/news/1947333/
2025-10-08,FBR’s system glitch hits sugar supply,Fiscal Policy / Budget / Taxes,Neutral,https://www.dawn.com/news/1947332/fbrs-system-glitch-hits-sugar-supply
2025-10-08,"Rate cut unlikely this month, says SBP governor",Monetary Policy / Interest Rates; Foreign Reserves,Positive,https://www.dawn.com/news/1947335/rate-cut-unlikely-this-month-says-sbp-governor
2025-10-08,World Bank predicts inflation may shoot to 7.2pc as floods dampen Pakistan’s growth outlook,Inflation / CPI; IMF / External Financing; Current Account / Trade; GDP / Economic Growth,Negative,https://www.dawn.com/news/1947359
2025-10-09,What critical minerals are on China’s export control list now?,Current Account / Trade,Neutral,https://www.dawn.com/news/1947713/what-critical-minerals-are-on-chinas-export-control-list-now
2025-10-09,Profit-taking pulls index lower amid IMF talks,IMF / External Financing,Negative,https://www.dawn.com/news/1947585/profit-taking-pulls-index-lower-amid-imf-talks
2025-10-09,GDP growth rises to 3.04pc in FY25,GDP / Economic Growth,Positive,https://www.dawn.com/news/1947594/gdp-growth-rises-to-304pc-in-fy25
2025-10-09,Indus Motor Company eyes import of used vehicles,Current Account / Trade,Neutral,https://www.dawn.com/news/1947590
2025-10-09,Foreign currency sales decline amid market constraints,Currency / Exchange Rate,Negative,https://www.dawn.com/news/1947588/foreign-currency-sales-decline-amid-market-constraints
2025-10-10,"Durable macroeconomic stability essential for inclusive growth, SBP chief says",Monetary Policy / Interest Rates; GDP / Economic Growth,Neutral,https://www.dawn.com/news/1947800
2025-10-10,Govt set to ink IMF deal after ‘flood adjustments’,IMF / External Financing,Neutral,https://www.dawn.com/news/1947782/govt-set-to-ink-imf-deal-after-flood-adjustments
2025-10-10,PM orders swift action on SOE privatisation,Privatization / Divestment,Neutral,https://www.dawn.com/news/1947803/pm-orders-swift-action-on-soe-privatisation
2025-10-11,"Aurangzeb heads to US to participate in IMF, WB meetings",IMF / External Financing,Neutral,https://www.dawn.com/news/1948109/aurangzeb-heads-to-us-to-participate-in-imf-wb-meetings
2025-10-11,Aurangzeb sees new phase in Pak-Saudi economic ties,IMF / External Financing,Neutral,https://www.dawn.com/news/1948009/aurangzeb-sees-new-phase-in-pak-saudi-economic-ties
2025-10-11,Auto sector kicks off FY26 on strong note as sales surge 53pc in first quarter,Automobile Sector,Positive,https://www.dawn.com/news/1948008
2025-10-11,"PSX ends in red as IMF talks, border tensions weigh",Stock Market (Direct); IMF / External Financing,Neutral,https://www.dawn.com/news/1948004/psx-ends-in-red-as-imf-talks-border-tensions-weigh
2025-10-12,"PSX faces pressure amid geopolitical tensions, IMF delays",Stock Market (Direct); IMF / External Financing,Negative,https://www.dawn.com/news/1948312/psx-faces-pressure-amid-geopolitical-tensions-imf-delays
2025-10-12,"Finance Minister Aurangzeb arrives in Washington to attend IMF, World Bank plenary meetings",IMF / External Financing,Neutral,https://www.dawn.com/news/1948438/finance-minister-aurangzeb-arrives-in-washington-to-attend-imf-world-bank-plenary-meetings
2025-10-13,Donkey farming holds high potential in Pakistan,Current Account / Trade,Neutral,https://www.dawn.com/news/1948409
2025-10-13,"PSX plummets by 4,600 points after weekend Afghan skirmish, TLP crackdown",Stock Market (Direct),Negative,https://www.dawn.com/news/1948637/psx-plummets-by-4600-points-after-weekend-afghan-skirmish-tlp-crackdown
2025-10-14,No borrowing in Q1FY26 despite interest rate cuts,Monetary Policy / Interest Rates,Positive,https://www.dawn.com/news/1948791/no-borrowing-in-q1fy26-despite-interest-rate-cuts
2025-10-14,"Shares at PSX rebound as KSE-100 index climbs by 7,000 points",Stock Market (Direct),Positive,https://www.dawn.com/news/1948849/shares-at-psx-rebound-as-kse-100-index-climbs-by-7000-points
2025-10-15,FBR again extends deadline for filing income tax returns to Oct 31,Fiscal Policy / Budget / Taxes,Neutral,https://www.dawn.com/news/1949118/fbr-again-extends-deadline-for-filing-income-tax-returns-to-oct-31
2025-10-15,"IMF sees Pakistan’s economic growth at 3.6pc, warns of rising inflation and current account deficit",Inflation / CPI; IMF / External Financing; Current Account / Trade; GDP / Economic Growth,Negative,https://www.dawn.com/news/1948980/imf-warns-of-rising-inflation-current-account-deficit
2025-10-15,"IMF, Pakistan reach staff-level agreement over another $1.2bn in loans",IMF / External Financing,Neutral,https://www.dawn.com/news/1949018/imf-pakistan-reach-staff-level-agreement-over-another-12bn-in-loans
2025-10-15,SBP chief highlights economic reforms,Monetary Policy / Interest Rates,Neutral,https://www.dawn.com/news/1948984/sbp-chief-highlights-economic-reforms
2025-10-16,United Bank quarterly profit surges 93pc,Cement Sector; Debt / External Debt,Positive,https://www.dawn.com/news/1949245/united-bank-quarterly-profit-surges-93pc
2025-10-16,Equities extend gains on agreement with IMF,Stock Market (Direct); IMF / External Financing,Neutral,https://www.dawn.com/news/1949243/equities-extend-gains-on-agreement-with-imf
2025-10-16,Textile exports fall for second month,Current Account / Trade; Oil & Gas / Energy Sector; Textile Sector,Negative,https://www.dawn.com/news/1949249/textile-exports-fall-for-second-month
2025-10-16,"Aurangzeb meets Saudi finance minister, briefs him on ongoing privatisation of PIA and key airports",Cement Sector; Privatization / Divestment,Neutral,https://www.dawn.com/news/1949293/aurangzeb-meets-saudi-finance-minister-briefs-him-on-ongoing-privatisation-of-pia-and-key-airports
2025-10-16,Editorial: IMF’s latest assessment highlights fragility of Pakistan’s economic recovery,IMF / External Financing,Positive,https://www.dawn.com/news/1949236
2025-10-17,Bears snap bull run amid record volume,Stock Market (Direct),Negative,https://www.dawn.com/news/1949458/bears-snap-bull-run-amid-record-volume
2025-10-17,"Costly sugar, oil drive 36pc import rise",Current Account / Trade,Neutral,https://www.dawn.com/news/1949455/costly-sugar-oil-drive-36pc-import-rise
2025-10-17,"IMF warns of revenue, pension pressures",IMF / External Financing; GDP / Economic Growth,Negative,https://www.dawn.com/news/1949452/imf-warns-of-revenue-pension-pressures
2025-10-17,SBP projects 3.25pc growth in FY26,Monetary Policy / Interest Rates,Neutral,https://www.dawn.com/news/1949451/sbp-projects-325pc-growth-in-fy26
2025-10-18,Finance minister briefs World Bank president on govt’s flood response,IMF / External Financing; Credit Rating,Neutral,https://www.dawn.com/news/1949716/finance-minister-briefs-world-bank-president-on-govts-flood-response
2025-10-18,Food prices push weekly inflation up 4.57 per cent,Inflation / CPI,Negative,https://www.dawn.com/news/1949645/food-prices-push-weekly-inflation-up-457-per-cent
2025-10-19,Non-textile export shrinks 16.54pc,Current Account / Trade; Textile Sector,Negative,https://www.dawn.com/news/1949861/non-textile-export-shrinks-1654pc
2025-10-19,"PSX stays green amid volatility, geopolitical tensions",Stock Market (Direct); IMF / External Financing,Negative,https://www.dawn.com/news/1949857/psx-stays-green-amid-volatility-geopolitical-tensions
2025-10-19,"Govt approves 2025-26 wheat policy, says there will be no restriction on inter-provincial movement of the crop",Current Account / Trade,Positive,https://www.dawn.com/news/1949961/govt-approves-2025-26-wheat-policy-says-there-will-be-no-restriction-on-inter-provincial-movement-of-the-crop
2025-10-19,Gold price tumbles,Currency / Exchange Rate,Negative,https://www.dawn.com/news/1949860/gold-price-tumbles
2025-10-19,IMF can’t impose terms against Pakistan’s interests: minister,IMF / External Financing,Neutral,https://www.dawn.com/news/1949838/imf-cant-impose-terms-against-pakistans-interests-minister
2025-10-20,Climate change support surges to 34pc in Pakistan: World Bank survey,IMF / External Financing,Neutral,https://www.dawn.com/news/1950082/climate-change-support-surges-to-34pc-in-pakistan-world-bank-survey
2025-10-20,Disregarding sugar laws over foreign commitments,IMF / External Financing,Neutral,https://www.dawn.com/news/1950007
2025-10-20,Exporters assured of govt help in removing hurdles to meat exports,Current Account / Trade,Neutral,https://www.dawn.com/news/1950078/exporters-assured-of-govt-help-in-removing-hurdles-to-meat-exports
2025-10-20,"SBP, International Finance Corporation ink deal to boost local currency financing in Pakistan",Monetary Policy / Interest Rates; Currency / Exchange Rate,Positive,https://www.dawn.com/news/1950143/sbp-international-finance-corporation-ink-deal-to-boost-local-currency-financing-in-pakistan
2025-10-20,Why effective tax rates mean Pakistan’s economic growth will remain a distant dream,Fiscal Policy / Budget / Taxes; GDP / Economic Growth,Neutral,https://www.dawn.com/news/1950014
2025-10-21,‘Burger cotton’ scandal rocks Sindh after ginner found allegedly mixing waste into high-grade lint,Current Account / Trade; Textile Sector,Negative,https://www.dawn.com/news/1950311
2025-10-21,September sees $110m current account surplus after 2 months,Current Account / Trade; Foreign Investment / FPI,Negative,https://www.dawn.com/news/1950310
2025-10-21,‘Situation fully under control’: Ogra rubbishes reports of fuel shortage,Oil & Gas / Energy Sector,Neutral,https://www.dawn.com/news/1950401/situation-fully-under-control-ogra-rubbishes-reports-of-fuel-shortage
2025-10-21,"PIA gearing up for direct US flights, says aviation minister",Privatization / Divestment,Neutral,https://www.dawn.com/news/1950282/pia-gearing-up-for-direct-us-flights-says-aviation-minister
2025-10-21,"Pak-Afghan ceasefire triggers 2,436-point rally on PSX",Stock Market (Direct),Positive,https://www.dawn.com/news/1950305/ceasefire-triggers-2436-point-rally-on-psx
2025-10-22,Pakistan trade imbalance with 9 states deepens,Current Account / Trade,Neutral,https://www.dawn.com/news/1950513/pakistan-trade-imbalance-with-9-states-deepens
2025-10-22,"Women’s access to finance expands, says SBP chief",Monetary Policy / Interest Rates,Neutral,https://www.dawn.com/news/1950512/womens-access-to-finance-expands-says-sbp-chief
2025-10-22,Aurangzeb ‘quite hopeful’ Pakistan can achieve close to 3.5pc GDP growth during ongoing fiscal year,GDP / Economic Growth,Neutral,https://www.dawn.com/news/1950557/aurangzeb-quite-hopeful-pakistan-can-achieve-close-to-35pc-gdp-growth-during-ongoing-fiscal-year
2025-10-23,Customs foils Indian smuggling attempts,Textile Sector,Neutral,https://www.dawn.com/news/1950720/customs-foils-indian-smuggling-attempts
2025-10-23,FBR’s nod mandatory for tax ID changes,Fiscal Policy / Budget / Taxes,Neutral,https://www.dawn.com/news/1950717/fbrs-nod-mandatory-for-tax-id-changes
2025-10-23,"Sindh to procure up to 1.2m tonnes of wheat at Rs3,500 per 40kg",Fiscal Policy / Budget / Taxes; Fertilizer Sector,Neutral,https://www.dawn.com/news/1950652/sindh-to-procure-up-to-12m-tonnes-of-wheat-at-rs3500-per-40kg
2025-10-23,"Who will procure wheat, PPP asks Centre after support price set at Rs3,500",Political Stability / Government,Neutral,https://www.dawn.com/news/1950702
2025-10-24,Customs clearance suspended at Pak-Afghan border crossings,Fiscal Policy / Budget / Taxes,Negative,https://www.dawn.com/news/1950907
2025-10-24,Mobile wallet and digital banking customers may face disruptions as new SBP regulations take effect,Monetary Policy / Interest Rates,Neutral,https://www.dawn.com/news/1950985/mobile-wallet-and-digital-banking-customers-may-face-disruptions-as-new-sbp-regulations-take-effect
2025-10-24,"Stocks fall below 165,000 points in volatile trade",Stock Market (Direct),Negative,https://www.dawn.com/news/1950921/stocks-fall-below-165000-points-in-volatile-trade
2025-10-25,Weekly inflation rises 5pc on costlier food,Inflation / CPI,Negative,https://www.dawn.com/news/1951116/weekly-inflation-rises-5pc-on-costlier-food
2025-10-25,Pakistan State Oil earns Rs20.9bn,Oil & Gas / Energy Sector,Neutral,https://www.dawn.com/news/1951118/pakistan-state-oil-earns-rs209bn
2025-10-25,PM Shehbaz appoints first director general for Tax Policy Office,Fiscal Policy / Budget / Taxes,Neutral,https://www.dawn.com/news/1951117/pm-shehbaz-appoints-first-director-general-for-tax-policy-office
2025-10-25,"No transit trade at Chaman border, but repatriation of Afghan refugees continues",Fiscal Policy / Budget / Taxes,Neutral,https://www.dawn.com/news/1951094
2025-10-25,"ECC flags food inflation, defers decision on used car imports",Inflation / CPI; Current Account / Trade,Neutral,https://www.dawn.com/news/1951114/ecc-flags-food-inflation-defers-decision-on-used-car-imports
2025-10-25,Asif says govt committed to making PIA profitable as national carrier resumes flights to UK,Privatization / Divestment,Neutral,https://www.dawn.com/news/1951153/asif-says-govt-committed-to-making-pia-profitable-as-national-carrier-resumes-flights-to-uk
2025-10-25,PIA to operate inaugural flight to Manchester today,Privatization / Divestment,Neutral,https://www.dawn.com/news/1951058/pia-to-operate-inaugural-flight-to-manchester-today
2025-10-26,"Iron, steel imports surge as State Bank relaxes curbs",Current Account / Trade,Positive,https://www.dawn.com/news/1951277/iron-steel-imports-surge-as-state-bank-relaxes-curbs
2025-10-26,PPP reaffirms commitment to farmers,Political Stability / Government,Neutral,https://www.dawn.com/news/1951291/ppp-reaffirms-commitment-to-farmers
2025-10-26,Pakistan plans to standardise food exports,Current Account / Trade,Neutral,https://www.dawn.com/news/1951279/pakistan-plans-to-standardise-food-exports
2025-10-26,Strong economic data fails to lift stock market in choppy week,Stock Market (Direct); Currency / Exchange Rate,Negative,https://www.dawn.com/news/1951273/strong-economic-data-fails-to-lift-stock-market-in-choppy-week
2025-10-27,Why does FBR always extend deadline for filing income tax returns?,Fiscal Policy / Budget / Taxes,Neutral,https://www.dawn.com/news/1951379
2025-10-27,Tomato prices decline due to imports from Iran; another shortage likely in spring,Current Account / Trade,Neutral,https://www.dawn.com/news/1951502
2025-10-27,Pakistan’s power planning — discipline or debt,Oil & Gas / Energy Sector,Neutral,https://www.dawn.com/news/1951444/pakistans-power-planning-discipline-or-debt
2025-10-27,Challenges to Pakistan’s cotton sector are far from over,Current Account / Trade; Textile Sector,Neutral,https://www.dawn.com/news/1951371
2025-10-27,Central bank keeps policy rate unchanged at 11pc,Monetary Policy / Interest Rates; Banking Sector,Neutral,https://www.dawn.com/news/1951561/central-bank-keeps-policy-rate-unchanged-at-11pc
2025-10-27,"Govt to defer gas import plans as demand eases, LNG glut extends",Current Account / Trade; Oil & Gas / Energy Sector,Neutral,https://www.dawn.com/news/1951497/govt-to-defer-gas-import-plans-as-demand-eases-lng-glut-extends
2025-10-28,Business leaders term SBP’s decision to maintain policy rate ‘anti-growth’,Monetary Policy / Interest Rates,Neutral,https://www.dawn.com/news/1951653
2025-10-28,"Govt posts rare Rs1.5tr surplus amid flood, border shocks",Inflation / CPI,Neutral,https://www.dawn.com/news/1951652/govt-posts-rare-rs15tr-surplus-amid-flood-border-shocks
2025-10-29,"PSX plunges over 2,000 points amid caution",Stock Market (Direct),Negative,https://www.dawn.com/news/1951883/psx-plunges-over-2000-points-amid-caution
2025-10-29,Reforms urged to tap Malaysian meat market,Current Account / Trade,Neutral,https://www.dawn.com/news/1951889/reforms-urged-to-tap-malaysian-meat-market
2025-10-29,Survey shows 73pc of top foreign investors view Islamabad as viable FDI destination,Foreign Investment / FPI,Neutral,https://www.dawn.com/news/1951888
2025-10-30,Stuck in a loop: The Sisyphean cycle of Pakistan’s power sector,IMF / External Financing; Oil & Gas / Energy Sector,Neutral,https://www.dawn.com/news/1949314/stuck-in-a-loop-the-sisyphean-cycle-of-pakistans-power-sector
2025-10-30,"World Bank flags slow reforms, modest growth outlook for Pakistan",IMF / External Financing,Neutral,https://www.dawn.com/news/1952076/world-bank-flags-slow-reforms-modest-growth-outlook-for-pakistan
2025-10-30,Wealthiest 10pc hold 42pc of national income in Pakistan: Oxfam report,GDP / Economic Growth,Positive,https://www.dawn.com/news/1952075
2025-10-30,Mills ink deals to import 2m cotton bales,Current Account / Trade,Neutral,https://www.dawn.com/news/1952069/mills-ink-deals-to-import-2m-cotton-bales
2025-10-30,PSX extends losses amid Afghan border deadlock,Stock Market (Direct),Neutral,https://www.dawn.com/news/1952067/psx-extends-losses-amid-afghan-border-deadlock
2025-10-30,Rice exports fall 28pc in first quarter of 2025-26,Current Account / Trade,Negative,https://www.dawn.com/news/1952072/rice-exports-fall-28pc-in-first-quarter-of-2025-26
2025-10-31,Ogra to review 10-year RLNG pricing,Oil & Gas / Energy Sector,Neutral,https://www.dawn.com/news/1952251/ogra-to-review-10-year-rlng-pricing
2025-10-31,PM orders PRAL’s forensic audit after tax fraud unearthed,Fiscal Policy / Budget / Taxes,Negative,https://www.dawn.com/news/1952250/pm-orders-prals-forensic-audit-after-tax-fraud-unearthed
2025-10-31,Monetary policy at a crossroads: Can the SBP sustain its credibility?,Monetary Policy / Interest Rates,Neutral,https://www.dawn.com/news/1941192/monetary-policy-at-a-crossroads-can-the-sbp-sustain-its-credibility
2025-10-31,Power Division announces large-scale rollout of smart meters across Pakistan,Oil & Gas / Energy Sector,Neutral,https://www.dawn.com/news/1952355/power-division-announces-large-scale-rollout-of-smart-meters-across-pakistan
2025-10-31,FIA withdraws corruption case against ex-FBR chief Shabbar Zaidi,Fiscal Policy / Budget / Taxes,Negative,https://www.dawn.com/news/1952361/fia-withdraws-corruption-case-against-ex-fbr-chief-shabbar-zaidi
2025-10-31,Ex-FBR chief Shabbar Zaidi booked over ‘unauthorised refunds’,Fiscal Policy / Budget / Taxes,Neutral,https://www.dawn.com/news/1952288/ex-fbr-chief-shabbar-zaidi-booked-over-unauthorised-refunds
2025-10-31,"Bulls in control as KSE-100 gains over 4,800 points",Stock Market (Direct),Positive,https://www.dawn.com/news/1952344/bulls-in-control-as-kse-100-gains-over-4800-points
2025-10-31,Hybrids save $27m in fuel imports,Current Account / Trade,Neutral,https://www.dawn.com/news/1952253/hybrids-save-27m-in-fuel-imports
2025-10-31,Steady growth in reserves strengthens rupee outlook,Monetary Policy / Interest Rates; Currency / Exchange Rate,Positive,https://www.dawn.com/news/1952252/steady-growth-in-reserves-strengthens-rupee-outlook
2025-11-01,SC stays PHC order to tax Eva­cuee Trust Property Board assets,Fiscal Policy / Budget / Taxes,Neutral,https://www.dawn.com/news/1952494/sc-stays-phc-order-to-tax-evacuee-trust-property-board-assets
2025-11-01,Weekly inflation up 5.05pc,Inflation / CPI,Negative,https://www.dawn.com/news/1952490/weekly-inflation-up-505pc
2025-11-01,Revenue shortfall hits Rs274bn in July-Oct,Fiscal Policy / Budget / Taxes,Negative,https://www.dawn.com/news/1952489/revenue-shortfall-hits-rs274bn-in-july-oct
2025-11-01,FBR sets new milestone with 5.9m filers,Fiscal Policy / Budget / Taxes,Positive,https://www.dawn.com/news/1952487/fbr-sets-new-milestone-with-59m-filers
2025-11-01,Overall public debt rises Rs9.3tr in FY25,GDP / Economic Growth; Debt / External Debt,Negative,https://www.dawn.com/news/1952488/overall-public-debt-rises-rs93tr-in-fy25
2025-11-01,Asean envoys explore investment opportunities,Foreign Investment / FPI,Neutral,https://www.dawn.com/news/1952491/asean-envoys-explore-investment-opportunities
2025-11-02,Bank profits rise despite weak private credit demand,Banking Sector,Positive,https://www.dawn.com/news/1952654/bank-profits-rise-despite-weak-private-credit-demand
2025-11-02,Global commodity prices heading for six-year low in 2026: World Bank,IMF / External Financing,Neutral,https://www.dawn.com/news/1952651/commodities-head-for-six-year-low
2025-11-02,Global foreign direct investment slumps,Foreign Investment / FPI,Negative,https://www.dawn.com/news/1952655/global-foreign-direct-investment-slumps
2025-11-02,Gold’s surge erodes dollar’s shine,Currency / Exchange Rate; Banking Sector,Neutral,https://www.dawn.com/news/1952652/golds-surge-erodes-dollars-shine
2025-11-02,"PSX slips in October on economic, geopolitical uncertainty",Stock Market (Direct),Neutral,https://www.dawn.com/news/1952656/psx-slips-in-october-on-economic-geopolitical-uncertainty
2025-11-02,"Tax net expands with 892,000 new filers",Fiscal Policy / Budget / Taxes,Negative,https://www.dawn.com/news/1952653/tax-net-expands-with-892000-new-filers
2025-11-03,World Bank asks Pakistan to overhaul skewed trade pacts,Currency / Exchange Rate; IMF / External Financing,Neutral,https://www.dawn.com/news/1952875/world-bank-asks-pakistan-to-overhaul-skewed-trade-pacts
2025-11-03,Split between Indian and US messaging on Russian oil imports reflects their fragile relationship,Current Account / Trade; Oil & Gas / Energy Sector,Neutral,https://www.dawn.com/news/1952824
2025-11-03,Fortifying export productivity,Current Account / Trade,Neutral,https://www.dawn.com/news/1952709/fortifying-export-productivity
2025-11-03,"Pakistan ‘natural maritime bridge’ between East and West, says Ahsan Iqbal as PIMEC kicks off in Karachi",GDP / Economic Growth,Neutral,https://www.dawn.com/news/1952911/pakistan-natural-maritime-bridge-between-east-and-west-says-ahsan-iqbal-as-pimec-kicks-off-in-karachi
2025-11-04,Cement despatches rise 15pc,Current Account / Trade; Cement Sector,Positive,https://www.dawn.com/news/1953007/cement-despatches-rise-15pc
2025-11-04,Digital payments make up 88pc of retail deals,Monetary Policy / Interest Rates,Neutral,https://www.dawn.com/news/1953006/digital-payments-make-up-88pc-of-retail-deals
2025-11-04,Engineers’ strike affects Saudi-bound PIA flights,Privatization / Divestment,Negative,https://www.dawn.com/news/1953062
2025-11-04,Hubco’s Thar projects reach key milestone,Cement Sector,Positive,https://www.dawn.com/news/1953008/hubcos-thar-projects-reach-key-milestone
2025-11-04,Inflation jumps to 6.24pc in October,Inflation / CPI,Negative,https://www.dawn.com/news/1953003/inflation-jumps-to-624pc-in-october
2025-11-04,PIA operations ‘restored’ after engineers’ strike causes delays to several international flights,Privatization / Divestment,Negative,https://www.dawn.com/news/1953105/pia-operations-restored-after-engineers-strike-causes-delays-to-several-international-flights
2025-11-04,"Stocks cross 162,000 barrier on value-hunting",Inflation / CPI,Negative,https://www.dawn.com/news/1953010/stocks-cross-162000-barrier-on-value-hunting
2025-11-04,Urea sales decline,Fertilizer Sector,Negative,https://www.dawn.com/news/1953009/urea-sales-decline
2025-11-05,World Bank study finds Pakistan’s urbanisation level at 88pc,IMF / External Financing,Neutral,https://www.dawn.com/news/1953204/world-bank-study-finds-pakistans-urbanisation-level-at-88pc
2025-11-05,Trade deficit surges 56pc in October,Current Account / Trade,Negative,https://www.dawn.com/news/1953208/trade-deficit-surges-56pc-in-october
2025-11-05,Pakistan cancels 21 LNG cargoes from Eni,Oil & Gas / Energy Sector,Negative,https://www.dawn.com/news/1953207/pakistan-cancels-21-lng-cargoes-from-eni
2025-11-05,"PSX slips 1,522 points on political uncertainty",Stock Market (Direct),Negative,https://www.dawn.com/news/1953214/psx-slips-1522-points-on-political-uncertainty
2025-11-05,Govt to release key report ahead of IMF board meeting,IMF / External Financing,Neutral,https://www.dawn.com/news/1953225/govt-to-release-key-report-ahead-of-imf-board-meeting
2025-11-06,Circular debt rises to Rs1.7tr in first quarter of FY26,Oil & Gas / Energy Sector,Negative,https://www.dawn.com/news/1953424
2025-11-06,"Govt moves to deregulate wheat, sugar sectors",IMF / External Financing,Neutral,https://www.dawn.com/news/1953425/govt-moves-to-deregulate-wheat-sugar-sectors
2025-11-06,"President, secretary general of aircraft engineers’ body dismissed from PIA service amid ongoing tiff",Privatization / Divestment,Neutral,https://www.dawn.com/news/1953507/president-secretary-general-of-aircraft-engineers-body-dismissed-from-pia-service-amid-ongoing-tiff
2025-11-07,Marble policy in the offing to boost exports,Current Account / Trade,Positive,https://www.dawn.com/news/1953617/marble-policy-in-the-offing-to-boost-exports
2025-11-07,Nepra warns circular debt to persist sans reforms,Oil & Gas / Energy Sector,Negative,https://www.dawn.com/news/1953618/nepra-warns-circular-debt-to-persist-sans-reforms
2025-11-07,PSX extends losses amid dearth of triggers,Stock Market (Direct),Neutral,https://www.dawn.com/news/1953613/psx-extends-losses-amid-dearth-of-triggers
2025-11-07,SBP launches portal for digital investment in govt papers,Monetary Policy / Interest Rates,Neutral,https://www.dawn.com/news/1953615/portal-launched-for-digital-investment-in-govt-papers
2025-11-07,Services exports jump 15pc on IT boost,Current Account / Trade,Positive,https://www.dawn.com/news/1953616/services-exports-jump-15pc-on-it-boost
2025-11-08,Weekly inflation sees annual surge,Inflation / CPI,Negative,https://www.dawn.com/news/1953817/weekly-inflation-sees-annual-surge
2025-11-08,"Pakistan faces climate fragility, warn lenders",IMF / External Financing; GDP / Economic Growth,Negative,https://www.dawn.com/news/1953816/pakistan-faces-climate-fragility-warn-lenders
2025-11-08,"Islamabad, Lahore and Karachi airports up for privatisation",Privatization / Divestment,Neutral,https://www.dawn.com/news/1953818
2025-11-08,"ECC clears circular debt plan, paves way to wind up Power Holding Limited",Oil & Gas / Energy Sector,Neutral,https://www.dawn.com/news/1953781/ecc-clears-circular-debt-plan-paves-way-to-wind-up-power-holding-limited
2025-11-08,"FPCCI, KCCI join hands for economic revival",Fiscal Policy / Budget / Taxes,Neutral,https://www.dawn.com/news/1953819/fpcci-kcci-join-hands-for-economic-revival
2025-11-08,Bulls snap three-session losing streak,Stock Market (Direct); Banking Sector,Positive,https://www.dawn.com/news/1953820/bulls-snap-three-session-losing-streak
2025-11-08,Govt posts rare Rs2.12tr surplus in first quarter of current fiscal year,Monetary Policy / Interest Rates; Oil & Gas / Energy Sector,Positive,https://www.dawn.com/news/1953814
2025-11-09,Auto industry gears up for policy battle,IMF / External Financing; Automobile Sector,Neutral,https://www.dawn.com/news/1953989/auto-industry-gears-up-for-policy-battle
2025-11-09,Govt awaits IMF nod to unveil first industrial policy,IMF / External Financing; Fiscal Policy / Budget / Taxes; Current Account / Trade,Neutral,https://www.dawn.com/news/1953990/govt-awaits-imf-nod-to-unveil-first-industrial-policy
2025-11-09,PSX extends weekly losses amid mixed economic indicators,Stock Market (Direct),Neutral,https://www.dawn.com/news/1953994/psx-extends-weekly-losses-amid-mixed-economic-indicators
2025-11-10,The inflation trap,Inflation / CPI,Neutral,https://www.dawn.com/news/1954096/the-inflation-trap
2025-11-10,PIA claims no flight delays due to strike,Privatization / Divestment,Negative,https://www.dawn.com/news/1954182/pia-claims-no-flight-delays-due-to-strike
2025-11-11,"PSX crosses 161,000 on renewed confidence",Stock Market (Direct); Fiscal Policy / Budget / Taxes,Neutral,https://www.dawn.com/news/1954408/psx-crosses-161000-on-renewed-confidence
2025-11-11,FBR makes e-filing of tax returns mandatory,Fiscal Policy / Budget / Taxes,Neutral,https://www.dawn.com/news/1954406/fbr-makes-e-filing-of-tax-returns-mandatory
2025-11-12,Auto sales rev up in October,Automobile Sector,Positive,https://www.dawn.com/news/1954574/auto-sales-rev-up-in-october
2025-11-12,"PSX plunges 3,668 points on security concerns",Stock Market (Direct),Negative,https://www.dawn.com/news/1954577/psx-plunges-3668-points-on-security-concerns
2025-11-12,Provinces asked to help achieve meat export target,Current Account / Trade,Neutral,https://www.dawn.com/news/1954575/provinces-asked-to-help-achieve-meat-export-target
2025-11-12,SBP backs regional market integration,Monetary Policy / Interest Rates,Neutral,https://www.dawn.com/news/1954576/sbp-backs-regional-market-integration
2025-11-13,Digital future no longer a distinct vision: SBP,Monetary Policy / Interest Rates,Neutral,https://www.dawn.com/news/1954795/digital-future-no-longer-a-distinct-vision-sbp
2025-11-13,Govt spends just Rs76bn on development in first 4 months of FY26,Fiscal Policy / Budget / Taxes,Neutral,https://www.dawn.com/news/1954792
2025-11-13,Pakistan may get $1.2bn from IMF on Dec 9,IMF / External Financing,Neutral,https://www.dawn.com/news/1954796/pakistan-may-get-12bn-from-imf-on-dec-9
2025-11-13,Pakistan’s economic policies have destroyed manufacturing and export competitiveness,Current Account / Trade,Neutral,https://www.dawn.com/news/1954785
2025-11-14,SBP reserves hit four-year high,Monetary Policy / Interest Rates; Foreign Reserves,Neutral,https://www.dawn.com/news/1954936/sbp-reserves-hit-four-year-high
2025-11-14,"Pakistan’s edible oil imports to reach 3.5m metric tonnes in 2025, Westbury Group chief executive says",Current Account / Trade; Oil & Gas / Energy Sector,Neutral,https://www.dawn.com/news/1955037/pakistans-edible-oil-imports-to-reach-35m-metric-tonnes-in-2025-westbury-group-chief-executive-says
2025-11-14,Pakistan revives offshore exploration with 23-block award round to 3 public sector oil and gas producers,Oil & Gas / Energy Sector,Neutral,https://www.dawn.com/news/1954930
2025-11-14,"Bulls rally 2,476 points on IMF news",Stock Market (Direct); IMF / External Financing; Cement Sector,Positive,https://www.dawn.com/news/1954937/bulls-rally-2476-points-on-imf-news
2025-11-15,Costly food continues fuelling inflation,Inflation / CPI,Neutral,https://www.dawn.com/news/1955196/costly-food-continues-fuelling-inflation
2025-11-15,Equities close weekend session on bullish note,IMF / External Financing,Positive,https://www.dawn.com/news/1955193/equities-close-weekend-session-on-bullish-note
2025-11-16,Mood lifts at PSX after three weeks of losses,Stock Market (Direct); IMF / External Financing,Neutral,https://www.dawn.com/news/1955353/mood-lifts-at-psx-after-three-weeks-of-losses
2025-11-16,PM calls for ending tax evasion from key sectors,Fiscal Policy / Budget / Taxes,Neutral,https://www.dawn.com/news/1955350/pm-calls-for-ending-tax-evasion-from-key-sectors
2025-11-16,SBP limits cash dollar transactions,Monetary Policy / Interest Rates; Currency / Exchange Rate,Neutral,https://www.dawn.com/news/1955348/sbp-limits-cash-dollar-transactions
2025-11-17,Urgency of export exploration,Current Account / Trade,Neutral,https://www.dawn.com/news/1955560/urgency-of-export-exploration
2025-11-18,Islamic finance poised to power climate agenda,Stock Market (Direct),Neutral,https://www.dawn.com/news/1955746/islamic-finance-poised-to-power-climate-agenda
2025-11-18,Foreign investment plunges 26pc,Foreign Investment / FPI,Negative,https://www.dawn.com/news/1955743/foreign-investment-plunges-26pc
2025-11-18,Current account deficit surges by 255pc to $733m in July-Oct,Current Account / Trade,Negative,https://www.dawn.com/news/1955748/current-account-deficit-surges-by-255pc-to-733m-in-july-oct
2025-11-18,Auto financing hits Rs315bn amid cheaper rates,Current Account / Trade,Neutral,https://www.dawn.com/news/1955747/auto-financing-hits-rs315bn-amid-cheaper-rates
2025-11-18,Exports to Europe rise to $3.2bn,Current Account / Trade,Positive,https://www.dawn.com/news/1955745/exports-to-europe-rise-to-32bn
2025-11-19,Bears drive out bulls amid dearth of triggers,Stock Market (Direct),Neutral,https://www.dawn.com/news/1955927/bears-drive-out-bulls-amid-dearth-of-triggers
2025-11-19,Pakistan to build island to boost oil exploration: report,Oil & Gas / Energy Sector,Positive,https://www.dawn.com/news/1956086/pakistan-to-build-island-to-boost-oil-exploration-report
2025-11-19,RLNG gets costlier for third time in November,Oil & Gas / Energy Sector,Neutral,https://www.dawn.com/news/1955929/rlng-gets-costlier-for-third-time-in-november
2025-11-19,Textile exports drift lower for third month,Current Account / Trade; Oil & Gas / Energy Sector; Textile Sector,Negative,https://www.dawn.com/news/1955933/textile-exports-drift-lower-for-third-month
2025-11-20,Senate panel urges SBP to end forced abayas at banks,Monetary Policy / Interest Rates,Neutral,https://www.dawn.com/news/1956138/senate-panel-urges-sbp-to-end-forced-abayas-at-banks
2025-11-20,IMF highlights corruption risks across state institutions in Pakistan,IMF / External Financing,Negative,https://www.dawn.com/news/1956186/imf-highlights-corruption-risks-across-state-institutions-in-pakistan
2025-11-20,ADB approves $330m loan to expand clean energy transmission in Pakistan,IMF / External Financing,Positive,https://www.dawn.com/news/1956269/adb-approves-330m-loan-to-expand-clean-energy-transmission-in-pakistan
2025-11-20,"Bulls return with 1,291-point rally",Stock Market (Direct),Positive,https://www.dawn.com/news/1956196/bulls-return-with-1291-point-rally
2025-11-21,SBP reserves up by $27 million,Monetary Policy / Interest Rates; IMF / External Financing,Positive,https://www.dawn.com/news/1956423/sbp-reserves-up-by-27-million
2025-11-21,"Call to tap growth potential for gems, sporting goods",Current Account / Trade,Neutral,https://www.dawn.com/news/1956430/call-to-tap-growth-potential-for-gems-sporting-goods
2025-11-21,Editorial: IMF’s long-awaited report grim analysis of Pakistan’s persistent corruption challenges,IMF / External Financing,Negative,https://www.dawn.com/news/1956413
2025-11-21,Govt agrees on asset declaration reforms to combat corruption,IMF / External Financing,Negative,https://www.dawn.com/news/1956398/govt-agrees-on-asset-declaration-reforms-to-combat-corruption
2025-11-21,Mobilink launches Islamic banking,Banking Sector,Neutral,https://www.dawn.com/news/1956425/mobilink-launches-islamic-banking
2025-11-21,PM Shehbaz directs PIA’s speedy privatisation,Privatization / Divestment,Neutral,https://www.dawn.com/news/1956427/pm-shehbaz-directs-pias-speedy-privatisation
2025-11-21,Stocks add 711 points to overnight gains,Stock Market (Direct),Positive,https://www.dawn.com/news/1956424/stocks-add-711-points-to-overnight-gains
2025-11-22,PTI’s Jhagra assails govt; says judicial distrust creating hurdles in foreign investment,IMF / External Financing; Foreign Investment / FPI; Political Stability / Government,Neutral,https://www.dawn.com/news/1956712/ptis-jhagra-assails-govt-says-judicial-distrust-creating-hurdles-in-foreign-investment
2025-11-22,FBR assures Korangi Association of Trade and Industry of resolving tax issues,Fiscal Policy / Budget / Taxes,Neutral,https://www.dawn.com/news/1956648/fbr-assures-korangi-association-of-trade-and-industry-of-resolving-tax-issues
2025-11-22,Rising food cost fuels short-term inflation,Inflation / CPI,Negative,https://www.dawn.com/news/1956651/rising-food-cost-fuels-short-term-inflation
2025-11-22,$600m lost to illegal crypto transactions in Pakistan,Currency / Exchange Rate,Negative,https://www.dawn.com/news/1956646/600m-lost-to-illegal-crypto-transactions-in-pakistan
2025-11-22,Asian Development Bank plans to inject $10bn in building digitally connected resilient region,IMF / External Financing,Neutral,https://www.dawn.com/news/1956645/asian-development-bank-plans-to-inject-10bn-in-building-digitally-connected-resilient-region
2025-11-23,Why do companies delist in Pakistan?,Fiscal Policy / Budget / Taxes,Neutral,https://www.dawn.com/news/1956790
2025-11-23,Imports of car assembly kits surge 123pc,Current Account / Trade,Neutral,https://www.dawn.com/news/1956791/imports-of-car-assembly-kits-surge-123pc
2025-11-23,Govt asked to cut taxes ahead of 5G rollout,Fiscal Policy / Budget / Taxes,Positive,https://www.dawn.com/news/1956789/govt-asked-to-cut-taxes-ahead-of-5g-rollout
2025-11-23,Food imports jump to $3 billion,Current Account / Trade,Neutral,https://www.dawn.com/news/1956788/food-imports-jump-to-3-billion
2025-11-24,A complex investment puzzle,Currency / Exchange Rate,Neutral,https://www.dawn.com/news/1956876/a-complex-investment-puzzle
2025-11-24,"Alarmed by weakness of audit mechanism, IMF calls for independent AGP office",IMF / External Financing,Neutral,https://www.dawn.com/news/1957018/alarmed-by-weakness-of-audit-mechanism-imf-calls-for-independent-agp-office
2025-11-24,Has ‘managing’ exchange rate backfired for Pakistan?,Currency / Exchange Rate,Neutral,https://www.dawn.com/news/1956879
2025-11-24,"Pakistan seeks to buy 100,000 tonnes of rice for supply to Bangladesh",Current Account / Trade,Neutral,https://www.dawn.com/news/1957067/pakistan-seeks-to-buy-100000-tonnes-of-rice-for-supply-to-bangladesh
2025-11-24,Why FDI bypasses Pakistan,Foreign Investment / FPI,Neutral,https://www.dawn.com/news/1956877/why-fdi-bypasses-pakistan
2025-11-25,PM Shehbaz eliminates 0.25pc export surcharge,Current Account / Trade,Neutral,https://www.dawn.com/news/1957204/pm-shehbaz-eliminates-025pc-export-surcharge
2025-11-25,Ogra determines 7pc increase in gas prices,IMF / External Financing; Oil & Gas / Energy Sector,Neutral,https://www.dawn.com/news/1957207/ogra-determines-7pc-increase-in-gas-prices
2025-11-26,ADB okays additional $48m financing for water project in Balochistan,IMF / External Financing,Neutral,https://www.dawn.com/news/1957468/adb-okays-additional-48m-financing-for-water-project-in-balochistan
2025-11-26,"IMF slams Pakistan’s fiscal mismanagement, calls for immediate steps to combat inefficiencies",IMF / External Financing,Neutral,https://www.dawn.com/news/1957384
2025-11-27,SBP chief stresses investment in innovation,Monetary Policy / Interest Rates,Positive,https://www.dawn.com/news/1957618/sbp-chief-stresses-investment-in-innovation
2025-11-27,"Aurangzeb shifts focus to steady, sustainable economic growth",GDP / Economic Growth,Neutral,https://www.dawn.com/news/1957620/aurangzeb-shifts-focus-to-steady-sustainable-economic-growth
2025-11-27,IMF’s report has rightly emphasised need for transparency as important tool in combating corruption,IMF / External Financing,Negative,https://www.dawn.com/news/1957655
2025-11-27,"Iron, steel scrap imports hit record in October",Current Account / Trade,Neutral,https://www.dawn.com/news/1957616/iron-steel-scrap-imports-hit-record-in-october
2025-11-27,National Assembly panel seeks clear timeline to complete PIA bidding process,Privatization / Divestment,Neutral,https://www.dawn.com/news/1957644/national-assembly-panel-seeks-clear-timeline-to-complete-pia-bidding-process
2025-11-28,Pakistan’s fuel oil exports scale fresh high in 2025,Current Account / Trade,Neutral,https://www.dawn.com/news/1957772/pakistans-fuel-oil-exports-scale-fresh-high-in-2025
2025-11-28,SIFC feels high taxes discourage investments,Fiscal Policy / Budget / Taxes,Neutral,https://www.dawn.com/news/1957770/sifc-feels-high-taxes-discourage-investments
2025-11-28,"Governance failures hurt investor confidence, says PM’s aide",Privatization / Divestment,Neutral,https://www.dawn.com/news/1957771
2025-11-29,Petrol and diesel prices likely to see a drop from Dec 1,Oil & Gas / Energy Sector,Neutral,https://www.dawn.com/news/1958083
2025-11-29,Govt utters cautious optimism amid mixed economic performance,Debt / External Debt,Neutral,https://www.dawn.com/news/1958081/govt-utters-cautious-optimism-amid-mixed-economic-performance
2025-11-29,SPI rises for 17th week,Inflation / CPI,Neutral,https://www.dawn.com/news/1958084/spi-rises-for-17th-week
2025-11-29,"Senators flag concerns over NHA project contracts, again",IMF / External Financing,Neutral,https://www.dawn.com/news/1958101/senators-flag-concerns-over-nha-project-contracts-again
2025-11-30,Afghan border closure chokes crucial exports,Current Account / Trade; Cement Sector,Neutral,https://www.dawn.com/news/1958257/afghan-border-closure-chokes-crucial-exports
2025-11-30,Exports to N. America post paltry growth,Current Account / Trade,Neutral,https://www.dawn.com/news/1958258/exports-to-n-america-post-paltry-growth
2025-11-30,"PSX settles above 166,000 in November",Stock Market (Direct); IMF / External Financing,Neutral,https://www.dawn.com/news/1958261/psx-settles-above-166000-in-november
2025-12-01,Why IMF’s assessment of Pakistan’s governance and corruption landscape is a disappointment,IMF / External Financing,Negative,https://www.dawn.com/news/1958472
2025-12-01,Potato glut — Pakistan’s export wake-up call,Current Account / Trade,Positive,https://www.dawn.com/news/1958325/potato-glut-pakistans-export-wake-up-call
2025-12-01,Inflation edges down to 6.1pc in November,Inflation / CPI,Positive,https://www.dawn.com/news/1958545/inflation-edges-down-to-61pc-in-november
2025-12-01,Finance minister expects ‘good’ NFC output,GDP / Economic Growth,Neutral,https://www.dawn.com/news/1958445/finance-minister-expects-good-nfc-output
2025-12-01,Faulty governance laid bare,IMF / External Financing,Neutral,https://www.dawn.com/news/1958332/faulty-governance-laid-bare
2025-12-01,"IMF graft report — a roadmap, not a reprimand for Pakistan",IMF / External Financing,Neutral,https://www.dawn.com/news/1958333
2025-12-02,"Bulls toss index above 168,000 mark",Stock Market (Direct),Positive,https://www.dawn.com/news/1958685/bulls-toss-index-above-168000-mark
2025-12-02,Credit to private sector hits three-year high,Banking Sector,Neutral,https://www.dawn.com/news/1958693/credit-to-private-sector-hits-three-year-high
2025-12-02,"IMF graft report stresses need for reforms, finance minister tells Senate",IMF / External Financing,Neutral,https://www.dawn.com/news/1958694
2025-12-02,LPG prices raised by 4pc,Currency / Exchange Rate; Oil & Gas / Energy Sector,Neutral,https://www.dawn.com/news/1958691/lpg-prices-raised-by-4pc
2025-12-02,Machinery clearance procedures for tribal areas,Fiscal Policy / Budget / Taxes,Neutral,https://www.dawn.com/news/1958692/machinery-clearance-procedures-for-tribal-areas
2025-12-03,Indian rupee hits fresh record low past 90 per dollar,Currency / Exchange Rate,Neutral,https://www.dawn.com/news/1958966/indian-rupee-hits-fresh-record-low-past-90-per-dollar
2025-12-03,"Sales of cement fall, urea surge in November",Cement Sector; Fertilizer Sector,Negative,https://www.dawn.com/news/1958867/sales-of-cement-fall-urea-surge-in-november
2025-12-03,High-yield seeds key to revive cotton crop,Current Account / Trade,Neutral,https://www.dawn.com/news/1958866/high-yield-seeds-key-to-revive-cotton-crop
2025-12-03,"Turkiye, Pakistan forge energy cooperation",Oil & Gas / Energy Sector,Neutral,https://www.dawn.com/news/1958871/turkiye-pakistan-forge-energy-cooperation
2025-12-03,Govt taking steps to enhance exports: PM,Current Account / Trade; GDP / Economic Growth,Neutral,https://www.dawn.com/news/1958859/govt-taking-steps-to-enhance-exports-pm
2025-12-03,Index falls as profit-taking clips four-day rally,Stock Market (Direct),Positive,https://www.dawn.com/news/1958872/index-falls-as-profit-taking-clips-four-day-rally
2025-12-03,Exports dip for fourth straight month,Current Account / Trade,Negative,https://www.dawn.com/news/1958870/exports-dip-for-fourth-straight-month
2025-12-03,"Fruit, green exporters eye $2bn target in three years",Current Account / Trade,Neutral,https://www.dawn.com/news/1958868/fruit-green-exporters-eye-2bn-target-in-three-years
2025-12-03,"Companies need rapid compliance to save exports, WB economist warns",Current Account / Trade,Negative,https://www.dawn.com/news/1958869
2025-12-03,"Bidding for PIA to be held on Dec 23, says PM Shehbaz",Privatization / Divestment,Neutral,https://www.dawn.com/news/1958981/bidding-for-pia-to-be-held-on-dec-23-says-pm-shehbaz
2025-12-03,Automotive industry concerned at ‘misuse of import schemes’,Current Account / Trade,Neutral,https://www.dawn.com/news/1958903/automotive-industry-concerned-at-misuse-of-import-schemes
2025-12-04,Saudi Arabia rolls over $3bn deposit for another year,Monetary Policy / Interest Rates; Foreign Reserves; GDP / Economic Growth,Neutral,https://www.dawn.com/news/1959179/saudi-arabia-rolls-over-3bn-deposit-for-another-year
2025-12-04,Oil industry rejects digital integration sans compensation,Oil & Gas / Energy Sector,Negative,https://www.dawn.com/news/1959105/oil-industry-rejects-digital-integration-sans-compensation
2025-12-04,Women powering Pakistan’s growth push: SBP chief,Monetary Policy / Interest Rates,Neutral,https://www.dawn.com/news/1959103/women-powering-pakistans-growth-push-sbp-chief
2025-12-04,IMF’s graft report fails to highlight climate risk as foundational threat to Pakistan’s economic stability,IMF / External Financing,Negative,https://www.dawn.com/news/1959098
2025-12-04,Business confidence climbs but persistent challenges remain: survey,Inflation / CPI; Currency / Exchange Rate; Fiscal Policy / Budget / Taxes,Neutral,https://www.dawn.com/news/1959102
2025-12-04,Lawmakers slam govt’s inaction on corruption,IMF / External Financing,Negative,https://www.dawn.com/news/1959104/lawmakers-slam-govts-inaction-on-corruption
2025-12-05,EU unveils financial ‘super regulator’ plan,Currency / Exchange Rate,Neutral,https://www.dawn.com/news/1959241/eu-unveils-financial-super-regulator-plan
2025-12-05,Non-bank financial institution growth fades as banks pull funds,Monetary Policy / Interest Rates,Neutral,https://www.dawn.com/news/1959242/non-bank-financial-institution-growth-fades-as-banks-pull-funds
2025-12-05,Services exports rise 16pc in July-October,Current Account / Trade,Positive,https://www.dawn.com/news/1959244/services-exports-rise-16pc-in-july-october
2025-12-06,"ADB approves $381m for 3 projects concerning agriculture, education and health services in Punjab",IMF / External Financing; GDP / Economic Growth,Positive,https://www.dawn.com/news/1959548/adb-approves-381m-for-3-projects-concerning-agriculture-education-and-health-services-in-punjab
2025-12-06,ADB to give $61.8m to advance 3 key projects,IMF / External Financing,Neutral,https://www.dawn.com/news/1959490/adb-to-give-618m-to-advance-3-key-projects
2025-12-06,"Edible oil, wheat flour fuel SPI",Inflation / CPI,Neutral,https://www.dawn.com/news/1959488/edible-oil-wheat-flour-fuel-spi
2025-12-06,IMF’s Executive Board to meet on Dec 8 to approve disbursement of $1.2bn to Pakistan,IMF / External Financing,Positive,https://www.dawn.com/news/1959529/imfs-executive-board-to-meet-on-dec-8-to-approve-disbursement-of-12bn-to-pakistan
2025-12-06,PSX rallies on Saudi rollover of $3bn deposit,Stock Market (Direct),Positive,https://www.dawn.com/news/1959482/psx-rallies-on-saudi-rollover-of-3bn-deposit
2025-12-07,Textile industry in meltdown: Cotton Ginners Forum chairman,Textile Sector,Negative,https://www.dawn.com/news/1959680
2025-12-07,Pakistan to sell excess gas in international markets from January 1: petroleum minister,Oil & Gas / Energy Sector,Neutral,https://www.dawn.com/news/1959746/pakistan-to-sell-excess-gas-in-international-markets-from-january-1-petroleum-minister
2025-12-07,Rupee expected to break Rs280 barrier against US dollar by December end,Monetary Policy / Interest Rates; Currency / Exchange Rate; Current Account / Trade,Neutral,https://www.dawn.com/news/1959683
2025-12-07,Non-textile exports dip over 14pc in July-October,Current Account / Trade; Textile Sector,Negative,https://www.dawn.com/news/1959677/non-textile-exports-dip-over-14pc-in-july-october
2025-12-07,Downturn deepens as textile sector flags competitiveness crisis,Current Account / Trade; Textile Sector,Negative,https://www.dawn.com/news/1959681/downturn-deepens-as-textile-sector-flags-competitiveness-crisis
2025-12-07,Pakistan establishes first lab for solar panels with Korean govt’s support,Fiscal Policy / Budget / Taxes,Neutral,https://www.dawn.com/news/1959679
2025-12-08,Are Pakistan’s taxation policies proving counterproductive and suppressing growth?,IMF / External Financing; Fiscal Policy / Budget / Taxes,Negative,https://www.dawn.com/news/1959819
2025-12-08,Dovetailing economic growth with stability,GDP / Economic Growth,Neutral,https://www.dawn.com/news/1959901/dovetailing-economic-growth-with-stability
2025-12-08,"Rising imports, burning reserves",Current Account / Trade,Neutral,https://www.dawn.com/news/1959902
2025-12-08,Seeds over grains — a simpler harvest,Current Account / Trade,Neutral,https://www.dawn.com/news/1959815/seeds-over-grains-a-simpler-harvest
2025-12-09,Exports to five central Asian states contract,Current Account / Trade,Neutral,https://www.dawn.com/news/1960063/exports-to-five-central-asian-states-contract
2025-12-09,IMF sees Pakistan stepping back from default risk,IMF / External Financing; GDP / Economic Growth,Negative,https://www.dawn.com/news/1960098/imf-sees-pakistan-stepping-back-from-default-risk
2025-12-09,Population growth puts strain on Pakistan’s water resources: ADB,IMF / External Financing,Neutral,https://www.dawn.com/news/1960064/population-growth-puts-strain-on-pakistans-water-resources-adb
2025-12-10,PSX hits new high on crucial inflow,Stock Market (Direct),Positive,https://www.dawn.com/news/1960243/psx-hits-new-high-on-crucial-inflow
2025-12-10,NA body orders review of mobile phone taxes,Fiscal Policy / Budget / Taxes,Neutral,https://www.dawn.com/news/1960239/na-body-orders-review-of-mobile-phone-taxes
2025-12-10,"Kinno exports begin as 6,000 tonnes shipped to Middle East, Sri Lanka and Philippines",Current Account / Trade,Neutral,https://www.dawn.com/news/1960240
2025-12-10,Chinese group eyes setting up solar panel plant in Pakistan,Currency / Exchange Rate,Neutral,https://www.dawn.com/news/1960261/chinese-group-eyes-setting-up-solar-panel-plant-in-pakistan
2025-12-10,"ECC hikes petrol, diesel margins for oil marketing companies, dealers",Current Account / Trade; Oil & Gas / Energy Sector,Neutral,https://www.dawn.com/news/1960270/ecc-hikes-petrol-diesel-margins-for-oil-marketing-companies-dealers
2025-12-11,$119m withdrawn from T-bills in Nov,Foreign Investment / FPI,Neutral,https://www.dawn.com/news/1960433/119m-withdrawn-from-t-bills-in-nov
2025-12-11,ADB lifts Pakistan’s growth outlook,IMF / External Financing,Neutral,https://www.dawn.com/news/1960434/adb-lifts-pakistans-growth-outlook
2025-12-11,SBP receives $1.2bn tranche from IMF,Monetary Policy / Interest Rates; IMF / External Financing; Foreign Reserves; Banking Sector,Neutral,https://www.dawn.com/news/1960494/sbp-receives-12bn-tranche-from-imf
2025-12-11,Why 3rd year of economic stabilisation will see a rising arc of political instability in Pakistan,Political Stability / Government,Negative,https://www.dawn.com/news/1960458
2025-12-12,1Link-style system urged to plug dollar leakages,Currency / Exchange Rate,Neutral,https://www.dawn.com/news/1960570/1link-style-system-urged-to-plug-dollar-leakages
2025-12-12,Automobile sales surge 52pc in November,Monetary Policy / Interest Rates; Inflation / CPI; Automobile Sector,Positive,https://www.dawn.com/news/1960573/automobile-sales-surge-52pc-in-november
2025-12-12,Govt agrees to new IMF targets after missing about a dozen,IMF / External Financing,Positive,https://www.dawn.com/news/1960625/govt-agrees-to-new-imf-targets-after-missing-about-a-dozen
2025-12-12,PM Shehbaz directs FBR to bridge shortfalls,Fiscal Policy / Budget / Taxes,Negative,https://www.dawn.com/news/1960572
2025-12-13,"Lenders approve $940m for SOE reforms, water hygiene, sanitation",IMF / External Financing,Positive,https://www.dawn.com/news/1960832/lenders-approve-940m-for-soe-reforms-water-hygiene-sanitation
2025-12-13,No rate cut seen as IMF wants tight liquidity,Monetary Policy / Interest Rates; IMF / External Financing,Positive,https://www.dawn.com/news/1960831/no-rate-cut-seen-as-imf-wants-tight-liquidity
2025-12-14,Investment-to-GDP ratio may fall below 13pc,GDP / Economic Growth,Negative,https://www.dawn.com/news/1960994/investment-to-gdp-ratio-may-fall-below-13pc
2025-12-14,PMA wants withdrawal of FBR report on failures to file tax returns,Fiscal Policy / Budget / Taxes,Neutral,https://www.dawn.com/news/1960997
2025-12-14,IMF targets dubbed ‘new’ benchmarks do not represent ‘imposition of abrupt conditions’: finance ministry,IMF / External Financing,Neutral,https://www.dawn.com/news/1961075/imf-targets-dubbed-new-benchmarks-do-not-represent-imposition-of-abrupt-conditions-finance-ministry
2025-12-14,Equities scale new high as IMF inflow lifts investor sentiment,Stock Market (Direct); IMF / External Financing,Positive,https://www.dawn.com/news/1961001/equities-scale-new-high-as-imf-inflow-lifts-investor-sentiment
2025-12-14,Aurangzeb vows crackdown on tax evaders,Fiscal Policy / Budget / Taxes,Neutral,https://www.dawn.com/news/1960998/aurangzeb-vows-crackdown-on-tax-evaders
2025-12-14,40pc tax returns show nil income in tax year 2025: sources,Currency / Exchange Rate; Fiscal Policy / Budget / Taxes,Neutral,https://www.dawn.com/news/1960995
2025-12-15,Central bank slashes policy rate by 50 bps to 10.5pc,Monetary Policy / Interest Rates; Banking Sector,Positive,https://www.dawn.com/news/1961265/central-bank-slashes-policy-rate-by-50-bps-to-105pc
2025-12-15,Rethinking Pakistan’s food plate,Fiscal Policy / Budget / Taxes,Neutral,https://www.dawn.com/news/1961231
2025-12-15,"Why a South-first, export-oriented industrial strategy is an economically efficient way forward for Pakistan",Current Account / Trade,Neutral,https://www.dawn.com/news/1961087
2025-12-16,"ADB commits more loans for reforms, budget support",IMF / External Financing; Fiscal Policy / Budget / Taxes,Neutral,https://www.dawn.com/news/1961375/adb-commits-more-loans-for-reforms-budget-support
2025-12-16,"Fauji Foundation, Binance partner for crypto push",Currency / Exchange Rate,Neutral,https://www.dawn.com/news/1961373/fauji-foundation-binance-partner-for-crypto-push
2025-12-16,PM Shehbaz directs speedy power reforms,Privatization / Divestment,Neutral,https://www.dawn.com/news/1961374/pm-shehbaz-directs-speedy-power-reforms
2025-12-16,Pakistan International Bulk Terminal Ltd to handle Reko Diq’s copper-gold exports,Current Account / Trade,Neutral,https://www.dawn.com/news/1961372/pakistan-international-bulk-terminal-ltd-to-handle-reko-diqs-copper-gold-exports
2025-12-16,"Policy rate cut too meagre to address major challenges, industry leaders complain",Monetary Policy / Interest Rates,Positive,https://www.dawn.com/news/1961376
2025-12-17,FBR delays new property valuation in Islamabad,Fiscal Policy / Budget / Taxes,Negative,https://www.dawn.com/news/1961581/fbr-delays-new-property-valuation-in-islamabad
2025-12-17,Editorial: Policy rate cut may signal a strategic shift but is too small to make a significant impact,Monetary Policy / Interest Rates,Positive,https://www.dawn.com/news/1961614
2025-12-17,Current account turns positive in November with $100m surplus,Current Account / Trade,Negative,https://www.dawn.com/news/1961678/current-account-turns-positive-in-november-with-100m-surplus
2025-12-18,Auto financing grows for 12th straight month,Monetary Policy / Interest Rates,Neutral,https://www.dawn.com/news/1961765/auto-financing-grows-for-12th-straight-month
2025-12-18,"PM Shehbaz approves halal meat export policy, orders preparation of strategy to enhance exports",Current Account / Trade,Positive,https://www.dawn.com/news/1961840/pm-shehbaz-approves-halal-meat-export-policy-orders-preparation-of-strategy-to-enhance-exports
2025-12-18,PSX remains volatile on mixed economic data,Stock Market (Direct),Negative,https://www.dawn.com/news/1961764/psx-remains-volatile-on-mixed-economic-data
2025-12-18,Pakistan seeks massive ADB loan to tackle remaining Rs1.7tr circular debt,IMF / External Financing; Oil & Gas / Energy Sector,Neutral,https://www.dawn.com/news/1961769/pakistan-seeks-massive-adb-loan-to-tackle-remaining-rs17tr-circular-debt
2025-12-19,Digital asset drive gathers pace as central bank engages PVARA,Banking Sector,Neutral,https://www.dawn.com/news/1961913
2025-12-19,Only 9pc of development budget used in first five months of current fiscal year,IMF / External Financing; Fiscal Policy / Budget / Taxes,Positive,https://www.dawn.com/news/1961941
2025-12-19,Textile exports log fourth straight monthly decline,Current Account / Trade; Textile Sector,Neutral,https://www.dawn.com/news/1961914/textile-exports-log-fourth-straight-monthly-decline
2025-12-20,"PSX falters on external sector woes, profit-taking",Stock Market (Direct),Negative,https://www.dawn.com/news/1962167/psx-falters-on-external-sector-woes-profit-taking
2025-12-20,Weekly inflation rises 3.7pc,Inflation / CPI,Negative,https://www.dawn.com/news/1962168/weekly-inflation-rises-37pc
2025-12-20,World Bank approves $700 million for Pakistan’s economic stability,IMF / External Financing,Positive,https://www.dawn.com/news/1962241/world-bank-approves-700-million-for-pakistans-economic-stability
2025-12-21,"Kinno exports struggle amid Kabul border dispute, unstable markets",Current Account / Trade,Negative,https://www.dawn.com/news/1962365
2025-12-21,Dollar shortage continues as exchanges run dry,Currency / Exchange Rate,Neutral,https://www.dawn.com/news/1962368/dollar-shortage-continues-as-exchanges-run-dry
2025-12-22,"After Fauji Fertiliser’s exit, only 3 in race as PIA bid opens tomorrow",Fertilizer Sector; Privatization / Divestment,Neutral,https://www.dawn.com/news/1962584
2025-12-22,How Pakistan can offset the negative impact of US tariffs,Current Account / Trade,Neutral,https://www.dawn.com/news/1962476
2025-12-22,"Pakistan cannot tax its way out of a fiscal crisis; it requires tech, not threats",Fiscal Policy / Budget / Taxes,Negative,https://www.dawn.com/news/1962475
2025-12-22,Pakistan can’t rely on the IMF forever,IMF / External Financing,Neutral,https://www.dawn.com/news/1962588
2025-12-22,"Tax-to-GDP ratio to stall over five years, IMF expects",IMF / External Financing; Fiscal Policy / Budget / Taxes; GDP / Economic Growth,Negative,https://www.dawn.com/news/1962570/tax-to-gdp-ratio-to-stall-over-five-years-imf-expects
2025-12-22,Time to focus on potatoes and garlic,Current Account / Trade,Neutral,https://www.dawn.com/news/1962472
2025-12-23,Arif Habib consortium emerges victorious in PIA auction with Rs135bn bid,Cement Sector; Privatization / Divestment,Neutral,https://www.dawn.com/news/1962791/arif-habib-consortium-emerges-victorious-in-pia-auction-with-rs135bn-bid
2025-12-23,Food imports surge over 28pc,Current Account / Trade,Neutral,https://www.dawn.com/news/1962743/food-imports-surge-over-28pc
2025-12-23,"Gold, silver prices hit record high",Stock Market (Direct),Positive,https://www.dawn.com/news/1962742/gold-silver-prices-hit-record-high
2025-12-23,"In letter to PM Shehbaz, industry demands revival of business confidence",Currency / Exchange Rate,Neutral,https://www.dawn.com/news/1962741
2025-12-23,International Finance Corporation announces first local currency investment in Pakistan,Currency / Exchange Rate,Neutral,https://www.dawn.com/news/1962799/international-finance-corporation-announces-first-local-currency-investment-in-pakistan
2025-12-24,Trade deficit with nine states swells to $6.22bn,Current Account / Trade,Negative,https://www.dawn.com/news/1962912/trade-deficit-with-nine-states-swells-to-622bn
2025-12-24,PSX extends losses in PIA-driven cautious trade,Stock Market (Direct); Privatization / Divestment,Negative,https://www.dawn.com/news/1962906/psx-extends-losses-in-pia-driven-cautious-trade
2025-12-24,"PIA to be run by new owners from April subject to approvals, says PM’s adviser",Privatization / Divestment,Neutral,https://www.dawn.com/news/1962979/pia-to-be-run-by-new-owners-from-april-subject-to-approvals-says-pms-adviser
2025-12-24,"Islamic banking should go beyond name, says SBP deputy governor",Monetary Policy / Interest Rates; Banking Sector,Neutral,https://www.dawn.com/news/1962913
2025-12-24,"Asif says govt satisfied with PIA sale, sees it having great ‘symbolic value’",Privatization / Divestment,Neutral,https://www.dawn.com/news/1962969/asif-says-govt-satisfied-with-pia-sale-sees-it-having-great-symbolic-value
2025-12-24,Finance minister says Pakistan’s economy shifting toward export-led growth,Current Account / Trade; GDP / Economic Growth,Neutral,https://www.dawn.com/news/1962970/finance-minister-says-pakistans-economy-shifting-toward-export-led-growth
2025-12-24,ECC approves bailout package for PIA-IL to meet Roosevelt Hotel tax liabilities,IMF / External Financing; Fiscal Policy / Budget / Taxes; Privatization / Divestment,Positive,https://www.dawn.com/news/1962943
2025-12-24,Foreign loan inflows surge by 46pc to $3.03bn in first 5 months of FY26,IMF / External Financing,Positive,https://www.dawn.com/news/1962910
2025-12-25,"Pakistan, ADB sign two key initiatives worth $730m in power, state-owned enterprises sector",IMF / External Financing,Neutral,https://www.dawn.com/news/1963183/pakistan-adb-sign-two-key-initiatives-worth-730m-in-power-state-owned-enterprises-sector
2025-12-25,Why no govt could have expected to make money out of selling PIA,Privatization / Divestment,Neutral,https://www.dawn.com/news/1963142
2025-12-25,Tax exemptions for GB traders approved,Fiscal Policy / Budget / Taxes,Positive,https://www.dawn.com/news/1963116/tax-exemptions-for-gb-traders-approved
2025-12-25,Millers slam Sindh govt’s ‘dual standards’ in wheat supply,Fiscal Policy / Budget / Taxes,Neutral,https://www.dawn.com/news/1963098/millers-slam-sindh-govts-dual-standards-in-wheat-supply
2025-12-25,Editorial: Govt’s disinvestment of its majority stake in PIA undoubtedly represents a significant breakthrough,Privatization / Divestment,Positive,https://www.dawn.com/news/1963139
2025-12-25,"Govt raises Rs900bn, cuts T-bill yields",Monetary Policy / Interest Rates,Positive,https://www.dawn.com/news/1963091/govt-raises-rs900bn-cuts-t-bill-yields
2025-12-25,Fauji Fertiliser Company joins winning consortium after PIA auction,Fertilizer Sector; Privatization / Divestment,Neutral,https://www.dawn.com/news/1963123/fauji-fertiliser-company-joins-winning-consortium-after-pia-auction
2025-12-25,"Body of accounting and management professionals lays out IMF-backed blueprint to tackle corruption, revive economy",IMF / External Financing,Negative,https://www.dawn.com/news/1963097
2025-12-25,IHC slams Federal Board of Revenue for ‘institutional manipulation’,Fiscal Policy / Budget / Taxes,Neutral,https://www.dawn.com/news/1963096/ihc-slams-federal-board-of-revenue-for-institutional-manipulation
2025-12-26,FBR cracks down on healthcare tax evasion,Fiscal Policy / Budget / Taxes,Positive,https://www.dawn.com/news/1963309/fbr-cracks-down-on-healthcare-tax-evasion
2025-12-26,"Stakeholders back PIA sale, call for divestment of other SOEs",Privatization / Divestment,Neutral,https://www.dawn.com/news/1963303/stakeholders-back-pia-sale-call-for-divestment-of-other-soes
2025-12-27,"Edible oil, meat fuel short-term inflation",Inflation / CPI,Neutral,https://www.dawn.com/news/1963496/edible-oil-meat-fuel-short-term-inflation
2025-12-27,IMF sees Public Sector Deve­lopment Programme shrinking as defence outlay to rise,Monetary Policy / Interest Rates; IMF / External Financing; GDP / Economic Growth,Positive,https://www.dawn.com/news/1963529/imf-sees-public-sector-development-programme-shrinking-as-defence-outlay-to-rise
2025-12-27,Silver crosses  $76 mark for first time,Currency / Exchange Rate,Neutral,https://www.dawn.com/news/1963498/silver-crosses-76-mark-for-first-time
2025-12-28,Trade deficit with Middle East swells to $5.9bn,Current Account / Trade,Neutral,https://www.dawn.com/news/1963675/trade-deficit-with-middle-east-swells-to-59bn
2025-12-28,Rupee gains 1.8pc in July-December against US dollar,Currency / Exchange Rate,Positive,https://www.dawn.com/news/1963676
2025-12-28,17-day closure of Karachi Cotton Exchange creates crisis as brokers incurring ‘losses running into billions of rupees’,Textile Sector,Negative,https://www.dawn.com/news/1963671
2025-12-28,Gold scales new peak amid nil imports,Current Account / Trade,Neutral,https://www.dawn.com/news/1963672/gold-scales-new-peak-amid-nil-imports
2025-12-28,PIA deal propels PSX to record high in rollover week,Stock Market (Direct); Privatization / Divestment,Positive,https://www.dawn.com/news/1963670/pia-deal-propels-psx-to-record-high-in-rollover-week
2025-12-29,Meaningful relief for compliant income tax payers remains unlikely,Fiscal Policy / Budget / Taxes,Positive,https://www.dawn.com/news/1963889
2025-12-29,SBP board condoles death of ex-governor Dr Shamshad Akhtar,Monetary Policy / Interest Rates; IMF / External Financing,Neutral,https://www.dawn.com/news/1963857
2025-12-29,Should we celebrate the sale of PIA for Rs135bn or mourn that the govt will only receive Rs10.2bn?,Privatization / Divestment,Neutral,https://www.dawn.com/news/1963806
2025-12-29,The rupee in 2026,Monetary Policy / Interest Rates; Currency / Exchange Rate,Neutral,https://www.dawn.com/news/1963885/the-rupee-in-2026
2025-12-30,SBP rolls out ‘shock covering’ measures for banks,Monetary Policy / Interest Rates,Neutral,https://www.dawn.com/news/1964064/sbp-rolls-out-shock-covering-measures-for-banks
2025-12-30,PSX hits new peak on UAE investment hopes,Stock Market (Direct),Neutral,https://www.dawn.com/news/1964071/psx-hits-new-peak-on-uae-investment-hopes
2025-12-30,Pakistan inks climate resilience initiatives with Asian Development Bank,IMF / External Financing,Neutral,https://www.dawn.com/news/1964128/pakistan-inks-climate-resilience-initiatives-with-asian-development-bank
2025-12-30,Arif Habib sees PIA privatisation creating more jobs in airline,Fertilizer Sector; Privatization / Divestment,Neutral,https://www.dawn.com/news/1964099/arif-habib-sees-pia-privatisation-creating-more-jobs-in-airline
2025-12-30,FBR seals two sugar mills over tax law violation,Fiscal Policy / Budget / Taxes,Neutral,https://www.dawn.com/news/1964069/fbr-seals-two-sugar-mills-over-tax-law-violation
2025-12-31,Afghanistan bears heavier economic cost as Pakistan trade suspension bites harder,Stock Market (Direct); Current Account / Trade,Negative,https://www.dawn.com/news/1963939/afghanistan-bears-heavier-economic-cost-as-pakistan-trade-suspension-bites-harder
2025-12-31,Lobbying over hybrid vehicles’ classification as EVs sparks row,Currency / Exchange Rate; Automobile Sector,Neutral,https://www.dawn.com/news/1964241/lobbying-over-hybrid-vehicles-classification-as-evs-sparks-row
2025-12-31,Retail payment transactions rise 10pc to 2.8bn,Monetary Policy / Interest Rates,Neutral,https://www.dawn.com/news/1964245/retail-payment-transactions-rise-10pc-to-28bn
2025-12-31,SBP buys $9.7bn in 16 months,Monetary Policy / Interest Rates,Neutral,https://www.dawn.com/news/1964243/sbp-buys-97bn-in-16-months
2026-01-01,The consumption habits of Pakistanis are bleeding the country dry,Fiscal Policy / Budget / Taxes,Neutral,https://www.dawn.com/news/1964427
2026-01-01,Tax collection falls short by Rs331bn in July-December,Fiscal Policy / Budget / Taxes,Negative,https://www.dawn.com/news/1964382
2026-01-01,Shamshad Akhtar — a resolute central banker who put duty above ambition,Banking Sector,Neutral,https://www.dawn.com/news/1964426
2026-01-01,SBP observes bank holiday for New Year,Monetary Policy / Interest Rates,Neutral,https://www.dawn.com/news/1964384
2026-01-01,PSX closes last session of 2025 on bearish note,Stock Market (Direct),Negative,https://www.dawn.com/news/1964377/psx-closes-last-session-of-2025-on-bearish-note
2026-01-01,Household Integrated Economic Survey shows 57pc surge in internet users across Pakistan as access reaches 70pc of homes,GDP / Economic Growth,Neutral,https://www.dawn.com/news/1964481/household-integrated-economic-survey-shows-57pc-surge-in-internet-users-across-pakistan-as-access-reaches-70pc-of-homes
2026-01-01,Financial inclusion stands at 58.1pc in Pakistan,Monetary Policy / Interest Rates,Neutral,https://www.dawn.com/news/1964378/financial-inclusion-stands-at-581pc-in-pakistan
2026-01-01,CPI inflation slows to 5.6pc year-on-year in December,Inflation / CPI,Positive,https://www.dawn.com/news/1964476/cpi-inflation-slows-to-56pc-year-on-year-in-december
2026-01-01,"PM launches economic governance reforms, says ‘firefighting’ is over",Current Account / Trade,Neutral,https://www.dawn.com/news/1964381
2026-01-02,ADB to help attract transport investments,IMF / External Financing,Neutral,https://www.dawn.com/news/1964541/adb-to-help-attract-transport-investments
2026-01-02,"New year rally sends PSX above 176,000",Stock Market (Direct),Positive,https://www.dawn.com/news/1964539/new-year-rally-sends-psx-above-176000
2026-01-02,SBP reserves rise $4.2bn in 2025,Monetary Policy / Interest Rates,Positive,https://www.dawn.com/news/1964540/sbp-reserves-rise-42bn-in-2025
2026-01-02,"Shehbaz for exploring new oil, gas fields to cut imports",Current Account / Trade,Neutral,https://www.dawn.com/news/1964536/shehbaz-for-exploring-new-oil-gas-fields-to-cut-imports
2026-01-02,Traders question inflation figures despite relief,Inflation / CPI,Positive,https://www.dawn.com/news/1964543/traders-question-inflation-figures-despite-relief
2026-01-03,"Short-term inflation rises 2.41pc on costly flour, rice",Inflation / CPI; Oil & Gas / Energy Sector,Negative,https://www.dawn.com/news/1964793/short-term-inflation-rises-241pc-on-costly-flour-rice
2026-01-03,Lessons from PIA’s privatisation,Privatization / Divestment,Neutral,https://www.dawn.com/news/1964809
2026-01-03,"Urea sales hit all-time high; cement, oil surge",Stock Market (Direct); Cement Sector; Fertilizer Sector,Positive,https://www.dawn.com/news/1964791/urea-sales-hit-all-time-high-cement-oil-surge
2026-01-03,Aurangzeb lauds FBR for record tax collection,Fiscal Policy / Budget / Taxes,Neutral,https://www.dawn.com/news/1964795/aurangzeb-lauds-fbr-for-record-tax-collection
2026-01-03,Exports plunge over 20pc in December,Current Account / Trade,Negative,https://www.dawn.com/news/1964797/exports-plunge-over-20pc-in-december
2026-01-04,Strict enforcement lifts regular imports of smuggle-prone goods,Current Account / Trade,Neutral,https://www.dawn.com/news/1964993
2026-01-04,"Fertiliser, steel prices fall; cement remains stable",Cement Sector; Fertilizer Sector,Neutral,https://www.dawn.com/news/1964990/fertiliser-steel-prices-fall-cement-remains-stable
2026-01-04,New year cheer lifts stocks to fresh peaks,Stock Market (Direct),Neutral,https://www.dawn.com/news/1964989/new-year-cheer-lifts-stocks-to-fresh-peaks
2026-01-05,3 new firms seek to sell gas as existing licensees remain idle,Oil & Gas / Energy Sector,Neutral,https://www.dawn.com/news/1965201/3-new-firms-seek-to-sell-gas-as-existing-licensees-remain-idle
2026-01-05,Agriculture: The hidden cost of trade shocks,Current Account / Trade,Negative,https://www.dawn.com/news/1965172/agriculture-the-hidden-cost-of-trade-shocks
2026-01-05,PIA union makes vain effort to stall airline sale,Privatization / Divestment,Neutral,https://www.dawn.com/news/1965210/pia-union-makes-vain-effort-to-stall-airline-sale
2026-01-05,Using stablecoins to upgrade remittances,Currency / Exchange Rate,Positive,https://www.dawn.com/news/1965156/using-stablecoins-to-upgrade-remittances
2026-01-05,Why chasing every dollar is a policy mistake for Pakistan,Currency / Exchange Rate; Foreign Investment / FPI,Neutral,https://www.dawn.com/news/1965176
2026-01-06,PM directs easy bank loans for small and medium enterprises,Banking Sector,Neutral,https://www.dawn.com/news/1965380/pm-directs-easy-bank-loans-for-small-and-medium-enterprises
2026-01-06,"PSX soars past 182,000-barrier despite economic woes",Stock Market (Direct),Positive,https://www.dawn.com/news/1965385/psx-soars-past-182000-barrier-despite-economic-woes
2026-01-06,Services exports rise 17pc in  July-November,Current Account / Trade,Positive,https://www.dawn.com/news/1965381/services-exports-rise-17pc-in-july-november
2026-01-07,Government mulls fuel levy hike to aid gas sector,Oil & Gas / Energy Sector,Negative,https://www.dawn.com/news/1965589/government-mulls-fuel-levy-hike-to-aid-gas-sector
2026-01-07,"FCC questions gap between super tax collection, spending on IDPs",Fiscal Policy / Budget / Taxes,Neutral,https://www.dawn.com/news/1965569/fcc-questions-gap-between-super-tax-collection-spending-on-idps
2026-01-08,"Govt raises Rs1.08tr through T-bills, bond auctions",Monetary Policy / Interest Rates,Neutral,https://www.dawn.com/news/1965748/govt-raises-rs108tr-through-t-bills-bond-auctions
2026-01-08,PM Shehbaz directs speedy refunds to boost exports,Fiscal Policy / Budget / Taxes; Current Account / Trade,Positive,https://www.dawn.com/news/1965750/pm-shehbaz-directs-speedy-refunds-to-boost-exports
2026-01-09,"Banks engage with ‘viable’ agri-loan initiative, PBA says",Banking Sector,Neutral,https://www.dawn.com/news/1965929
2026-01-09,"Forex coffers rise to $16bn, highest level since FY21",Currency / Exchange Rate,Neutral,https://www.dawn.com/news/1965896/forex-coffers-rise-to-16bn-highest-level-since-fy21
2026-01-09,"IT ministry sets dollar rate, terms for spectrum auction",Currency / Exchange Rate,Neutral,https://www.dawn.com/news/1965895/it-ministry-sets-dollar-rate-terms-for-spectrum-auction
2026-01-09,"KCCI unhappy over gas tariff freeze, seeks price cuts",Oil & Gas / Energy Sector,Neutral,https://www.dawn.com/news/1965893/kcci-unhappy-over-gas-tariff-freeze-seeks-price-cuts
2026-01-09,Ministry begins pre-budget talks with investors,Fiscal Policy / Budget / Taxes; Foreign Investment / FPI,Neutral,https://www.dawn.com/news/1965897/ministry-begins-pre-budget-talks-with-investors
2026-01-09,"Super tax may trigger arbitration, warn exploration firms",Fiscal Policy / Budget / Taxes,Negative,https://www.dawn.com/news/1965899/super-tax-may-trigger-arbitration-warn-exploration-firms
2026-01-10,Weekly inflation surges 3.2pc,Inflation / CPI; Oil & Gas / Energy Sector,Negative,https://www.dawn.com/news/1966115/weekly-inflation-surges-32pc
2026-01-10,PM Shehbaz woos UAE investment  in IT sector,GDP / Economic Growth,Neutral,https://www.dawn.com/news/1966117/pm-shehbaz-woos-uae-investment-in-it-sector
2026-01-10,Privatisation Commission wants Islamabad airport privatised,Privatization / Divestment,Neutral,https://www.dawn.com/news/1966126/privatisation-commission-wants-islamabad-airport-privatised
2026-01-10,December remittances hit FY26 peak at $3.6bn,Currency / Exchange Rate,Neutral,https://www.dawn.com/news/1966114/december-remittances-hit-fy26-peak-at-36bn
2026-01-10,Losses of state-owned entities triple despite proclamations of reforms and economic stabilisation,Oil & Gas / Energy Sector,Negative,https://www.dawn.com/news/1966116
2026-01-11,Dollar inflows from exchangers dip by 30pc in 1HFY26,Currency / Exchange Rate,Negative,https://www.dawn.com/news/1966288
2026-01-11,KP sounds alarm as federal transfers fall short in July-December,IMF / External Financing; Fiscal Policy / Budget / Taxes,Neutral,https://www.dawn.com/news/1966290/kp-sounds-alarm-as-federal-transfers-fall-short-in-july-december
2026-01-11,PSX hits uncharted highs in bullish week on liquidity surge,Stock Market (Direct); Monetary Policy / Interest Rates; Inflation / CPI,Positive,https://www.dawn.com/news/1966285/psx-hits-uncharted-highs-in-bullish-week-on-liquidity-surge
2026-01-11,Seafood export zone planned at Karachi’s Korangi,Current Account / Trade,Neutral,https://www.dawn.com/news/1966289/seafood-export-zone-planned-at-karachis-korangi
2026-01-12,The not-terrible state of VC,Currency / Exchange Rate,Neutral,https://www.dawn.com/news/1966539/the-not-terrible-state-of-vc
2026-01-12,ADB warns $360m loan for highway project risks lapsing,IMF / External Financing,Negative,https://www.dawn.com/news/1966437/adb-warns-360m-loan-for-highway-project-risks-lapsing
2026-01-12,Macabre concessions at Sost Dry Port,Fiscal Policy / Budget / Taxes,Neutral,https://www.dawn.com/news/1966531/macabre-concessions-at-sost-dry-port
2026-01-12,PM-appointed panel proposes urgent reforms to avert another IMF loan,IMF / External Financing; Current Account / Trade,Neutral,https://www.dawn.com/news/1966487
2026-01-12,"Pakistan’s struggle to scale its exports reflects domestic policy choices that make exporting costly, uncertain and unrewarding",Currency / Exchange Rate; Fiscal Policy / Budget / Taxes; Current Account / Trade,Negative,https://www.dawn.com/news/1966540
2026-01-13,Policies being evolved to support SMEs,Current Account / Trade,Neutral,https://www.dawn.com/news/1966675/policies-being-evolved-to-support-smes
2026-01-13,"Govt planning to impose ‘export emergency’, create special cell at PM Office to address hurdles",Current Account / Trade,Neutral,https://www.dawn.com/news/1966696
2026-01-13,Automobile sales jump 46pc,Automobile Sector,Positive,https://www.dawn.com/news/1966674/automobile-sales-jump-46pc
2026-01-13,Editorial: Blaming the IMF while ignoring reform,IMF / External Financing,Neutral,https://www.dawn.com/news/1966707
2026-01-14,Central bankers condemn US action against Fed chair,Banking Sector,Neutral,https://www.dawn.com/news/1966846/central-bankers-condemn-us-action-against-fed-chair
2026-01-14,Editorial: There can be no sustainable growth path without tackling deep-seated external-sector weaknesses,Current Account / Trade,Neutral,https://www.dawn.com/news/1966888
2026-01-14,"Federal govt allows Punjab farmers to export potatoes, kinno via alternative routes",Current Account / Trade,Neutral,https://www.dawn.com/news/1966868/federal-govt-allows-punjab-farmers-to-export-potatoes-kinno-via-alternative-routes
2026-01-14,Govt allows re-export of transit cargo stuck at Pakistani ports amid Pak-Afghan border closure,Current Account / Trade,Neutral,https://www.dawn.com/news/1966847/govt-allows-re-export-of-transit-cargo
2026-01-14,Value-hunters snap three-session losing streak,Stock Market (Direct),Neutral,https://www.dawn.com/news/1966839/value-hunters-snap-three-session-losing-streak
2026-01-15,Equities falter after overnight rally,Stock Market (Direct),Positive,https://www.dawn.com/news/1967027/equities-falter-after-overnight-rally
2026-01-15,Some sort of vision needs to kick in to unlock Pakistan’s economic growth potential,GDP / Economic Growth,Neutral,https://www.dawn.com/news/1967024
2026-01-16,Shipping lines adopt official exchange rates,Currency / Exchange Rate,Neutral,https://www.dawn.com/news/1967207/shipping-lines-adopt-official-exchange-rates
2026-01-16,"Petrol, diesel prices unchanged, but petroleum levy increased on both",Oil & Gas / Energy Sector,Neutral,https://www.dawn.com/news/1967232
2026-01-16,"Index loses 1,113 points on regional tensions",Stock Market (Direct),Negative,https://www.dawn.com/news/1967202/index-loses-1113-points-on-regional-tensions
2026-01-16,"FPCCI warns against widespread textile factory closures, unemployment amid high energy tariffs, taxes",Textile Sector,Negative,https://www.dawn.com/news/1967315/fpcci-warns-against-widespread-textile-factory-closures-unemployment-amid-high-energy-tariffs-taxes
2026-01-16,No more imports of ‘personal’ used cars,Current Account / Trade,Neutral,https://www.dawn.com/news/1967208/no-more-imports-of-personal-used-cars
2026-01-17,Power sector interventions fail to spark growth,Oil & Gas / Energy Sector,Negative,https://www.dawn.com/news/1967418/power-sector-interventions-fail-to-spark-growth
2026-01-17,RLNG price cut by up to 5pc,Oil & Gas / Energy Sector,Neutral,https://www.dawn.com/news/1967414/rlng-price-cut-by-up-to-5pc
2026-01-17,SBP launches women finance code to tackle financial barriers faced by women-led businesses,Monetary Policy / Interest Rates,Neutral,https://www.dawn.com/news/1967415
2026-01-17,"Weekly inflation rises 3.8pc year-on-year amid price increases of tomatoes, LPG",Inflation / CPI,Negative,https://www.dawn.com/news/1967413
2026-01-18,Basmati boom propels Pakistan past Vietnam to emerge as world’s 3rd-largest rice exporter in December,Current Account / Trade,Neutral,https://www.dawn.com/news/1967625/basmati-boom-propels-pakistan-past-vietnam
2026-01-19,Pakistan’s exchange rate illusion,Currency / Exchange Rate; Fiscal Policy / Budget / Taxes; Current Account / Trade,Neutral,https://www.dawn.com/news/1967697/pakistans-exchange-rate-illusion
2026-01-19,The transition from ‘dollar stores’ to ‘discount shops’,Currency / Exchange Rate,Neutral,https://www.dawn.com/news/1967773/the-transition-from-dollar-stores-to-discount-shops
2026-01-19,The US dollar in a turbulent world,Currency / Exchange Rate,Neutral,https://www.dawn.com/news/1967696/the-us-dollar-in-a-turbulent-world
2026-01-19,"Pakistan’s trade deficit widens, pushing current account negative",Current Account / Trade,Negative,https://www.dawn.com/news/1967853/pakistans-trade-deficit-widens-pushing-current-account-negative
2026-01-19,"IMF lifts 2026 global growth forecast but flags AI, trade risks",IMF / External Financing,Neutral,https://www.dawn.com/news/1967868/imf-lifts-2026-global-growth-forecast-but-flags-ai-trade-risks
2026-01-19,"Kinnow exports caught between border closure, Iran sanctions threat",Current Account / Trade,Negative,https://www.dawn.com/news/1967774/kinnow-exports-caught-between-border-closure-iran-sanctions-threat
2026-01-19,A dysfunctional vegetable handling system,Current Account / Trade,Neutral,https://www.dawn.com/news/1967693
2026-01-19,"Moderate GDP growth alone without bold policy interventions, will not generate jobs",GDP / Economic Growth,Neutral,https://www.dawn.com/news/1967694
2026-01-20,PSX hits new peak despite economic concerns,Stock Market (Direct); Monetary Policy / Interest Rates,Positive,https://www.dawn.com/news/1967976/psx-hits-new-peak-despite-economic-concerns
2026-01-20,JazzWorld locks Rs75bn swap deal with UBL,Banking Sector,Neutral,https://www.dawn.com/news/1967972/jazzworld-locks-rs75bn-swap-deal-with-ubl
2026-01-20,Punjab claims supply of 0.85m metric tonnes of wheat to provinces,Political Stability / Government,Neutral,https://www.dawn.com/news/1967939/punjab-claims-supply-of-085m-metric-tonnes-of-wheat-to-provinces
2026-01-20,IT exports surge to record $437m  in December,Current Account / Trade,Positive,https://www.dawn.com/news/1967973/it-exports-surge-to-record-437m-in-december
2026-01-20,Foreign direct investment  plunges 43pc,Foreign Investment / FPI,Negative,https://www.dawn.com/news/1967971/foreign-direct-investment-plunges-43pc
2026-01-20,India proposes linking BRICS’ digital currencies,Currency / Exchange Rate,Neutral,https://www.dawn.com/news/1967969/india-proposes-linking-brics-digital-currencies
2026-01-21,"Index surges past 188,000 on rate cut hopes",Stock Market (Direct),Positive,https://www.dawn.com/news/1968171/index-surges-past-188000-on-rate-cut-hopes
2026-01-21,"Editorial: Current account deficit is not a disease, but a symptom of what ails the economy",Monetary Policy / Interest Rates; Currency / Exchange Rate; Current Account / Trade,Neutral,https://www.dawn.com/news/1968192
2026-01-21,Auto loans rise for 13th month,Monetary Policy / Interest Rates; Inflation / CPI; Automobile Sector,Neutral,https://www.dawn.com/news/1968174/auto-loans-rise-for-13th-month
2026-01-21,Dollar slide sparks economic fears,Currency / Exchange Rate,Negative,https://www.dawn.com/news/1968175/dollar-slide-sparks-economic-fears
2026-01-21,Early rice export deal sought with Indonesia,Current Account / Trade,Neutral,https://www.dawn.com/news/1968176/early-rice-export-deal-sought-with-indonesia
2026-01-22,Scheme for electric vehicles launched,Fiscal Policy / Budget / Taxes,Neutral,https://www.dawn.com/news/1968358/scheme-for-electric-vehicles-launched
2026-01-22,"Nestle announces $60m additional investment in Pakistan, to expand operations in country",Oil & Gas / Energy Sector,Neutral,https://www.dawn.com/news/1968435/nestle-announces-60m-additional-investment-in-pakistan-to-expand-operations-in-country
2026-01-22,Foreign loan inflows surge by a quarter,IMF / External Financing,Positive,https://www.dawn.com/news/1968363/foreign-loan-inflows-surge-by-a-quarter
2026-01-22,T-bill yields cut to single digits after four years,Monetary Policy / Interest Rates,Neutral,https://www.dawn.com/news/1968357/t-bill-yields-cut-to-single-digits-after-four-years
2026-01-22,Fitch affirms Pakistan’s debt ratings at ‘B-’,Credit Rating,Neutral,https://www.dawn.com/news/1968355/fitch-affirms-pakistans-debt-ratings-at-b
2026-01-22,FBR flags tax evasion in Sindh solar imports,Fiscal Policy / Budget / Taxes; Current Account / Trade,Neutral,https://www.dawn.com/news/1968330/fbr-flags-tax-evasion-in-sindh-solar-imports
2026-01-22,Flames that consumed Gul Plaza reminiscent of the inflationary fire that engulfed the country between March 2021 and May 2023,Inflation / CPI,Neutral,https://www.dawn.com/news/1968377
2026-01-23,ADB backs Karachi-Rohri rail corridor,IMF / External Financing,Neutral,https://www.dawn.com/news/1968545/adb-backs-karachi-rohri-rail-corridor
2026-01-23,Business costs 34pc higher than region: PBF,Fiscal Policy / Budget / Taxes,Neutral,https://www.dawn.com/news/1968550
2026-01-23,Central bank seen cutting rates again after December surprise,Monetary Policy / Interest Rates; Banking Sector,Positive,https://www.dawn.com/news/1968624/central-bank-seen-cutting-rates-again-after-december-surprise
2026-01-23,"How much have duties on old, used mobile phones been revised?",Current Account / Trade,Neutral,https://www.dawn.com/news/1968455/how-much-have-duties-on-old-used-mobile-phones-been-revised
2026-01-24,SBP governor warns of complex cyber threats,Monetary Policy / Interest Rates,Negative,https://www.dawn.com/news/1968729/sbp-governor-warns-of-complex-cyber-threats
2026-01-24,"PSX scales fresh peak above 189,000",Stock Market (Direct),Neutral,https://www.dawn.com/news/1968733/psx-scales-fresh-peak-above-189000
2026-01-24,Pakistan’s critical minerals need value addition to boost exports,Current Account / Trade; GDP / Economic Growth,Positive,https://www.dawn.com/news/1968727/pakistans-critical-minerals-need-value-addition-to-boost-exports
2026-01-24,SBP cancels another exchange firm’s licence over regulatory violations,Monetary Policy / Interest Rates,Neutral,https://www.dawn.com/news/1968731
2026-01-24,"Weekly inflation rises on costly flour, pulses",Inflation / CPI,Negative,https://www.dawn.com/news/1968732/weekly-inflation-rises-on-costly-flour-pulses
2026-01-25,"‘Safe-haven’ demand pushes gold, silver prices up",Stock Market (Direct),Positive,https://www.dawn.com/news/1968929/safe-haven-demand-pushes-gold-silver-prices-up
2026-01-25,Trade gap with nine neighbours widens 44.4pc in first half,Current Account / Trade,Neutral,https://www.dawn.com/news/1968925/trade-gap-with-nine-neighbours-widens-444pc-in-first-half
2026-01-25,Treasury bills attract $114m in 16 days,Currency / Exchange Rate,Neutral,https://www.dawn.com/news/1968928/treasury-bills-attract-114m-in-16-days
2026-01-25,"Outsourcing of Islamabad, Lahore, Karachi airports shifted to open bidding",Privatization / Divestment,Neutral,https://www.dawn.com/news/1968930
2026-01-25,PSX sees third bullish week despite external headwinds,Stock Market (Direct); Current Account / Trade; Foreign Investment / FPI,Positive,https://www.dawn.com/news/1968922/psx-sees-third-bullish-week-despite-external-headwinds
2026-01-26,SBP maintains policy rate at 10.5pc,Monetary Policy / Interest Rates; Inflation / CPI; Current Account / Trade; GDP / Economic Growth,Neutral,https://www.dawn.com/news/1969163/sbp-maintains-policy-rate-at-105pc
2026-01-26,"KSE-100 briefly crosses 191,000 during intraday trading, closes in red",Stock Market (Direct),Negative,https://www.dawn.com/news/1969156/kse-100-briefly-crosses-191000-during-intraday-trading-closes-in-red
2026-01-26,"Editorial: Handled prudently, mineral sector can become a pillar of industrial, export diversification and stability",Current Account / Trade,Neutral,https://www.dawn.com/news/1969103
2026-01-26,"Gold zips past $5,100 to another high on safe-haven rush",Stock Market (Direct),Positive,https://www.dawn.com/news/1969166/gold-zips-past-5100-to-another-high-on-safe-haven-rush
2026-01-27,Circular debt rises again by Rs75bn in first half of FY26,Oil & Gas / Energy Sector,Negative,https://www.dawn.com/news/1969294
2026-01-27,"Gold, silver rise to near record highs on safe-haven demand",Currency / Exchange Rate,Positive,https://www.dawn.com/news/1969351/gold-silver-rise-to-near-record-highs-on-safe-haven-demand
2026-01-27,Industry slams SBP’s ‘penal’ rate policy,Monetary Policy / Interest Rates; Banking Sector,Neutral,https://www.dawn.com/news/1969296/industry-slams-sbps-penal-rate-policy
2026-01-27,"KSE-100 slips to 188,202.85 points",Stock Market (Direct); Monetary Policy / Interest Rates,Negative,https://www.dawn.com/news/1969347/kse-100-slips-to-18820285-points
2026-01-27,Rs15bn tax rebate splits rice exporters,Fiscal Policy / Budget / Taxes,Neutral,https://www.dawn.com/news/1969295/rs15bn-tax-rebate-splits-rice-exporters
2026-01-27,Stocks lose 580 points ahead of SBP decision,Monetary Policy / Interest Rates,Negative,https://www.dawn.com/news/1969290/stocks-lose-580-points-ahead-of-sbp-decision
2026-01-28,FCC declares super tax valid; petroleum sector gets relief,Fiscal Policy / Budget / Taxes,Positive,https://www.dawn.com/news/1969496
2026-01-28,Editorial: Unchanged policy rate signals that it is better to be safe than sorry,Monetary Policy / Interest Rates,Neutral,https://www.dawn.com/news/1969467
2026-01-28,"Gold’s rally continues past $5,200 after dollar plunges to near four-year low",Currency / Exchange Rate,Neutral,https://www.dawn.com/news/1969516/golds-rally-continues-past-5200-after-dollar-plunges-to-near-four-year-low
2026-01-28,"KSE-100 closes marginally higher at 188,380.38 points",Stock Market (Direct),Neutral,https://www.dawn.com/news/1969523/kse-100-closes-marginally-higher-at-18838038-points
2026-01-28,Pakistan’s macroeconomic outlook to strengthen: S&P,Monetary Policy / Interest Rates; Credit Rating,Neutral,https://www.dawn.com/news/1969449/pakistans-macroeconomic-outlook-to-strengthen-sampp
2026-01-28,Social spending drops despite IMF pledge,Inflation / CPI; IMF / External Financing,Neutral,https://www.dawn.com/news/1969450/social-spending-drops-despite-imf-pledge
2026-01-28,What must Pakistan do to finally exit the IMF?,IMF / External Financing,Neutral,https://www.dawn.com/news/1969463
2026-01-29,Textile exporters demand relief package,Textile Sector,Positive,https://www.dawn.com/news/1969674/textile-exporters-demand-relief-package
2026-01-29,"While we owe more than what we have in foreign exchange, the country is not ready to grow",Foreign Reserves,Neutral,https://www.dawn.com/news/1969666
2026-01-29,Oil prices gain 1.5pc on increasing concerns of Iran attack,Oil & Gas / Energy Sector,Neutral,https://www.dawn.com/news/1969725/oil-prices-gain-15pc-on-increasing-concerns-of-iran-attack
2026-01-29,"Luxury on display, taxes under scrutiny: How FBR’s Lifestyle Monitoring Cell tracks the rich",Fiscal Policy / Budget / Taxes,Neutral,https://www.dawn.com/news/1969190/luxury-on-display-taxes-under-scrutiny-how-fbrs-lifestyle-monitoring-cell-tracks-the-rich
2026-01-29,"Super tax provisions not violative of fundamental rights, FCC holds",Fiscal Policy / Budget / Taxes,Neutral,https://www.dawn.com/news/1969650/super-tax-provisions-not-violative-of-fundamental-rights-fcc-holds
2026-01-29,FPCCI disputes power circular debt report,Oil & Gas / Energy Sector,Neutral,https://www.dawn.com/news/1969671/fpcci-disputes-power-circular-debt-report
2026-01-29,"Editorial: Without a shift away from stop-gaps, levies like super tax risk becoming a permanent substitute for tax reform",Fiscal Policy / Budget / Taxes,Neutral,https://www.dawn.com/news/1969663
2026-01-29,Aggressive super tax recovery opposed,Fiscal Policy / Budget / Taxes,Positive,https://www.dawn.com/news/1969668/aggressive-super-tax-recovery-opposed
2026-01-29,Govt steps up efforts to revive rice exports,Current Account / Trade,Neutral,https://www.dawn.com/news/1969673/govt-steps-up-efforts-to-revive-rice-exports
2026-01-30,AGP audit observations cannot be used against taxpayers: Supreme Court,Fiscal Policy / Budget / Taxes,Neutral,https://www.dawn.com/news/1969839/agp-audit-observations-cannot-be-used-against-taxpayers-supreme-court
2026-01-30,"KSE-100 closes in the green at 184,174.48 points on Friday",Stock Market (Direct),Negative,https://www.dawn.com/news/1969888/kse-100-closes-in-the-green-at-18417448-points-on-friday
2026-01-30,"Meltdown on PSX: index plunges over 6,000 points",Stock Market (Direct),Negative,https://www.dawn.com/news/1969806/meltdown-on-psx-index-plunges-over-6000-points
2026-01-30,"National Assembly panel seeks detailed report on PIA accord, employee safeguards",Privatization / Divestment,Neutral,https://www.dawn.com/news/1969843/deal-signed-to-officially-put-pia-under-new-management#:\~:text=NA%20body%20seeks%20details
2026-01-30,Petrol tax hike on cards to offset diesel price rise,Fiscal Policy / Budget / Taxes,Negative,https://www.dawn.com/news/1969803/petrol-tax-hike-on-cards-to-offset-diesel-price-rise
2026-01-31,Weekly inflation rises 4.5pc,Inflation / CPI,Negative,https://www.dawn.com/news/1970050/weekly-inflation-rises-45pc
2026-01-31,"Industrialists, exporters welcome relief package",Fiscal Policy / Budget / Taxes,Positive,https://www.dawn.com/news/1970052/industrialists-exporters-welcome-relief-package
2026-01-31,Govt to hire experts to fast-track privatisation,Privatization / Divestment,Neutral,https://www.dawn.com/news/1970051/govt-to-hire-experts-to-fast-track-privatisation
2026-02-01,"Diesel hiked by Rs11.30, petrol stays unchanged",Inflation / CPI,Neutral,https://www.dawn.com/news/1970312/diesel-hiked-by-rs1130-petrol-stays-unchanged
2026-02-01,Equities end January on cautious note amid economic worries,Monetary Policy / Interest Rates,Neutral,https://www.dawn.com/news/1970360/equities-end-january-on-cautious-note-amid-economic-worries
2026-02-01,FBR’s tax collection rises 16pc in January,Fiscal Policy / Budget / Taxes,Neutral,https://www.dawn.com/news/1970366/fbrs-tax-collection-rises-16pc-in-january
2026-02-01,FPCCI chief raises alarm over abrupt super tax recovery,Fiscal Policy / Budget / Taxes,Positive,https://www.dawn.com/news/1970364/fpcci-chief-raises-alarm-over-abrupt-super-tax-recovery
2026-02-01,World Bank to lend $379m for power transmission overhaul,IMF / External Financing,Neutral,https://www.dawn.com/news/1970363/world-bank-to-lend-379m-for-power-transmission-overhaul
2026-02-02,When preferences fade: Pakistan’s export model at risk,Current Account / Trade; Textile Sector,Neutral,https://www.dawn.com/news/1970476
2026-02-02,Annual consumer price index rose 5.8pc year-on-year in January,Inflation / CPI,Negative,https://www.dawn.com/news/1970633/annual-consumer-price-index-rose-58pc-year-on-year-in-january
2026-02-02,KSE-100 rebounds after early sell-off to close over 800 points up,Stock Market (Direct),Positive,https://www.dawn.com/news/1970592/kse-100-rebounds-after-early-sell-off-to-close-over-800-points-up
2026-02-02,Rebates won’t save Pakistan’s Basmati exports,Current Account / Trade,Neutral,https://www.dawn.com/news/1970572
2026-02-03,Urea sales  plunge to  six-year low,Fertilizer Sector,Negative,https://www.dawn.com/news/1970725/urea-sales-plunge-to-six-year-low
2026-02-03,Uptick in exports after five months,Current Account / Trade,Neutral,https://www.dawn.com/news/1970726/uptick-in-exports-after-five-months
2026-02-03,"Bulls remain in control as KSE-100 closes in the green at 186,900.73 points",Stock Market (Direct),Positive,https://www.dawn.com/news/1970803/bulls-remain-in-control-as-kse-100-closes-in-the-green-at-18690073-points
2026-02-03,"Oil falls on possible US-Iran de-escalation, firm dollar",Currency / Exchange Rate,Neutral,https://www.dawn.com/news/1970809/oil-falls-on-possible-us-iran-de-escalation-firm-dollar
2026-02-04,"The real choice is not between growth and the IMF, but between discipline and wishful thinking",IMF / External Financing,Neutral,https://www.dawn.com/news/1970982
2026-02-04,"Gold, silver rebound in fresh volatile trading",Currency / Exchange Rate,Negative,https://www.dawn.com/news/1970947
2026-02-04,Bulls sustain rally as KSE-100 rises over 900 points,Stock Market (Direct); Banking Sector,Positive,https://www.dawn.com/news/1971005/bulls-sustain-rally-as-kse-100-rises-over-900-points
2026-02-04,"Cement sales rise by 4.36pc, oil sales by 10pc YoY in January",Inflation / CPI; Cement Sector,Positive,https://www.dawn.com/news/1970949
2026-02-05,"Gold, silver plunge in international market on firm dollar, broad market selloff",Currency / Exchange Rate,Negative,https://www.dawn.com/news/1971225/gold-silver-plunge-in-international-market-on-firm-dollar-broad-market-selloff
2026-02-05,Govt ready to collect Rs217bn super tax arrears in instalments,Fiscal Policy / Budget / Taxes,Neutral,https://www.dawn.com/news/1971144/govt-ready-to-collect-rs217bn-super-tax-arrears-in-instalments
2026-02-05,Pakistan must create 30m jobs over next decade: World Bank president,IMF / External Financing,Neutral,https://www.dawn.com/news/1971220/pakistan-must-create-30m-jobs-over-next-decade-world-bank-president
2026-02-05,Parliamentary panel flags decline in exports,Current Account / Trade,Negative,https://www.dawn.com/news/1971160/parliamentary-panel-flags-decline-in-exports
2026-02-06,Bearish momentum seen as KSE-100 closes in the red,Stock Market (Direct),Negative,https://www.dawn.com/news/1971403/bearish-momentum-seen-as-kse-100-closes-in-the-red
2026-02-06,Karachi industrialists propose solar-powered charity model,Fiscal Policy / Budget / Taxes,Neutral,https://www.dawn.com/news/1971297/karachi-industrialists-propose-solar-powered-charity-model
2026-02-06,Moonis Alvi tenders resignation as KE CEO,Stock Market (Direct),Neutral,https://www.dawn.com/news/1971391/moonis-alvi-tenders-resignation-as-ke-ceo
2026-02-07,Weekly inflation rises 4.8pc,Inflation / CPI,Negative,https://www.dawn.com/news/1971549/weekly-inflation-rises-48pc
2026-02-07,Rs24tr liquidity fails to spur economic growth,GDP / Economic Growth,Negative,https://www.dawn.com/news/1971551/rs24tr-liquidity-fails-to-spur-economic-growth
2026-02-07,Exporters face Rs217bn super tax hit,Fiscal Policy / Budget / Taxes,Neutral,https://www.dawn.com/news/1971552/exporters-face-rs217bn-super-tax-hit
2026-02-07,Oil climbs on worries over Iran-US talks,Oil & Gas / Energy Sector,Neutral,https://www.dawn.com/news/1971550/oil-climbs-on-worries-over-iran-us-talks
2026-02-08,"Bangladesh keen on buying freight wagons, passenger coaches after Pakistan offers rolling stock",Current Account / Trade,Neutral,https://www.dawn.com/news/1971817/bangladesh-keen-on-buying-rolling-stocks
2026-02-08,Services export surges to $4.76bn,Current Account / Trade,Positive,https://www.dawn.com/news/1971816/services-export-surges-to-476bn
2026-02-09,Editorial: Unemployment emerges as ‘binding constraint’ on Pakistan’s economic growth,GDP / Economic Growth,Neutral,https://www.dawn.com/news/1971933
2026-02-09,Pakistan’s crucial choice: continue with yearly firefighting or commit to a disciplined destination tax policy,Fiscal Policy / Budget / Taxes,Neutral,https://www.dawn.com/news/1971891
2026-02-10,"Workers’ remittances total $3.5bn in January, up 11.3pc in Jul–Jan FY26",Banking Sector,Positive,https://www.dawn.com/news/1972268/workers-remittances-total-35bn-in-january-up-113pc-in-jul-jan-fy26
2026-02-10,SBP revises up GDP growth  for FY26,Monetary Policy / Interest Rates; Inflation / CPI; GDP / Economic Growth,Positive,https://www.dawn.com/news/1972196/sbp-revises-up-gdp-growth-for-fy26
2026-02-10,1pc of GDP lost to climate damage: Musadik,GDP / Economic Growth,Neutral,https://www.dawn.com/news/1972198/1pc-of-gdp-lost-to-climate-damage-musadik
2026-02-10,Development spending reaches 27pc in 7 months,Fiscal Policy / Budget / Taxes,Neutral,https://www.dawn.com/news/1972193/development-spending-reaches-27pc-in-7-months
2026-02-11,Auto sales soar to 43-month high,Automobile Sector,Positive,https://www.dawn.com/news/1972479/auto-sales-soar-to-43-month-high
2026-02-11,"Fixed power charge to be levied per kW, not per connection",Fiscal Policy / Budget / Taxes,Neutral,https://www.dawn.com/news/1972483/fixed-power-charge-to-be-levied-per-kw-not-per-connection
2026-02-11,"Gold, silver climb as US yields fall on softer retail sales",Monetary Policy / Interest Rates,Neutral,https://www.dawn.com/news/1972516/gold-silver-climb-as-us-yields-fall-on-softer-retail-sales
2026-02-11,KSE-100 closes in the green up 896.25 points,Stock Market (Direct); Banking Sector,Positive,https://www.dawn.com/news/1972509/kse-100-closes-in-the-green-up-89625-points
2026-02-11,SBP governor expects broader recovery than IMF forecast,Monetary Policy / Interest Rates; IMF / External Financing; Current Account / Trade,Positive,https://www.dawn.com/news/1972541/sbp-governor-expects-broader-recovery-than-imf-forecast
2026-02-11,Trade policy is the silent enabler of the crisis that sustains IMF dependence,IMF / External Financing,Negative,https://www.dawn.com/news/1972491
2026-02-12,Gold dips lower due to firmer dollar after strong US jobs data,Currency / Exchange Rate; GDP / Economic Growth,Neutral,https://www.dawn.com/news/1972703/gold-dips-lower-due-to-firmer-dollar-after-strong-us-jobs-data
2026-02-12,"PIA privatisation finalised under constitutional mandate, says ministry",Privatization / Divestment,Neutral,https://www.dawn.com/news/1972644
2026-02-12,"Retrospective imposition of super tax disrupts business planning, destroys predictability and undermines confidence in the tax system",Fiscal Policy / Budget / Taxes,Neutral,https://www.dawn.com/news/1972654
2026-02-12,Rs506bn unlocked as IHC clears  tax backlog,Fiscal Policy / Budget / Taxes,Neutral,https://www.dawn.com/news/1972648/rs506bn-unlocked-as-ihc-clears-tax-backlog
2026-02-13,Gold bounces back from near one-week low; US inflation data in focus,Inflation / CPI,Neutral,https://www.dawn.com/news/1972907/gold-bounces-back-from-near-one-week-low-us-inflation-data-in-focus
2026-02-13,Govt mulls ‘debt restructuring’ to reduce power tariffs,IMF / External Financing,Positive,https://www.dawn.com/news/1972832/govt-mulls-debt-restructuring-to-reduce-power-tariffs
2026-02-13,Farm credit surges to Rs1.41tr in six months,Monetary Policy / Interest Rates,Neutral,https://www.dawn.com/news/1972837/farm-credit-surges-to-rs141tr-in-six-months
2026-02-13,Lahore High Court curtails FBR’s suo motu powers,Fiscal Policy / Budget / Taxes,Neutral,https://www.dawn.com/news/1972834/lahore-high-court-curtails-fbrs-suo-motu-powers
2026-02-13,CSR integral to modern business strategy: Qaiser,GDP / Economic Growth,Neutral,https://www.dawn.com/news/1972835/csr-integral-to-modern-business-strategy-qaiser
2026-02-13,Bearish wave wipes out 908 points off KSE-100,Stock Market (Direct),Negative,https://www.dawn.com/news/1972904/bearish-wave-wipes-out-908-points-off-kse-100
2026-02-13,Equities plummet on super tax blow,Stock Market (Direct); Fiscal Policy / Budget / Taxes,Negative,https://www.dawn.com/news/1972838/equities-plummet-on-super-tax-blow
2026-02-14,SOEs drain Rs2.1tr of tax revenue in FY25,Fiscal Policy / Budget / Taxes; Oil & Gas / Energy Sector,Negative,https://www.dawn.com/news/1973083/soes-drain-rs21tr-of-tax-revenue-in-fy25
2026-02-14,"Weekly inflation rises by 4.26pc year-on-year as domestic prices of meat, pulses rise",Inflation / CPI,Negative,https://www.dawn.com/news/1973080
2026-02-14,"Burden of electricity tariff revisions ‘should not fall’ on middle, lower income households: IMF",IMF / External Financing; Oil & Gas / Energy Sector,Neutral,https://www.dawn.com/news/1973172/burden-of-electricity-tariff-revisions-should-not-fall-on-middle-lower-income-households-imf
2026-02-14,RLNG gets costlier amid cheaper imports,Current Account / Trade,Neutral,https://www.dawn.com/news/1973082/rlng-gets-costlier-amid-cheaper-imports
2026-02-15,Exchange companies’ dollar sales fall 12pc,Currency / Exchange Rate,Negative,https://www.dawn.com/news/1973317/exchange-companies-dollar-sales-fall-12pc
2026-02-15,"Arif Habib-led group seeks to acquire 25pc remaining govt stake in PIA, gaining full control of airline",Privatization / Divestment,Neutral,https://www.dawn.com/news/1973316/arif-habib-led-group-to-gain-full-control-of-pia
2026-02-16,"Petrol price hiked by Rs5, diesel by Rs7.32",Current Account / Trade,Negative,https://www.dawn.com/news/1973601/petrol-price-hiked-by-rs5-diesel-by-rs732
2026-02-16,PPP criticises federal govt for dropping ‘petrol bomb’ on public close to Ramazan,Political Stability / Government,Neutral,https://www.dawn.com/news/1973700/ppp-criticises-federal-govt-for-dropping-petrol-bomb-on-public-close-to-ramazan
2026-02-16,"After the EU–India deal, can Pakistan’s textile exports compete?",Current Account / Trade; Textile Sector,Neutral,https://www.dawn.com/news/1973621
2026-02-16,"Bears wipe out over 5,000 points from KSE-100 as index closes in the red",Stock Market (Direct),Negative,https://www.dawn.com/news/1973643/bears-wipe-out-over-5000-points-from-kse-100-as-index-closes-in-the-red
2026-02-16,International oil prices steady as traders brace for US–Iran nuclear talks,Oil & Gas / Energy Sector,Neutral,https://www.dawn.com/news/1973646/international-oil-prices-steady-as-traders-brace-for-us-iran-nuclear-talks
2026-02-17,"Bears dominate as KSE-100 loses over 1,300 points on Tuesday",Stock Market (Direct),Negative,https://www.dawn.com/news/1973877/bears-dominate-as-kse-100-loses-over-1300-points-on-tuesday
2026-02-17,Brent oil prices slip as investors assess risks of supply disruption,Oil & Gas / Energy Sector,Neutral,https://www.dawn.com/news/1973887/brent-oil-prices-slip-as-investors-assess-risks-of-supply-disruption
2026-02-17,Gold slides over 2pc on strong dollar in light liquidity trade,Currency / Exchange Rate,Negative,https://www.dawn.com/news/1973878/gold-slides-over-2pc-on-strong-dollar-in-light-liquidity-trade
2026-02-17,"Motorway closure heaps misery on commuters, transporters, traders",Political Stability / Government,Neutral,https://www.dawn.com/news/1973738/motorway-closure-heaps-misery-on-commuters-transporters-traders
2026-02-17,SBP launches ‘Cyber Shield’ strategy to counter growing threats to financial ecosystem,Monetary Policy / Interest Rates,Neutral,https://www.dawn.com/news/1973832
2026-02-18,Current account swings to $121m surplus in January,Current Account / Trade,Neutral,https://www.dawn.com/news/1974025/current-account-swings-to-121m-surplus-in-january
2026-02-18,"IMF team due on Feb 26th for review, budget talks",IMF / External Financing; Fiscal Policy / Budget / Taxes,Neutral,https://www.dawn.com/news/1974063/imf-team-due-on-feb-26th-for-review-budget-talks
2026-02-18,Textile exports show slight revival in January,Current Account / Trade; Textile Sector,Neutral,https://www.dawn.com/news/1974021/textile-exports-show-slight-revival-in-january
2026-02-19,T-bill yields rise for second straight auction,Monetary Policy / Interest Rates,Neutral,https://www.dawn.com/news/1974303/t-bill-yields-rise-for-second-straight-auction
2026-02-19,Rice export rebate scheme revised,Fiscal Policy / Budget / Taxes; Current Account / Trade,Neutral,https://www.dawn.com/news/1974301/rice-export-rebate-scheme-revised
2026-02-19,Privatisation commission forms committee to discuss proposed divestment of Islamabad International Airport,Privatization / Divestment,Neutral,https://www.dawn.com/news/1974297
2026-02-19,Oil prices rise 3pc on US-Iran tensions,Oil & Gas / Energy Sector,Neutral,https://www.dawn.com/news/1974296/oil-prices-rise-3pc-on-us-iran-tensions
2026-02-19,"PSX stages 5,702-point recovery rally",Stock Market (Direct); Banking Sector,Positive,https://www.dawn.com/news/1974299/psx-stages-5702-point-recovery-rally
2026-02-19,Foreign direct investment plunges 41pc to $981 million,Foreign Investment / FPI,Negative,https://www.dawn.com/news/1974300/foreign-direct-investment-plunges-41pc-to-981-million
2026-02-19,"Pakistan, US sign pact to redevelop New York’s Roosevelt Hotel",Privatization / Divestment,Neutral,https://www.dawn.com/news/1974378/pakistan-us-sign-pact-to-redevelop-new-yorks-roosevelt-hotel
2026-02-20,Food exports hit steep decline as imports surge,Current Account / Trade,Negative,https://www.dawn.com/news/1974486/food-exports-hit-steep-decline-as-imports-surge
2026-02-20,"PSX plunges record 6,683 points on geopolitical fears",Stock Market (Direct),Negative,https://www.dawn.com/news/1974488/psx-plunges-record-6683-points-on-geopolitical-fears
2026-02-20,"Policy efforts taken by Pakistan under EFF helped ‘stabilise economy, rebuild confidence’: IMF",Inflation / CPI; IMF / External Financing,Neutral,https://www.dawn.com/news/1974582/policy-efforts-taken-by-pakistan-under-eff-helped-stabilise-economy-rebuild-confidence-imf
2026-02-20,SBP reserves rise to $16.19bn,Monetary Policy / Interest Rates,Positive,https://www.dawn.com/news/1974484/sbp-reserves-rise-to-1619bn
2026-02-21,Ramazan inflation hits household budgets,Inflation / CPI,Neutral,https://www.dawn.com/news/1974704/ramazan-inflation-hits-household-budgets
2026-02-21,Profits and dividend outflows jump 26pc,Foreign Investment / FPI,Positive,https://www.dawn.com/news/1974707/profits-and-dividend-outflows-jump-26pc
2026-02-21,Board for export fund constituted,Current Account / Trade,Neutral,https://www.dawn.com/news/1974705/board-for-export-fund-constituted
2026-02-21,FCC upholds KP sales tax on construction services,Fiscal Policy / Budget / Taxes,Neutral,https://www.dawn.com/news/1974714/fcc-upholds-kp-sales-tax-on-construction-services
2026-02-22,Asian Development Bank to support AI adoption in Pakistan’s health sector,IMF / External Financing,Neutral,https://www.dawn.com/news/1974906/asian-development-bank-to-support-ai-adoption-in-pakistans-health-sector
2026-02-22,Claim about Pakistan paying interest on external loans of up to 8pc is ‘misleading’: finance ministry,Debt / External Debt,Neutral,https://www.dawn.com/news/1975003/claim-about-pakistan-paying-interest-on-external-loans-of-up-to-8pc-is-misleading-finance-ministry
2026-02-22,Non-textile exports dip 17pc in July-January,Current Account / Trade; Textile Sector,Negative,https://www.dawn.com/news/1974915/non-textile-exports-dip-17pc-in-july-january
2026-02-22,OICCI seeks to break ‘tax paradox’,Fiscal Policy / Budget / Taxes,Positive,https://www.dawn.com/news/1974914/oicci-seeks-to-break-tax-paradox
2026-02-23,Remittances cannot replace FDI and are not enough to kick-start industrialisation,Fiscal Policy / Budget / Taxes; Foreign Investment / FPI,Neutral,https://www.dawn.com/news/1974953
2026-02-23,"Another meltdown at PSX as KSE-100 loses over 5,400 points",Stock Market (Direct),Negative,https://www.dawn.com/news/1975192/another-meltdown-at-psx-as-kse-100-loses-over-5400-points
2026-02-23,Ogra seeks input on dollarised return for oil project,Oil & Gas / Energy Sector,Neutral,https://www.dawn.com/news/1975095/ogra-seeks-input-on-dollarised-return-for-oil-project
2026-02-23,Recent improvement in some macroeconomic indicators should not be mistaken for structural progress,Currency / Exchange Rate; Current Account / Trade,Neutral,https://www.dawn.com/news/1974969
2026-02-24,Trade gap widens 42pc with nine countries to $9bn,Current Account / Trade,Negative,https://www.dawn.com/news/1975357/trade-gap-widens-42pc-with-nine-countries-to-9bn
2026-02-24,OGDCL quarterly profit slumps to Rs35bn,Oil & Gas / Energy Sector,Negative,https://www.dawn.com/news/1975356/ogdcl-quarterly-profit-slumps-to-rs35bn
2026-02-24,"Bloodbath continues as KSE-100 sheds over 1,400 points on Tuesday",Stock Market (Direct),Negative,https://www.dawn.com/news/1975392/bloodbath-continues-as-kse-100-sheds-over-1400-points-on-tuesday
2026-02-24,FBR chief’s accountability sought in cigarette theft case,Fiscal Policy / Budget / Taxes,Neutral,https://www.dawn.com/news/1975358/fbr-chiefs-accountability-sought-in-cigarette-theft-case
2026-02-24,Gold falls from three-week high on profit-booking,Currency / Exchange Rate,Positive,https://www.dawn.com/news/1975402/gold-falls-from-three-week-high-on-profit-booking
2026-02-25,"KSE-100 plunges over 1,600 points, closes in the red",Stock Market (Direct),Negative,https://www.dawn.com/news/1975658/kse-100-plunges-over-1600-points-closes-in-the-red
2026-02-25,IMF mission opens talks with central bank on Pakistan’s loan programmes,IMF / External Financing; Banking Sector,Neutral,https://www.dawn.com/news/1975678/imf-mission-opens-talks-with-central-bank-on-pakistans-loan-programmes
2026-02-25,PM Shehbaz stresses need for reducing direct taxes in upcoming budget to facilitate business community,Fiscal Policy / Budget / Taxes; Cement Sector,Positive,https://www.dawn.com/news/1975684/pm-shehbaz-stresses-need-for-reducing-direct-taxes-in-upcoming-budget-to-facilitate-business-community
2026-02-26,TTAP decides to give ‘positive response’ to any offer of talks by the government,Political Stability / Government,Neutral,https://www.dawn.com/news/1975909/ttap-decides-to-give-positive-response-to-any-offer-of-talks-by-the-government
2026-02-26,Rupee shows range-bound movement against key currencies,Currency / Exchange Rate,Neutral,https://www.dawn.com/news/1975885/rupee-shows-range-bound-movement-against-key-currencies
2026-02-26,Power sector bleeds Rs1tr annually,Oil & Gas / Energy Sector,Neutral,https://www.dawn.com/news/1975814/power-sector-bleeds-rs1tr-annually
2026-02-26,Public Accounts Committee raps NBP over failure to recover public funds,Banking Sector,Negative,https://www.dawn.com/news/1975806/public-accounts-committee-raps-nbp-over-failure-to-recover-public-funds
2026-02-26,Gold gains on softer dollar; Iran-US talks in focus,Currency / Exchange Rate,Neutral,https://www.dawn.com/news/1975882/gold-gains-on-softer-dollar-iran-us-talks-in-focus
2026-02-26,"Bears weaken grip on bourse as KSE-100 advances over 4,200 points",Stock Market (Direct),Negative,https://www.dawn.com/news/1975879/bears-weaken-grip-on-bourse-as-kse-100-advances-over-4200-points
2026-02-26,NBP posts record Rs86bn profit in 2025,Fiscal Policy / Budget / Taxes; Banking Sector,Neutral,https://www.dawn.com/news/1975813/nbp-posts-record-rs86bn-profit-in-2025
2026-02-27,Banks earn Rs671bn profits in 2025,Fiscal Policy / Budget / Taxes,Neutral,https://www.dawn.com/news/1976016/banks-earn-rs671bn-profits-in-2025
2026-02-27,Bears take charge as KSE-100 closes over 800 points lower,Stock Market (Direct); Fiscal Policy / Budget / Taxes,Negative,https://www.dawn.com/news/1976109/bears-take-charge-as-kse-100-closes-over-800-points-lower
2026-02-27,CCP clears acquisition of Attock Cement,Cement Sector,Neutral,https://www.dawn.com/news/1976013/ccp-clears-acquisition-of-attock-cement
2026-02-27,Engro Holdings reports earnings higher than expectations,Fiscal Policy / Budget / Taxes,Positive,https://www.dawn.com/news/1976121/engro-holdings-reports-earnings-higher-than-expectations
2026-02-27,"Tax authorities can raid without notice, FCC rules",Fiscal Policy / Budget / Taxes,Neutral,https://www.dawn.com/news/1976046/tax-authorities-can-raid-without-notice-fcc-rules
2026-02-28,Export challenges mount for textiles,Current Account / Trade,Neutral,https://www.dawn.com/news/1976291/export-challenges-mount-for-textiles
2026-02-28,"Govt flags geopolitical, commodity risks despite improving growth outlook",Inflation / CPI,Neutral,https://www.dawn.com/news/1976292
2026-02-28,PSX slips as border tensions unnerve investors,Stock Market (Direct),Negative,https://www.dawn.com/news/1976285/psx-slips-as-border-tensions-unnerve-investors
2026-03-01,IMF discusses economic outlook with multinationals,IMF / External Financing; Fiscal Policy / Budget / Taxes; Foreign Investment / FPI,Neutral,https://www.dawn.com/news/1976860/imf-discusses-economic-outlook-with-multinationals
2026-03-01,FBR misses collection target by Rs429bn in eight months,Fiscal Policy / Budget / Taxes,Negative,https://www.dawn.com/news/1976864/fbr-misses-collection-target-by-rs429bn-in-eight-months
2026-03-02,A rare policy alignment for exports,Monetary Policy / Interest Rates; Current Account / Trade,Neutral,https://www.dawn.com/news/1976954/a-rare-policy-alignment-for-exports
2026-03-02,Govt to translate impact of rising global oil prices to consumers under existing fortnightly mechanism,Oil & Gas / Energy Sector,Neutral,https://www.dawn.com/news/1977522/govt-to-translate-impact-of-rising-global-oil-prices-to-consumers-under-existing-fortnightly-mechanism
2026-03-02,Indigenisation focused growth strategy,Foreign Investment / FPI,Neutral,https://www.dawn.com/news/1976938/indigenisation-focused-growth-strategy
2026-03-02,Inflation update: power bills and produce push inflation to 6.98pc,Inflation / CPI,Neutral,https://www.dawn.com/news/1977472/inflation-update-power-bills-and-produce-push-inflation-to-698pc
2026-03-02,"KSE-100 plunges 16,089 points in record one-day drop",Stock Market (Direct),Negative,https://www.dawn.com/news/1977356/kse-100-plunges-16089-points-in-record-one-day-drop
2026-03-02,Lessons to learn from Africa and Indonesia’s experiences and strategic actions in the mining sector,Current Account / Trade,Neutral,https://www.dawn.com/news/1976950
2026-03-02,"Rupee holds steady against dollar in interbank, open market",Currency / Exchange Rate,Neutral,https://www.dawn.com/news/1977376/rupee-holds-steady-against-dollar-in-interbank-open-market
2026-03-02,"Talks between Pakistan, IMF mission go virtual amid regional volatility",IMF / External Financing,Negative,https://www.dawn.com/news/1977511/talks-between-pakistan-imf-mission-go-virtual-amid-regional-volatility
2026-03-02,UAE halts stock markets for two days after Iran strikes,Stock Market (Direct),Negative,https://www.dawn.com/news/1977146/uae-halts-stock-markets-for-two-days-after-iran-strikes
2026-03-03,"Strait of Hormuz crisis triggers fears of surge in costs of oil, LNG, insurance",Oil & Gas / Energy Sector,Negative,https://www.dawn.com/news/1977728
2026-03-03,Rupee holds steady against dollar as markets eye global cues,Currency / Exchange Rate,Neutral,https://www.dawn.com/news/1977880/rupee-holds-steady-against-dollar-as-markets-eye-global-cues
2026-03-03,Roadmap urged for competitive auto industry,Automobile Sector,Neutral,https://www.dawn.com/news/1977726/roadmap-urged-for-competitive-auto-industry
2026-03-03,Gold extends gains as Middle East war prompts flight to safety,Currency / Exchange Rate,Neutral,https://www.dawn.com/news/1977812/gold-extends-gains-as-middle-east-war-prompts-flight-to-safety
2026-03-03,Ogra cuts LPG prices by 0.9pc for current month,Oil & Gas / Energy Sector,Neutral,https://www.dawn.com/news/1977723
2026-03-03,Bloodbath at PSX as region reels from fallout of war,Stock Market (Direct),Negative,https://www.dawn.com/news/1977694/bloodbath-at-psx-as-region-reels-from-fallout-of-war
2026-03-03,Privatisation Commission board recommends Fauji Fertiliser’s inclusion in consortium that won PIA auction,Fertilizer Sector; Privatization / Divestment,Neutral,https://www.dawn.com/news/1977961/privatisation-commission-board-recommends-fauji-fertilisers-inclusion-in-consortium-that-won-pia-auction
2026-03-04,"5.6m cotton bales produced during 2025-26 season, 45pc short of target",Current Account / Trade; Textile Sector,Neutral,https://www.dawn.com/news/1978140
2026-03-04,"Exports contract 8.76pc in February, reversing brief recovery",Current Account / Trade,Negative,https://www.dawn.com/news/1978144
2026-03-04,"KSE-100 plummets over 1,300 points to close in red after early gains",Stock Market (Direct); Oil & Gas / Energy Sector,Neutral,https://www.dawn.com/news/1978209/kse-100-plummets-over-1300-points-to-close-in-red-after-early-gains
2026-03-04,Oil prices rise 1pc as geopolitical tensions disrupt ME supply,Oil & Gas / Energy Sector,Neutral,https://www.dawn.com/news/1978216/oil-prices-rise-1pc-as-geopolitical-tensions-disrupt-me-supply
2026-03-04,Urea sales fall 41pc in two months,Fertilizer Sector,Negative,https://www.dawn.com/news/1978139/urea-sales-fall-41pc-in-two-months
2026-03-05,Ship agents push for rule change,Fiscal Policy / Budget / Taxes,Neutral,https://www.dawn.com/news/1978496/ship-agents-push-for-rule-change
2026-03-05,Services exports rise on back of IT boom,Current Account / Trade,Positive,https://www.dawn.com/news/1978497/services-exports-rise-on-back-of-it-boom
2026-03-05,SBP seen holding rates steady as oil surge threatens inflation trajectory,Monetary Policy / Interest Rates; Inflation / CPI; Banking Sector,Negative,https://www.dawn.com/news/1978691/sbp-seen-holding-rates-steady-as-oil-surge-threatens-inflation-trajectory
2026-03-05,Middle East crisis hits local industries; auto sector braces for impact,Fertilizer Sector; Automobile Sector,Negative,https://www.dawn.com/news/1978500
2026-03-05,Govt again raises T-bill rates,Monetary Policy / Interest Rates,Neutral,https://www.dawn.com/news/1978498/govt-again-raises-t-bill-rates
2026-03-05,"By endorsing sham austerity, IMF has failed its duty-of-care responsibility to Pakistanis",IMF / External Financing,Negative,https://www.dawn.com/news/1978518
2026-03-05,Dollar rally pauses as market sentiment turns a little more upbeat,Currency / Exchange Rate,Positive,https://www.dawn.com/news/1978617/dollar-rally-pauses-as-market-sentiment-turns-a-little-more-upbeat
2026-03-05,Centre orders monitoring of petrol stations amid hoarding concerns,Oil & Gas / Energy Sector,Neutral,https://www.dawn.com/news/1978690/pakistan-orders-petrol-station-inspections
2026-03-05,"Bulls regain control, KSE-100 rebounds over 5,400 points",Stock Market (Direct),Positive,https://www.dawn.com/news/1978614/bulls-regain-control-kse-100-rebounds-over-5400-points
2026-03-05,Asian Development Bank issues $100m green bond,IMF / External Financing,Neutral,https://www.dawn.com/news/1978574/asian-development-bank-issues-100m-green-bond
2026-03-05,"Dollar, bonds, or gold — which is the safest haven to hold during the ongoing Middle East conflict?",Currency / Exchange Rate,Neutral,https://www.dawn.com/news/1978742/dollar-bonds-or-gold-which-is-the-safest-haven-to-hold-during-the-ongoing-middle-east-conflict
2026-03-06,"Weekly inflation edges up as chicken, fuel prices rise",Inflation / CPI,Negative,https://www.dawn.com/news/1979040/weekly-inflation-edges-up-as-chicken-fuel-prices-rise
2026-03-06,"Volatility returns as market plunges over 3,000 points",Stock Market (Direct),Negative,https://www.dawn.com/news/1979007/volatility-returns-as-market-plunges-over-3000-points
2026-03-06,CDWP approves 11 development projects worth Rs123 billion,Fiscal Policy / Budget / Taxes,Positive,https://www.dawn.com/news/1978934
2026-03-06,Currency traders trying to reconnect with Dubai amid escalating Iran conflict,Monetary Policy / Interest Rates; Currency / Exchange Rate; Foreign Reserves,Positive,https://www.dawn.com/news/1978935
2026-03-06,Leather industry seeks regulatory relief,Current Account / Trade,Positive,https://www.dawn.com/news/1978932/leather-industry-seeks-regulatory-relief
2026-03-07,Industrialists slam government’s policy of gas supply suspension amid recent power tariff increase,Current Account / Trade,Negative,https://www.dawn.com/news/1979322
2026-03-07,Short-term inflation hits households hard,Inflation / CPI,Neutral,https://www.dawn.com/news/1979321/short-term-inflation-hits-households-hard
2026-03-08,External sector faces instability amid Middle East crisis,Inflation / CPI; Currency / Exchange Rate; Current Account / Trade,Negative,https://www.dawn.com/news/1979649/external-sector-faces-instability-amid-middle-east-crisis
2026-03-08,Industry questions fuel price surge despite ‘old stocks’ amid Middle East conflict,Inflation / CPI,Neutral,https://www.dawn.com/news/1979647
2026-03-08,Three petrol shipments expected on Monday: petroleum minister,Current Account / Trade; Oil & Gas / Energy Sector,Neutral,https://www.dawn.com/news/1979807/three-petrol-shipments-expected-on-monday-petroleum-minister
2026-03-09,SBP maintains policy rate at 10.5pc,Monetary Policy / Interest Rates,Neutral,https://www.dawn.com/news/1980133/sbp-maintains-policy-rate-at-105pc
2026-03-09,In the eye of a perfect storm,Oil & Gas / Energy Sector,Neutral,https://www.dawn.com/news/1980035/in-the-eye-of-a-perfect-storm
2026-03-09,PM to unveil austerity plan today to cope with war fallout,Current Account / Trade; Oil & Gas / Energy Sector,Negative,https://www.dawn.com/news/1979989/pm-to-unveil-austerity-plan-today-to-cope-with-war-fallout
2026-03-09,"Bloodbath at PSX as KSE-100 slides over 11,000 points",Stock Market (Direct); Oil & Gas / Energy Sector,Negative,https://www.dawn.com/news/1980057/bloodbath-at-psx-as-kse-100-slides-over-11000-points
2026-03-09,"For Pakistan, the consequences of an oil shock begin not on the battlefield but in the balance of payments",Inflation / CPI; Current Account / Trade; Oil & Gas / Energy Sector,Neutral,https://www.dawn.com/news/1980037
2026-03-10,"Bulls return as KSE-100 surges past 9,000 points, market closes in the green",Stock Market (Direct),Positive,https://www.dawn.com/news/1980474/bulls-return-as-kse-100-surges-past-9000-points-market-closes-in-the-green
2026-03-10,"Gold gains on weaker dollar, easing inflation concerns",Monetary Policy / Interest Rates; Inflation / CPI; Currency / Exchange Rate; Banking Sector,Negative,https://www.dawn.com/news/1980485/gold-gains-on-weaker-dollar-easing-inflation-concerns
2026-03-10,"High interest rate to hit economy in war times, warn businesses",Monetary Policy / Interest Rates,Negative,https://www.dawn.com/news/1980387/high-interest-rate-to-hit-economy-in-war-times-warn-businesses
2026-03-10,Paltry growth in exports to EU in first seven months of 2025-26,Current Account / Trade,Positive,https://www.dawn.com/news/1980397
2026-03-10,"Urea, DAP supply lines open; govt assures farmers of stable fertiliser supply",Fertilizer Sector,Neutral,https://www.dawn.com/news/1980382
2026-03-11,KSE-100 ends lower after early rally loses steam,Stock Market (Direct),Negative,https://www.dawn.com/news/1980849/kse-100-ends-lower-after-early-rally-loses-steam
2026-03-11,Govt to table SOE bills for IMF compliance,IMF / External Financing,Neutral,https://www.dawn.com/news/1980722/govt-to-table-soe-bills-for-imf-compliance
2026-03-11,PM Shehbaz directs FBR to boost tax collection,Fiscal Policy / Budget / Taxes,Positive,https://www.dawn.com/news/1980723
2026-03-11,Finance minister stresses ‘more balanced’ system where capital markets complement banking sector,Banking Sector,Neutral,https://www.dawn.com/news/1980943/finance-minister-stresses-more-balanced-system-where-capital-markets-complement-banking-sector
2026-03-11,Auto sales rise 43pc in July-February,Automobile Sector,Positive,https://www.dawn.com/news/1980724/auto-sales-rise-43pc-in-july-february
2026-03-11,Gold edges higher on safe-haven demand ahead of US CPI data,Inflation / CPI,Neutral,https://www.dawn.com/news/1980850/gold-edges-higher-on-safe-haven-demand-ahead-of-us-cpi-data
2026-03-12,"Stocks tumble as KSE-100 sheds more than 1,400 points",Stock Market (Direct); IMF / External Financing; Oil & Gas / Energy Sector,Negative,https://www.dawn.com/news/1981243/stocks-tumble-as-kse-100-sheds-more-than-1400-points
2026-03-12,PIA raises fuel surcharge as Gulf crisis drives up costs,Privatization / Divestment,Negative,https://www.dawn.com/news/1981330/pia-raises-fuel-surcharge-as-gulf-crisis-drives-up-costs
2026-03-12,Oil imports on CIF basis allowed for 60 days,Monetary Policy / Interest Rates; Current Account / Trade; Oil & Gas / Energy Sector,Neutral,https://www.dawn.com/news/1981173/oil-imports-on-cif-basis-allowed-for-60-days
2026-03-12,Ogra notifies massive increase in RLNG price for March,Oil & Gas / Energy Sector,Neutral,https://www.dawn.com/news/1981311/ogra-notifies-massive-increase-in-rlng-price-for-march
2026-03-12,Textile exporters warn of disadvantages of current tax and regulatory framework,Fiscal Policy / Budget / Taxes; Textile Sector,Negative,https://www.dawn.com/news/1981169
2026-03-12,"Gold falls on firmer dollar, dimming US rate cut hopes",Currency / Exchange Rate,Positive,https://www.dawn.com/news/1981252/gold-falls-on-firmer-dollar-dimming-us-rate-cut-hopes
2026-03-12,"IMF mission fails to reach staff-level agreement with Pakistan, talks to continue",IMF / External Financing,Negative,https://www.dawn.com/news/1981220/imf-mission-fails-to-reach-staff-level-agreement-with-pakistan-talks-to-continue
2026-03-12,Energy spike shrinks room for rate cuts,Inflation / CPI,Positive,https://www.dawn.com/news/1981170/energy-spike-shrinks-room-for-rate-cuts
2026-03-12,Fuel price hike adds to Ramazan inflation burden,Inflation / CPI,Negative,https://www.dawn.com/news/1981185/fuel-price-hike-adds-to-ramazan-inflation-burden
2026-03-12,Fighting oil price hikes,Oil & Gas / Energy Sector,Neutral,https://www.dawn.com/news/1981204/fighting-oil-price-hikes
2026-03-13,Govt strives to save ‘hard-earned’ economic stability,IMF / External Financing,Neutral,https://www.dawn.com/news/1981521/govt-strives-to-save-hard-earned-economic-stability
2026-03-13,Market volatility continues as KSE-100 closes in the red,Stock Market (Direct); Oil & Gas / Energy Sector,Negative,https://www.dawn.com/news/1981629/market-volatility-continues-as-kse-100-closes-in-the-red
2026-03-13,Protecting consumers or balancing the books: Pakistan’s oil dilemma,IMF / External Financing,Neutral,https://www.dawn.com/news/1981419/protecting-consumers-or-balancing-the-books-pakistans-oil-dilemma
2026-03-13,SBP reserves up $2bn since July 2025,Monetary Policy / Interest Rates; Current Account / Trade,Positive,https://www.dawn.com/news/1981513/sbp-reserves-up-2bn-since-july-2025
2026-03-13,Qatar to import Pakistani rice,Current Account / Trade,Neutral,https://www.dawn.com/news/1981517/qatar-to-import-pakistani-rice
2026-03-14,"Employees of SOEs, other govt-supervised bodies to face 5-30pc salary cut as part of austerity measures: PMO",Fiscal Policy / Budget / Taxes,Neutral,https://www.dawn.com/news/1982016/employees-of-soes-other-govt-supervised-bodies-to-face-5-30pc-salary-cut-as-part-of-austerity-measures-pmo
2026-03-14,Fertiliser companies’ earnings rise in 2025,Fertilizer Sector,Positive,https://www.dawn.com/news/1981890/fertiliser-companies-earnings-rise-in-2025
2026-03-14,Foreign inflows into T-bills stall amid Gulf crisis,Inflation / CPI,Negative,https://www.dawn.com/news/1981896/foreign-inflows-into-t-bills-stall-amid-gulf-crisis
2026-03-14,"Solar, wind boost energy security: power minister",Oil & Gas / Energy Sector,Positive,https://www.dawn.com/news/1981897/solar-wind-boost-energy-security-power-minister
2026-03-14,Textile exports fall on sluggish demand,Current Account / Trade; Textile Sector,Negative,https://www.dawn.com/news/1981898/textile-exports-fall-on-sluggish-demand
2026-03-15,"War risk, freight surge cloud trade outlook",Current Account / Trade,Neutral,https://www.dawn.com/news/1982203/war-risk-freight-surge-cloud-trade-outlook
2026-03-15,Stocks fall for 7th week amid geopolitical tensions,IMF / External Financing; Oil & Gas / Energy Sector,Negative,https://www.dawn.com/news/1982193/stocks-fall-for-7th-week-amid-geopolitical-tensions
2026-03-15,Oil shock may cost Pakistan 1.5pc of GDP: experts,Monetary Policy / Interest Rates; GDP / Economic Growth,Positive,https://www.dawn.com/news/1982248/oil-shock-may-cost-pakistan-15pc-of-gdp-experts
2026-03-15,Food imports rise to $6.41bn in July-February,Current Account / Trade,Negative,https://www.dawn.com/news/1982198/food-imports-rise-to-641bn-in-july-february
2026-03-15,Power generation merger hits bureaucratic roadblock,Oil & Gas / Energy Sector,Neutral,https://www.dawn.com/news/1982201/power-generation-merger-hits-bureaucratic-roadblock
2026-03-16,ADB gives ‘final chance’ to $360m Central Asia Regional Economic Corridor project,IMF / External Financing,Neutral,https://www.dawn.com/news/1982518/adb-gives-final-chance-to-360m-central-asia-regional-economic-corridor-project
2026-03-16,Auto sales under war clouds,Automobile Sector,Negative,https://www.dawn.com/news/1982239
2026-03-16,Current account posts surplus of $479m in Feb,Current Account / Trade,Neutral,https://www.dawn.com/news/1982710/current-account-posts-surplus-of-479m-in-feb
2026-03-16,"KSE-100 plunges over 4,000 points amid oil price surge",Stock Market (Direct); Banking Sector; Oil & Gas / Energy Sector,Negative,https://www.dawn.com/news/1982630/kse-100-plunges-over-4000-points-amid-oil-price-surge
2026-03-16,The sugar import surge illustrates how quickly domestic production shortfalls can force costly emergency purchases,Current Account / Trade,Neutral,https://www.dawn.com/news/1982565
2026-03-17,Rice exports plunge despite subsidies,Fiscal Policy / Budget / Taxes; Current Account / Trade,Negative,https://www.dawn.com/news/1982913/rice-exports-plunge-despite-subsidies
2026-03-17,Pakistan opens up to foreign investment,Foreign Investment / FPI,Positive,https://www.dawn.com/news/1982914/pakistan-opens-up-to-foreign-investment
2026-03-17,High GST proposal worries hybrid manufacturers,Fiscal Policy / Budget / Taxes,Neutral,https://www.dawn.com/news/1982910/high-gst-proposal-worries-hybrid-manufacturers
2026-03-17,Jailed PTI leaders criticise lack of economic restructuring measures amid Gulf conflict,Political Stability / Government,Neutral,https://www.dawn.com/news/1982997/jailed-pti-leaders-criticise-lack-of-economic-restructuring-measures-amid-gulf-conflict
2026-03-17,FDI inflows drop 33pc in July-February,Foreign Investment / FPI,Negative,https://www.dawn.com/news/1982912/fdi-inflows-drop-33pc-in-july-february
2026-03-17,"Editorial: If war drags on, Pakistan may once again face macroeconomic stress that has repeatedly disrupted its growth trajectory",Inflation / CPI,Neutral,https://www.dawn.com/news/1982916
2026-03-17,"Govt plans subsidised fuel scheme for bikes, rickshaws after price hike",Current Account / Trade,Neutral,https://www.dawn.com/news/1982884
2026-03-18,ADB to provide $10bn in financing to Pakistan under new 5-year strategy,IMF / External Financing,Neutral,https://www.dawn.com/news/1983383/adb-to-provide-10bn-in-financing-to-pakistan-under-new-5-year-strategy
2026-03-18,Foreign exchange constraints crop up in oil supply chain despite improvement in stock of petroleum products,Current Account / Trade; Oil & Gas / Energy Sector,Neutral,https://www.dawn.com/news/1983421/foreign-exchange-constraints-crop-up-in-oil-supply-chain-despite-improvement-in-stock-of-petroleum-products
2026-03-18,Interest rate hike likely as oil drives inflation up,Monetary Policy / Interest Rates; Inflation / CPI,Negative,https://www.dawn.com/news/1983207/interest-rate-hike-likely-as-oil-drives-inflation-up
2026-03-18,"PSX continues recovery, surges over 4,200 points",Stock Market (Direct),Positive,https://www.dawn.com/news/1983366/psx-continues-recovery-surges-over-4200-points
2026-03-19,Meat exporters face extra logistic charges,Current Account / Trade,Neutral,https://www.dawn.com/news/1983609/meat-exporters-face-extra-logistic-charges
2026-03-19,Pakistan among most vulnerable countries as Gulf shipping crisis jolts South Asia,Current Account / Trade; Oil & Gas / Energy Sector,Negative,https://www.dawn.com/news/1983728/pakistan-among-most-vulnerable-countries-as-gulf-shipping-crisis-jolts-south-asia
2026-03-19,Rupee remains stable despite regional war pressures,Currency / Exchange Rate,Neutral,https://www.dawn.com/news/1983612/rupee-remains-stable-despite-regional-war-pressures
2026-03-20,"PM Shehbaz rejects recommendations for further hike in petrol, diesel prices",Oil & Gas / Energy Sector,Negative,https://www.dawn.com/news/1984122/pm-shehbaz-rejects-recommendations-for-further-hike-in-petrol-diesel-prices
2026-03-20,Tax discount on sugar imports extended,Fiscal Policy / Budget / Taxes; Current Account / Trade,Neutral,https://www.dawn.com/news/1983913/tax-discount-on-sugar-imports-extended
2026-03-20,"Outflow of profits rises by 10.5pc, FDI plunges by 33.3pc during FY26",Currency / Exchange Rate; Foreign Investment / FPI,Positive,https://www.dawn.com/news/1983917
2026-03-20,Export Facilitation Scheme utilisation period extended to 18 months,Current Account / Trade,Neutral,https://www.dawn.com/news/1983915/export-facilitation-scheme-utilisation-period-extended-to-18-months
2026-03-20,FBR revises transhipment rules amid Gulf crisis,Fiscal Policy / Budget / Taxes,Negative,https://www.dawn.com/news/1983916/fbr-revises-transhipment-rules-amid-gulf-crisis
2026-03-20,"No shortage of fertiliser anticipated for Rabi, Kharif crops",Fertilizer Sector,Neutral,https://www.dawn.com/news/1984069/no-shortage-of-fertiliser-anticipated-for-rabi-kharif-crops
2026-03-23,"Gold falls over Rs43,000 to Rs447,762 per tola",Inflation / CPI,Negative,https://www.dawn.com/news/1984591/gold-falls-over-rs43000-to-rs447762-per-tola
2026-03-24,"PSX rallies 1,200 points after Eid break",Stock Market (Direct),Positive,https://www.dawn.com/news/1984846/psx-rallies-1200-points-after-eid-break
2026-03-24,Oil prices plunge 10pc on US-Iran talks,Oil & Gas / Energy Sector,Negative,https://www.dawn.com/news/1984759/oil-prices-plunge-10pc-on-us-iran-talks
2026-03-24,Pakistan’s petrol cargoes for March and April ‘largely secured’: finance ministry,Current Account / Trade,Positive,https://www.dawn.com/news/1984941/pakistans-petrol-cargoes-for-march-and-april-largely-secured-finance-ministry
2026-03-24,Fertiliser sector on edge amid Gulf crisis,Current Account / Trade; Fertilizer Sector,Negative,https://www.dawn.com/news/1984757/fertiliser-sector-on-edge-amid-gulf-crisis
2026-03-24,ADB announces support package for developing member states hit by Middle East conflict,IMF / External Financing,Neutral,https://www.dawn.com/news/1984931/adb-announces-support-package-for-developing-member-states-hit-by-middle-east-conflict
2026-03-24,"K-Electric appoints Syed Taha as new CEO, replacing interim head",Stock Market (Direct); Oil & Gas / Energy Sector,Neutral,https://www.dawn.com/news/1984838/k-electric-appoints-syed-taha-as-new-ceo-replacing-interim-head
2026-03-25,$20m withdrawn from govt bonds in a single day,Foreign Investment / FPI,Neutral,https://www.dawn.com/news/1985087/20m-withdrawn-from-govt-bonds-in-a-single-day
2026-03-25,Govt may have to ‘unfreeze’ fuel prices amid global surge,Fiscal Policy / Budget / Taxes,Neutral,https://www.dawn.com/news/1985067/govt-may-have-to-unfreeze-fuel-prices-amid-global-surge
2026-03-25,Pakistan’s non-textile exports shrink 17pc,Current Account / Trade; Textile Sector,Negative,https://www.dawn.com/news/1985089/pakistans-non-textile-exports-shrink-17pc
2026-03-26,Pakistan’s fiscal envelope is too weak to carry the burden of fuel price subsidies for very long,Fiscal Policy / Budget / Taxes,Neutral,https://www.dawn.com/news/1985456
2026-03-26,"Bears take control as PSX plunges over 5,000 points",Stock Market (Direct),Negative,https://www.dawn.com/news/1985522/bears-take-control-as-psx-plunges-over-5000-points
2026-03-26,Currencies pause as traders cautious over Trump’s efforts to end war in Iran,Inflation / CPI,Neutral,https://www.dawn.com/news/1985434
2026-03-26,"Freight, fuel hikes squeeze consumers",Inflation / CPI,Neutral,https://www.dawn.com/news/1985438/freight-fuel-hikes-squeeze-consumers
2026-03-26,Govt raises Rs118bn via sukuk auction,Debt / External Debt,Neutral,https://www.dawn.com/news/1985436/govt-raises-rs118bn-via-sukuk-auction
2026-03-27,FBR chief pledges faster tax refunds,Fiscal Policy / Budget / Taxes,Neutral,https://www.dawn.com/news/1985765/fbr-chief-pledges-faster-tax-refunds
2026-03-27,Oil prices up 5pc on supply fears,Oil & Gas / Energy Sector,Neutral,https://www.dawn.com/news/1985759/oil-prices-up-5pc-on-supply-fears
2026-03-27,Editorial: Targeted fuel relief is not just a technical solution but a test of fair governance and social responsibility,Currency / Exchange Rate; Fiscal Policy / Budget / Taxes,Positive,https://www.dawn.com/news/1985696
2026-03-28,Weekly inflation surges 8.24pc on costly petroleum,Inflation / CPI,Negative,https://www.dawn.com/news/1986108/weekly-inflation-surges-824pc-on-costly-petroleum
2026-03-28,War fallout sparks rate hike fears,Monetary Policy / Interest Rates,Negative,https://www.dawn.com/news/1986110/war-fallout-sparks-rate-hike-fears
2026-03-28,Pakistani ports emerge as safe trade hub,Current Account / Trade,Neutral,https://www.dawn.com/news/1986107/pakistani-ports-emerge-as-safe-trade-hub
2026-03-28,"IMF, Pakistan reach staff-level agreement unlocking $1.2bn tranche",IMF / External Financing,Neutral,https://www.dawn.com/news/1986184/imf-pakistan-reach-staff-level-agreement-unlocking-12bn-tranche
2026-03-28,"Provinces resist sharing fuel subsidy burden, push to pass global oil prices to consumers",Fiscal Policy / Budget / Taxes; Oil & Gas / Energy Sector,Neutral,https://www.dawn.com/news/1986134
2026-03-29,"Editorial: By accepting Pakistan’s fuel price management, IMF seems to acknowledge the war’s exogenous shocks",IMF / External Financing,Neutral,https://www.dawn.com/news/1986480
2026-03-29,"New PIA owners rattled by rising jet fuel costs, worry about sustainability",Privatization / Divestment,Negative,https://www.dawn.com/news/1986553/new-pia-owners-rattled-by-rising-jet-fuel-costs-worry-about-sustainability
2026-03-29,PSX extends losses for 9th week amid geopolitical uncertainty,Stock Market (Direct),Neutral,https://www.dawn.com/news/1986470/psx-extends-losses-for-9th-week-amid-geopolitical-uncertainty
2026-03-29,Pakistan’s exports to Europe stagnate amid challenges,Current Account / Trade,Neutral,https://www.dawn.com/news/1986477
2026-03-29,Risk insurance against Eurobond surges 200bps,Debt / External Debt,Neutral,https://www.dawn.com/news/1986476/risk-insurance-against-eurobond-surges-200bps
2026-03-30,"Without recalibrating its tax structure, Pakistan risks taxing effort while discouraging growth",Fiscal Policy / Budget / Taxes,Neutral,https://www.dawn.com/news/1986750
2026-03-30,What impact will ongoing global developments have on Pakistan’s fertiliser market?,Fertilizer Sector,Negative,https://www.dawn.com/news/1986749
2026-03-30,"Kuwait assures full facilitation of diesel, jet fuel supplies to Pakistan",Oil & Gas / Energy Sector,Neutral,https://www.dawn.com/news/1986846/kuwait-assures-full-facilitation-of-diesel-jet-fuel-supplies-to-pakistan
2026-03-30,A new auto policy needed for localisation,Current Account / Trade; Foreign Reserves,Negative,https://www.dawn.com/news/1986433
2026-03-30,"Metldown at PSX as KSE-100 loses over 4,000 points",Stock Market (Direct),Negative,https://www.dawn.com/news/1986796/metldown-at-psx-as-kse-100-loses-over-4000-points
2026-03-31,Oil prices extend gains as Brent crude futures rise to $113.17 per barrel,Oil & Gas / Energy Sector,Neutral,https://www.dawn.com/news/1987004
2026-03-31,"Rising oil prices pose risk to Pakistan’s import bill, macroeconomic conditions, finance ministry warns",Current Account / Trade; Oil & Gas / Energy Sector,Negative,https://www.dawn.com/news/1987221/rising-oil-prices-pose-risk-to-pakistans-import-bill-macroeconomic-conditions-finance-ministry-warns
2026-03-31,Provinces to share oil subsidy burden under NFC formula,Fiscal Policy / Budget / Taxes,Neutral,https://www.dawn.com/news/1986997/provinces-to-share-oil-subsidy-burden-under-nfc-formula
2026-03-31,Pakistan’s public debt surges to Rs80.52tr,Debt / External Debt,Negative,https://www.dawn.com/news/1987010/pakistans-public-debt-surges-to-rs8052tr
2026-03-31,Ogra notifies 35pc increase in LPG rates for April,Oil & Gas / Energy Sector,Neutral,https://www.dawn.com/news/1987222/ogra-notifies-35pc-increase-in-lpg-rates-for-april
2026-03-31,Sugar industry seeks export freedom,Current Account / Trade,Neutral,https://www.dawn.com/news/1987001/sugar-industry-seeks-export-freedom
2026-03-31,"KSE-100 gains 1,900 points day after war-driven meltdown",Stock Market (Direct),Positive,https://www.dawn.com/news/1987138/kse-100-gains-1900-points-day-after-war-driven-meltdown
2026-03-31,Conventional banks shun private lending,Banking Sector,Positive,https://www.dawn.com/news/1987003/conventional-banks-shun-private-lending
2026-03-31,Ban on low-grade diesel lifted for harvest,Current Account / Trade,Negative,https://www.dawn.com/news/1987012/ban-on-low-grade-diesel-lifted-for-harvest
2026-03-31,Auto sector moves ahead amid uncertainty,Automobile Sector,Neutral,https://www.dawn.com/news/1987005/auto-sector-moves-ahead-amid-uncertainty
2026-03-31,"LNG supplies under force majeure, not available for power generation, say officials",Oil & Gas / Energy Sector,Neutral,https://www.dawn.com/news/1987262/lng-supplies-under-force-majeure-not-available-for-power-generation-say-officials
2026-04-01,FBR misses collection target by Rs612bn,Fiscal Policy / Budget / Taxes,Neutral,https://www.dawn.com/news/1987362/fbr-misses-collection-target-by-rs612bn
2026-04-01,Inflation seen near 8.5pc in March,Inflation / CPI,Neutral,https://www.dawn.com/news/1987363/inflation-seen-near-85pc-in-march
2026-04-01,"PSX gains over 6,700 points on hopes of Middle East de-escalation",Stock Market (Direct),Positive,https://www.dawn.com/news/1987473/psx-gains-over-6700-points-on-hopes-of-middle-east-de-escalation
2026-04-01,"Petrol, diesel prices to go up further within days",Fiscal Policy / Budget / Taxes,Neutral,https://www.dawn.com/news/1987355/petrol-diesel-prices-to-go-up-further-within-days
2026-04-01,"SBP says teenagers can now independently own, operate bank accounts",Monetary Policy / Interest Rates; Banking Sector,Neutral,https://www.dawn.com/news/1987540/sbp-says-teenagers-can-now-independently-own-operate-bank-accounts
2026-04-01,Speculation pushes Iranian rial fourfold against rupee,Currency / Exchange Rate,Neutral,https://www.dawn.com/news/1987360/speculation-pushes-iranian-rial-fourfold-against-rupee
2026-04-02,Power Division seeks World Bank support for new power tariff structure for industrial consumers,IMF / External Financing; Oil & Gas / Energy Sector,Neutral,https://www.dawn.com/news/1987800/power-division-seeks-world-bank-support-for-new-power-tariff-structure-for-industrial-consumers
2026-04-02,Pakistan to seek flexibility in IMF programme for evolving contingencies amid war on Iran,IMF / External Financing,Neutral,https://www.dawn.com/news/1987856/pakistan-to-seek-flexibility-in-imf-programme-for-evolving-contingencies-amid-war-on-iran
2026-04-02,"PSX tumbles 3,500 points as Trump speech sinks hopes for quick end to war",Stock Market (Direct); Oil & Gas / Energy Sector,Negative,https://www.dawn.com/news/1987801/psx-tumbles-3500-points-as-trump-speech-sinks-hopes-for-quick-end-to-war
2026-04-02,"Health tech attracting foreign investment, says OICCI",Foreign Investment / FPI,Neutral,https://www.dawn.com/news/1987645
2026-04-02,Cement sales steady during March despite Middle East war,Cement Sector,Neutral,https://www.dawn.com/news/1987642
2026-04-02,Energy costs push March inflation to 7.3pc,Inflation / CPI,Neutral,https://www.dawn.com/news/1987644/energy-costs-push-march-inflation-to-73pc
2026-04-03,Exports shrink 14pc as Mideast crisis bites,Current Account / Trade,Negative,https://www.dawn.com/news/1987940/exports-shrink-14pc-as-mideast-crisis-bites
2026-04-03,Fuel rates explode as govt withdraws blanket subsidy,Fiscal Policy / Budget / Taxes,Neutral,https://www.dawn.com/news/1987962/fuel-rates-explode-as-govt-withdraws-blanket-subsidy
2026-04-03,Oil prices surge 11pc as Trump promises more strikes on Iran,Oil & Gas / Energy Sector,Negative,https://www.dawn.com/news/1987938
2026-04-03,Provinces take the lead in doling out fuel subsidies following petrol price shock,Fiscal Policy / Budget / Taxes,Neutral,https://www.dawn.com/news/1988267/provinces-take-the-lead-in-doling-out-fuel-subsidies-following-petrol-price-shock
2026-04-04,"Shahid Khaqan urges govt to deregulate fuel prices, promote electric vehicles",Oil & Gas / Energy Sector,Neutral,https://www.dawn.com/news/1988532/shahid-khaqan-urges-govt-to-deregulate-fuel-prices-promote-electric-vehicles
2026-04-04,Editorial: Pakistan’s inability to sustain fuel subsidies underscores a deeper policy failure,Fiscal Policy / Budget / Taxes,Neutral,https://www.dawn.com/news/1988408
2026-04-04,Fuel shock threatens industrial activity,Oil & Gas / Energy Sector,Negative,https://www.dawn.com/news/1988393/fuel-shock-threatens-industrial-activity
2026-04-04,Govt faces ADB loan deadline crunch,IMF / External Financing,Negative,https://www.dawn.com/news/1988391/govt-faces-adb-loan-deadline-crunch
2026-04-04,Pakistan to return $3.5bn UAE debt before month end: official,Current Account / Trade,Neutral,https://www.dawn.com/news/1988321/pakistan-to-return-35bn-uae-debt-before-month-end-official
2026-04-04,Planning minister advocates for revising market timings to rein in oil import bill,Current Account / Trade; Oil & Gas / Energy Sector,Neutral,https://www.dawn.com/news/1988554/planning-minister-advocates-for-revising-market-timings-to-rein-in-oil-import-bill
2026-04-04,Weekly inflation surges 9.12pc YoY due to hike in petroleum product prices,Inflation / CPI,Negative,https://www.dawn.com/news/1988390
2026-04-05,Sindh CM secures fare freeze after talks with transporters amid fuel price hike,Fiscal Policy / Budget / Taxes,Negative,https://www.dawn.com/news/1988836/sindh-cm-secures-fare-freeze-after-talks-with-transporters-amid-fuel-price-hike
2026-04-05,PSX falters in a turbulent week amid oil price shock,Stock Market (Direct); Inflation / CPI; Oil & Gas / Energy Sector,Neutral,https://www.dawn.com/news/1988671/psx-falters-in-a-turbulent-week-amid-oil-price-shock
2026-04-06,Corporate Pakistan sees recent diplomatic gains translating into tangible economic relief,IMF / External Financing; Fiscal Policy / Budget / Taxes; Current Account / Trade,Positive,https://www.dawn.com/news/1989028
2026-04-06,IMF asks Pakistan to remove fuel price distortions amid subsidy pressures,IMF / External Financing; Fiscal Policy / Budget / Taxes,Neutral,https://www.dawn.com/news/1988914/imf-asks-pakistan-to-remove-fuel-price-distortions-amid-subsidy-pressures
2026-04-06,National economic self-reliance,Current Account / Trade,Neutral,https://www.dawn.com/news/1989020/national-economic-self-reliance
2026-04-06,"Ogra, PSO come under fire for poor monitoring of oil stocks",Oil & Gas / Energy Sector,Neutral,https://www.dawn.com/news/1989171/ogra-pso-come-under-fire-for-poor-monitoring-of-oil-stocks
2026-04-06,Representatives from Pakistan’s fan industry seek policy interventions during meeting with finmin,Current Account / Trade,Negative,https://www.dawn.com/news/1989122/representatives-from-pakistans-fan-industry-seek-policy-interventions-during-meeting-with-finmin
2026-04-06,Testing out alternative oil routes amid closure of Strait of Hormuz,Oil & Gas / Energy Sector,Neutral,https://www.dawn.com/news/1989021
2026-04-07,‘No impact’ of Middle East conflict on remittances from Gulf countries so far: finance minister,Political Stability / Government,Neutral,https://www.dawn.com/news/1989429/no-impact-of-middle-east-conflict-on-remittances-from-gulf-countries-so-far-finance-minister
2026-04-07,"Pakistan has repaid $1.43 billion in debt, including Eurobond due April 8, adviser says",Debt / External Debt,Neutral,https://www.dawn.com/news/1989505/pakistan-has-repaid-143-billion-in-debt-including-eurobond-due-april-8-adviser-says
2026-04-07,"Asian Development Bank to support Pakistan’s solar transition, power sector reforms",IMF / External Financing; Oil & Gas / Energy Sector,Neutral,https://www.dawn.com/news/1989454/asian-development-bank-to-support-pakistans-solar-transition-power-sector-reforms
2026-04-08,"Govt removes acting Ogra chairman amid oil supply challenges, pricing controversies",Oil & Gas / Energy Sector,Neutral,https://www.dawn.com/news/1989835/govt-removes-acting-ogra-chairman-amid-oil-supply-challenges-pricing-controversies
2026-04-08,"No power crisis, exports intact amid Gulf war disruptions: PM",Current Account / Trade,Negative,https://www.dawn.com/news/1989683/no-power-crisis-exports-intact-amid-gulf-war-disruptions-pm
2026-04-08,Online fuel subsidy portal shuts down due to ‘hacking attempts’ in Karachi,Fiscal Policy / Budget / Taxes,Neutral,https://www.dawn.com/news/1989766/online-fuel-subsidy-portal-shuts-down-due-to-hacking-attempts-in-karachi
2026-04-08,"PSX gains 14,000 points amid investor glee over US-Iran ceasefire",Stock Market (Direct),Positive,https://www.dawn.com/news/1989786/psx-gains-14000-points-amid-investor-glee-over-us-iran-ceasefire
2026-04-09,Exports to North America rise in July-February,Current Account / Trade,Neutral,https://www.dawn.com/news/1990050/exports-to-north-america-rise-in-july-february
2026-04-09,IMF expects to provide vulnerable economies hit by Middle East war up to $50 billion,IMF / External Financing,Neutral,https://www.dawn.com/news/1990259/imf-expects-to-provide-vulnerable-economies-hit-by-middle-east-war-up-to-50-billion
2026-04-09,Textile sector gets ILO support boost,Textile Sector,Positive,https://www.dawn.com/news/1990051/textile-sector-gets-ilo-support-boost
2026-04-10,State Bank of Pakistan’s reserves up $19m,Monetary Policy / Interest Rates,Positive,https://www.dawn.com/news/1990388/state-bank-of-pakistans-reserves-up-19m
2026-04-10,PSX fails to sustain ceasefire euphoria,Stock Market (Direct),Negative,https://www.dawn.com/news/1990387/psx-fails-to-sustain-ceasefire-euphoria
2026-04-10,Manufacturers asked to boost fertiliser supply,Fertilizer Sector,Positive,https://www.dawn.com/news/1990390/manufacturers-asked-to-boost-fertiliser-supply
2026-04-10,PIA fleet expansion on the cards,Oil & Gas / Energy Sector; Privatization / Divestment,Neutral,https://www.dawn.com/news/1990392/pia-fleet-expansion-on-the-cards
2026-04-10,Chinese firm to invest $120m in tyre sector,Current Account / Trade,Positive,https://www.dawn.com/news/1990393/chinese-firm-to-invest-120m-in-tyre-sector
2026-04-10,Asian Development Bank upgrades Pakistan’s economic growth rate to 3.5pc,IMF / External Financing; GDP / Economic Growth,Positive,https://www.dawn.com/news/1990480/asian-development-bank-upgrades-pakistans-economic-growth-rate-to-35pc
2026-04-10,Govt uses less than half of development budget in three quarters,Fiscal Policy / Budget / Taxes,Neutral,https://www.dawn.com/news/1990382
2026-04-11,Diesel price cut by Rs135; petrol sees drop of Rs12,Fiscal Policy / Budget / Taxes; Oil & Gas / Energy Sector,Neutral,https://www.dawn.com/news/1990666/diesel-price-cut-by-rs135-petrol-sees-drop-of-rs12
2026-04-11,Global growth to suffer due to Middle East war: World Bank chief,IMF / External Financing,Neutral,https://www.dawn.com/news/1990654/global-growth-to-suffer-due-to-middle-east-war-world-bank-chief
2026-04-11,Short-term inflation surges by 12.15pc,Inflation / CPI,Negative,https://www.dawn.com/news/1990660/short-term-inflation-surges-by-1215pc
2026-04-11,Stocks rebound on eve of peace talks,Inflation / CPI,Neutral,https://www.dawn.com/news/1990652/stocks-rebound-on-eve-of-peace-talks
2026-04-12,IT sector drives services’ exports,Current Account / Trade,Neutral,https://www.dawn.com/news/1990900/it-sector-drives-services-exports
2026-04-12,Equities snap 10-week losing streak on ceasefire optimism,Stock Market (Direct),Neutral,https://www.dawn.com/news/1990898/equities-snap-10-week-losing-streak-on-ceasefire-optimism
2026-04-13,"PSX sheds 6,600 points after Trump announces Hormuz blockade",Stock Market (Direct),Negative,https://www.dawn.com/news/1991302/psx-sheds-6600-points-after-trump-announces-hormuz-blockade
2026-04-13,How will the oil market behave in the days and weeks ahead?,Oil & Gas / Energy Sector,Neutral,https://www.dawn.com/news/1991281
2026-04-13,Gas supply to power sector may double amid LNG shortfall,Oil & Gas / Energy Sector; Fertilizer Sector,Negative,https://www.dawn.com/news/1991162/gas-supply-to-power-sector-may-double-amid-lng-shortfall
2026-04-13,Fitch affirms Pakistan’s credit rating at ‘B-’,Credit Rating,Neutral,https://www.dawn.com/news/1991344/fitch-affirms-pakistans-credit-rating-at-b
2026-04-13,A steady erasure of dollar dependence,Currency / Exchange Rate,Neutral,https://www.dawn.com/news/1991282/a-steady-erasure-of-dollar-dependence
2026-04-13,"Aurangzeb arrives in Washington for IMF, World Bank spring meetings",IMF / External Financing,Neutral,https://www.dawn.com/news/1991299/aurangzeb-arrives-in-washington-for-imf-world-bank-spring-meetings
2026-04-14,"Pakistan pushes for reform, investment at WB-IMF spring meetings",IMF / External Financing,Neutral,https://www.dawn.com/news/1991489
2026-04-14,Tax rationalisation to cut auto prices,Fiscal Policy / Budget / Taxes,Neutral,https://www.dawn.com/news/1991486/tax-rationalisation-to-cut-auto-prices
2026-04-14,Naqvi calls on businessmen to bring back ‘20-30pc’ of wealth to Pakistan,Political Stability / Government,Neutral,https://www.dawn.com/news/1991683/naqvi-calls-on-businessmen-to-bring-back-20-30pc-of-wealth-to-pakistan
2026-04-14,Unannounced gas cuts make Karachiites’ lives miserable,Political Stability / Government,Neutral,https://www.dawn.com/news/1991561/unannounced-gas-cuts-make-karachiites-lives-miserable
2026-04-14,"Bulls take charge as KSE-100 rallies 5,000 points",Stock Market (Direct),Positive,https://www.dawn.com/news/1991610/bulls-take-charge-as-kse-100-rallies-5000-points
2026-04-14,"Aurangzeb says ‘all options on table’ to replace UAE’s $3.5bn loan, weighs strategic fuel reserve",IMF / External Financing,Neutral,https://www.dawn.com/news/1991606/aurangzeb-says-all-options-on-table-to-replace-uaes-35bn-loan-weighs-strategic-fuel-reserve
2026-04-14,Govt allows cottonseed imports with conditions,Current Account / Trade,Neutral,https://www.dawn.com/news/1991488/govt-allows-cottonseed-imports-with-conditions
2026-04-15,Pakistan legalises virtual assets,Monetary Policy / Interest Rates,Neutral,https://www.dawn.com/news/1991807/pakistan-legalises-virtual-assets
2026-04-15,Pakistan explores financing options to stabilise foreign exchange reserves,Foreign Reserves,Neutral,https://www.dawn.com/news/1991805
2026-04-15,"World stocks rise, oil prices retreat",Oil & Gas / Energy Sector,Positive,https://www.dawn.com/news/1991804/world-stocks-rise-oil-prices-retreat
2026-04-15,"Saudi Arabia pledges $3bn fresh deposit, extends $5bn facility through 2028",IMF / External Financing,Neutral,https://www.dawn.com/news/1991877/saudi-arabia-pledges-3bn-fresh-deposit-extends-5bn-facility-through-2028
2026-04-15,Pakistan considering buying LNG on spot market to offset supply disruptions caused by Iran war: petroleum minister,Oil & Gas / Energy Sector,Neutral,https://www.dawn.com/news/1992034/pakistan-considering-buying-lng-on-spot-market-to-offset-supply-disruptions-caused-by-iran-war-petroleum-minister
2026-04-15,"IMF advises Pakistan to phase out fuel subsidies, broaden tax base for medium-term sustainability",IMF / External Financing; Fiscal Policy / Budget / Taxes,Neutral,https://www.dawn.com/news/1992005/imf-advises-pakistan-to-phase-out-fuel-subsidies-broaden-tax-base-for-medium-term-sustainability
2026-04-15,Listed consumer firms’ profit rises 28pc,Banking Sector,Positive,https://www.dawn.com/news/1991806/listed-consumer-firms-profit-rises-28pc
2026-04-15,IMF sees Middle East conflict fuelling global inflation,Inflation / CPI; IMF / External Financing; GDP / Economic Growth,Neutral,https://www.dawn.com/news/1991808/imf-sees-middle-east-conflict-fuelling-global-inflation
2026-04-15,"PSX gains nearly 2,900 points amid hopes of US-Iran talks reviving",Stock Market (Direct),Positive,https://www.dawn.com/news/1991921/psx-gains-nearly-2900-points-amid-hopes-of-us-iran-talks-reviving
2026-04-15,"Finance minister meets with US commerce secretary, briefs IMF official on war’s impact on Pakistan",IMF / External Financing,Neutral,https://www.dawn.com/news/1991925/finance-minister-meets-with-us-commerce-secretary-briefs-imf-official-on-wars-impact-on-pakistan
2026-04-15,Farmers owning under 12 acres eligible for new federal subsidy scheme,Fiscal Policy / Budget / Taxes,Neutral,https://www.dawn.com/news/1991936/farmers-owning-under-12-acres-eligible-for-new-federal-subsidy-scheme
2026-04-16,"Biggest well begins oil, gas production",Oil & Gas / Energy Sector,Neutral,https://www.dawn.com/news/1992145/biggest-well-begins-oil-gas-production
2026-04-16,Current account posts surplus of $1.07bn in March,Current Account / Trade,Neutral,https://www.dawn.com/news/1992290/current-account-posts-surplus-of-107bn-in-march
2026-04-16,"IMF managing director meets Aurangzeb, hails Pakistan’s reform progress, macroeconomic stability",IMF / External Financing,Neutral,https://www.dawn.com/news/1992252/imf-managing-director-meets-aurangzeb-hails-pakistans-reform-progress-macroeconomic-stability
2026-04-16,"Next KP budget to prioritise youth empowerment, low-income families’ uplift: CM Afridi",Fiscal Policy / Budget / Taxes,Neutral,https://www.dawn.com/news/1992191/next-kp-budget-to-prioritise-youth-empowerment-low-income-families-uplift-cm-afridi
2026-04-16,Pakistan receives $2bn from Saudi Arabia: State Bank,Banking Sector,Neutral,https://www.dawn.com/news/1992225/pakistan-receives-2bn-from-saudi-arabia-state-bank
2026-04-17,Textile exports drop 7.06pc,Current Account / Trade; Textile Sector,Negative,https://www.dawn.com/news/1992447/textile-exports-drop-706pc
2026-04-17,"Pakistan, Saudi Arabia sign agreement to extend $3bn deposit",Monetary Policy / Interest Rates; IMF / External Financing,Neutral,https://www.dawn.com/news/1992553/pakistan-saudi-arabia-sign-agreement-to-extend-3bn-deposit
2026-04-17,Pakistan raises $500m through Eurobond after 4-year hiatus,Monetary Policy / Interest Rates; Debt / External Debt,Neutral,https://www.dawn.com/news/1992643/pakistan-raises-500m-through-eurobond-after-4-year-hiatus
2026-04-17,NA panel seeks review of high taxes on mobile phones,Fiscal Policy / Budget / Taxes,Neutral,https://www.dawn.com/news/1992464/na-panel-seeks-review-of-high-taxes-on-mobile-phones
2026-04-17,LHC upholds govt’s policy abolishing free electricity units for power sector employees,Oil & Gas / Energy Sector,Neutral,https://www.dawn.com/news/1992600/lhc-upholds-govts-policy-abolishing-free-electricity-units-for-power-sector-employees
2026-04-17,FDI surges to $167m in March,Foreign Investment / FPI,Positive,https://www.dawn.com/news/1992448/fdi-surges-to-167m-in-march
2026-04-17,Auto financing rises to Rs345bn,Monetary Policy / Interest Rates; Automobile Sector,Positive,https://www.dawn.com/news/1992446/auto-financing-rises-to-rs345bn
2026-04-17,Aurangzeb lauds Beijing’s support for Pakistan’s IMF programme during meeting with Chinese counterpart,IMF / External Financing,Neutral,https://www.dawn.com/news/1992576/aurangzeb-lauds-beijings-support-for-pakistans-imf-programme-during-meeting-with-chinese-counterpart
2026-04-18,Basmati exports defy war jolt,Current Account / Trade,Neutral,https://www.dawn.com/news/1992768/basmati-exports-defy-war-jolt
2026-04-18,Dollar slips below Rs279 after 3 years,Currency / Exchange Rate; IMF / External Financing,Neutral,https://www.dawn.com/news/1992766/dollar-slips-below-rs279-after-3-years
2026-04-18,Editorial: The current crisis underscores the structural vulnerability of our power sector to external geopolitical shocks,Oil & Gas / Energy Sector,Negative,https://www.dawn.com/news/1992785
2026-04-18,"Fuel, food drive weekly inflation to 12.16pc",Inflation / CPI,Neutral,https://www.dawn.com/news/1992771/fuel-food-drive-weekly-inflation-to-1216pc
2026-04-18,Ordinary Pakistanis are being made to pay for the state’s failure to tax its elite constituents,Fiscal Policy / Budget / Taxes,Negative,https://www.dawn.com/news/1992782
2026-04-18,SBP says govt has paid $2bn to UAE,Monetary Policy / Interest Rates; Current Account / Trade,Neutral,https://www.dawn.com/news/1993003/sbp-says-govt-has-paid-2bn-to-uae
2026-04-19,Pakistan in discussion with Qatar for supply of LNG cargoes amid electricity shortfall,Oil & Gas / Energy Sector,Negative,https://www.dawn.com/news/1993233/pakistan-in-discussion-with-qatar-for-supply-of-lng-cargoes-amid-electricity-shortfall
2026-04-19,Pakistan eyes $1.2bn inflow next month,IMF / External Financing,Neutral,https://www.dawn.com/news/1993103/pakistan-eyes-12bn-inflow-next-month
2026-04-19,PSX extends weekly gains on easing geopolitical tensions,Stock Market (Direct),Neutral,https://www.dawn.com/news/1993098/psx-extends-weekly-gains-on-easing-geopolitical-tensions
2026-04-19,Economy can weather Iran war risks: SBP chief,Monetary Policy / Interest Rates,Neutral,https://www.dawn.com/news/1993102/economy-can-weather-iran-war-risks-sbp-chief
2026-04-19,Govt vows growth-focused budget consultation,Fiscal Policy / Budget / Taxes,Neutral,https://www.dawn.com/news/1993100/govt-vows-growth-focused-budget-consultation
2026-04-19,Food import bill jumps to $7.09bn,Current Account / Trade,Negative,https://www.dawn.com/news/1993099/food-import-bill-jumps-to-709bn
2026-04-19,Korangi Harbour gets Rs120m floating jetty,Current Account / Trade,Neutral,https://www.dawn.com/news/1993101/korangi-harbour-gets-rs120m-floating-jetty
2026-04-20,Addressing markup consumer prices,Inflation / CPI,Neutral,https://www.dawn.com/news/1993311/addressing-markup-consumer-prices
2026-04-20,"Govt forsees economic slowdown during current, next fiscal years due to Middle East war",Fiscal Policy / Budget / Taxes,Negative,https://www.dawn.com/news/1993522/govt-forsees-economic-slowdown-during-current-next-fiscal-years-due-to-middle-east-war
2026-04-20,How resilient are Pakistan’s two lifelines of foreign exchange: exports and remittances?,Current Account / Trade,Neutral,https://www.dawn.com/news/1993309
2026-04-20,"PSX plunges over 1,700 points amid Middle East tensions",Stock Market (Direct),Negative,https://www.dawn.com/news/1993464/psx-plunges-over-1700-points-amid-middle-east-tensions
2026-04-20,Pakistan increases Eurobond from $500m to $750m,Debt / External Debt,Neutral,https://www.dawn.com/news/1993495/pakistan-increases-eurobond-from-500m-to-750m
2026-04-20,UN survey says economic growth momentum weakening in Asia-Pacific developing countries,GDP / Economic Growth; Debt / External Debt,Positive,https://www.dawn.com/news/1993436/un-survey-says-economic-growth-momentum-weakening-in-asia-pacific-developing-countries
2026-04-21,Rs3bn telecom green sukuk launched,Debt / External Debt,Neutral,https://www.dawn.com/news/1993648/rs3bn-telecom-green-sukuk-launched
2026-04-21,PSX gains over 900 points amid geopolitical uncertainty,Stock Market (Direct),Positive,https://www.dawn.com/news/1993746/psx-gains-over-900-points-amid-geopolitical-uncertainty
2026-04-21,Azerbaijan says it is ready to supply LNG to Pakistan,Oil & Gas / Energy Sector,Neutral,https://www.dawn.com/news/1993802/azerbaijan-says-it-is-ready-to-supply-lng-to-pakistan
2026-04-22,"NHA, ADB sign agreement to develop 2 sections of M6 Motorway",IMF / External Financing,Neutral,https://www.dawn.com/news/1994099/nha-adb-sign-agreement-to-develop-2-sections-of-m6-motorway
2026-04-22,Oil prices climb 3pc amid standoff,Oil & Gas / Energy Sector,Negative,https://www.dawn.com/news/1993956/oil-prices-climb-3pc-amid-standoff
2026-04-22,PM Shehbaz directs to accelerate efforts for promoting electric vehicles in Pakistan,Current Account / Trade,Positive,https://www.dawn.com/news/1994083/pm-shehbaz-directs-to-accelerate-efforts-for-promoting-electric-vehicles-in-pakistan
2026-04-22,Trade with Middle East hit by tensions,Current Account / Trade,Negative,https://www.dawn.com/news/1993961/trade-with-middle-east-hit-by-tensions
2026-04-23,"PSX tumbles 1,577 points amid volatility",Stock Market (Direct),Negative,https://www.dawn.com/news/1994242/psx-tumbles-1577-points-amid-volatility
2026-04-23,SECP approves two more IPOs on Pakistan Stock Exchange,Stock Market (Direct),Positive,https://www.dawn.com/news/1994245
2026-04-23,SBP curbs fail to dent appetite for dollars,Monetary Policy / Interest Rates,Negative,https://www.dawn.com/news/1994247/sbp-curbs-fail-to-dent-appetite-for-dollars
2026-04-23,Pakistan seeks three spot LNG cargoes in first tender since Dec 2023,Oil & Gas / Energy Sector,Neutral,https://www.dawn.com/news/1994311/pakistan-seeks-three-spot-lng-cargoes-in-first-tender-since-dec-2023
2026-04-23,Oil prices jump $3 a barrel,Oil & Gas / Energy Sector,Neutral,https://www.dawn.com/news/1994244/oil-prices-jump-3-a-barrel
2026-04-23,"ADB deepens Pakistan engagement with $3.67bn commitments, targets fiscal reform and minerals",IMF / External Financing,Neutral,https://www.dawn.com/news/1994349/adb-deepens-pakistan-engagement-with-367bn-commitments-targets-fiscal-reform-and-minerals
2026-04-23,FBR revises property valuation in six cities,Fiscal Policy / Budget / Taxes,Neutral,https://www.dawn.com/news/1994248/fbr-revises-property-valuation-in-six-cities
2026-04-23,Customs increases import valuation for 62 old and used mobile phone models,Current Account / Trade,Neutral,https://www.dawn.com/news/1994373/customs-increases-import-valuation-for-62-old-and-used-mobile-phone-models
2026-04-23,"At least 62,000MW more needed by 2035 to support economic growth",GDP / Economic Growth,Neutral,https://www.dawn.com/news/1994362/at-least-62000mw-more-needed-by-2035-to-support-economic-growth
2026-04-23,"KSE-100 plunges below 170,000-mark as bears maintain control of PSX",Stock Market (Direct),Negative,https://www.dawn.com/news/1994338/kse-100-plunges-below-170000-mark-as-bears-maintain-control-of-psx
2026-04-24,Oil prices jump after renewed flare-up,Oil & Gas / Energy Sector,Neutral,https://www.dawn.com/news/1994522/oil-prices-jump-after-renewed-flare-up
2026-04-24,"Pakistan repays $3.45bn to UAE, confirms central bank",Monetary Policy / Interest Rates; Banking Sector,Neutral,https://www.dawn.com/news/1994616/pakistan-repays-345bn-to-uae-confirms-central-bank
2026-04-24,Pakistan secures 3 bids for spot LNG cargoes,Oil & Gas / Energy Sector,Positive,https://www.dawn.com/news/1994734/pakistan-secures-3-bids-for-spot-lng-cargoes
2026-04-24,SBP buys back Rs309.5bn PIBs in second auction,Monetary Policy / Interest Rates,Neutral,https://www.dawn.com/news/1994526/sbp-buys-back-rs3095bn-pibs-in-second-auction
2026-04-25,Strait of Hormuz closure pushes Pakistan into expensive $18.4 per mmBtu LNG deal,Oil & Gas / Energy Sector,Neutral,https://www.dawn.com/news/1994972/strait-of-hormuz-closure-pushes-pakistan-into-expensive-184-per-mmbtu-lng-deal
2026-04-25,Short-term inflation surges by 14 per cent,Inflation / CPI,Negative,https://www.dawn.com/news/1994882/short-term-inflation-surges-by-14-per-cent
2026-04-26,Another petroleum price hike triggers widespread anxiety,Oil & Gas / Energy Sector,Neutral,https://www.dawn.com/news/1995067
2026-04-26,Bears return to PSX amid geopolitical tensions,Stock Market (Direct),Negative,https://www.dawn.com/news/1995084/bears-return-to-psx-amid-geopolitical-tensions
2026-04-26,IMF executive board to meet on May 8 to approve disbursement of over $1.2bn to Pakistan,IMF / External Financing,Positive,https://www.dawn.com/news/1995256/imf-executive-board-to-meet-on-may-8-to-approve-disbursement-of-over-12bn-to-pakistan
2026-04-26,Iran war jitters to influence policy rate decision,Monetary Policy / Interest Rates,Neutral,https://www.dawn.com/news/1995088/iran-war-jitters-to-influence-policy-rate-decision
2026-04-26,New auto assemblers dodge localisation details,Current Account / Trade,Neutral,https://www.dawn.com/news/1995087/new-auto-assemblers-dodge-localisation-details
2026-04-26,Pakistani exports to major European markets slow down amid ME conflict despite GSP+ status,Current Account / Trade,Neutral,https://www.dawn.com/news/1995238/pakistani-exports-to-major-european-markets-slow-down-amid-me-conflict-despite-gsp-status
2026-04-27,"The new budget will be judged not by its arithmetic alone, but by its elemental courage",IMF / External Financing; Fiscal Policy / Budget / Taxes,Positive,https://www.dawn.com/news/1995407
2026-04-27,Oil industry seeks extension for imports on CIF basis to ensure continuity of supplies,Monetary Policy / Interest Rates; Current Account / Trade,Neutral,https://www.dawn.com/news/1995532/oil-industry-seeks-extension-for-imports-on-cif-basis-to-ensure-continuity-of-supplies
2026-04-27,RDA 2.0 — beyond dollar inflows,Currency / Exchange Rate,Neutral,https://www.dawn.com/news/1995410/rda-20-beyond-dollar-inflows
2026-04-27,Central bank increases policy rate by 100bps to 11.5pc,Monetary Policy / Interest Rates; Inflation / CPI; Banking Sector,Negative,https://www.dawn.com/news/1995495/central-bank-increases-policy-rate-by-100bps-to-115pc
2026-04-27,Industry prepares budget wishlist,Fiscal Policy / Budget / Taxes,Neutral,https://www.dawn.com/news/1995349
2026-04-28,"Export of donkey meat, hides to China allowed",Current Account / Trade,Neutral,https://www.dawn.com/news/1995662/export-of-donkey-meat-hides-to-china-allowed
2026-04-28,Finance minister says no plans of seeking more bilateral financing after recent inflows from Saudi Arabia,GDP / Economic Growth,Neutral,https://www.dawn.com/news/1995760/finance-minister-says-no-plans-of-seeking-more-bilateral-financing-after-recent-inflows-from-saudi-arabia
2026-04-28,"Govt plans hubs to improve gemstone production, exports via international-standard training",Current Account / Trade,Neutral,https://www.dawn.com/news/1995659
2026-04-28,"Industry leaders warn interest rate hike to hit exports, economic growth",Monetary Policy / Interest Rates; Current Account / Trade; GDP / Economic Growth,Negative,https://www.dawn.com/news/1995663/industry-leaders-warn-interest-rate-hike-to-hit-exports-economic-growth
2026-04-29,"Pakistan, European Union reaffirm strategic economic ties at high-level meeting",Current Account / Trade,Neutral,https://www.dawn.com/news/1995897
2026-04-29,"Energy prices expected to surge 24pc, reaching highest level since 2022 Russia-Ukraine war: World Bank assessment",IMF / External Financing; Fertilizer Sector,Neutral,https://www.dawn.com/news/1995842/energy-prices-expected-to-surge-24pc-reaching-highest-level-since-2022-russia-ukraine-war-world-bank-assessment
2026-04-29,"FBR digital gaps hurt taxpayers, says PTBA",Fiscal Policy / Budget / Taxes,Negative,https://www.dawn.com/news/1995867/fbr-digital-gaps-hurt-taxpayers-says-ptba
2026-04-29,Consortium submits bank guarantee for 25pc PIA stake,Privatization / Divestment,Neutral,https://www.dawn.com/news/1995868/consortium-submits-bank-guarantee-for-25pc-pia-stake
2026-04-29,Editorial: The move to raise the policy rate reflects a growing recognition of the trade-off between growth and stability,Monetary Policy / Interest Rates,Negative,https://www.dawn.com/news/1995946
2026-04-30,Arif Habib-led consortium notifies Privatisation Commission of its intent to acquire remaining 25pc PIA stake,Privatization / Divestment,Neutral,https://www.dawn.com/news/1996427/arif-habib-led-consortium-notifies-privatisation-commission-of-its-intent-to-acquire-remaining-25pc-pia-stake
2026-04-30,"Bears continue to dominate PSX as KSE-100 loses 2,800 points",Stock Market (Direct),Negative,https://www.dawn.com/news/1996348/bears-continue-to-dominate-psx-as-kse-100-loses-2800-points
2026-04-30,CM Murad asks K-Electric to find practical solution to reduce loadshedding,Fiscal Policy / Budget / Taxes,Positive,https://www.dawn.com/news/1996174/cm-murad-asks-k-electric-to-find-practical-solution-to-reduce-loadshedding
2026-04-30,"Oil surges to 4-year high, stocks slip after Trump blockade warning",Currency / Exchange Rate,Negative,https://www.dawn.com/news/1996356/oil-surges-to-4-year-high-stocks-slip-after-trump-blockade-warning
2026-04-30,PPP labour bureau leader rejects PIA privatisation,Political Stability / Government; Privatization / Divestment,Negative,https://www.dawn.com/news/1996226/ppp-labour-bureau-leader-rejects-pia-privatisation
2026-04-30,US Federal Reserve holds rates steady,Inflation / CPI,Neutral,https://www.dawn.com/news/1996220/us-federal-reserve-holds-rates-steady
2026-05-01,Indian gold imports hit 30-year low,Fiscal Policy / Budget / Taxes; Current Account / Trade,Neutral,https://www.dawn.com/news/1996522/indian-gold-imports-hit-30-year-low
2026-05-01,"While Asia and Europe scramble for natural gas, the US glut has nowhere to go",Current Account / Trade; Oil & Gas / Energy Sector,Neutral,https://www.dawn.com/news/1996684/while-asia-and-europe-scramble-for-natural-gas-the-us-glut-has-nowhere-to-go
2026-05-01,Govt pushes start of mango exports to June 1,Current Account / Trade,Neutral,https://www.dawn.com/news/1996521/govt-pushes-start-of-mango-exports-to-june-1
2026-05-01,Power minister declares end to month-long loadshedding following arrival of LNG shipment,Oil & Gas / Energy Sector,Neutral,https://www.dawn.com/news/1996657/power-minister-declares-end-to-month-long-loadshedding-following-arrival-of-lng-shipment
2026-05-01,FBR misses July-April target by Rs684bn,Fiscal Policy / Budget / Taxes,Neutral,https://www.dawn.com/news/1996523/fbr-misses-july-april-target-by-rs684bn
2026-05-01,Arif Habib creates PIA takeover vehicle,Privatization / Divestment,Neutral,https://www.dawn.com/news/1996519/arif-habib-creates-pia-takeover-vehicle
2026-05-01,Fuel hits Rs400 per litre as govt passes on global impact,IMF / External Financing; Fiscal Policy / Budget / Taxes,Neutral,https://www.dawn.com/news/1996570/fuel-hits-rs400-per-litre-as-govt-passes-on-global-impact
2026-05-01,"Bond, Saudi inflows lift SBP reserves",Monetary Policy / Interest Rates; Debt / External Debt,Neutral,https://www.dawn.com/news/1996518/bond-saudi-inflows-lift-sbp-reserves
2026-05-02,Inflation hits double digits for first time in 21 months,Inflation / CPI,Negative,https://www.dawn.com/news/1996853/inflation-hits-double-digits-for-first-time-in-21-months
2026-05-02,PM Shehbaz orders formulation of strategy to stabilise electricity tariffs,Oil & Gas / Energy Sector,Neutral,https://www.dawn.com/news/1996962/pm-shehbaz-orders-formulation-of-strategy-to-stabilise-electricity-tariffs
2026-05-03,Foreign investors exit T-bills amid war in Middle East,Foreign Investment / FPI,Neutral,https://www.dawn.com/news/1997099
2026-05-03,Oil spike threatens Pakistan’s economic growth,Inflation / CPI; GDP / Economic Growth,Negative,https://www.dawn.com/news/1997098/oil-spike-threatens-pakistans-economic-growth
2026-05-04,"UAE’s decision to quit Opec came out of the blue, but it has been in the making for a few years",Oil & Gas / Energy Sector,Negative,https://www.dawn.com/news/1997184
2026-05-04,Still in stabilisation mode,Monetary Policy / Interest Rates,Neutral,https://www.dawn.com/news/1997183/still-in-stabilisation-mode
2026-05-04,"Pakistan’s gas crisis is a failure of allocation, not supply",Currency / Exchange Rate,Negative,https://www.dawn.com/news/1997185
2026-05-04,Govt urged to reduce tax on milk,Fiscal Policy / Budget / Taxes,Positive,https://www.dawn.com/news/1997360/govt-urged-to-reduce-tax-on-milk
2026-05-04,Bulls help PSX rebound by 900 points,Stock Market (Direct),Positive,https://www.dawn.com/news/1997405/bulls-help-psx-rebound-by-900-points
2026-05-04,Ministries told to surrender unspent funds amid preparations for upcoming budget,Fiscal Policy / Budget / Taxes,Neutral,https://www.dawn.com/news/1997364
2026-05-05,April fuel sales fall on higher prices,Cement Sector; Fertilizer Sector,Positive,https://www.dawn.com/news/1997648/april-fuel-sales-fall-on-higher-prices
2026-05-05,"Asia battles rising, uneven toll of energy crisis caused by Iran war",Fiscal Policy / Budget / Taxes; Current Account / Trade,Negative,https://www.dawn.com/news/1997707/asia-battles-rising-uneven-toll-of-energy-crisis-caused-by-iran-war
2026-05-05,Exports rebound over 14pc in April,Current Account / Trade,Neutral,https://www.dawn.com/news/1997653/exports-rebound-over-14pc-in-april
2026-05-05,"Pakistan misses $8bn SEZ investment, 500,000-job targets: minister",Current Account / Trade,Neutral,https://www.dawn.com/news/1997769/pakistan-misses-8bn-sez-investment-500000-job-targets-minister
2026-05-06,PSX ends higher despite sharp volatility,Stock Market (Direct),Negative,https://www.dawn.com/news/1997923/psx-ends-higher-despite-sharp-volatility
2026-05-06,PM Shehbaz approves tax litigation system,Fiscal Policy / Budget / Taxes,Positive,https://www.dawn.com/news/1997926/pm-shehbaz-approves-tax-litigation-system
2026-05-06,"Pakistan again turns to spot LNG market, seeks bids for 2 cargoes",Oil & Gas / Energy Sector,Neutral,https://www.dawn.com/news/1998007/pakistan-again-turns-to-spot-lng-market-seeks-bids-for-2-cargoes
2026-05-06,Capital Market Development Fund established to strengthen Pakistan’s capital markets,Stock Market (Direct),Neutral,https://www.dawn.com/news/1998065/capital-market-development-fund-established-to-strengthen-pakistans-capital-markets
2026-05-06,Banking sector expands 17.8pc during calendar year 2025,Monetary Policy / Interest Rates; Banking Sector,Neutral,https://www.dawn.com/news/1997927/banking-sector-expands-178pc-during-calendar-year-2025
2026-05-06,Federation of Pakistan Chamb­ers of Commerce and Industry flags worsening trade imbalance,Current Account / Trade; Foreign Reserves,Negative,https://www.dawn.com/news/1997925/federation-of-pakistan-chambers-of-commerce-and-industry-flags-worsening-trade-imbalance
2026-05-07,"Bulls stage 6,962-point recovery rally",Stock Market (Direct); Oil & Gas / Energy Sector,Positive,https://www.dawn.com/news/1998235/bulls-stage-6962-point-recovery-rally
2026-05-07,FCC sets aside Income Tax Ordinance section enabling taxation on ‘deemed income’ from assets and property,Fiscal Policy / Budget / Taxes,Neutral,https://www.dawn.com/news/1998420/fcc-sets-aside-income-tax-ordinance-section-enabling-taxation-on-deemed-income-from-assets-and-property
2026-05-07,"Finance ministry, SBP show optimism over economic growth amid expected $1.2bn tranche from IMF",Monetary Policy / Interest Rates; IMF / External Financing; Foreign Reserves; GDP / Economic Growth,Neutral,https://www.dawn.com/news/1998450/finance-ministry-sbp-show-optimism-over-economic-growth-amid-expected-12bn-tranche-from-imf
2026-05-07,Pakistan turns down two lowest evaluated LNG bids,Oil & Gas / Energy Sector,Neutral,https://www.dawn.com/news/1998447/pakistan-turns-down-two-lowest-evaluated-lng-bids
2026-05-07,Swelling trade gap hurting balance of payments,Currency / Exchange Rate; Current Account / Trade,Negative,https://www.dawn.com/news/1998242/swelling-trade-gap-hurting-balance-of-payments
2026-05-08,SBP reserves rise by $23m to $15.85bn despite external payment pressures,Monetary Policy / Interest Rates,Positive,https://www.dawn.com/news/1998523
2026-05-08,IMF warns of ‘inevitable’ AI cyber threats,IMF / External Financing,Negative,https://www.dawn.com/news/1998524/imf-warns-of-inevitable-ai-cyber-threats
2026-05-08,"IMF's Executive Board approves $1.3bn financing for Pakistan's reform programme, flags heightened risks from Middle East war",IMF / External Financing,Positive,https://www.dawn.com/news/1998725/imfs-executive-board-approves-13bn-financing-for-pakistans-reform-programme-flags-heightened-risks-from-middle-east-war
2026-05-08,Bulls extend winning streak for fourth session,Stock Market (Direct),Positive,https://www.dawn.com/news/1998519/bulls-extend-winning-streak-for-fourth-session
2026-05-08,Govt places Public Private Partnership Authority under Privatisation Division for ‘better coordination’,Privatization / Divestment,Neutral,https://www.dawn.com/news/1998717/govt-places-public-private-partnership-authority-under-privatisation-division-for-better-coordination
2026-05-09,Editorial: Shifting power subsidies towards income-based targeting is not merely an externally imposed condition,Fiscal Policy / Budget / Taxes; Oil & Gas / Energy Sector,Neutral,https://www.dawn.com/news/1998812
2026-05-09,Equities snap four-session winning streak,Oil & Gas / Energy Sector,Neutral,https://www.dawn.com/news/1998813/equities-snap-four-session-winning-streak
2026-05-09,Here's what policymakers can do to improve the environment for formal businesses without compromising tax collection,Fiscal Policy / Budget / Taxes,Neutral,https://www.dawn.com/news/1998809
2026-05-09,Inflation surges 15.16pc on costly fuel,Inflation / CPI,Negative,https://www.dawn.com/news/1998819/inflation-surges-1516pc-on-costly-fuel
2026-05-10,Editorial: Why the IMF’s praise for Pakistan's programme implementation should not be taken as a victory,IMF / External Financing,Neutral,https://www.dawn.com/news/1999096
2026-05-10,"Finmin says economic recovery remains intact amid regional conflict, assures uninterrupted fuel supply",Debt / External Debt,Positive,https://www.dawn.com/news/1998966/finmin-says-economic-recovery-remains-intact-amid-regional-conflict-assures-uninterrupted-fuel-supply
2026-05-10,Review of incentives to boost export underway,Fiscal Policy / Budget / Taxes; Current Account / Trade,Positive,https://www.dawn.com/news/1999092/review-of-incentives-to-boost-export-underway
2026-05-11,Reforms for investment-led growth,Fiscal Policy / Budget / Taxes,Neutral,https://www.dawn.com/news/1999228/reforms-for-investment-led-growth
2026-05-11,"Upcoming budget may include income tax relief amid salary, pension freeze",Fiscal Policy / Budget / Taxes,Positive,https://www.dawn.com/news/1999291
2026-05-11,"India shares, rupee fall on Modi's call for austerity, crude price spike",Currency / Exchange Rate,Negative,https://www.dawn.com/news/1999426/india-shares-rupee-fall-on-modis-call-for-austerity-crude-price-spike
2026-05-11,The structural failures of Pakistan’s tax regime,Fiscal Policy / Budget / Taxes,Positive,https://www.dawn.com/news/1999283
2026-05-11,Foreign economic assistance inflows rise nearly 20pc,IMF / External Financing,Positive,https://www.dawn.com/news/1999312/foreign-economic-assistance-inflows-rise-nearly-20pc
2026-05-11,"IT exports expected to reach $4bn during current fiscal year, PM told",Current Account / Trade,Neutral,https://www.dawn.com/news/1999395/it-exports-expected-to-reach-4bn-during-current-fiscal-year-pm-told
2026-05-11,AJK premier opens work on new grid station near Line of Control,Political Stability / Government,Neutral,https://www.dawn.com/news/1999270/ajk-premier-opens-work-on-new-grid-station-near-line-of-control
2026-05-12,PM Shehbaz meets President Zardari amid rumours of possible move to roll back 18th Amendment,Fiscal Policy / Budget / Taxes,Neutral,https://www.dawn.com/news/1999570
2026-05-12,"Despite improved macroeconomic stability in first half of FY26, war in Middle East poses significant risks to outlook: SBP",Monetary Policy / Interest Rates; GDP / Economic Growth,Negative,https://www.dawn.com/news/1999677/despite-improved-macroeconomic-stability-in-first-half-of-fy26-war-in-middle-east-poses-significant-risks-to-outlook-sbp
2026-05-12,Late mango crop hits export prospects,Current Account / Trade,Neutral,https://www.dawn.com/news/1999484/late-mango-crop-hits-export-prospects
2026-05-13,PM orders uninterrupted supply of fertiliser to safeguard food security,Current Account / Trade; Fertilizer Sector,Neutral,https://www.dawn.com/news/1999802/pm-orders-uninterrupted-supply-of-fertiliser-to-safeguard-food-security
2026-05-13,Auto sales double on cheap financing,Automobile Sector,Neutral,https://www.dawn.com/news/1999814/auto-sales-double-on-cheap-financing
2026-05-13,Finance minister discusses budget preparations with visiting IMF mission,IMF / External Financing; Fiscal Policy / Budget / Taxes,Neutral,https://www.dawn.com/news/1999908/finance-minister-discusses-budget-preparations-with-visiting-imf-mission
2026-05-13,Fuel levy yields lowest fiscal deficit in nearly three decades,Fiscal Policy / Budget / Taxes; GDP / Economic Growth,Positive,https://www.dawn.com/news/1999803/fuel-levy-yields-lowest-fiscal-deficit-in-nearly-three-decades
2026-05-13,"Geopolitical fears drag index below 170,000",Oil & Gas / Energy Sector,Neutral,https://www.dawn.com/news/1999812/geopolitical-fears-drag-index-below-170000
2026-05-13,"India hikes gold, silver duties to protect sliding rupee",Currency / Exchange Rate,Negative,https://www.dawn.com/news/1999889/india-hikes-gold-silver-duties-to-protect-sliding-rupee
2026-05-13,"Modest gains in GDP, per capita income indicate recovery in output, government says",GDP / Economic Growth,Positive,https://www.dawn.com/news/1999933/modest-gains-in-gdp-per-capita-income-indicate-recovery-in-output-government-says
2026-05-13,Oil prices rise as hopes of peace dwindle,Oil & Gas / Energy Sector,Neutral,https://www.dawn.com/news/1999816/oil-prices-rise-as-hopes-of-peace-dwindle
2026-05-13,SBP says it has received $1.3bn tranche from IMF,Monetary Policy / Interest Rates; IMF / External Financing; Foreign Reserves,Neutral,https://www.dawn.com/news/1999886/sbp-says-it-has-received-13bn-tranche-from-imf
2026-05-13,Textile sector eyes $5bn boost,Fiscal Policy / Budget / Taxes; Textile Sector,Positive,https://www.dawn.com/news/1999817/textile-sector-eyes-5bn-boost
2026-05-14,PSX extends losses as index hits pre-war level,Stock Market (Direct); Monetary Policy / Interest Rates,Neutral,https://www.dawn.com/news/2000061/psx-extends-losses-as-index-hits-pre-war-level
2026-05-14,"Finance ministry terms report on Dar being 'handed' budget-making process 'misleading, incorrect'",Fiscal Policy / Budget / Taxes,Neutral,https://www.dawn.com/news/2000193/finance-ministry-terms-report-on-dar-being-handed-budget-making-process-misleading-incorrect
2026-05-14,Chinese firm plans $500m export facility,Current Account / Trade,Neutral,https://www.dawn.com/news/2000066/chinese-firm-plans-500m-export-facility
2026-05-14,FBR mulls AI-based monitoring,Fiscal Policy / Budget / Taxes,Neutral,https://www.dawn.com/news/2000063/fbr-mulls-ai-based-monitoring
2026-05-15,Pakistan Stock Exchange slides for fifth straight session,Stock Market (Direct),Negative,https://www.dawn.com/news/2000376/pakistan-stock-exchange-slides-for-fifth-straight-session
2026-05-15,Leather exporters flag high costs,Fiscal Policy / Budget / Taxes,Neutral,https://www.dawn.com/news/2000378/leather-exporters-flag-high-costs
2026-05-15,Pakistan joins top tyre exporters,Current Account / Trade,Neutral,https://www.dawn.com/news/2000379/pakistan-joins-top-tyre-exporters
2026-05-15,Editorial: Pakistan's economy is continuing to struggle to break out of the low-growth trap,Current Account / Trade,Negative,https://www.dawn.com/news/2000370
2026-05-15,IMF highlights ‘Gulf exposure’ as biggest external risk for Pakistan,IMF / External Financing; Current Account / Trade,Neutral,https://www.dawn.com/news/2000334/imf-highlights-gulf-exposure-as-biggest-external-risk-for-pakistan
2026-05-16,Stocks extend losses amid uncertainty,Inflation / CPI,Neutral,https://www.dawn.com/news/2000614/stocks-extend-losses-amid-uncertainty
2026-05-16,Pakistan’s fiscal challenge is no longer simply one of raising taxes,GDP / Economic Growth,Neutral,https://www.dawn.com/news/2000640
2026-05-16,Ordinary consumers are paying a huge price for the impact of war on global oil prices,Current Account / Trade; Oil & Gas / Energy Sector,Neutral,https://www.dawn.com/news/2000641
2026-05-16,New banknote designs await cabinet nod,Monetary Policy / Interest Rates,Neutral,https://www.dawn.com/news/2000617/new-banknote-designs-await-cabinet-nod
2026-05-16,IMF sets Rs17.1tr federal revenue target for 2026-27,IMF / External Financing; Fiscal Policy / Budget / Taxes; Oil & Gas / Energy Sector,Neutral,https://www.dawn.com/news/2000619/imf-sets-rs171tr-federal-revenue-target-for-2026-27
2026-05-16,Inflation-hit Karachiites reel from further rise in flour prices,Inflation / CPI,Neutral,https://www.dawn.com/news/2000564/inflation-hit-karachiites-reel-from-further-rise-in-flour-prices
2026-05-16,"Fuel, food drive 14.52pc inflation surge",Inflation / CPI,Negative,https://www.dawn.com/news/2000618/fuel-food-drive-1452pc-inflation-surge
2026-05-16,LHC quashes super tax on sale of inherited land,Fiscal Policy / Budget / Taxes,Negative,https://www.dawn.com/news/2000611/lhc-quashes-super-tax-on-sale-of-inherited-land
2026-05-17,FPCCI demands single tax system,Fiscal Policy / Budget / Taxes,Positive,https://www.dawn.com/news/2000846/fpcci-demands-single-tax-system
2026-05-17,Global surplus hits tobacco exports,Current Account / Trade,Neutral,https://www.dawn.com/news/2000848/global-surplus-hits-tobacco-exports
2026-05-17,Imports from North America surge,Current Account / Trade,Positive,https://www.dawn.com/news/2000845/imports-from-north-america-surge
2026-05-17,India scrambles to steady rupee as oil shock bites,Currency / Exchange Rate,Neutral,https://www.dawn.com/news/2000915/india-scrambles-to-steady-rupee-as-oil-shock-bites
2026-05-17,Seafood exports top $500 million,Current Account / Trade,Neutral,https://www.dawn.com/news/2000847/seafood-exports-top-500-million
2026-05-18,Strong fiscal numbers underline need to rebalance Pakistan’s budget priorities,Fiscal Policy / Budget / Taxes,Neutral,https://www.dawn.com/news/2001089
2026-05-18,Provincial tax revenues surge despite economic and regional pressures,Fiscal Policy / Budget / Taxes,Neutral,https://www.dawn.com/news/2000911
2026-05-18,"PSX plunges by nearly 3,800 points as investors remain cautious amid geopolitical tensions",Stock Market (Direct); Oil & Gas / Energy Sector,Negative,https://www.dawn.com/news/2001140/psx-plunges-by-nearly-3800-points-as-investors-remain-cautious-amid-geopolitical-tensions
2026-05-18,"PM Shehbaz reviews Rs1.5tr PSDP, directs more funds for well-performing ministries",Fiscal Policy / Budget / Taxes,Neutral,https://www.dawn.com/news/2001296/pm-shehbaz-reviews-rs15tr-psdp-directs-more-funds-for-well-performing-ministries
2026-05-18,Banking sector faces growing stress as non-performing loans climb,Banking Sector,Negative,https://www.dawn.com/news/2000912
2026-05-18,IMF targets subsidies while Pakistan’s power elephants roam free,IMF / External Financing; Fiscal Policy / Budget / Taxes,Neutral,https://www.dawn.com/news/2000910
2026-05-18,Blue passports okayed for 42 top taxpayers,Banking Sector,Neutral,https://www.dawn.com/news/2001012/blue-passports-okayed-for-42-top-taxpayers
2026-05-18,Auto parts makers hail drop in used car import,Current Account / Trade,Neutral,https://www.dawn.com/news/2001017/auto-parts-makers-hail-drop-in-used-car-import
2026-05-18,Taxing the taxed,Fiscal Policy / Budget / Taxes,Neutral,https://www.dawn.com/news/2000907/taxing-the-taxed
2026-05-18,IMF wants govt to boost transparency of anti-graft body,IMF / External Financing,Positive,https://www.dawn.com/news/2001024/imf-wants-govt-to-boost-transparency-of-anti-graft-body
2026-05-19,Provinces asked to raise Rs400bn more to meet IMF goals,IMF / External Financing; Fiscal Policy / Budget / Taxes,Neutral,https://www.dawn.com/news/2001400/provinces-asked-to-raise-rs400bn-more-to-meet-imf-goals
2026-05-19,Govt eyes tokenisation of bonds via blockchain,Debt / External Debt,Neutral,https://www.dawn.com/news/2001385/govt-eyes-tokenisation-of-bonds-via-blockchain
2026-05-19,Current account slips back into deficit,Current Account / Trade,Neutral,https://www.dawn.com/news/2001386/current-account-slips-back-into-deficit
2026-05-19,Exports to Middle East fall 8pc in April,Current Account / Trade,Negative,https://www.dawn.com/news/2001382/exports-to-middle-east-fall-8pc-in-april
2026-05-20,Foreign investment plunges to $1.409bn,Foreign Investment / FPI,Negative,https://www.dawn.com/news/2001646/foreign-investment-plunges-to-1409bn
2026-05-20,"PSX gains 1,900 points, maintaining renewed buying",Stock Market (Direct),Positive,https://www.dawn.com/news/2001782/psx-gains-1900-points-maintaining-renewed-buying
2026-05-21,"Food import bill swells 14pc, exports dip 32pc",Current Account / Trade,Neutral,https://www.dawn.com/news/2001948/food-import-bill-swells-14pc-exports-dip-32pc
2026-05-21,"IMF wraps up Pakistan visit following talks with authorities on reforms, budget",IMF / External Financing; Fiscal Policy / Budget / Taxes; GDP / Economic Growth,Neutral,https://www.dawn.com/news/2001939/imf-wraps-up-pakistan-visit-following-talks-with-authorities-on-reforms-budget
2026-05-21,Oil prices plunge 6pc on Middle East peace talks,Oil & Gas / Energy Sector,Negative,https://www.dawn.com/news/2001947/oil-prices-plunge-6pc-on-middle-east-peace-talks
2026-05-21,Why Pakistan’s new policy for electric vehicles is facing industry criticism,Fiscal Policy / Budget / Taxes,Neutral,https://www.dawn.com/news/2001926
2026-05-21,‘Vulnerable’ Pakistan faces climate losses,Monetary Policy / Interest Rates,Neutral,https://www.dawn.com/news/2001950/vulnerable-pakistan-faces-climate-losses
2026-05-22,Stocks extend gains for third session,Oil & Gas / Energy Sector,Positive,https://www.dawn.com/news/2002142/stocks-extend-gains-for-third-session
2026-05-22,"Power Division warns consumers against fake subsidy links, QR code scams",Fiscal Policy / Budget / Taxes,Negative,https://www.dawn.com/news/2002231/power-division-warns-consumers-against-fake-subsidy-links-qr-code-scams
2026-05-22,PM Shehbaz says Pakistan taking measures on a priority basis to increase foreign investment,Foreign Investment / FPI,Positive,https://www.dawn.com/news/2002240/pm-shehbaz-says-pakistan-taking-measures-on-a-priority-basis-to-increase-foreign-investment
2026-05-22,Nespak faces multi-billion rupee scrutiny,Currency / Exchange Rate,Neutral,https://www.dawn.com/news/2002146/nespak-faces-multi-billion-rupee-scrutiny
2026-05-22,Govt to issue commemorative coin to mark 75th anniversary of diplomatic ties with China,Monetary Policy / Interest Rates,Neutral,https://www.dawn.com/news/2002172/govt-to-issue-commemorative-coin-to-mark-75th-anniversary-of-diplomatic-ties-with-china
2026-05-22,Oil prices rise as investors doubt breakthrough in US-Iran peace talks,Oil & Gas / Energy Sector,Positive,https://www.dawn.com/news/2002218/oil-prices-rise-as-investors-doubt-breakthrough-in-us-iran-peace-talks
2026-05-23,Traders’ coalition demands turnover tax be reduced to 0.5pc,Fiscal Policy / Budget / Taxes,Positive,https://www.dawn.com/news/2002563/traders-coalition-demands-turnover-tax-be-reduced-to-05pc
2026-05-23,Bears snap recovery journey on profit-taking,Stock Market (Direct),Negative,https://www.dawn.com/news/2002402/bears-snap-recovery-journey-on-profit-taking
2026-05-23,Cotton crisis spurs import surge,Current Account / Trade,Negative,https://www.dawn.com/news/2002407/cotton-crisis-spurs-import-surge
2026-05-23,Editorial: The upcoming budget appears to be another exercise in balancing numbers than reviving growth,Fiscal Policy / Budget / Taxes,Neutral,https://www.dawn.com/news/2002451
2026-05-23,"Traders want simplified tax system for retailers, real estate, agriculture sectors",Fiscal Policy / Budget / Taxes,Neutral,https://www.dawn.com/news/2002327/traders-want-simplified-tax-system-for-retailers-real-estate-agriculture-sectors
2026-05-23,Weekly inflation hits 14.47pc,Inflation / CPI,Neutral,https://www.dawn.com/news/2002406/weekly-inflation-hits-1447pc
2026-05-24,Exports to EU stay sluggish despite GSP+,Current Account / Trade,Neutral,https://www.dawn.com/news/2002663/exports-to-eu-stay-sluggish-despite-gsp
2026-05-25,"KSE-100 rallies 3,800 points ahead of Eid break",Stock Market (Direct),Positive,https://www.dawn.com/news/2002961/kse-100-rallies-3800-points-ahead-of-eid-break
2026-05-25,PTI slams govt’s ‘fifth budget sans reforms’,Fiscal Policy / Budget / Taxes; Political Stability / Government,Neutral,https://www.dawn.com/news/2002894/pti-slams-govts-fifth-budget-sans-reforms
2026-05-25,Stability in the auto sector,Automobile Sector,Neutral,https://www.dawn.com/news/2002868/stability-in-the-auto-sector
2026-05-25,The economics of Pakistan's Eidul Azha,Fiscal Policy / Budget / Taxes,Neutral,https://www.dawn.com/news/2002557/the-economics-of-pakistans-eidul-azha
2026-05-26,"NA panel takes govt to task over budget preparation, reforms",Fiscal Policy / Budget / Taxes; Oil & Gas / Energy Sector,Neutral,https://www.dawn.com/news/2003126/na-panel-takes-govt-to-task-over-budget-preparation-reforms
2026-05-26,"Oil, LNG tankers en route to Pakistan, China",Oil & Gas / Energy Sector,Neutral,https://www.dawn.com/news/2003102/oil-lng-tankers-en-route-to-pakistan-china
2026-05-26,Shadow budget eyes zero deficit,Fiscal Policy / Budget / Taxes; Privatization / Divestment,Negative,https://www.dawn.com/news/2003103/shadow-budget-eyes-zero-deficit
2026-05-27,Fast-Moving Consumer Goods sector faces tax strain,Fiscal Policy / Budget / Taxes,Neutral,https://www.dawn.com/news/2003377/fast-moving-consumer-goods-sector-faces-tax-strain
2026-05-27,"Pakistan plans oil reserves, storage push as Hormuz constraints expose vulnerabilities",Current Account / Trade,Neutral,https://www.dawn.com/news/2003379
2026-05-27,Structural barriers hindering cotton revival plan,Current Account / Trade,Neutral,https://www.dawn.com/news/2003376
2026-05-28,The IMF has drifted far beyond its original mandate as a lender of last resort,IMF / External Financing,Neutral,https://www.dawn.com/news/2003387
2026-05-29,Editorial: Surge in cotton imports speaks volumes about the extent of the policy rot,Current Account / Trade,Neutral,https://www.dawn.com/news/2003382
2026-05-29,Karachi's K-IV water project in focus as Sindh CM meets World Bank official,IMF / External Financing,Neutral,https://www.dawn.com/news/2003674/karachis-k-iv-water-project-in-focus-as-sindh-cm-meets-world-bank-official
2026-05-29,"NA, Senate budget sessions summoned on June 5",Fiscal Policy / Budget / Taxes,Neutral,https://www.dawn.com/news/2003641/na-senate-budget-sessions-summoned-on-june-5
2026-05-30,Govt mulls scrapping export tax in budget,Fiscal Policy / Budget / Taxes; Current Account / Trade; Textile Sector,Positive,https://www.dawn.com/news/2003828/govt-mulls-scrapping-export-tax-in-budget
2026-05-30,"High interest rates stifling growth, warn industry leaders",Monetary Policy / Interest Rates; Current Account / Trade,Negative,https://www.dawn.com/news/2003827/high-interest-rates-stifling-growth-warn-industry-leaders
2026-05-30,PSX extends gains in post-Eid session,Stock Market (Direct),Neutral,https://www.dawn.com/news/2003822/psx-extends-gains-in-post-eid-session
2026-05-31,FBR misses May target by Rs28bn,Fiscal Policy / Budget / Taxes,Neutral,https://www.dawn.com/news/2004078/fbr-misses-may-target-by-rs28bn
2026-05-31,Rs200 billion import relief for industry,Fiscal Policy / Budget / Taxes; Current Account / Trade,Positive,https://www.dawn.com/news/2004082/rs200-billion-import-relief-for-industry
2026-06-01,US-based Coinbase offers trading using Indian rupee,Currency / Exchange Rate,Neutral,https://www.dawn.com/news/2004335/us-based-coinbase-offers-trading-using-indian-rupee
2026-06-01,The futility of taxing the overtaxed,Fiscal Policy / Budget / Taxes,Neutral,https://www.dawn.com/news/2004221/the-futility-of-taxing-the-overtaxed
2026-06-01,Oil industry opposes windfall tax in upcoming budget,Fiscal Policy / Budget / Taxes,Neutral,https://www.dawn.com/news/2004210/oil-industry-opposes-windfall-tax-in-upcoming-budget
2026-06-01,"The upcoming budget must deliver relief, not more burdens on taxpayers",Fiscal Policy / Budget / Taxes,Positive,https://www.dawn.com/news/2004222
2026-06-01,Imports of cotton surge despite lower local prices,Current Account / Trade,Neutral,https://www.dawn.com/news/2004232/imports-of-cotton-surge-despite-lower-local-prices
2026-06-01,"Editorial: Sadly, the upcoming budget will be designed to satisfy the IMF rather than the needs of the people",IMF / External Financing; Fiscal Policy / Budget / Taxes,Neutral,https://www.dawn.com/news/2004248
2026-06-01,A new tightrope budget,Inflation / CPI; Fiscal Policy / Budget / Taxes,Neutral,https://www.dawn.com/news/2004275/a-new-tightrope-budget
2026-06-01,Inflation squeezing Safed Posh the most in Pakistan,Inflation / CPI,Neutral,https://www.dawn.com/news/2004207/inflation-squeezing-safed-posh-the-most-in-pakistan
2026-06-02,Take our reader survey: How have your household expenses been impacted by the economy?,IMF / External Financing; Fiscal Policy / Budget / Taxes,Neutral,https://docs.google.com/forms/d/e/1FAIpQLSfVZ8Afe1uvSwRRO5xdCX9Xmg57aiTH3CEs_QVJ0Axqq-Hocg/viewform
2026-06-02,"SBP launches riyal, dirham Naya Pakistan Certificates",Monetary Policy / Interest Rates; Currency / Exchange Rate,Neutral,https://www.dawn.com/news/2004569/sbp-launches-riyal-dirham-naya-pakistan-certificates
2026-06-02,"PSX loses 3,362 points as geopolitical fears return",Stock Market (Direct); Oil & Gas / Energy Sector,Negative,https://www.dawn.com/news/2004567/psx-loses-3362-points-as-geopolitical-fears-return
2026-06-02,"Unemployment, inflation at historic highs, says KP finance adviser",Inflation / CPI,Neutral,https://www.dawn.com/news/2004571/unemployment-inflation-at-historic-highs-says-kp-finance-adviser
2026-06-02,"Farmers look to budget with growing fears, fading hopes",Fiscal Policy / Budget / Taxes,Neutral,https://www.dawn.com/news/2004537
2026-06-02,Consumer inflation hits 11.7pc in May,Inflation / CPI,Negative,https://www.dawn.com/news/2004572/consumer-inflation-hits-117pc-in-may
2026-06-02,Beverage industry proposes reduction in taxes from 20pc to 15pc ahead of FY2026-27 budget,Fiscal Policy / Budget / Taxes,Negative,https://www.dawn.com/news/2004654/beverage-industry-proposes-reduction-in-taxes-from-20pc-to-15pc-ahead-of-fy2026-27-budget
2026-06-02,IMF-mandated curbs squeeze development spending,IMF / External Financing; Fiscal Policy / Budget / Taxes; Oil & Gas / Energy Sector,Positive,https://www.dawn.com/news/2004536
2026-06-03,A budget to calm lenders or households?,IMF / External Financing; Fiscal Policy / Budget / Taxes,Neutral,https://www.dawn.com/news/2004792
2026-06-03,Business confidence plunges: OICCI survey,Inflation / CPI; Currency / Exchange Rate,Negative,https://www.dawn.com/news/2004788/business-confidence-plunges-oicci-survey
2026-06-03,Electricity prices likely to rise by Rs1.74 per unit,Oil & Gas / Energy Sector,Neutral,https://www.dawn.com/news/2004808/electricity-prices-likely-to-rise-by-rs174-per-unit
2026-06-03,"In meeting with business leaders, PM Shehbaz says govt taking measures to bring informal economy into tax net",Fiscal Policy / Budget / Taxes; GDP / Economic Growth,Neutral,https://www.dawn.com/news/2004872/in-meeting-with-business-leaders-pm-shehbaz-says-govt-taking-measures-to-bring-informal-economy-into-tax-net
2026-06-03,"No extra tax on poultry feed makers, rules FCC",Fiscal Policy / Budget / Taxes,Neutral,https://www.dawn.com/news/2004789/no-extra-tax-on-poultry-feed-makers-rules-fcc
2026-06-03,"PIDE proposes Rs45,000 minimum wage",Fiscal Policy / Budget / Taxes,Neutral,https://www.dawn.com/news/2004790/pide-proposes-rs45000-minimum-wage
2026-06-03,Parliamentary affairs minister says budget to be presented on June 10,Fiscal Policy / Budget / Taxes,Neutral,https://www.dawn.com/news/2004856/parliamentary-affairs-minister-says-budget-to-be-presented-on-june-10
2026-06-03,Stocks manage modest gains in volatile trade,Oil & Gas / Energy Sector,Positive,https://www.dawn.com/news/2004783/stocks-manage-modest-gains-in-volatile-trade
2026-06-04,Why all budgets over the past 10 years are pretty much the same,Fiscal Policy / Budget / Taxes,Neutral,https://www.dawn.com/news/2005044
2026-06-04,Stocks falter as geopolitical uncertainty deepens,Oil & Gas / Energy Sector,Neutral,https://www.dawn.com/news/2005002/stocks-falter-as-geopolitical-uncertainty-deepens
2026-06-04,"Provinces asked to help fill Rs1.7 trillion gap in federal budget, KP finance czar says",IMF / External Financing; Fiscal Policy / Budget / Taxes,Neutral,https://www.dawn.com/news/2005018
2026-06-04,Reko Diq security costs increase as upgrades discussed,Oil & Gas / Energy Sector,Positive,https://www.dawn.com/news/2005001/reko-diq-security-costs-increase-as-upgrades-discussed
2026-06-04,Exports fall in July-May,Current Account / Trade,Negative,https://www.dawn.com/news/2005008/exports-fall-in-july-may
2026-06-04,Editorial: The budget’s postponement exposes the extent to which the govt is unable to finalise its fiscal framework without the IMF’s concurrence,IMF / External Financing; Fiscal Policy / Budget / Taxes,Neutral,https://www.dawn.com/news/2005041
2026-06-04,Climate change has been weaponised as a justification to tax citizens in Pakistan,Fiscal Policy / Budget / Taxes,Neutral,https://www.dawn.com/news/2005045
2026-06-04,"PM Shehbaz calls export-led growth top priority, urges NTC to facilitate investors",Current Account / Trade,Neutral,https://www.dawn.com/news/2005209/pm-shehbaz-calls-export-led-growth-top-priority-urges-ntc-to-facilitate-investors
2026-06-05,Building resilience or just ticking boxes?: The govt’s spending choices seem to contradict its own climate commitments,Fiscal Policy / Budget / Taxes,Neutral,https://www.dawn.com/news/2005298
2026-06-05,Editorial: Govt should demonstrate that climate change is a national priority in the upcoming budget,Fiscal Policy / Budget / Taxes,Neutral,https://www.dawn.com/news/2005297
2026-06-05,Govt eyes centralised tax model to curb official-taxpayer contact,Fiscal Policy / Budget / Taxes,Neutral,https://www.dawn.com/news/2005299/govt-eyes-centralised-tax-model-to-curb-official-taxpayer-contact
2026-06-05,Govt launches scheme to bring small shop owners into tax net,Fiscal Policy / Budget / Taxes,Neutral,https://www.dawn.com/news/2005415/govt-launches-scheme-to-bring-small-shop-owners-into-tax-net
2026-06-05,New rules to boost PSX listings,Stock Market (Direct),Positive,https://www.dawn.com/news/2005283/new-rules-to-boost-psx-listings
2026-06-05,Soaring trade gap emerges as black hole for dollars,Foreign Reserves; Banking Sector,Neutral,https://www.dawn.com/news/2005286/soaring-trade-gap-emerges-as-black-hole-for-dollars
2026-06-05,What is the budget ultimately meant to achieve and does it reflect a clear long-term national purpose?,Fiscal Policy / Budget / Taxes,Neutral,https://www.dawn.com/news/2005328
2026-06-06,"Stocks slide on budget, Middle East jitters",Fiscal Policy / Budget / Taxes,Negative,https://www.dawn.com/news/2005544/stocks-slide-on-budget-middle-east-jitters
2026-06-06,Is Islamic banking Islamic?,Banking Sector,Neutral,https://www.dawn.com/news/2005594/is-islamic-banking-islamic
2026-06-06,"After years, PTI proposes tax relief, Rs500bn savings via spending cuts",Fiscal Policy / Budget / Taxes; Political Stability / Government,Positive,https://www.dawn.com/news/2005549/budget-2026-27-after-years-pti-proposes-tax-relief-rs500bn-savings-via-spending-cuts
2026-06-06,Go Cashless transactions jump sevenfold,Monetary Policy / Interest Rates,Neutral,https://www.dawn.com/news/2005547/go-cashless-transactions-jump-sevenfold
2026-06-07,Budget 2026-27: Can Pakistan afford to delay its dams?,Fiscal Policy / Budget / Taxes,Negative,https://www.dawn.com/news/2005789
2026-06-07,"FIA arrests 2 in Lahore over 'illegal' currency exchange, another 2 for copyright violations",Currency / Exchange Rate,Neutral,https://www.dawn.com/news/2005849/fia-arrests-2-in-lahore-over-illegal-currency-exchange-another-2-for-copyright-violations
2026-06-07,IT leads services export surge to $8.27bn,Current Account / Trade,Positive,https://www.dawn.com/news/2005768/it-leads-services-export-surge-to-827bn
2026-06-07,JI warns of protests if budget is ‘anti-people’,Fiscal Policy / Budget / Taxes; Oil & Gas / Energy Sector,Negative,https://www.dawn.com/news/2005714/ji-warns-of-protests-if-budget-is-anti-people
2026-06-07,KP eyes self-sufficiency in food by 2030,Fiscal Policy / Budget / Taxes,Neutral,https://www.dawn.com/news/2005769
2026-06-07,"Manufacturers of tile, glass oppose import duty cuts",Fiscal Policy / Budget / Taxes; Current Account / Trade,Neutral,https://www.dawn.com/news/2005766/manufacturers-of-tile-glass-oppose-import-duty-cuts
2026-06-07,"PPP shares tax-related reservations in pre-budget meeting with Dar, say sources",Fiscal Policy / Budget / Taxes; Political Stability / Government,Neutral,https://www.dawn.com/news/2005897/ppp-shares-tax-related-reservations-in-pre-budget-meeting-with-dar-say-sources
2026-06-07,Poultry industry grows at consumers’ cost,Current Account / Trade,Neutral,https://www.dawn.com/news/2005767/poultry-industry-grows-at-consumers-cost
2026-06-08,"Political, fiscal reality to reshape uplift budget as National Economic Council meets today",Fiscal Policy / Budget / Taxes,Neutral,https://www.dawn.com/news/2006024/budget-2026-27-political-fiscal-reality-to-reshape-uplift-budget-as-nec-meets-today
2026-06-08,"Small traders tax scheme — less a reform, more a negotiated settlement with one of the most under-taxed constituencies",Fiscal Policy / Budget / Taxes; GDP / Economic Growth,Neutral,https://www.dawn.com/news/2005963/politics-over-tax-reform
2026-06-08,Trade deficit widens as imports outpace exports yet again,Current Account / Trade,Negative,https://www.dawn.com/news/2005958
2026-06-08,PIDE urges tax incentives to revive national savings,Fiscal Policy / Budget / Taxes,Neutral,https://www.dawn.com/news/2006035/pide-urges-tax-incentives-to-revive-national-savings
2026-06-08,"Higher taxes, rising prices: what the upcoming budget means for consumers",IMF / External Financing; Fiscal Policy / Budget / Taxes,Negative,https://www.dawn.com/news/2006047
2026-06-08,Making the budget relevant,Fiscal Policy / Budget / Taxes,Neutral,https://www.dawn.com/news/2005961/making-the-budget-relevant
2026-06-08,Agriculture: Livestock potential for economic growth,GDP / Economic Growth,Neutral,https://www.dawn.com/news/2005957/agriculture-livestock-potential-for-economic-growth
2026-06-08,"Ogra in disarray amid pricing probe, legal challenges",Oil & Gas / Energy Sector,Neutral,https://www.dawn.com/news/2006034/ogra-in-disarray-amid-pricing-probe-legal-challenges
2026-06-09,"Budget likely to be announced on June 12, says minister",Fiscal Policy / Budget / Taxes,Neutral,https://www.dawn.com/news/2006338/budget-likely-to-be-announced-on-june-12-says-minister
2026-06-09,Business leaders seek restoration of Final Tax Regime,Fiscal Policy / Budget / Taxes; Current Account / Trade,Neutral,https://www.dawn.com/news/2006252/business-leaders-seek-restoration-of-final-tax-regime
2026-06-09,"Financial experts urge policymakers to broaden tax net, cut tariff distortions",Fiscal Policy / Budget / Taxes,Positive,https://www.dawn.com/news/2006254/broaden-tax-net-cut-tariff-distortions-sustainable-development-policy-institute
2026-06-09,PM Shehbaz directs acceleration of Discos' privatisation,Privatization / Divestment,Neutral,https://www.dawn.com/news/2006342/pm-shehbaz-directs-acceleration-of-discos-privatisation
2026-06-09,Stocks extend losses on cautious trading,Fiscal Policy / Budget / Taxes,Neutral,https://www.dawn.com/news/2006248/stocks-extend-losses-on-cautious-trading
2026-06-10,Will the upcoming budget see a backdoor NFC revision?,Fiscal Policy / Budget / Taxes,Neutral,https://www.dawn.com/news/2006538
2026-06-10,President ‘endorses’ appeal to tax processed foods,Fiscal Policy / Budget / Taxes,Positive,https://www.dawn.com/news/2006520/president-endorses-appeal-to-tax-processed-foods
2026-06-10,Kenyan export levy may raise tea prices in Pakistan,Current Account / Trade,Neutral,https://www.dawn.com/news/2006529/kenyan-export-levy-may-raise-tea-prices
2026-06-10,Govt fuel levy drives cost-push inflation: report,Monetary Policy / Interest Rates; Inflation / CPI,Negative,https://www.dawn.com/news/2006528/govt-fuel-levy-drives-cost-push-inflation
2026-06-10,"Budget 2026-27: Centre, Punjab and Sindh agree on spending cuts",Fiscal Policy / Budget / Taxes,Neutral,https://www.dawn.com/news/2006539
2026-06-10,Editorial: Centre's narrative that NFC award is the primary driver of its fiscal distress does not hold water,Fiscal Policy / Budget / Taxes,Negative,https://www.dawn.com/news/2006555
2026-06-10,"Bulls toss index above 170,000-milestone",Stock Market (Direct); Oil & Gas / Energy Sector,Positive,https://www.dawn.com/news/2006521/bulls-toss-index-above-170000-milestone
2026-06-10,Finance Minister Aurangzeb to present budget for FY2026-27 on June 12,Fiscal Policy / Budget / Taxes; GDP / Economic Growth,Neutral,https://www.dawn.com/news/2006648/finance-minister-aurangzeb-to-present-budget-for-fy2026-27-on-june-12
2026-06-11,National Economic Council trims uplift plans for FY26-27; Punjab takes biggest hit,Fiscal Policy / Budget / Taxes,Neutral,https://www.dawn.com/news/2006793
2026-06-11,Mari Energies gas sale to unlicensed entities sparks regulatory row,Oil & Gas / Energy Sector,Neutral,https://www.dawn.com/news/2006763
2026-06-11,Pakistan’s trade with Central Asia faces snags,Current Account / Trade,Negative,https://www.dawn.com/news/2006765/pakistans-trade-with-central-asia-faces-snags
2026-06-11,"Economy grows 3.7pc in FY26 — fastest in four years, but short of target",Inflation / CPI,Neutral,https://www.dawn.com/news/2006877/economy-grows-37pc-in-fy26-fastest-in-four-years-but-short-of-target
2026-06-11,Budget battles: Who really shapes country’s finances?,IMF / External Financing; Fiscal Policy / Budget / Taxes,Neutral,https://www.dawn.com/news/2006756
2026-06-11,Income tax may fall for some salaried segments in upcoming budget,Fiscal Policy / Budget / Taxes,Positive,https://www.dawn.com/news/2006790
2026-06-12,Stocks eke out gains amid cautious trade,Stock Market (Direct),Positive,https://www.dawn.com/news/2007190/stocks-eke-out-gains-amid-cautious-trade
2026-06-12,"Retail, petroleum sectors remain outside tax net as revenue pressures mount",Fiscal Policy / Budget / Taxes; GDP / Economic Growth,Neutral,https://www.dawn.com/news/2007199
2026-06-12,Provinces’ development freeze to persist beyond next fiscal year: Aurangzeb,Fiscal Policy / Budget / Taxes; GDP / Economic Growth,Neutral,https://www.dawn.com/news/2007230
2026-06-12,"President Zardari approves bill, 'fulfilling all legal formalities' for PIA's privatisation",Privatization / Divestment,Positive,https://www.dawn.com/news/2007262/president-zardari-approves-bill-fulfilling-all-legal-formalities-for-pias-privatisation
2026-06-12,Pakistan's young population could power its economy. The Economic Survey shows why it won't,GDP / Economic Growth,Neutral,https://www.dawn.com/news/2007253/pakistans-young-population-could-power-its-economy-the-economic-survey-shows-why-it-wont
2026-06-12,"Literacy rate improves by 2pc, but education spending falls in 2025",GDP / Economic Growth,Neutral,https://www.dawn.com/news/2007104/literacy-rate-improves-by-2pc-but-education-spending-falls-in-2025
2026-06-12,"Indigenous energy sources overtake thermal power, Economic Survey shows",GDP / Economic Growth,Neutral,https://www.dawn.com/news/2007211
2026-06-12,PSX outpaces peers despite late-year jitters,Stock Market (Direct),Neutral,https://www.dawn.com/news/2007196/psx-outpaces-peers-despite-late-year-jitters
2026-06-12,Govt unveils Rs18.8tr budget for FY2026-27; GDP growth targeted at 4pc,Inflation / CPI; Fiscal Policy / Budget / Taxes; GDP / Economic Growth,Neutral,https://www.dawn.com/news/2007283/govt-unveils-rs188tr-budget-for-fy2026-27-gdp-growth-targeted-at-4pc
2026-06-12,"Editorial: The economic survey tells a difficult story, but productivity needs to be the dominant target",GDP / Economic Growth,Neutral,https://www.dawn.com/news/2007188
2026-06-12,Cash-starved govt doles out Rs2.35tr in tax exemptions,Fiscal Policy / Budget / Taxes; GDP / Economic Growth,Neutral,https://www.dawn.com/news/2007195/cash-starved-govt-doles-out-rs235tr-in-tax-exemptions
2026-06-12,Budget FY26-27: What relief measures has the government announced for next year?,Fiscal Policy / Budget / Taxes,Positive,https://www.dawn.com/news/2007344/budget-fy26-27-what-relief-measures-has-the-government-announced-for-next-year
2026-06-12,Budget FY26-27: How much tax will you pay? Use the Dawn Income Tax Calculator to find out,Fiscal Policy / Budget / Taxes,Neutral,https://www.dawn.com/news/2007322/budget-fy26-27-how-much-tax-will-you-pay-use-the-dawn-income-tax-calculator-to-find-out
2026-06-12,2025 floods hit agriculture hardest with Rs430bn losses: Pakistan Economic Survey,GDP / Economic Growth,Neutral,https://www.dawn.com/news/2007153
2026-06-12,How Pakistan stabilised its way into poverty in 21 graphs,Inflation / CPI; GDP / Economic Growth,Neutral,https://www.dawn.com/news/2007337/how-pakistan-stabilised-its-way-into-poverty-in-21-graphs
2026-06-13,Govt balances relief and IMF diktat in FY27 budget,IMF / External Financing; Fiscal Policy / Budget / Taxes,Positive,https://www.dawn.com/news/2007490
2026-06-13,Subsidies cut by 8pc to Rs1.09tr for upcoming fiscal year,Fiscal Policy / Budget / Taxes,Neutral,https://www.dawn.com/news/2007516
2026-06-13,"Rs5.29bn set aside in budget FY27 for training of 120,000 youth in IT, digital skills",Fiscal Policy / Budget / Taxes,Neutral,https://www.dawn.com/news/2007478
2026-06-13,Property tax halved for filers to revive realty sector,Fiscal Policy / Budget / Taxes,Neutral,https://www.dawn.com/news/2007454/property-tax-halved-for-filers-to-revive-realty-sector
2026-06-13,Govt shifts focus to tax enforcement in budget FY27,Fiscal Policy / Budget / Taxes,Neutral,https://www.dawn.com/news/2007453
2026-06-13,Govt eyes $42.4bn in remittances in FY27,Current Account / Trade,Negative,https://www.dawn.com/news/2007514
2026-06-13,"For a govt that spent its first 2 years ‘firefighting’, this is the first budget that makes political choices",IMF / External Financing; Fiscal Policy / Budget / Taxes,Neutral,https://www.dawn.com/news/2007487
2026-06-13,"Equities stage 2,696-point rally before budget",Fiscal Policy / Budget / Taxes,Positive,https://www.dawn.com/news/2007450/equities-stage-2696-point-rally-before-budget
2026-06-13,Finance minister terms proposed FY27 budget as 'significant progress' in path to economic growth,Fiscal Policy / Budget / Taxes; Current Account / Trade; GDP / Economic Growth,Neutral,https://www.dawn.com/news/2007563/finance-minister-terms-proposed-fy27-budget-as-significant-progress-in-path-to-economic-growth
2026-06-13,Finmin Aurangzeb says govt committed to reducing tax burden by widening tax net,Fiscal Policy / Budget / Taxes,Negative,https://www.dawn.com/news/2007374/finmin-aurangzeb-says-govt-committed-to-reducing-tax-burden-by-widening-tax-net
2026-06-13,Defence gets Rs3tr in FY27 budget amid security concerns,Fiscal Policy / Budget / Taxes,Neutral,https://www.dawn.com/news/2007456/budget-2026-27-defence-gets-rs3tr-amid-security-concerns
2026-06-13,"Business leaders see no vision for manufacturing, export sectors in budget FY27",Fiscal Policy / Budget / Taxes; Current Account / Trade; GDP / Economic Growth,Neutral,https://www.dawn.com/news/2007515
2026-06-13,"Budget presentation overshadowed by PPP, PTI protests",Fiscal Policy / Budget / Taxes; Political Stability / Government,Negative,https://www.dawn.com/news/2007479
2026-06-13,"Budget offers tax break to salaried class, businesses",Fiscal Policy / Budget / Taxes,Positive,https://www.dawn.com/news/2007489/budget-offers-tax-break-to-salaried-class-businesses
2026-06-13,Budget 2026-27: HEC’s recurring grant kept unchanged despite demand for significant increase,Fiscal Policy / Budget / Taxes,Neutral,https://www.dawn.com/news/2007389/budget-2026-27-hecs-recurring-grant-kept-unchanged-despite-demand-for-significant-increase
2026-06-14,"Textile sees budget ‘balanced’; poultry, plastic sectors, trade unions raise concerns",Fiscal Policy / Budget / Taxes; Textile Sector,Neutral,https://www.dawn.com/news/2007644/textile-sees-budget-balanced-poultry-plastic-sectors-trade-unions-raise-concerns
2026-06-14,Policy rate hike unlikely in final FY26 review,Monetary Policy / Interest Rates; Oil & Gas / Energy Sector,Negative,https://www.dawn.com/news/2007671/policy-rate-hike-unlikely-in-final-fy26-review
2026-06-14,PTI parliamentary party forms panel to review issues related to KP budget,Fiscal Policy / Budget / Taxes; Political Stability / Government,Neutral,https://www.dawn.com/news/2007636/pti-parliamentary-party-forms-panel-to-review-issues-related-to-kp-budget
2026-06-14,Lawmakers criticise budget focus,Fiscal Policy / Budget / Taxes,Neutral,https://www.dawn.com/news/2007673/lawmakers-criticise-budget-focus
2026-06-14,Islamabad has an opportunity to pitch the idea of ‘renting oil and gas storage facilities’ to Arab Gulf states,Foreign Investment / FPI; Oil & Gas / Energy Sector,Neutral,https://www.dawn.com/news/2007728/navigating-the-hormuz-dilemma
2026-06-14,"Info minister invites opposition to sign Charter of Economy, defends proposed FY27 budget",Fiscal Policy / Budget / Taxes,Neutral,https://www.dawn.com/news/2007773/info-minister-invites-opposition-to-sign-charter-of-economy-defends-proposed-fy27-budget
2026-06-14,"Editorial: Concessions for business community are good policy choices, but the budget is missing tax reform",Fiscal Policy / Budget / Taxes,Neutral,https://www.dawn.com/news/2007731
2026-06-14,Budget 2026-27: Steeper fines introduced for tax compliance,Fiscal Policy / Budget / Taxes,Neutral,https://www.dawn.com/news/2007674
2026-06-14,"Budget 2026-27: Health allocations reach Rs53.3bn, new projects proposed for twin cities",Fiscal Policy / Budget / Taxes,Neutral,https://www.dawn.com/news/2007623/budget-2026-27-health-allocations-reach-rs533bn-new-projects-proposed-for-twin-cities
2026-06-14,Budget 2026-27: Govt slammed over provincial freeze as NA debate opens,Fiscal Policy / Budget / Taxes,Neutral,https://www.dawn.com/news/2007679
2026-06-14,18pc sales tax abolished on shipping sector,Fiscal Policy / Budget / Taxes,Neutral,https://www.dawn.com/news/2007668/18pc-sales-tax-abolished-on-shipping-sector
2026-06-14,"Inflation rises, household income falls amid policy failure: Miftah Ismail",Inflation / CPI,Negative,https://www.dawn.com/news/2007622/inflation-rises-household-income-falls-amid-policy-failure-miftah-ismail
2026-06-15,Farmers feel left out as budget sidelines agriculture,Fiscal Policy / Budget / Taxes,Neutral,https://www.dawn.com/news/2007911/farmers-feel-left-out-as-budget-sidelines-agriculture
2026-06-15,"Multiple risks loom over FY2026-27 budget, finance ministry warns",Fiscal Policy / Budget / Taxes,Negative,https://www.dawn.com/news/2007935
2026-06-15,Middle class to bear the burden as budget offers limited relief amid economic strain,Inflation / CPI; Fiscal Policy / Budget / Taxes,Neutral,https://www.dawn.com/news/2007907
2026-06-15,Digital tax enforcement takes centre stage in Pakistan’s FY27 budget,Fiscal Policy / Budget / Taxes,Neutral,https://www.dawn.com/news/2007905
2026-06-15,2026-27 Budget : Measured support for the PSX,Stock Market (Direct); Fiscal Policy / Budget / Taxes,Positive,https://www.dawn.com/news/2007912/2026-27-budget-measured-support-for-the-psx
2026-06-15,Central bank keeps policy rate unchanged at 11.5pc,Monetary Policy / Interest Rates; Banking Sector,Neutral,https://www.dawn.com/news/2008043/central-bank-keeps-policy-rate-unchanged-at-115pc
2026-06-15,2026-27: Economic survey: Economy rides out turbulent waters,GDP / Economic Growth,Neutral,https://www.dawn.com/news/2007902/2026-27-economic-survey-economy-rides-out-turbulent-waters
2026-06-15,2026-27 Budget : The missing piece in Digital Pakistan,Fiscal Policy / Budget / Taxes,Neutral,https://www.dawn.com/news/2007901/2026-27-budget-the-missing-piece-in-digital-pakistan
2026-06-15,Cleared for takeoff?,Privatization / Divestment,Neutral,https://www.dawn.com/news/2007904/cleared-for-takeoff
2026-06-16,"Aurangzeb sees budget upside from US-Iran deal, but says 'way too premature' to revise projections",Fiscal Policy / Budget / Taxes; Debt / External Debt,Negative,https://www.dawn.com/news/2008265/aurangzeb-sees-budget-upside-from-us-iran-deal-but-says-way-too-premature-to-revise-projections
2026-06-16,"Budget ‘fails to address fiscal vulnerabilities’, says policy expert",Fiscal Policy / Budget / Taxes,Negative,https://www.dawn.com/news/2008206/budget-fails-to-address-fiscal-vulnerabilities
2026-06-16,Business circles disappointed over SBP rate pause,Monetary Policy / Interest Rates,Neutral,https://www.dawn.com/news/2008208/business-circles-disappointed-over-sbp-rate-pause
2026-06-16,"Equities rally on budget, peace optimism",Fiscal Policy / Budget / Taxes; Oil & Gas / Energy Sector,Positive,https://www.dawn.com/news/2008200/equities-rally-on-budget-peace-optimism
2026-06-16,How US-Iran peace can help steady Pakistan’s ship,Fiscal Policy / Budget / Taxes,Negative,https://www.dawn.com/news/2008188
2026-06-16,Punjab to unveil ‘Rs5.3tr’ tax-free budget today,Fiscal Policy / Budget / Taxes,Neutral,https://www.dawn.com/news/2008199
2026-06-16,Senate panel backs 5pc tax on earnings from social media,Fiscal Policy / Budget / Taxes,Neutral,https://www.dawn.com/news/2008234
2026-06-16,"The budget has made it clear that the govt, like its predecessors, has continued with some of its bad habits",Fiscal Policy / Budget / Taxes,Neutral,https://www.dawn.com/news/2008237
2026-06-17,Pakistan’s power sector does not simply have an inefficiency or a theft problem. It also has a customer problem,Oil & Gas / Energy Sector,Neutral,https://www.dawn.com/news/2008486
2026-06-17,Punjab plans to collect 42pc more tax in next fiscal year,Fiscal Policy / Budget / Taxes,Neutral,https://www.dawn.com/news/2008417
2026-06-17,Punjab Annual Development Programme slashed 40pc to Rs752bn in FY27 budget,Fiscal Policy / Budget / Taxes,Neutral,https://www.dawn.com/news/2008472
2026-06-17,"PM Shehbaz terms federal budget 'people-friendly', hopes it will promote an 'export-oriented' economy",Fiscal Policy / Budget / Taxes; Current Account / Trade,Neutral,https://www.dawn.com/news/2008544/pm-shehbaz-terms-federal-budget-people-friendly-hopes-it-will-promote-an-export-oriented-economy
2026-06-17,"Spending cuts to hit growth, warns Fitch in review of FY27 budget",Fiscal Policy / Budget / Taxes; Credit Rating,Negative,https://www.dawn.com/news/2008473
2026-06-17,"Jewellers protest FBR raids, observe partial shutdown in Karachi",Fiscal Policy / Budget / Taxes,Negative,https://www.dawn.com/news/2008467
2026-06-17,Auto sector row rocks Senate body during review of Finance Bill 2026,Fiscal Policy / Budget / Taxes; Automobile Sector,Neutral,https://www.dawn.com/news/2008470
2026-06-17,Only half of FY26 uplift budget spent in 11 months,Fiscal Policy / Budget / Taxes; Oil & Gas / Energy Sector,Neutral,https://www.dawn.com/news/2008451
2026-06-17,FCC rules income tax on immovable properties ‘confiscatory in nature’,Fiscal Policy / Budget / Taxes,Neutral,https://www.dawn.com/news/2008456/fcc-rules-income-tax-on-immovable-properties-confiscatory-in-nature
2026-06-17,"Bulls toss index above 180,000-milestone",Stock Market (Direct),Positive,https://www.dawn.com/news/2008465/bulls-toss-index-above-180000-milestone
2026-06-18,Sindh unveils Rs3.56tr budget with Rs36.9bn deficit,Fiscal Policy / Budget / Taxes,Neutral,https://www.dawn.com/news/2008710
2026-06-18,"Sindh budget allocates Rs6.1bn for agriculture, livestock uplift",Fiscal Policy / Budget / Taxes,Neutral,https://www.dawn.com/news/2008648
2026-06-18,"Punjab to set up ‘FBR-like’ revenue authority, says minister",Fiscal Policy / Budget / Taxes,Positive,https://www.dawn.com/news/2008765
2026-06-18,"FY2026-27 budget: Senate seeks increase of income tax exemption threshold, reduction in electricity tariffs",Fiscal Policy / Budget / Taxes; Oil & Gas / Energy Sector,Negative,https://www.dawn.com/news/2008863/fy2026-27-budget-senate-seeks-increase-of-income-tax-exemption-threshold-reduction-in-electricity-tariffs
2026-06-18,Development takes back seat in Sindh budget FY27,Fiscal Policy / Budget / Taxes,Neutral,https://www.dawn.com/news/2008686
2026-06-18,Balochistan unveils Rs206bn Annual Development Plan in budget 2026-27,Fiscal Policy / Budget / Taxes,Neutral,https://www.dawn.com/news/2008685
2026-06-18,Balochistan rolls out Rs1.09tr surplus budget,Fiscal Policy / Budget / Taxes,Neutral,https://www.dawn.com/news/2008696/balochistan-rolls-out-rs109tr-surplus-budget
2026-06-18,ADB approves $700m loan for Pakistan's insurance sector,IMF / External Financing,Positive,https://www.dawn.com/news/2008839/adb-approves-700m-loan-for-pakistans-insurance-sector
2026-06-18,"2m retailers to be brought under tax net, says minister",Fiscal Policy / Budget / Taxes,Neutral,https://www.dawn.com/news/2008683/2m-retailers-to-be-brought-under-tax-net-says-minister
2026-06-18,Centre committed not to ask for further 'sacrifices' after freeze on provinces' development funds: Bilawal,Political Stability / Government,Neutral,https://www.dawn.com/news/2008864/centre-committed-not-to-ask-for-further-sacrifices-after-freeze-on-provinces-development-funds-bilawal
2026-06-18,Current account posts $459m surplus in May,Current Account / Trade; Foreign Investment / FPI,Negative,https://www.dawn.com/news/2008684/current-account-posts-459m-surplus-in-may
2026-06-19,"PSX tumbles over 2,400 points on back of uncertainty over US-Iran talks",Stock Market (Direct); Monetary Policy / Interest Rates,Negative,https://www.dawn.com/news/2009125/psx-tumbles-over-2400-points-on-back-of-uncertainty-over-us-iran-talks
2026-06-19,The budgets for FY27 tell us the same story as before: they do not really care about us,GDP / Economic Growth,Neutral,https://www.dawn.com/news/2009039
2026-06-19,Stocks extend gains for fourth straight session,Oil & Gas / Energy Sector,Positive,https://www.dawn.com/news/2009019/stocks-extend-gains-for-fourth-straight-session
2026-06-19,Sindh CM blames federal revenue shortfalls for deficit budget,Fiscal Policy / Budget / Taxes,Neutral,https://www.dawn.com/news/2009064
2026-06-19,Press shut out as Balochistan budget draws MPAs’ ire,Fiscal Policy / Budget / Taxes,Neutral,https://www.dawn.com/news/2009013
2026-06-19,PMA says foundations of public health in Sindh completely neglected in budget allocations,Fiscal Policy / Budget / Taxes,Neutral,https://www.dawn.com/news/2009062/pma-says-foundations-of-public-health-in-sindh-completely-neglected-in-budget-allocations
2026-06-19,Outflow of profit beats foreign direct investment by 32pc,Foreign Investment / FPI,Negative,https://www.dawn.com/news/2009025/outflow-of-profit-beats-foreign-direct-investment-by-32pc
2026-06-19,"Lawmakers scrutinise sales tax, PIA relief in Finance Bill 2026",Fiscal Policy / Budget / Taxes; Privatization / Divestment,Positive,https://www.dawn.com/news/2009024
2026-06-19,KP to unveil Rs2.15tr tax-free budget today,Fiscal Policy / Budget / Taxes,Neutral,https://www.dawn.com/news/2008995/kp-to-unveil-rs215tr-tax-free-budget-today
2026-06-19,"FBR tells Senate panel tobacco tax theft is Rs40bn, not $1bn",Fiscal Policy / Budget / Taxes,Neutral,https://www.dawn.com/news/2009023/fbr-tells-senate-panel-tobacco-tax-theft-is-rs40bn-not-1bn
2026-06-19,Balochistan boosts health budget by 30pc,Fiscal Policy / Budget / Taxes,Positive,https://www.dawn.com/news/2009008
2026-06-19,"PM Shehbaz announces reduction in prices of petrol by Rs74, diesel by Rs67",Oil & Gas / Energy Sector,Neutral,https://www.dawn.com/news/2009236/pm-shehbaz-announces-reduction-in-prices-of-petrol-by-rs74-diesel-by-rs67
2026-06-20,Weekly inflation jumps 15.28pc,Inflation / CPI,Negative,https://www.dawn.com/news/2009361/weekly-inflation-jumps-1528pc
2026-06-20,NA panel rejects FBR bid to access bank account data; official says hiding taxable income 'harsher crime than murder',Fiscal Policy / Budget / Taxes,Negative,https://www.dawn.com/news/2009395
2026-06-20,KP unveils Rs524.3bn development outlay for FY27,Fiscal Policy / Budget / Taxes,Neutral,https://www.dawn.com/news/2009364/kp-budget-2026-27-kp-unveils-rs5243bn-development-outlay
2026-06-20,"No funds for Centre sans Imran meeting, says KP CM Afridi",Fiscal Policy / Budget / Taxes; Political Stability / Government,Neutral,https://www.dawn.com/news/2009393
2026-06-20,Govt offers 20pc returns to woo buyers as it targets privatisation of 3 Discos,Currency / Exchange Rate; Privatization / Divestment,Neutral,https://www.dawn.com/news/2009365
2026-06-20,Budget FY27 sets the foundation to accelerate sustainable growth seen in past 2 years: Aurangzeb,Fiscal Policy / Budget / Taxes,Neutral,https://www.dawn.com/news/2009454/budget-fy27-sets-the-foundation-to-accelerate-sustainable-growth-seen-in-past-2-years-aurangzeb
2026-06-20,How lender’s curbs redefine province-Centre fiscal relationship,IMF / External Financing,Neutral,https://www.dawn.com/news/2009362/how-lenders-curbs-redefine-province-centre-fiscal-relationship
2026-06-21,Climate action takes a backseat in federal budget FY27,Fiscal Policy / Budget / Taxes,Neutral,https://www.dawn.com/news/2009607/climate-action-takes-a-backseat-in-federal-budget-fy27
2026-06-21,"Equities turn in bullish week on peace, budget optimism",Fiscal Policy / Budget / Taxes,Positive,https://www.dawn.com/news/2009571/equities-turn-in-bullish-week-on-peace-budget-optimism
2026-06-21,Import duty cuts threaten tile industry,Fiscal Policy / Budget / Taxes; Current Account / Trade,Negative,https://www.dawn.com/news/2009574/import-duty-cuts-threaten-tile-industry
2026-06-21,"Lawmakers defer 'exploitative’ telecom bill, reject clause letting telcos use public land without fee",Political Stability / Government,Negative,https://www.dawn.com/news/2009575
2026-06-21,Pakistan's mango exports may shrink up to 30pc as Middle East war impacts linger,Inflation / CPI; Current Account / Trade,Positive,https://www.dawn.com/news/2009699/pakistans-mango-exports-may-shrink-up-to-30pc-as-middle-east-war-impacts-linger
2026-06-21,Should Pakistan have parliamentary budget offices?,Fiscal Policy / Budget / Taxes,Neutral,https://www.dawn.com/news/2009619
2026-06-22,There is little encouraging news in the budget for the people of Balochistan,Fiscal Policy / Budget / Taxes,Neutral,https://www.dawn.com/news/2009887
2026-06-22,The budget for the upcoming fiscal year reflects a broader shift in economic policy,Fiscal Policy / Budget / Taxes,Neutral,https://www.dawn.com/news/2009885
2026-06-22,Sindh’s agriculture research budget slashed,Fiscal Policy / Budget / Taxes,Neutral,https://www.dawn.com/news/2009884/sindhs-agriculture-research-budget-slashed
2026-06-22,Sherry says PPP will not support any PTA bill in Senate sans 'thorough' standing committee debate,Political Stability / Government,Neutral,https://www.dawn.com/news/2009966/sherry-says-ppp-will-not-support-any-pta-bill-in-senate-sans-thorough-standing-committee-debate
2026-06-22,Sindh's proposed budget is anything but forward-looking,Fiscal Policy / Budget / Taxes; Political Stability / Government,Neutral,https://www.dawn.com/news/2009888
2026-06-22,PIA to be handed over to new owners this month,Privatization / Divestment,Neutral,https://www.dawn.com/news/2009876/pia-to-be-handed-over-to-new-owners-this-month
2026-06-22,Is Islamic banking genuinely different from conventional banking or merely a change of terminology?,Banking Sector,Neutral,https://www.dawn.com/news/2009863
2026-06-22,Editorial: The govt's decision to cut the climate ministry's allocation in the budget is difficult to justify,Fiscal Policy / Budget / Taxes,Neutral,https://www.dawn.com/news/2009893
2026-06-22,Balochistan Assembly passes Rs1.09 trillion budget,Fiscal Policy / Budget / Taxes,Neutral,https://www.dawn.com/news/2009877/balochistan-assembly-passes-rs109-trillion-budget
2026-06-22,Punjab's budget for the new fiscal year is more than a routine fiscal housekeeping exercise,Fiscal Policy / Budget / Taxes; GDP / Economic Growth,Neutral,https://www.dawn.com/news/2009890
2026-06-23,Stocks extend losses on profit-taking,Stock Market (Direct),Negative,https://www.dawn.com/news/2010130/stocks-extend-losses-on-profit-taking
2026-06-23,Peshawar-Torkham motorway project may be revamped,IMF / External Financing,Neutral,https://www.dawn.com/news/2010134/peshawar-torkham-motorway-project-may-be-revamped
2026-06-23,NA passes budget for FY2026-27 following opposition walkout,Fiscal Policy / Budget / Taxes,Neutral,https://www.dawn.com/news/2010249/na-passes-budget-for-fy2026-27-following-opposition-walkout
2026-06-23,"NA panel proposes 30 changes to Finance Bill, including instalment-based tax on imported mobile phones",Fiscal Policy / Budget / Taxes,Neutral,https://www.dawn.com/news/2010135
2026-06-23,Opposition raises questions over legality of Punjab budget,Fiscal Policy / Budget / Taxes,Neutral,https://www.dawn.com/news/2010099
2026-06-23,FY27 budget approval in final stages as grants finalised,Fiscal Policy / Budget / Taxes,Positive,https://www.dawn.com/news/2010148
2026-06-23,Editorial: The govt has repeated its intent to broaden the tax base so often that it has lost its meaning,Fiscal Policy / Budget / Taxes,Neutral,https://www.dawn.com/news/2010167
2026-06-23,A budget to forget,Fiscal Policy / Budget / Taxes,Neutral,https://www.dawn.com/news/2010169/a-budget-to-forget
2026-06-23,Govt borrows Rs4.9tr from banks,Fiscal Policy / Budget / Taxes,Neutral,https://www.dawn.com/news/2010132/govt-borrows-rs49tr-from-banks
2026-06-24,Customs warns of rice subsidy abuse,Fiscal Policy / Budget / Taxes,Negative,https://www.dawn.com/news/2010418/customs-warns-of-rice-subsidy-abuse
2026-06-24,"NA approves over Rs500bn in supplementary budget for FY25, Rs475bn for FY26",Fiscal Policy / Budget / Taxes,Positive,https://www.dawn.com/news/2010552/na-approves-over-rs500bn-in-supplementary-budget-for-fy25-rs475bn-for-fy26
2026-06-24,PSX extends losses for third straight session,Stock Market (Direct),Negative,https://www.dawn.com/news/2010411/psx-extends-losses-for-third-straight-session
2026-06-24,SBP issues Monetary Policy Committee FY27 calendar,Monetary Policy / Interest Rates; Banking Sector,Neutral,https://www.dawn.com/news/2010414/sbp-issues-monetary-policy-committee-fy27-calendar
2026-06-24,Weekly oil pricing mechanism to stay,Current Account / Trade; Foreign Investment / FPI,Neutral,https://www.dawn.com/news/2010419/weekly-oil-pricing-mechanism-to-stay
2026-06-24,What amendments were made to the budget before its passage by the National Assembly?,Fiscal Policy / Budget / Taxes; Current Account / Trade,Neutral,https://www.dawn.com/news/2010463
2026-06-24,Why Pakistan should focus on increasing productivity rather than maximising degrees or training certificates,Current Account / Trade,Neutral,https://www.dawn.com/news/2010435
2026-06-25,Why preparations for the next budget should start now,Fiscal Policy / Budget / Taxes,Neutral,https://www.dawn.com/news/2010677
2026-06-25,"FBR didn’t capitalise on super tax potential, audit finds",Fiscal Policy / Budget / Taxes,Neutral,https://www.dawn.com/news/2010659/fbr-didnt-capitalise-on-super-tax-potential-audit-finds
2026-06-25,Tasdeeq set for Pakistan Stock Exchange debut,Stock Market (Direct),Neutral,https://www.dawn.com/news/2010631/tasdeeq-set-for-pakistan-stock-exchange-debut
2026-06-25,Bank timings extended for tax collection,Monetary Policy / Interest Rates; Fiscal Policy / Budget / Taxes,Neutral,https://www.dawn.com/news/2010634/bank-timings-extended-for-tax-collection
2026-06-25,CM Afridi vows peace in FY27 as KP Assembly passes Rs2.17tr budget,Fiscal Policy / Budget / Taxes; Political Stability / Government,Neutral,https://www.dawn.com/news/2010593/cm-afridi-vows-peace-in-fy27-as-kp-assembly-passes-rs217tr-budget
2026-06-26,"Editorial: In FY27 budget, govt opts for growth but yet again ignores reform",Fiscal Policy / Budget / Taxes,Neutral,https://www.dawn.com/news/2010906/after-the-budget
2026-06-26,Equities end short week higher despite volatility,Stock Market (Direct); Oil & Gas / Energy Sector; Cement Sector,Negative,https://www.dawn.com/news/2010872/equities-end-short-week-higher-despite-volatility
2026-06-26,Iranian oil option returns for Pakistan after temporary easing of US sanctions,Current Account / Trade,Neutral,https://www.dawn.com/news/2010876/iranian-oil-option-returns-for-pakistan
2026-06-26,President Zardari gives assent to finance bill outlining Rs18.8tr budget for FY2026-27,Fiscal Policy / Budget / Taxes; Current Account / Trade,Neutral,https://www.dawn.com/news/2010986/president-zardari-gives-assent-to-finance-bill-outlining-rs188tr-budget-for-fy2026-27
2026-06-28,Federal Board of Revenue eyes new performance metrics,Fiscal Policy / Budget / Taxes,Neutral,https://www.dawn.com/news/2011250/federal-board-of-revenue-eyes-new-performance-metrics
2026-06-28,"Pakistan mulling purchase of cheaper oil, gas from Iran: petroleum minister",Oil & Gas / Energy Sector,Neutral,https://www.dawn.com/news/2011414/pakistan-mulling-purchase-of-cheaper-oil-gas-from-iran-petroleum-minister
2026-06-28,Soda Ash dumping case tests National Tariff Commission's consistency,Current Account / Trade,Neutral,https://www.dawn.com/news/2011246/soda-ash-dumping-case-tests-national-tariff-commissions-consistency
2026-06-29,The need for a robust budget debate,Fiscal Policy / Budget / Taxes,Neutral,https://www.dawn.com/news/2011550
2026-06-29,Sindh Assembly passes Rs3.562tr deficit budget for financial year 2026-27,Fiscal Policy / Budget / Taxes; Political Stability / Government,Neutral,https://www.dawn.com/news/2011562
2026-06-29,Provincial governments are treating fintech like a silver bullet for the farm sector,Fertilizer Sector,Neutral,https://www.dawn.com/news/2011547
2026-06-29,"KP Assembly opposes imposition of taxes in Malakand, tribal districts",Fiscal Policy / Budget / Taxes,Neutral,https://www.dawn.com/news/2011487/kp-assembly-opposes-imposition-of-taxes-in-malakand-tribal-districts
2026-06-29,Govt formally transfers management control of PIA to Arif Habib-led consortium,Privatization / Divestment,Neutral,https://www.dawn.com/news/2011655/govt-formally-transfers-management-control-of-pia-to-arif-habib-led-consortium
2026-06-29,Pakistan Railways' ML-3 project to be financed with $390m Reko Diq bridge loan,Current Account / Trade,Neutral,https://www.dawn.com/news/2011499
2026-06-30,AJK Assembly passes Rs286bn budget for FY27,Fiscal Policy / Budget / Taxes,Neutral,https://www.dawn.com/news/2011771
2026-06-30,Fund created to mitigate oil price shocks,Oil & Gas / Energy Sector,Neutral,https://www.dawn.com/news/2011806/fund-created-to-mitigate-oil-price-shocks
2026-06-30,Govt expects easing inflationary pressure in new fiscal year following reopening of Strait of Hormuz,Inflation / CPI,Neutral,https://www.dawn.com/news/2011978/govt-expects-easing-inflationary-pressure-in-new-fiscal-year-following-reopening-of-strait-of-hormuz
2026-06-30,"Gulf turmoil hurting Pakistan’s economic outlook, say analysts",Foreign Reserves,Negative,https://www.dawn.com/news/2011767/gulf-turmoil-hurting-pakistans-economic-outlook
2026-06-30,Oil marketing firm executives booked for ‘multi-billion rupee customs fraud’ in Karachi,Currency / Exchange Rate; Oil & Gas / Energy Sector,Negative,https://www.dawn.com/news/2011728/oil-marketing-firm-executives-booked-for-multi-billion-rupee-customs-fraud-in-karachi
2026-06-30,Punjab Assembly okays 38 supplementary budget grants for FY2025-26,Fiscal Policy / Budget / Taxes,Neutral,https://www.dawn.com/news/2011716
2026-06-30,Stocks fall on renewed geopolitical concerns,Stock Market (Direct),Negative,https://www.dawn.com/news/2011760/stocks-fall-on-renewed-geopolitical-concerns
2026-06-30,"Week after budget's passage, exporters urge govt to fulfil key demands; seek refund of Rs327bn",Fiscal Policy / Budget / Taxes,Neutral,https://www.dawn.com/news/2011763
2026-07-01,"PSX rebounds to end FY26 above 180,000",Stock Market (Direct),Neutral,https://www.dawn.com/news/2012096/psx-rebounds-to-end-fy26-above-180000
2026-07-01,Pakistan's export problem has never really been about the price of the rupee,Currency / Exchange Rate; Current Account / Trade,Neutral,https://www.dawn.com/news/2012092
2026-07-01,"PSX kicks off FY27 with positive momentum, gaining 3,700 points",Stock Market (Direct); Inflation / CPI; Oil & Gas / Energy Sector,Positive,https://www.dawn.com/news/2012187/psx-kicks-off-fy27-with-positive-momentum-gaining-3700-points
2026-07-01,World Bank approves $70m loan for Connected Punjab Programme aimed at improving digital infrastructure,IMF / External Financing,Positive,https://www.dawn.com/news/2012188/world-bank-approves-70m-loan-for-connected-punjab-programme-aimed-at-improving-digital-infrastructure
2026-07-01,Editorial: PIA's privatisation removes the state’s ownership label but not the issues that have long weighed it down,Privatization / Divestment,Neutral,https://www.dawn.com/news/2012088
2026-07-01,FBR beats revised tax target by Rs21 billion,Fiscal Policy / Budget / Taxes,Negative,https://www.dawn.com/news/2012102/fbr-beats-revised-tax-target-by-rs21-billion
2026-07-01,"Consumer inflation rate eases slightly to 11.1pc in June due to lower energy, food prices: PBS",Inflation / CPI,Positive,https://www.dawn.com/news/2012196/consumer-inflation-rate-eases-slightly-to-111pc-in-june-due-to-lower-energy-food-prices-pbs
2026-07-02,"Aurangzeb calls for taxpayer-friendly, transparent tax administration",Fiscal Policy / Budget / Taxes,Neutral,https://www.dawn.com/news/2012284
2026-07-02,Bank of Punjab becomes first provincial bank to earn AAA credit rating,Credit Rating,Neutral,https://www.dawn.com/news/2012280
2026-07-02,Public Accounts Committee slams FBR for deducting Sindh’s ‘billions in withholding tax’,Fiscal Policy / Budget / Taxes,Neutral,https://www.dawn.com/news/2012252/public-accounts-committee-slams-fbr-for-deducting-sindhs-billions-in-withholding-tax
2026-07-02,The World Bank has issued a damning indictment of the 7th NFC Award but is there a case for reversing it?,IMF / External Financing,Neutral,https://www.dawn.com/news/2012354
2026-07-03,Remittance incentives to banks abolished as IMF steps in,Monetary Policy / Interest Rates; IMF / External Financing,Neutral,https://www.dawn.com/news/2012606/remittance-incentives-to-banks-abolished-as-imf-steps-in
2026-07-03,"Reforms yield record tax, says PM Shehbaz",Fiscal Policy / Budget / Taxes,Neutral,https://www.dawn.com/news/2012605/reforms-yield-record-tax-says-pm-shehbaz
2026-07-03,Stocks extend overnight gains on select buying,Stock Market (Direct),Neutral,https://www.dawn.com/news/2012603/stocks-extend-overnight-gains-on-select-buying
2026-07-03,Exports miss FY26 target by $4.87bn,Current Account / Trade,Neutral,https://www.dawn.com/news/2012609/exports-miss-fy26-target-by-487bn
2026-07-03,Editorial: The World Bank's report on Pakistan's fiscal federalism should not be taken as evidence that devolution has failed,IMF / External Financing,Negative,https://www.dawn.com/news/2012614
2026-07-03,First year of unified agriculture income tax regime shows stark gap between policy ambition and revenue collection,Fiscal Policy / Budget / Taxes,Neutral,https://www.dawn.com/news/2012584
2026-07-04,"Costly energy, food fuel weekly inflation",Inflation / CPI,Negative,https://www.dawn.com/news/2012862/costly-energy-food-fuel-weekly-inflation
2026-07-04,Editorial: The first year of the unified agriculture income tax regime has produced an outcome that should surprise no one,Fiscal Policy / Budget / Taxes,Neutral,https://www.dawn.com/news/2012889
2026-07-04,"PSX hits 185,000 milestone after five months",Stock Market (Direct); Oil & Gas / Energy Sector,Positive,https://www.dawn.com/news/2012860/psx-hits-185000-milestone-after-five-months
2026-07-04,SC upholds Trading Corporation of Pakistan's guarantee forfeiture in old urea dispute,Current Account / Trade; Fertilizer Sector,Neutral,https://www.dawn.com/news/2012864
2026-07-04,Several factories shut down as 18pc sales tax cripples cotton ginning,Fiscal Policy / Budget / Taxes,Neutral,https://www.dawn.com/news/2012867/18pc-sales-tax-cripples-cotton-ginning
2026-07-05,Banks upset as SBP ends remittance incentives,Monetary Policy / Interest Rates,Negative,https://www.dawn.com/news/2013058/banks-upset-as-sbp-ends-remittance-incentives
2026-07-05,"Petroleum levies hurt industrial growth, warns FPCCI member",Oil & Gas / Energy Sector,Negative,https://www.dawn.com/news/2013057
2026-07-05,Services exports jump 17.38pc,Current Account / Trade,Positive,https://www.dawn.com/news/2013056/services-exports-jump-1738pc
2026-07-05,"‘Karachi is central to investment, exports,’ says Qaiser Ahmed Sheikh",Fiscal Policy / Budget / Taxes; Current Account / Trade,Positive,https://www.dawn.com/news/2013060
2026-07-06,"World Bank's report on fiscal fedralism gets an A+ for technical standard, but suffers from political naivete",IMF / External Financing; Fiscal Policy / Budget / Taxes,Neutral,https://www.dawn.com/news/2013286
2026-07-06,Treating freelancers in Pakistan like digital diaspora workers,Fiscal Policy / Budget / Taxes; Current Account / Trade,Neutral,https://www.dawn.com/news/2013247
2026-07-06,Pakistan and the cost of borrowed economic wisdom,IMF / External Financing,Neutral,https://www.dawn.com/news/2013287
2026-07-06,Ogra notifies 15pc increase in Regasified Liquefied Natural Gas price for June,Oil & Gas / Energy Sector,Neutral,https://www.dawn.com/news/2013262/ogra-notifies-15pc-increase-in-regasified-liquefied-natural-gas-price-for-june
2026-07-06,Myths and reality of agri income tax,Fiscal Policy / Budget / Taxes,Neutral,https://www.dawn.com/news/2013283/myths-and-reality-of-agri-income-tax
2026-07-06,Oil drifts down after Opec+ agrees to raise output targets,Current Account / Trade,Neutral,https://www.dawn.com/news/2013338/oil-drifts-down-after-opec-agrees-to-raise-output-targets
2026-07-07,SHC throws out petition against petroleum  pricing mechanism,Fiscal Policy / Budget / Taxes,Neutral,https://www.dawn.com/news/2013483/shc-throws-out-petition-against-petroleum-pricing-mechanism
2026-07-07,"Bulls add 2,082 points on economic optimism",Stock Market (Direct); Monetary Policy / Interest Rates,Positive,https://www.dawn.com/news/2013498/bulls-add-2082-points-on-economic-optimism
2026-07-07,Govt misses IMF deadline for notifying gas tariff,IMF / External Financing; Oil & Gas / Energy Sector,Neutral,https://www.dawn.com/news/2013504
2026-07-07,PM Shehbaz calls for comprehensive strategy to boost SMEs’ access to financing,Current Account / Trade,Positive,https://www.dawn.com/news/2013571/pm-shehbaz-calls-for-comprehensive-strategy-to-boost-smes-access-to-financing
2026-07-07,"PSX snaps 5-day bullish streak, falls by over 1,100 points",Stock Market (Direct),Negative,https://www.dawn.com/news/2013602/psx-snaps-5-day-bullish-streak-falls-by-over-1100-points
2026-07-07,Private sector eyes govt land bank for housing,Current Account / Trade,Positive,https://www.dawn.com/news/2013503/private-sector-eyes-govt-land-bank-for-housing
2026-07-07,SBP launches portal to attract investment,Monetary Policy / Interest Rates,Neutral,https://www.dawn.com/news/2013505/sbp-launches-portal-to-attract-investment
2026-07-08,"PSX tumbles by over 4,600 points after Trump's comments on Iran",Stock Market (Direct),Negative,https://www.dawn.com/news/2013847/psx-tumbles-by-over-4600-points-after-trumps-comments-on-iran
2026-07-08,Making every rupee compound,Currency / Exchange Rate,Neutral,https://www.dawn.com/news/2013745/making-every-rupee-compound
2026-07-08,"KP CM urges PM Shehbaz to defer proposed withdrawal of tax exemptions for merged districts, Malakand",Fiscal Policy / Budget / Taxes,Neutral,https://www.dawn.com/news/2013863/kp-cm-urges-pm-shehbaz-to-defer-proposed-withdrawal-of-tax-exemptions-for-merged-districts-malakand
2026-07-08,"Artificial intelligence to drive new tax model, says Aurangzeb",Fiscal Policy / Budget / Taxes,Neutral,https://www.dawn.com/news/2013725/artificial-intelligence-to-drive-new-tax-model-says-aurangzeb
2026-07-09,ADB cuts Pakistan growth forecast to 3.7pc on higher energy costs,IMF / External Financing,Negative,https://www.dawn.com/news/2014109/adb-cuts-pakistan-growth-forecast-to-37pc-on-higher-energy-costs
2026-07-09,Mideast conflict to hit global economy: IMF,IMF / External Financing,Neutral,https://www.dawn.com/news/2013990/mideast-conflict-to-hit-global-economy-imf
2026-07-09,"Tech, climate risks reshape banking: SBP chief",Monetary Policy / Interest Rates,Neutral,https://www.dawn.com/news/2013987/tech-climate-risks-reshape-banking-sbp-chief
2026-07-09,The govt's vision for raising the next generation of tax revenues is hard to identify,Fiscal Policy / Budget / Taxes,Neutral,https://www.dawn.com/news/2014028
2026-07-10,Stocks extend losses amid persisting volatility,Stock Market (Direct),Negative,https://www.dawn.com/news/2014305/stocks-extend-losses-amid-persisting-volatility
2026-07-10,Privatisation Commission approves ADB's advisory role in outsourcing Islamabad Airport operations,IMF / External Financing; Privatization / Divestment,Positive,https://www.dawn.com/news/2014398/privatisation-commission-approves-adbs-advisory-role-in-outsourcing-islamabad-airport-operations
2026-07-10,World Bank approves $375.9m to strengthen Pakistan's power transmission network,IMF / External Financing,Positive,https://www.dawn.com/news/2014357/world-bank-approves-3759m-to-strengthen-pakistans-power-transmission-network
2026-07-10,Duty-free imports rise to $27bn under tariff reform drive,Current Account / Trade,Negative,https://www.dawn.com/news/2014312/duty-free-imports-rise-to-27bn-under-tariff-reform-drive
2026-07-10,Pakistan's ‘wait for it’ budget for the new fiscal year,Fiscal Policy / Budget / Taxes,Neutral,https://www.dawn.com/news/2014326/the-wait-for-it-budget
2026-07-11,Weekly inflation rises 11.94pc,Inflation / CPI,Negative,https://www.dawn.com/news/2014505/weekly-inflation-rises-1194pc
2026-07-11,Stocks recover 982 points on value-buying,Oil & Gas / Energy Sector,Positive,https://www.dawn.com/news/2014503/stocks-recover-982-points-on-value-buying
2026-07-12,GB budget to be tabled tomorrow,Fiscal Policy / Budget / Taxes,Neutral,https://www.dawn.com/news/2014772/gb-budget-to-be-tabled-tomorrow
2026-07-12,"LPG importers association warns of serious gas shortage in next few days, seeks 'sustainable' pricing framework",Oil & Gas / Energy Sector,Negative,https://www.dawn.com/news/2014908/lpg-importers-association-warns-of-serious-gas-shortage-in-next-few-days-seeks-sustainable-pricing-framework
2026-07-12,Sales tax masks provincial collection weaknesses,Fiscal Policy / Budget / Taxes,Neutral,https://www.dawn.com/news/2014763/sales-tax-masks-provincial-collection-weaknesses
2026-07-12,"Tobacco industry questions levies, use of cess funds",Fiscal Policy / Budget / Taxes,Neutral,https://www.dawn.com/news/2014765/tobacco-industry-questions-levies-use-of-cess-funds
2026-07-13,Are rising remittances strengthening Pakistan’s economy or masking its structural weaknesses?,Fiscal Policy / Budget / Taxes; Current Account / Trade,Positive,https://www.dawn.com/news/2014915
2026-07-13,"Mango crops cause losses for farmers due to reduction in exports, climate change",Current Account / Trade,Neutral,https://www.dawn.com/news/2014979
2026-07-13,PSX opens week in the red as Middle East hostilities spark 'risk-off' market mood,Stock Market (Direct),Positive,https://www.dawn.com/news/2015074/psx-opens-week-in-the-red-as-middle-east-hostilities-spark-risk-off-market-mood
2026-07-13,Tax reforms urged to push investment in Balochistan,Fiscal Policy / Budget / Taxes,Negative,https://www.dawn.com/news/2014928/tax-reforms-urged-to-push-investment-in-balochistan
2026-07-13,The shortcomings of the World Bank's report on fiscal federalism in Pakistan,IMF / External Financing,Neutral,https://www.dawn.com/news/2014977
2026-07-13,Why Pakistan needs to rethink its policies for small and medium enterprises,Currency / Exchange Rate,Neutral,https://www.dawn.com/news/2014984
2026-07-14,"Oil prices hit four-week high as US, Iran step up attacks in Strait of Hormuz",Oil & Gas / Energy Sector,Neutral,https://www.dawn.com/news/2015348/oil-prices-hit-four-week-high-as-us-iran-step-up-attacks-in-strait-of-hormuz
2026-07-14,Ogra asked to publish Platts pricing data,Oil & Gas / Energy Sector,Neutral,https://www.dawn.com/news/2015258/ogra-asked-to-publish-platts-pricing-data
2026-07-14,"Auto sales surge in FY26 as cars, SUVs lead growth",Automobile Sector,Positive,https://www.dawn.com/news/2015257
2026-07-14,"Bloodbath at PSX as KSE-100 loses 6,400 points over renewed US-Iran fighting",Stock Market (Direct); Oil & Gas / Energy Sector,Negative,https://www.dawn.com/news/2015331/bloodbath-at-psx-as-kse-100-loses-6400-points-over-renewed-us-iran-fighting
2026-07-14,GB unveils Rs20.48bn first quarter budget,Fiscal Policy / Budget / Taxes; Political Stability / Government,Neutral,https://www.dawn.com/news/2015297/gb-unveils-rs2048bn-first-quarter-budget
2026-07-15,Senate panel irked by two-decade delay in transfer of Karachi's Hyatt Regency,Privatization / Divestment,Negative,https://www.dawn.com/news/2015526/senate-panel-irked-by-two-decade-delay-in-transfer-of-karachis-hyatt-regency
2026-07-15,"ADB formally appointed financial, transaction adviser for outsourcing Islamabad Airport operations",IMF / External Financing; Privatization / Divestment,Neutral,https://www.dawn.com/news/2015671/adb-formally-appointed-financial-transaction-adviser-for-outsourcing-islamabad-airport-operations
2026-07-15,"Bulls snap losing streak as PSX gains over 1,700 points",Stock Market (Direct),Positive,https://www.dawn.com/news/2015614/bulls-snap-losing-streak-as-psx-gains-over-1700-points
2026-07-15,FBR proposes voluntary tax regime for small traders,Fiscal Policy / Budget / Taxes,Neutral,https://www.dawn.com/news/2015525/fbr-proposes-voluntary-tax-regime-for-small-traders
2026-07-15,Pakistan Flour Mills Association wants Centre to import wheat to avert winter shortages,Current Account / Trade,Neutral,https://www.dawn.com/news/2015571/pakistan-flour-mills-association-wants-centre-to-import-wheat-to-avert-winter-shortages
2026-07-16,"PSX stages 'strong recovery' as KSE-100 index gains 2,800 points",Stock Market (Direct); Oil & Gas / Energy Sector,Positive,https://www.dawn.com/news/2015872/psx-stages-strong-recovery-as-kse-100-index-gains-2800-points
2026-07-16,Textile exports stagnate at $17.9bn in FY26,Current Account / Trade; Textile Sector,Neutral,https://www.dawn.com/news/2015755/textile-exports-stagnate-at-179bn-in-fy26
2026-07-16,Large-Scale Manufacturing grows 5.77pc despite May slump,Textile Sector,Negative,https://www.dawn.com/news/2015744/large-scale-manufacturing-grows-577pc-despite-may-slump
2026-07-17,Editorial: Every govt vows to transform the agriculture sector but few are willing to undertake reforms for achieving that aim,Current Account / Trade,Neutral,https://www.dawn.com/news/2016094
2026-07-17,Fish export data sparks confusion,Current Account / Trade,Neutral,https://www.dawn.com/news/2016028/fish-export-data-sparks-confusion
2026-07-17,"Food import bill jumps to $9.1bn on higher sugar, edible oil purchases in FY26",Current Account / Trade,Negative,https://www.dawn.com/news/2016027/food-import-bill-jumps-to-91bn-on-higher-sugar-edible-oil-purchases-in-fy26
2026-07-17,Gulf war triggers investment outflow from Pakistan,Monetary Policy / Interest Rates,Negative,https://www.dawn.com/news/2016026/gulf-war-triggers-investment-outflow-from-pakistan
2026-07-17,SBP reserves fall $1.2bn,Monetary Policy / Interest Rates; Foreign Reserves; Banking Sector; Debt / External Debt,Negative,https://www.dawn.com/news/2016021/sbp-reserves-fall-12bn
2026-07-17,Veteran businessman Arif Habib says capital markets key to economic growth,Stock Market (Direct); GDP / Economic Growth,Neutral,https://www.dawn.com/news/2016025
2026-07-18,Short-term inflation surges over 13pc,Inflation / CPI,Negative,https://www.dawn.com/news/2016379/short-term-inflation-surges-over-13pc
2026-07-18,"PSX loses 2,321 points on geopolitical fears",Stock Market (Direct),Negative,https://www.dawn.com/news/2016376/psx-loses-2321-points-on-geopolitical-fears
2026-07-18,IT exports hit record $4.6bn in FY26,Current Account / Trade,Neutral,https://www.dawn.com/news/2016378
2026-07-18,Govt forms high-level committee to review tax tribunal performance,Fiscal Policy / Budget / Taxes,Neutral,https://www.dawn.com/news/2016382
2026-07-18,Current account slips into $139m deficit in FY26,Current Account / Trade; Foreign Investment / FPI,Neutral,https://www.dawn.com/news/2016383/current-account-slips-into-139m-deficit-in-fy26
2026-07-19,Punjab Investment Minister Shafay Hussain unveils free economic zones with four-year lease plan for investors,Fiscal Policy / Budget / Taxes; Current Account / Trade,Neutral,https://www.dawn.com/news/2016602
2026-07-19,Record $2bn imports of completely knocked-down kits by auto assemblers expose low localisation,Current Account / Trade,Positive,https://www.dawn.com/news/2016604
2026-07-20,"Editorial: Despite recent macroeconomic stabilisation, Pakistan's external sector still remains fragile",Current Account / Trade,Neutral,https://www.dawn.com/news/2016903
2026-07-20,"Govt weighs activating fuel saving plans as Mideast tensions put pressure on oil prices, forex reserves",Current Account / Trade; Foreign Reserves; Oil & Gas / Energy Sector,Neutral,https://www.dawn.com/news/2016884
2026-07-20,No temporary diplomatic breakthrough can insulate Pakistan from the economic whiplash of repeated geopolitical shocks,Current Account / Trade,Positive,https://www.dawn.com/news/2016981
2026-07-20,PM Shehbaz urged to release Rs40bn required for completion of Karachi's K-IV water supply project,Fiscal Policy / Budget / Taxes,Neutral,https://www.dawn.com/news/2016854/pm-shehbaz-urged-to-release-rs40bn-required-for-completion-of-karachis-k-iv-water-supply-project
2026-07-20,Spray and pray is not an export strategy,Current Account / Trade,Neutral,https://www.dawn.com/news/2016992/spray-and-pray-is-not-an-export-strategy
2026-07-21,Pakistan State Oil to be sole diesel importer in FY27,Current Account / Trade; Oil & Gas / Energy Sector,Neutral,https://www.dawn.com/news/2017158/pakistan-state-oil-to-be-sole-diesel-importer-in-fy27
2026-07-21,Non-textile exports fall in FY26,Current Account / Trade; Textile Sector,Negative,https://www.dawn.com/news/2017156/non-textile-exports-fall-in-fy26
2026-07-21,Pakistan’s export problem is no longer one of diagnosis; the real challenge lies in implementation and policy consistency,Current Account / Trade,Neutral,https://www.dawn.com/news/2017189
2026-07-21,"Senate panel reviews tax exemptions, border security",Fiscal Policy / Budget / Taxes,Neutral,https://www.dawn.com/news/2017169/senate-panel-reviews-tax-exemptions-border-security
2026-07-21,KSE-100 makes marginal gains as global energy uncertainty weighs on early rally,Stock Market (Direct); Oil & Gas / Energy Sector,Positive,https://www.dawn.com/news/2017214/kse-100-makes-marginal-gains-as-global-energy-uncertainty-weighs-on-early-rally
2026-07-21,FBR cannot hide behind software limitations: federal tax ombudsman,Fiscal Policy / Budget / Taxes,Neutral,https://www.dawn.com/news/2017155/fbr-cannot-hide-behind-software-limitations-federal-tax-ombudsman
2026-07-21,Business leaders say daily fuel pricing to 'hurt exports’,Current Account / Trade,Negative,https://www.dawn.com/news/2017154
2026-07-21,"FIA sets up investigation unit to prevent money laundering, terror financing through virtual currency transactions",Currency / Exchange Rate,Neutral,https://www.dawn.com/news/2017177
2026-07-22,Mobile phone imports top Rs520bn in FY26,Current Account / Trade,Neutral,https://www.dawn.com/news/2017427/mobile-phone-imports-top-rs520bn-in-fy26
2026-07-22,Pakistan’s trade deficit with 9 neighbouring countries widens to $16bn in FY26,Current Account / Trade,Neutral,https://www.dawn.com/news/2017430
2026-07-22,S&P Global Ratings upgrades Pakistan's sovereign credit rating to 'B',Credit Rating,Positive,https://www.dawn.com/news/2017530/sampp-global-ratings-upgrades-pakistans-sovereign-credit-rating-to-b
2026-07-23,Finance minister reviews Pakistan's macroeconomic performance in meeting with IMF officials,IMF / External Financing,Neutral,https://www.dawn.com/news/2017749/finance-minister-reviews-pakistans-macroeconomic-performance-in-meeting-with-imf-officials
2026-07-23,"Geopolitical fears drag PSX below 175,000",Stock Market (Direct),Negative,https://www.dawn.com/news/2017646/geopolitical-fears-drag-psx-below-175000
2026-07-23,Samsung invited to make Pakistan its export hub,Current Account / Trade,Neutral,https://www.dawn.com/news/2017651/samsung-invited-to-make-pakistan-its-export-hub
2026-07-24,Pak­istan Medical Association warns of ‘shutdown’ over FBR’s tax system for clinics,Fiscal Policy / Budget / Taxes,Negative,https://www.dawn.com/news/2017933/pakistan-medical-association-warns-of-shutdown-over-fbrs-tax-system-for-clinics
2026-07-24,Why Pakistan remains largely unsuccessful in kick-starting its economic engine,GDP / Economic Growth,Neutral,https://www.dawn.com/news/2017942
2026-07-24,Oil price tops $100 as supply disruption worsens,Oil & Gas / Energy Sector,Negative,https://www.dawn.com/news/2017950/oil-price-tops-100-as-supply-disruption-worsens
2026-07-24,"PSX plunges 2,690 points amid oil upsurge",Stock Market (Direct),Negative,https://www.dawn.com/news/2017947/psx-plunges-2690-points-amid-oil-upsurge
2026-07-25,Centre cuts markup on uplift loans to 11.89pc,Monetary Policy / Interest Rates,Neutral,https://www.dawn.com/news/2018194/centre-cuts-markup-on-uplift-loans-to-1189pc
2026-07-25,Equities end lower for third straight session,Oil & Gas / Energy Sector,Neutral,https://www.dawn.com/news/2018189/equities-end-lower-for-third-straight-session
2026-07-25,Fe­­d­eral Tax Ombudsman flags error in FBR’s refund system,Fiscal Policy / Budget / Taxes,Neutral,https://www.dawn.com/news/2018193/federal-tax-ombudsman-flags-error-in-fbrs-refund-system
2026-07-25,Pakistan's rulers need to learn that the exchange rate is not an administrative decision,Currency / Exchange Rate,Neutral,https://www.dawn.com/news/2018245
2026-07-25,Private sector rejects govt wheat import plan,Current Account / Trade,Negative,https://www.dawn.com/news/2018192/private-sector-rejects-govt-wheat-import-plan
2026-07-25,Short-term inflation climbs for 67th week,Inflation / CPI,Negative,https://www.dawn.com/news/2018191/short-term-inflation-climbs-for-67th-week
2026-07-26,"Gas, power sector dues strain energy supply chain",Oil & Gas / Energy Sector,Negative,https://www.dawn.com/news/2018389/gas-power-sector-dues-strain-energy-supply-chain
2026-07-26,"Govt speeds up FBR reforms, cashless economy drive: finance minister",Fiscal Policy / Budget / Taxes,Neutral,https://www.dawn.com/news/2018390/govt-speeds-up-fbr-reforms-cashless-economy-drive
2026-07-26,Gulf war dries up unofficial dollar inflows through hundi and hawala network,Currency / Exchange Rate,Neutral,https://www.dawn.com/news/2018391
2026-07-26,"Haroon Akhtar Khan terms micro, small and medium enterprises central to growth strategy",Current Account / Trade; GDP / Economic Growth,Neutral,https://www.dawn.com/news/2018387
2026-07-26,Uncertainty in Gulf likely to keep policy rate unchanged,Monetary Policy / Interest Rates,Neutral,https://www.dawn.com/news/2018392/uncertainty-in-gulf-likely-to-keep-policy-rate-unchanged
2026-07-27,Under-invoiced Chinese fabric flooding open market: ginners,Current Account / Trade,Neutral,https://www.dawn.com/news/2018638/under-invoiced-chinese-fabric-flooding-open-market-ginners
2026-07-27,"Rebounding inflation, fiscal pressures threaten Pakistan's economic recovery",Inflation / CPI; IMF / External Financing; Banking Sector,Neutral,https://www.dawn.com/news/2018654
2026-07-27,Central bank keeps policy rate unchanged at 11.5pc,Monetary Policy / Interest Rates; Inflation / CPI; Banking Sector,Positive,https://www.dawn.com/news/2018718/central-bank-keeps-policy-rate-unchanged-at-115pc
2026-07-27,"Oil prices near one-week low after US, Iran pause fighting over weekend",Oil & Gas / Energy Sector,Neutral,https://www.dawn.com/news/2018729/oil-prices-near-one-week-low-after-us-iran-pause-fighting-over-weekend
2026-07-27,"PSX opens week in the green, gains more than 7,000 points to close above 178,000 mark",Stock Market (Direct),Neutral,https://www.dawn.com/news/2018715/psx-opens-week-in-the-green-gains-more-than-7000-points-to-close-above-178000-mark
2026-07-28,ECC okays Rs255bn for export-boosting schemes,Current Account / Trade; Oil & Gas / Energy Sector,Positive,https://www.dawn.com/news/2018926/ecc-okays-rs255bn-for-export-boosting-schemes
2026-07-28,Govt finally revamps oil refining policy; what does it mean?,Fiscal Policy / Budget / Taxes,Neutral,https://www.dawn.com/news/2019003/govt-finally-revamps-oil-refining-policy-what-does-it-mean
2026-07-28,Islamabad High Court dismisses bank petition on super tax,Fiscal Policy / Budget / Taxes,Neutral,https://www.dawn.com/news/2018924/islamabad-high-court-dismisses-bank-petition-on-super-tax
2026-07-28,Pakistan's exports to Middle East dip in FY26,Current Account / Trade,Negative,https://www.dawn.com/news/2018925/pakistans-exports-to-middle-east-dip-in-fy26
2026-07-28,Policy rate pause splits stakeholders,Monetary Policy / Interest Rates,Neutral,https://www.dawn.com/news/2018929/policy-rate-pause-splits-stakeholders
2026-07-29,Power Division pins blame for circular debt on finance ministry,Oil & Gas / Energy Sector,Negative,https://www.dawn.com/news/2019164
2026-07-29,Nationwide iPhone scam probe widens,Fiscal Policy / Budget / Taxes,Negative,https://www.dawn.com/news/2019160/nationwide-iphone-scam-probe-widens
2026-07-29,Pakistan spends record $3.8bn on palm oil imports,Current Account / Trade; Oil & Gas / Energy Sector,Neutral,https://www.dawn.com/news/2019156/pakistan-spends-record-38bn-on-palm-oil-imports
2026-07-29,FBR notifies new tax regime for small shopkeepers,Fiscal Policy / Budget / Taxes,Neutral,https://www.dawn.com/news/2019158/fbr-notifies-new-tax-regime-for-small-shopkeepers
2026-07-29,Govt mulls wheat import amid shortage,Current Account / Trade,Neutral,https://www.dawn.com/news/2019153/govt-mulls-wheat-import-amid-shortage
2026-07-30,Asian Development Bank to fund border trade facility,IMF / External Financing,Neutral,https://www.dawn.com/news/2019347/asian-development-bank-to-fund-border-trade-facility
2026-07-30,ECC approves urgent 1m-tonne wheat import,Current Account / Trade,Positive,https://www.dawn.com/news/2019349/ecc-approves-urgent-1m-tonne-wheat-import
2026-07-30,Govt hints at new power tariff package as demand falls,Oil & Gas / Energy Sector,Neutral,https://www.dawn.com/news/2019376/govt-hints-at-new-power-tariff-package-as-demand-falls
2026-07-30,"PSX extends losses, sheds 1,581 points",Stock Market (Direct),Negative,https://www.dawn.com/news/2019343/psx-extends-losses-sheds-1581-points
2026-07-30,Pakistan removed from risk assessor’s list of dangerous waters: maritime affairs minister,Current Account / Trade,Neutral,https://www.dawn.com/news/2019509/pakistan-removed-from-risk-assessors-list-of-dangerous-waters-maritime-affairs-minister
2026-07-30,"Renewed Middle East tensions pose downside risks to inflation, external sector: finance ministry",Inflation / CPI,Neutral,https://www.dawn.com/news/2019526/renewed-middle-east-tensions-pose-downside-risks-to-inflation-external-sector-finance-ministry
2026-07-30,"‘Managed’ exchange rate hurts trade and foreign investments, say exporters",Currency / Exchange Rate; Foreign Investment / FPI,Negative,https://www.dawn.com/news/2019351/managed-exchange-rate-hurts-exports-investments
2026-07-31,State Bank of Pakistan reserves fall,Monetary Policy / Interest Rates,Negative,https://www.dawn.com/news/2019587/state-bank-of-pakistan-reserves-fall
2026-07-31,Targeted fuel subsidy may return if Gulf tensions persist,Fiscal Policy / Budget / Taxes,Neutral,https://www.dawn.com/news/2019603/targeted-fuel-subsidy-may-return-if-gulf-tensions-persist
2026-07-31,Pakistan pitches textiles amid new US tariffs,Current Account / Trade; Textile Sector,Positive,https://www.dawn.com/news/2019588/pakistan-pitches-textiles-amid-new-us-tariffs
2026-07-31,Exports to Europe fall in FY26 despite GSP+,Monetary Policy / Interest Rates; Current Account / Trade,Negative,https://www.dawn.com/news/2019590/exports-to-europe-fall-in-fy26-despite-gsp
2026-07-31,Govt eyes 6pc export-led growth,Fiscal Policy / Budget / Taxes; Current Account / Trade,Neutral,https://www.dawn.com/news/2019589/govt-eyes-6pc-export-led-growth
2026-07-31,PSX stays bearish as uncertainty persists,Stock Market (Direct),Negative,https://www.dawn.com/news/2019586/psx-stays-bearish-as-uncertainty-persists
2026-08-01,FBR beats July revenue target by Rs40bn,Fiscal Policy / Budget / Taxes,Neutral,https://www.dawn.com/news/2019809/fbr-beats-july-revenue-target-by-rs40bn
2026-08-01,Food costs push short-term inflation up 9pc,Inflation / CPI,Negative,https://www.dawn.com/news/2019806/food-costs-push-short-term-inflation-up-9pc
2026-08-01,PM Shehbaz calls for Ogra overhaul to curb fuel hoarding,Fiscal Policy / Budget / Taxes; Oil & Gas / Energy Sector,Neutral,https://www.dawn.com/news/2019807/pm-shehbaz-calls-for-ogra-overhaul-to-curb-fuel-hoarding
2026-08-01,PSX snaps three-session losing streak,Stock Market (Direct); Inflation / CPI,Neutral,https://www.dawn.com/news/2019804/psx-snaps-three-session-losing-streak
2026-08-01,RLNG prices rocket to highest level in a decade,Oil & Gas / Energy Sector,Neutral,https://www.dawn.com/news/2019820/rlng-prices-rocket-to-highest-level-in-a-decade
2026-08-02,Imports from US surge to $3.2bn in FY26,Current Account / Trade,Neutral,https://www.dawn.com/news/2020063/imports-from-us-surge-to-32bn-in-fy26
2026-08-02,Rethinking Pakistan's auto policy,Automobile Sector,Neutral,https://www.dawn.com/news/2020071
2026-08-02,Wheat flour price spiral continues despite govt's decision to import grain,Current Account / Trade,Neutral,https://www.dawn.com/news/2020062
2026-08-03,Rethinking our wheat policy,Current Account / Trade,Neutral,https://www.dawn.com/news/2020215/rethinking-our-wheat-policy
2026-08-03,Record bank earnings mask deeper weaknesses in Pakistan’s financial sector,Banking Sector,Neutral,https://www.dawn.com/news/2020204
2026-08-03,PM Shehbaz directs completion of privatisation programmes according to agreed timelines,GDP / Economic Growth; Privatization / Divestment,Neutral,https://www.dawn.com/news/2020371/pm-privatisation
2026-08-03,"Bulls in charge as PSX opens week by gaining 2,100 points",Stock Market (Direct); Oil & Gas / Energy Sector,Positive,https://www.dawn.com/news/2020325/bulls-in-charge-as-psx-opens-week-by-gaining-2100-points
2026-08-04,SBP caps bank charges on digital sales of petroleum products to minimise burden on fuel stations,Monetary Policy / Interest Rates,Neutral,https://www.dawn.com/news/2020560/sbp4ag26
2026-08-04,Cement sales rise in July,Cement Sector,Positive,https://www.dawn.com/news/2020469/cement-sales-rise-in-july
2026-08-04,Consumer inflation slows to 9.2pc in July,Inflation / CPI,Positive,https://www.dawn.com/news/2020472/consumer-inflation-slows-to-92pc-in-july
2026-08-04,Mari makes  first private  gas sale,Oil & Gas / Energy Sector,Neutral,https://www.dawn.com/news/2020475/mari-makes-first-private-gas-sale
2026-08-04,Millers seek permit to export surplus sugar,Current Account / Trade,Neutral,https://www.dawn.com/news/2020474/millers-seek-permit-to-export-surplus-sugar
2026-08-04,Oil Marketing Companies record sale surge,Oil & Gas / Energy Sector,Neutral,https://www.dawn.com/news/2020470
2026-08-04,Oil prices drop 7pc,Oil & Gas / Energy Sector,Neutral,https://www.dawn.com/news/2020468/oil-prices-drop-7pc
2026-08-05,PM Shehbaz directs adoption of comprehensive strategy to attract investors for Discos' privatisation,Privatization / Divestment,Neutral,https://www.dawn.com/news/2020772/pm-shehbaz-directs-adoption-of-comprehensive-strategy-to-attract-investors-for-discos-privatisation
2026-08-05,Auto sector calls for prime minister’s intervention,Automobile Sector,Neutral,https://www.dawn.com/news/2020699/auto-sector-calls-for-prime-ministers-intervention
2026-08-05,Competition Commis­sion of Pakistan chief stresses fair competition for economic growth,GDP / Economic Growth,Neutral,https://www.dawn.com/news/2020696
2026-08-06,Pakistan exports rise 9.5pc in July as trade deficit widens,Fiscal Policy / Budget / Taxes; Current Account / Trade,Neutral,https://www.dawn.com/news/2020877
2026-08-06,"Strong recovery rally tosses index above 180,000",Stock Market (Direct),Positive,https://www.dawn.com/news/2020874/strong-recovery-rally-tosses-index-above-180000
2026-08-06,The growth-jobs paradox — a shared crisis across South Asia,GDP / Economic Growth,Negative,https://www.dawn.com/news/2020930
2026-08-07,"Domestic, foreign investors show interest in Fesco privatisation: privatisation commission",Foreign Investment / FPI; Privatization / Divestment,Neutral,https://www.dawn.com/news/2021271/domestic-foreign-investors-show-interest-in-fesco-privatisation-privatisation-commission
2026-08-07,Exports of services grow 19pc in FY26,Current Account / Trade,Positive,https://www.dawn.com/news/2021170/exports-of-services-grow-19pc-in-fy26
2026-08-07,SBP tells banks to settle prize bond sales daily,Monetary Policy / Interest Rates,Neutral,https://www.dawn.com/news/2021169
2026-08-08,Oil gains on pending  Iran-Oman Hormuz deal,Oil & Gas / Energy Sector,Neutral,https://www.dawn.com/news/2021372/oil-gains-on-pending-iran-oman-hormuz-deal
2026-08-08,"Rise in edible oil, flour prices fuels weekly inflation",Inflation / CPI,Neutral,https://www.dawn.com/news/2021371/rise-in-edible-oil-flour-prices-fuels-weekly-inflation
2026-08-08,"PSX ends two-session rally, sheds 347 points amid profit-taking",Stock Market (Direct); Oil & Gas / Energy Sector,Negative,https://www.dawn.com/news/2021368
2026-08-08,New PIA board announces bonus for employees,Privatization / Divestment,Neutral,https://www.dawn.com/news/2021369/new-pia-board-announces-bonus-for-employees
2026-08-08,Bank of Punjab chief seeks ‘Welfare GDP’,IMF / External Financing; GDP / Economic Growth,Positive,https://www.dawn.com/news/2021370/bank-of-punjab-chief-seeks-welfare-gdp
2026-08-09,Flour prices rising as govt yet to issue import tender,Current Account / Trade,Neutral,https://www.dawn.com/news/2021625/flour-prices-rising-as-govt-yet-to-issue-import-tender
2026-08-09,Govt pays Rs10bn in decade-old export refunds,Current Account / Trade; Textile Sector,Neutral,https://www.dawn.com/news/2021624/govt-pays-rs10bn-in-decade-old-export-refunds
2026-08-09,IHC seeks govt reply over withholding tax hike on goods transportation,Fiscal Policy / Budget / Taxes,Negative,https://www.dawn.com/news/2021632/ihc-seeks-govt-reply-over-withholding-tax-hike-on-goods-transportation
2026-08-09,"Transporters’ strike threatens industry, exports as movement of over 400,000 goods-carrying vehicles suspended",Current Account / Trade,Negative,https://www.dawn.com/news/2021626
2026-08-10,Rs115bn World Bank-funded flood rehabilitation project in Balochistan restructured quietly,IMF / External Financing,Neutral,https://www.dawn.com/news/2021814
2026-08-10,Why didn’t the oil markets go berserk despite the Middle East conflict?,Oil & Gas / Energy Sector,Neutral,https://www.dawn.com/news/2021782
2026-08-10,KPMG-led consortium hired for House Building Finance Corporation Limited privatisation,Privatization / Divestment,Neutral,https://www.dawn.com/news/2021815/kpmg-led-consortium-hired-for-house-building-finance-corporation-limited-privatisation
2026-08-11,SBP warns of price spirals due to geopolitical developments in Middle East,Monetary Policy / Interest Rates,Negative,https://www.dawn.com/news/2022040
2026-08-11,Stocks turn red amid volatile trading,Stock Market (Direct),Negative,https://www.dawn.com/news/2022035/stocks-turn-red-amid-volatile-trading
2026-08-11,"Privatisation Commission approves financial adviser for outsourcing Karachi, Lahore airports",Privatization / Divestment,Positive,https://www.dawn.com/news/2022170/privatisation-commission-approves-financial-adviser-for-outsourcing-karachi-lahore-airports
2026-08-11,Retrospective tax penalties are ‘unlawful’: Supreme Court,Fiscal Policy / Budget / Taxes,Neutral,https://www.dawn.com/news/2022052/retrospective-tax-penalties-are-unlawful-supreme-court
2026-08-11,World Bank unhappy over diversion of funds from Balochistan flood housing programme,Currency / Exchange Rate; IMF / External Financing,Neutral,https://www.dawn.com/news/2022053
