Date,Close,Open,High,Low,Volume,Change,RSI_14,EMA_12,EMA_26,MACD,MACD_signal,MACD_hist,Return,Roll_Return_20,Roll_Vol_20,Regime,Regime_Bear,Regime_Bull,Regime_Sideways
2025-01-01,117008.08,115258.12,117341.03,114719.89,465170000.0,1.63,,117008.08,117008.08,0.0,0.0,0.0,,,,,False,False,False
2025-01-02,117119.66,117150.31,118367.81,116857.61,383720000.0,0.1,,117025.24615384616,117016.3451851852,8.900968660964281,1.7801937321928565,7.120774928771425,0.0009536093575759352,,,,False,False,False
2025-01-03,117586.98,117484.9,117891.62,115580.02,398070000.0,0.4,,117111.66674556214,117058.61443072704,53.05231483510579,12.034617952775443,41.01769688233035,0.00399010721171833,,,,False,False,False
2025-01-06,116255.13,118309.5,118735.1,115941.95,369830000.0,-1.13,,116979.8918616295,116999.097065488,-19.205203858495224,5.7866535905213095,-24.991857449016532,-0.011326509108406269,,,,False,False,False
2025-01-07,116052.68,116667.55,116843.41,113677.5,401230000.0,-0.17,,116837.24388291728,116928.99209767408,-91.74821475679346,-13.720320078941644,-78.02789467785182,-0.0017414285287884468,,,,False,False,False
2025-01-08,114148.46,116591.08,117750.23,113847.04,254280000.0,-1.64,,116423.58482400692,116723.02675710562,-299.4419330986857,-70.86464268289046,-228.57729041579523,-0.01640823805189151,,,,False,False,False
2025-01-09,112638.26,114313.0,114329.95,112594.67,268880000.0,-1.32,,115841.22715877507,116420.45144176444,-579.2242829893657,-172.53657074418552,-406.68771224518025,-0.013230139066265245,,,,False,False,False
2025-01-10,113247.29,112544.62,113554.07,112013.59,216220000.0,0.54,,115442.15990357893,116185.4024460782,-743.2425424992689,-286.6777650952022,-456.5647774040667,0.0054069549724933275,,,,False,False,False
2025-01-13,114230.06,113715.5,114496.09,113083.86,198490000.0,0.87,,115255.682995336,116040.56226488722,-784.8792695512093,-386.31806598640367,-398.5612035648056,0.008678088455803312,,,,False,False,False
2025-01-14,114804.17,114541.46,115044.79,113836.61,258820000.0,0.5,,115186.219457592,115948.97765267336,-762.7581950813619,-461.6060918053953,-301.1521032759666,0.005025909992518507,,,,False,False,False
2025-01-15,114495.71,115360.64,115773.39,114298.29,263600000.00000003,-0.27,,115079.98723334708,115841.32819691976,-761.3409635726857,-521.5530661588534,-239.7878974138323,-0.0026868362011588376,,,,False,False,False
2025-01-16,113836.74,114800.98,114884.63,113630.45,176920000.0,-0.58,,114888.71842821676,115692.84018233312,-804.1217541163642,-578.0668037503556,-226.0549503660086,-0.00575541214600972,,,,False,False,False
2025-01-17,115272.08,114060.38,115356.12,113571.96,212260000.0,1.26,,114947.697131568,115661.67276141956,-713.9756298515422,-605.2485689705929,-108.72706088094924,0.012608758824260047,,,,False,False,False
2025-01-20,115844.82,115868.94,116276.42,115668.08,268340000.0,0.5,,115085.7160344037,115675.23922353664,-589.5231891329313,-602.1034930030606,12.580303870129342,0.004968592568122432,,,,False,False,False
2025-01-21,115042.25,116320.3,116424.85,114783.72,338090000.0,-0.69,49.3061807620716,115079.02895218774,115628.35113290428,-549.3221807165392,-591.5472305457563,42.22504982921714,-0.006927974854637475,,,,False,False,False
2025-01-22,113443.43,114996.26,115256.16,113359.38,358350000.0,-1.39,40.57725782692823,114827.39834415886,115466.50512305953,-639.1067789006629,-601.0591402167377,-38.04763868392524,-0.013897676723117036,,,,False,False,False
2025-01-23,114037.79,113580.21,114319.62,113234.31,374090000.0,0.52,44.51011187833993,114705.9201373652,115360.67437320326,-654.7542358380742,-611.798159341005,-42.95607649706926,0.005239263305067521,,,,False,False,False
2025-01-24,114880.49,114407.66,115779.06,114383.17,280360000.0,0.74,49.6030403967931,114732.777039309,115325.10516037338,-592.3281210643763,-607.9041516856793,15.576030621302948,0.007389655657129124,,,,False,False,False
2025-01-27,113520.32,115075.86,115596.87,113482.23,231200000.0,-1.18,42.7783542303628,114546.24518710762,115191.4173707161,-645.1721836084762,-615.3577580702387,-29.814425538237515,-0.01183986941559878,,,,False,False,False
2025-01-28,112030.36,113398.28,113644.72,111434.95,211430000.0,-1.31,36.8046563325207,114159.1859275526,114957.26497288528,-798.0790453326626,-651.9020155227234,-146.1770298099392,-0.013125051092174544,,,,False,False,False
2025-01-29,111487.36,112274.42,112569.9,111157.19,201920000.0,-0.48,34.89234230273206,113748.1357848522,114700.23497489376,-952.0991900415684,-711.9414504264925,-240.1577396150759,-0.004846900429490764,-0.0023762547636425047,0.008862827794402834,Sideways,False,False,True
2025-01-30,113206.4,111805.66,113400.57,111805.66,172240000.0,1.54,44.69016628983829,113664.79181795186,114589.58053230905,-924.788714357186,-754.5109032126313,-170.2778111445548,0.015419147067434302,-0.0016529778781495864,0.009699621142773665,Sideways,False,False,True
2025-01-31,114255.73,113745.99,115106.99,113692.87,250680000.0,0.93,49.66916994457192,113755.7053844208,114564.85086324911,-809.1454788283154,-765.4378183357682,-43.707660492547234,0.009269175594312618,-0.001389024459019872,0.009930352076624313,Sideways,False,False,True
2025-02-03,112745.01,114550.59,114620.79,112681.34,165870000.0,-1.32,43.58583123392447,113600.2137868176,114430.04783634178,-829.8340495241719,-778.3170645734489,-51.516984950722986,-0.013222269027557743,-0.0014838124549774456,0.010038657740866992,Sideways,False,False,True
2025-02-04,111935.38,113091.72,113649.08,111828.11,170650000.0,-0.72,40.70826712434921,113344.0855119226,114245.25762624238,-901.1721143197938,-802.888074522718,-98.28403979707582,-0.007181071694436714,-0.0017557946132598589,0.010119369770366517,Sideways,False,False,True
2025-02-06,110301.16,112053.96,112234.15,109405.54,174300000.0,-1.46,35.599334586560815,112875.94312547296,113953.10224652072,-1077.1591210477636,-857.7422838277271,-219.4168372200365,-0.014599673490186982,-0.0016653663851746326,0.009988780092612668,Sideways,False,False,True
2025-02-07,110322.94,110575.28,110905.09,109686.53,129190000.0,0.02,35.71512920214019,112483.17341386176,113684.20133937104,-1201.02792550929,-926.3994121640396,-274.6285133452503,0.00019745939208615226,-0.0009939864622570626,0.009614818496593024,Sideways,False,False,True
2025-02-10,111377.97,110610.81,111622.72,109948.57,193050000.0,0.96,41.22779439587119,112313.14211942148,113513.36938830651,-1200.2272688850353,-981.164983508239,-219.06228537679635,0.009563106276899491,-0.0007861788970367545,0.009803507524551747,Sideways,False,False,True
2025-02-11,113010.38,111834.21,113233.41,111834.21,244300000.0,1.47,48.57580040881939,112420.40948566434,113476.11091509864,-1055.7014294342953,-996.0722726934504,-59.62915674084502,0.014656489070504763,-0.00048725886630168194,0.010190767260069327,Sideways,False,False,True
2025-02-12,112924.94,113302.68,113436.72,112621.14,399900000.0,-0.08,48.23587443821973,112498.0295647929,113435.28343990614,-937.253875113238,-984.3085931774078,47.05471806416995,-0.0007560367463590456,-0.0007763562032455596,0.010107810098885492,Sideways,False,False,True
2025-02-13,112564.08,113023.24,113477.71,112540.12,289290000.0,-0.32,46.7479225622536,112508.19117020938,113370.74985176497,-862.5586815555725,-959.9586108530408,97.39992929746823,-0.003195573980380284,-0.0008017930922066318,0.010113509503399992,Sideways,False,False,True
2025-02-14,112085.3,113070.07,113482.13,111861.56,238580000.0,-0.43,44.77445071639437,112443.13099017716,113275.5313442268,-832.4003540496487,-934.4469594923625,102.04660544271373,-0.004253399485875109,-0.0007266924591999013,0.010080311340996235,Sideways,False,False,True
2025-02-17,111743.53,112283.82,112524.81,111513.67,295850000.0,-0.3,43.367070862246685,112335.50006861144,113162.04976317298,-826.549694561545,-912.867506506199,86.31781194465395,-0.0030491955680183036,-0.001509590178813819,0.009586015145063456,Sideways,False,False,True
2025-02-18,113088.48,112023.31,113252.55,111642.02,348500000.0,1.2,50.02434501918732,112451.3431349789,113156.6001510861,-705.2570161071926,-871.3454084263979,166.08839231920524,0.012036043608072866,-0.0011562176268162972,0.009960347543719683,Sideways,False,False,True
2025-02-19,113342.44,113465.7,114029.76,113060.26,461110000.0,0.22,51.19107543277347,112588.43496036677,113170.36606582046,-581.9311054536956,-813.4625478318575,231.53144237816184,0.002245675244728851,-0.0006975351218479808,0.009891553657559659,Sideways,False,False,True
2025-02-20,113739.16,113601.96,114202.14,113525.9,507750000.0,0.35,53.03559925965593,112765.4695818488,113212.49894983377,-447.0293679849565,-740.1759118624774,293.1465438775209,0.003500189337727333,0.00017235818119423763,0.009423533549517244,Sideways,False,False,True
2025-02-21,112800.93,114441.59,114444.01,112813.87,216950000.0,-0.82,48.37916669239099,112770.92503079514,113182.0123609572,-411.08733016204496,-674.3581955223909,263.270865360346,-0.0082489619230528,-0.0005020530802117784,0.009523945446229346,Sideways,False,False,True
2025-02-24,114330.1,112700.1,114573.68,111857.34,214100000.0,1.36,55.27198182213629,113010.79810298052,113267.05588977518,-256.2577867946675,-590.7381137768463,334.4803269821788,0.013556359863345246,-0.0001937178699009723,0.009885831690514678,Sideways,False,False,True
2025-02-25,114528.09,114900.47,115889.6,114178.56,290830000.0,0.17,56.0895272649452,113244.2276255989,113360.4658238659,-116.23819826700492,-495.838130674878,379.5999324078731,0.0017317399355025742,0.00048486259765409545,0.00950271099536334,Sideways,False,False,True
2025-02-26,113862.33,114580.4,114762.93,113849.93,333210000.0,-0.58,52.6074483460052,113339.32029858368,113397.640948024,-58.32064944031299,-408.334634427965,350.013984987652,-0.0058130717101804175,0.0008504615667538018,0.009082921460062648,Sideways,False,False,True
2025-02-27,113784.31,114045.13,114456.92,113729.53,207290000.0,-0.07,52.198481940949264,113407.78025264772,113426.2831000222,-18.502847374475092,-330.368277017267,311.8654296427919,-0.000685213450313249,0.0010585459157126775,0.008992751949442468,Sideways,False,False,True
2025-02-28,113251.67,113890.68,114265.97,113201.84,231450000.0,-0.47,49.37638331321892,113383.76329070191,113413.34879631686,-29.585505614930295,-270.2117227367997,240.6262171218694,-0.004681137496022059,5.3531687539859484e-05,0.00840750977936218,Sideways,False,False,True
2025-03-03,111986.89,113498.58,113591.83,111829.15,108000000.0,-1.12,43.3790250049717,113168.859707517,113307.68518177488,-138.82547425785742,-243.93447304101124,105.10899878315382,-0.011167870637139421,-0.0009683206240327424,0.008470215083623124,Sideways,False,False,True
2025-03-04,112743.8,112106.68,112877.02,111717.17,101170000.0,0.68,47.48957724613696,113103.46590636056,113265.9159090508,-162.4500026902533,-227.6375789708597,65.18757628060638,0.006758916155275019,3.0738635108895626e-05,0.008119939319178237,Sideways,False,False,True
2025-03-05,112253.76,112952.94,113327.12,112146.1,152190000.0,-0.43,45.20161551066539,112972.7419207666,113190.94139726929,-218.19947650266116,-225.74995847722,7.550481974558863,-0.0043464917804793,0.0001724676308067663,0.008011449281178378,Sideways,False,False,True
2025-03-06,113713.18,112506.52,113871.22,112446.01,240890000.0,1.3,52.53577417054923,113086.65547141792,113229.62573821229,-142.9702667943784,-209.19402014065167,66.22375334627327,0.013001078983902126,0.0015525052545112216,0.007704237081688413,Sideways,False,False,True
2025-03-07,114398.7,114169.2,114721.58,114169.2,233230000.0,0.6,55.545473126718505,113288.50847581516,113316.22383167804,-27.715355862892466,-172.89828728509983,145.1829314222074,0.006028500829895034,0.0018440573264016658,0.007760386744620335,Sideways,False,False,True
2025-03-10,114356.34,114432.8,115048.42,114152.31,165910000.0,-0.04,55.31207513591559,113452.79024876669,113393.26947377596,59.52077499071311,-126.41447482993726,185.9352498206504,-0.0003702839280516068,0.001347387816154111,0.007555529256387084,Sideways,False,False,True
2025-03-11,114177.66,114180.1,114486.2,113610.31,171980000.0,-0.16,54.276070926965794,113564.30867203334,113451.37247571848,112.9361963148549,-78.54434060097883,191.4805369158337,-0.0015624844236882263,0.0005364391414444614,0.0068932340959572454,Sideways,False,False,True
2025-03-12,114084.54,114503.4,114661.89,114001.5,128440000.0,-0.08,53.71144590787979,113644.34426095129,113498.2737738134,146.0704871378839,-33.621375053206286,179.6918621910902,-0.0008155711020878531,0.000533462423658021,0.006893834431816858,Sideways,False,False,True
2025-03-13,115094.24,114429.93,115247.4,114429.93,210930000.0,0.89,58.725279649780994,113867.40514388186,113616.49349427166,250.9116496101924,23.28522987947345,227.6264197307189,0.008850454233325644,0.0011357638343433174,0.00707473418048501,Sideways,False,False,True
2025-03-14,115536.17,115705.29,115730.98,115162.69,205480000.0,0.38,60.73021620948161,114124.13819866926,113758.69175395524,365.4464447140053,91.71747284637983,273.7289718676255,0.003839722995694572,0.0015404199584218015,0.00698109776107906,Sideways,False,False,True
2025-03-17,116199.59,116012.73,116626.83,115883.22,286470000.0,0.57,63.58953440123254,114443.43847579708,113939.49903144003,503.93944435702,174.1618671485079,329.77757720851207,0.005742097907521115,0.0019799846321987722,0.006953620707394752,Sideways,False,False,True
2025-03-18,117001.09,116657.45,117202.1,116490.82,274470000.0,0.69,66.74033883413007,114836.92332567443,114166.28354762968,670.6397780447587,273.45744932775807,397.18232871700064,0.006897614698984755,0.0017230631867443669,0.0066508510285237165,Sideways,False,False,True
2025-03-19,117974.03,117198.36,118243.63,116882.8,301110000.0,0.83,70.12048845284217,115319.55512172452,114448.33884039785,871.2162813266768,393.00921572754186,478.207065599135,0.00831564902515014,0.002026561875765431,0.006812486230821555,Sideways,False,False,True
2025-03-20,118769.77,118525.01,119421.81,118444.04,401600000.0,0.67,72.57536042069883,115850.35741069,114768.4448522202,1081.9125584697758,530.7898842759887,551.1226741937871,0.006745043803284556,0.0021888045990432923,0.006887652736050581,Sideways,False,False,True
2025-03-21,118442.18,119078.91,119405.92,118334.4,172210000.0,-0.28,70.0247107855387,116249.09934750693,115040.57338168538,1208.5259658215364,666.3371005850983,542.1888652364381,-0.002758193435922429,0.002463343023399811,0.006550909284797508,Sideways,False,False,True
2025-03-24,116439.62,118797.7,118797.7,116257.52,167110000.0,-1.69,56.86746324722768,116278.41021712124,115144.2064645235,1134.2037525977505,759.9104309876287,374.2933216101216,-0.016907490220122612,0.0009401505192264181,0.007331064712422918,Sideways,False,False,True
2025-03-25,116633.17,116375.71,116904.55,115877.88,158060000.0,0.17,57.69483265919602,116332.98864525644,115254.50005974398,1078.4885855124594,823.6260618925949,254.86252361986453,0.001662234899083348,0.0009366752674054568,0.007330686178254883,Sideways,False,False,True
2025-03-26,117772.31,117935.8,118220.88,117178.23,231390000.0,0.98,62.28074901947964,116554.42269983236,115441.00449976294,1113.4182000694273,881.5844895279614,231.83371054146585,0.009766861348276867,0.0017156719203283211,0.007403116780658107,Sideways,False,False,True
2025-03-27,117806.75,118037.7,118147.25,117551.42,193470000.0,0.03,62.41340791805723,116747.0884383197,115616.24490718792,1130.843531131788,931.4362978487268,199.4072332830613,0.00029242867020262686,0.0017645540263541148,0.007389644977133627,Sideways,False,False,True
2025-04-03,118938.11,117873.59,119179.46,117508.07,201030000.0,0.96,66.57250893763091,117084.1686785782,115862.30898813697,1221.8596904412552,989.5209763672326,232.33871407402265,0.009603524416045728,0.002478787121957504,0.00742410775835324,Sideways,False,False,True
2025-04-04,118791.66,119155.22,120796.67,118718.26,313410000.0,-0.12,65.56119356408442,117346.85965110463,116079.29795197866,1267.561699125974,1045.129120918981,222.43257820699296,-0.001231312654959793,0.0029756150210664854,0.0067661189889473144,Sideways,False,False,True
2025-04-07,114909.49,117601.62,117601.62,110103.98,389420000.0,-3.27,45.729557622938174,116971.87970478083,115992.64551109137,979.2341936894954,1031.950135473084,-52.715941783588505,-0.03268049288982067,0.0010036445688117012,0.010384954379619237,Sideways,False,False,True
2025-04-08,115532.43,115800.77,116692.29,115560.91,338910000.0,0.54,48.42545554032251,116750.42590404532,115958.55547323271,791.8704308126034,983.934194540988,-192.0637637283845,0.005421136235135959,0.0014920259695924642,0.010349722136321368,Sideways,False,False,True
2025-04-09,114153.16,115092.12,115092.12,112891.49,267600000.00000003,-1.19,43.29701005912857,116350.8465341922,115824.82247521548,526.0240589767345,892.3521674281374,-366.3281084514029,-0.011938379552823286,0.00024505304275619367,0.01039239823212708,Sideways,False,False,True
2025-04-10,116189.21,117094.15,117484.17,116130.9,391050000.0,1.78,51.46782887966583,116325.97937508572,115851.81414371805,474.165231367675,808.714780216045,-334.54954884837,0.017836124729267322,0.0008354342377248081,0.01105265725361816,Sideways,False,False,True
2025-04-11,114853.33,115937.38,115937.38,114639.92,250710000.0,-1.15,46.71174600171398,116099.41793276485,115777.85235529448,321.5655774703482,711.2849396669056,-389.7193621965574,-0.011497453162819582,0.0002790757759864093,0.011391407370039165,Sideways,False,False,True
2025-04-14,116390.04,115448.73,116494.2,115246.21,273770000.0,1.34,52.18546677024765,116144.1290200318,115823.19958823564,320.9294317961612,633.2138380927568,-312.28440629659553,0.01337976008183639,0.00102618800126264,0.0117486665028371,Sideways,False,False,True
2025-04-15,116775.5,116739.03,117362.23,116645.69,215170000.0,0.33,53.47637907277647,116241.26301694996,115893.74035947744,347.52265747252386,576.0756019687102,-228.55294449618637,0.003311795407923368,0.0012325563267632012,0.011750861769540348,Sideways,False,False,True
2025-04-16,116020.11,117187.51,117424.04,115776.12,248070000.0,-0.65,50.59361482771561,116207.23947588072,115903.10107359022,304.1384022905113,521.6881620330704,-217.5497597425591,-0.0064687370210361195,0.000466596764045113,0.011727421675376493,Sideways,False,False,True
2025-04-17,116901.13,116073.7,117216.03,115818.07,221690000.0,0.76,53.72673124647196,116313.99186420676,115977.02914221316,336.96272199359373,484.74307402517513,-147.7803520315814,0.007593683543309915,0.00065429479142588,0.011813971965174372,Sideways,False,False,True
2025-04-18,117315.59,117360.6,117888.13,116759.07,212790000.0,0.35,55.16709399667479,116468.08388509804,116076.18179834553,391.9020867525105,466.1748765706423,-74.27278981813174,0.0035453891677521554,0.000544459354437432,0.01177432565498898,Sideways,False,False,True
2025-04-21,118383.38,117712.7,118827.47,117712.7,367340000.0,0.91,58.73120635054207,116762.74482585218,116247.08536883844,515.659457013724,476.0717926592587,39.58766435446535,0.009101859352196984,0.0006546715870980435,0.011847015447227396,Sideways,False,False,True
2025-04-22,118430.35,118546.17,119217.19,118161.68,353610000.0,0.04,58.88603923599882,117019.29946802877,116408.8086748504,610.4907931783528,502.9555927630776,107.5352004152752,0.00039676177517478095,0.00025872722459927553,0.011709025373011913,Sideways,False,False,True
2025-04-23,117226.15,118422.67,118811.24,117120.39,242520000.0,-1.02,53.358777270783136,117051.12262679356,116469.35247671336,581.7701500802214,518.7185042265063,63.05164585371506,-0.010168001698888984,-0.0005869250505094014,0.011826077443754607,Sideways,False,False,True
2025-04-24,115019.82,115269.3,116568.14,114661.2,197690000.0,-1.88,45.0206908793984,116738.6145303638,116361.97970066052,376.63482970328187,490.3017693218615,-113.6669396185796,-0.018821141869796,-0.00139007247220308,0.012507129308812431,Sideways,False,False,True
2025-04-25,115469.35,115099.65,115844.89,113716.6,213620000.0,0.39,46.84329142853225,116543.34306415396,116295.85898209306,247.4840820609097,441.7382318696712,-194.25414980876144,0.003908282937671093,-0.00034928381431339475,0.012003847811338625,Sideways,False,False,True
2025-04-28,114063.9,116305.7,116658.95,113867.81,190220000.0,-1.22,42.13974412744622,116161.89028505336,116130.5286871232,31.36159793015395,359.66290508176775,-328.3013071516138,-0.012171628228616616,-0.0010409769706983929,0.012277295507823562,Sideways,False,False,True
2025-04-29,114872.18,113869.98,115040.59,112935.57,185490000.0,0.71,45.527312221505454,115963.47331812208,116037.31767326224,-73.84435514015786,272.9614530373826,-346.8058081775405,0.007086203435092031,-0.0011750098663576348,0.012167234064051406,Sideways,False,False,True
2025-04-30,111326.58,114066.13,114066.13,110631.84,254490000.0,-3.09,35.663509969372214,115250.10511533408,115688.37414190947,-438.2690265754063,130.71535711482483,-568.9843836902312,-0.03086561080324224,-0.002732911840029878,0.013848099522967342,Sideways,False,False,True
2025-05-02,114113.94,112820.08,114546.88,112820.08,192300000.0,2.5,45.63538195134191,115075.31048220576,115571.74939065691,-496.438908451164,5.284504001627056,-501.7234124527911,0.025037686417745064,-0.0019612037399449112,0.014957369505262086,Sideways,False,False,True
2025-05-05,114102.24,114385.61,114552.21,113077.67,153680000.0,-0.01,45.60343022533333,114925.60733109716,115462.89684320084,-537.2895121036709,-103.23029921943252,-434.0592128842383,-0.00010252910380625924,-0.0019047645623872344,0.014962397377942508,Sideways,False,False,True
2025-05-06,113568.51,114392.83,115093.11,113418.52,165330000.0,-0.47,44.08699600066437,114716.823126313,115322.57189185264,-605.7487655396399,-203.733992483474,-402.0147730561658,-0.00467764699448503,-0.0005046222676204526,0.013128772790285962,Sideways,False,False,True
2025-05-07,110009.03,107007.68,112457.38,107007.68,261520000.0,-3.13,35.58781596766329,113992.54726072637,114928.97619615984,-936.428935433476,-350.2729810734744,-586.1559543600016,-0.03134213876716352,-0.0023427860177354263,0.014731258772066207,Sideways,False,False,True
2025-05-08,103526.82,110842.45,111881.03,101598.91,308030000.0,-5.89,25.82413586766256,112382.43537446077,114084.37203348134,-1701.9366590205757,-620.6057166628946,-1081.330942357681,-0.05892434466516061,-0.004692084273352293,0.01936111544332647,Bear,True,False,False
2025-05-09,107174.64,103949.69,107541.45,102420.82,238400000.0,3.52,36.39892359670637,111581.23608608218,113572.54003100123,-1991.3039449190544,-894.7453623141266,-1096.558582604928,0.035235507088887674,-0.003822115155371275,0.020766570376431006,Bear,True,False,False
2025-05-12,117297.73,117104.12,117327.78,115794.37,345350000.0,9.45,55.40092287545859,112460.69668822335,113848.48002870484,-1387.7833404814735,-993.352957947596,-394.4303825338776,0.09445415445295646,0.0014754652254175271,0.030115379578134902,Bull,False,True,False
2025-05-13,118575.89,120067.12,120067.12,116859.93,366250000.0,1.09,57.14202130434774,113401.49565926591,114198.65854509707,-797.1628858311451,-954.114943524306,156.9520576931609,0.010896715563037729,0.0013513129994775941,0.03006880277136279,Bull,False,True,False
2025-05-14,118536.53,118950.61,119460.54,118148.65,273520000.0,-0.03,57.06813810283818,114191.50094245578,114519.98235657136,-328.4814141155948,-828.9882376425638,500.506823526969,-0.0003319393175121865,0.0011691262632058164,0.030067337680709575,Bull,False,True,False
2025-05-15,119961.91,118871.13,119990.3,118871.13,310690000.0,1.2,59.12907560536278,115079.25618207797,114923.08810793646,156.1680741415039,-631.9569752857503,788.1250494272542,0.012024816316117848,0.002093803930063515,0.030104431903253532,Bull,False,True,False
2025-05-16,119649.14,120292.95,120506.18,119541.15,235070000.0,-0.26,58.465842156467055,115782.31523098904,115273.16602586707,509.14920512195386,-403.7357392042096,912.8849443261632,-0.002607244249445584,0.0015837575404257398,0.030092758191586966,Bull,False,True,False
2025-05-19,119689.63,120164.33,120285.55,119250.68,119530000.0,0.03,58.53069059219398,116383.44058006766,115600.31150543247,783.1290746351733,-166.362776436333,949.4918510715064,0.00033840610973046026,0.001423408387524655,0.03009029960888519,Bull,False,True,False
2025-05-20,118971.13,119891.17,119900.38,118527.09,108110000.0,-0.6,56.8348975235049,116781.54664467264,115850.00176428934,931.5448803832988,53.21875492759333,878.3261254557054,-0.006003026327343508,0.0006681641035476305,0.03007699061556312,Bull,False,True,False
2025-05-21,119931.46,119239.34,120106.21,119128.39,280860000.0,0.81,58.56294815580899,117266.14869933836,116152.3320039716,1113.8166953667678,265.3383430154282,848.4783523513396,0.008071958297781956,0.0010519239296779893,0.030122276249391518,Bull,False,True,False
2025-05-22,119153.04,120234.81,120699.18,119062.03,223280000.0,-0.65,56.58549158975055,117556.43966867094,116374.60667034407,1181.8329983268632,448.6372740777152,733.1957242491479,-0.006490540513723553,0.0012357969889362607,0.030061345047453822,Bull,False,True,False
2025-05-23,119102.67,119214.78,119542.52,118665.26,99800000.0,-0.04,56.45265703711036,117794.32125810618,116576.68543550376,1217.6358226024167,602.4369837826556,615.1988388197611,-0.00042273365413081354,0.00215571739971952,0.029694541152991142,Bull,False,True,False
2025-05-26,118221.12,119211.88,119290.94,118150.28,350580000.0,-0.74,54.060731980435776,117859.98260301292,116698.49540324422,1161.487199768715,714.2470269798675,447.24017278884753,-0.007401597294166451,0.0015902233881276429,0.02976701178370838,Bull,False,True,False
2025-05-27,118332.91,118533.7,118807.92,118143.68,414610000.0,0.09,54.32502287990964,117932.74066408786,116819.56315115203,1113.177512935814,794.0331241710569,319.14438876475697,0.0009456009213921757,0.0022460848456280825,0.029591827386407567,Bull,False,True,False
2025-05-29,118971.41,118512.41,119639.47,118481.98,315840000.0,0.54,55.88607175007494,118092.53594653588,116978.95921402967,1113.5767325062045,857.9418458380865,255.63488666811784,0.005395793951150196,0.0021615643714309905,0.029579686983282116,Bull,False,True,False
2025-05-30,119691.09,119138.77,119913.88,118771.84,211930000.0,0.6,57.64328180579306,118338.46733937653,117179.85779076822,1158.6095486082922,918.0753863921276,240.53416221616453,0.006049184421702547,0.00400730413267823,0.02854394943984284,Bull,False,True,False
2025-06-02,118877.81,120211.57,120590.77,118672.84,164320000.0,-0.68,54.97812237963032,118421.4431333186,117305.6320284891,1115.811104829496,957.6225300796016,158.18857474989443,-0.006794824911361408,0.0024156785662229063,0.028194930037726856,Bull,False,True,False
2025-06-03,120450.87,119129.52,120693.83,119129.52,315240000.0,1.32,58.93320187232938,118733.66265126958,117538.61261897138,1195.050032298197,1005.1080305233206,189.9420017748764,0.013232578897609315,0.003082433966293685,0.02828976030526092,Bull,False,True,False
2025-06-04,121798.87,120954.38,121882.48,120896.13,292410000.0,1.12,62.01282714040747,119205.2330126127,117854.18723978833,1351.0457728243782,1074.295578983532,276.7501938408461,0.011191284878224517,0.0038758805599291624,0.028283195383671928,Bull,False,True,False
2025-06-05,121641.0,122106.82,122281.58,121517.9,407560000.0,-0.13,61.43180231593551,119579.96639528769,118134.69188869288,1445.274506594782,1148.491364505782,296.783142089,-0.0012961532401737363,0.005378179836278652,0.027086748233174047,Bull,False,True,False
2025-06-10,122024.44,122152.23,122611.53,121589.9,235300000.0,0.32,62.35439483836048,119956.0392575511,118422.82137841934,1533.217879131771,1225.43666743098,307.7812117007911,0.0031522266341119654,0.00848200840124228,0.022498668782006386,Bull,False,True,False
2025-06-11,124352.68,123290.25,124588.17,123237.99,332590000.0,1.91,67.44645867536885,120632.44552562016,118862.07016520308,1770.375360417078,1334.4244060281997,435.95095438887824,0.019080112148025297,0.007674238654199162,0.02176565632995333,Bull,False,True,False
2025-06-12,124093.12,124807.1,126718.28,123846.56,371980000.0,-0.21,66.3686608231371,121164.85698321706,119249.555338151,1915.3016450660648,1450.5998538357728,464.7017912302924,-0.0020872891521115378,0.0028471664739457615,0.0076076597010255554,Sideways,False,False,True
2025-06-13,122143.57,122679.01,123058.06,121604.6,238190000.0,-1.57,58.77188860324703,121315.42821656828,119463.92679458424,1851.5014219840375,1530.780167465426,320.72125451861166,-0.01571037943118836,0.001516811724234457,0.008410030448306564,Sideways,False,False,True
2025-06-16,122225.36,122168.26,122903.34,121889.96,181440000.0,0.07,58.98400284948191,121455.41772171162,119668.47740239282,1786.9403193188043,1582.0121978361017,204.9281214827029,0.0006696218229087503,0.0015668897812555038,0.008401420070334212,Sideways,False,False,True
2025-06-17,121971.04,122367.28,122891.61,121815.39,203250000.0,-0.21,57.98502188533097,121534.74422606367,119839.03759480816,1695.7066312555253,1604.7510845199863,90.95554673553876,-0.002080746581560544,0.0008616116363715842,0.008062525408070344,Sideways,False,False,True
2025-06-18,120465.93,121857.97,121905.5,120418.0,122210000.0,-1.23,52.33573407970837,121370.31126820772,119885.47406926684,1484.837198940906,1580.7683074041706,-95.93110846326454,-0.012339896421314389,0.00037497902777814394,0.008561211888774761,Sideways,False,False,True
2025-06-19,120002.59,121103.35,121745.3,119770.03,134100000.0,-0.38,50.69821349661297,121159.89261156038,119894.1493233952,1265.7432881651766,1517.763303556372,-252.02001539119533,-0.0038462327066249857,0.00016574708696037165,0.008613130618307903,Sideways,False,False,True
2025-06-20,120023.24,120234.96,120828.86,119872.16,136800000.0,0.02,50.772140711175,120985.02297901265,119903.7115957363,1081.3113832763338,1430.4729195003645,-349.16153622403067,0.00017207961928167315,0.0004745023842916307,0.008490161612447202,Sideways,False,False,True
2025-06-23,116167.47,118272.0,118798.52,115887.49,196190000.0,-3.21,39.00985405531533,120243.86098224146,119626.95295901508,616.9080232263659,1267.7599402455648,-650.8519170191989,-0.03212519508721812,-0.0015353552849583728,0.010987558566439059,Sideways,False,False,True
2025-06-24,122246.64,120499.53,122725.21,120369.54,318300000.0,5.23,56.22783331551738,120551.9808311274,119821.0038509399,730.9769801874936,1160.4033482339507,-429.4263680464571,0.05233108717956925,0.001405726099706267,0.01621864260443277,Sideways,False,False,True
2025-06-25,122761.64,122753.01,123256.55,122168.76,221150000.0,0.42,57.32690069530949,120891.92839556934,120038.82875087028,853.0996446990612,1098.942607526973,-245.84296282791183,0.0042127947238468355,0.0016375025186051496,0.016224258889404816,Sideways,False,False,True
2025-06-26,122046.46,123031.82,123417.87,122142.43,244240000.0,-0.58,55.25213916807336,121069.54864240484,120187.54217673172,882.0064656730974,1055.555379156198,-173.54891348310048,-0.005825761206839419,0.001716294322971501,0.016181821787262553,Sideways,False,False,True
2025-06-27,124379.07,122229.42,125285.05,122222.7,220310000.0,1.91,60.299013359988926,121578.70577434255,120498.02571919606,1080.6800551464985,1060.580314354258,20.09974079224048,0.0191124756916341,0.002624638061483597,0.016639691232089204,Sideways,False,False,True
2025-06-30,125627.31,124884.07,125748.59,124500.21,258990000.0,1.0,62.72196034536218,122201.56796290525,120877.97270295932,1323.5952599459124,1113.183303472589,210.41195647332347,0.010035772095739137,0.0028566369687130443,0.01671254853874117,Sideways,False,False,True
2025-07-01,128199.43,126114.17,128475.7,126113.28,336910000.0,2.05,67.16840064443602,123124.31596861212,121420.30287311049,1704.0130955016357,1231.3492618783982,472.6638336232375,0.02047421058366994,0.003577888276811414,0.017162779136973273,Sideways,False,False,True
2025-07-02,130344.03,128616.12,130545.95,128616.12,345790000.0,1.67,70.34456823374225,124235.04120421024,122081.31969732452,2153.721506885733,1415.8237108798653,737.8977960058678,0.016728623520400943,0.004754060698399532,0.01722045875304748,Bull,False,True,False
2025-07-03,130686.66,130831.28,131325.11,129776.2,280010000.0,0.26,70.83009167485115,125227.59794202406,122718.75231233751,2508.845629686548,1634.4280946412018,874.4175350453461,0.002628658942032125,0.004223864700620672,0.0171085538770172,Bull,False,True,False
2025-07-04,131949.06,130896.03,132129.59,130716.11,198950000.0,0.97,72.60944835466204,126261.6690278665,123402.47880771992,2859.190220146585,1879.3805197422785,979.809700404307,0.009659746450020101,0.004147287779210451,0.01707912897670802,Bull,False,True,False
2025-07-07,133370.16,132485.75,133862.02,132467.13,344250000.0,1.08,74.49551422955568,127355.28302357937,124140.82556270364,3214.457460875725,2146.3959079689675,1068.0615529067572,0.01077006535704017,0.004750598709071146,0.017089834985205655,Bull,False,True,False
2025-07-08,133403.19,133746.63,134200.27,132696.36,324460000.0,0.02,74.53939693373067,128285.730250721,124826.926632133,3458.8036185880046,2408.877450092775,1049.9261684952298,0.00024765659724779177,0.004605370207227938,0.01711645346416423,Bull,False,True,False
2025-07-09,132576.98,133524.94,133566.38,132326.19,161030000.0,-0.62,71.23758338168896,128945.92251984084,125401.0046593824,3544.9178604584595,2636.085532165912,908.8323282925476,-0.00619333015949608,0.003341698091851869,0.016923423561320226,Sideways,False,False,True
2025-07-10,133782.34,132773.88,133902.34,132706.03,325790000.0,0.91,73.10905702122483,129689.98674755765,126021.84431424296,3668.142433314686,2842.496912395666,825.6455209190194,0.009091774454358381,0.003900651272175365,0.016919288180567586,Sideways,False,False,True
2025-07-11,134299.77,134130.91,134931.95,134130.41,290060000.0,0.39,73.89431603610264,130399.18417101032,126635.0239946694,3764.1601763409126,3026.829565184716,737.3306111561965,0.0038677003257678866,0.004879555260023177,0.016279188261110522,Bull,False,True,False
2025-07-14,136502.55,134937.44,136841.5,134937.44,259910000.00000003,1.64,76.976649536927,131338.16352931643,127365.95184691613,3972.2116824003024,3215.9059886278333,756.3056937724691,0.01640196405399652,0.005666172371577566,0.016444315084934675,Bull,False,True,False
2025-07-15,135939.88,136840.16,137747.61,135826.41,307740000.0,-0.41,74.55512230998936,132046.1199094216,128001.05763603344,4045.062273388161,3381.737245579899,663.3250278082619,-0.004122047536840756,0.005564107323813555,0.016501165228184653,Bull,False,True,False
2025-07-16,136379.97,136169.64,137232.11,135542.89,273100000.0,0.32,75.21194069725414,132712.8660772029,128621.71781114208,4091.148266060816,3523.6194496760827,567.5288163847335,0.0032373869978405967,0.006342971494771305,0.01597071054890773,Bull,False,True,False
2025-07-17,138665.5,136674.98,138943.47,136674.98,299280000.0,1.68,78.33910966245136,133628.65591147938,129365.70167698342,4262.954234495963,3671.4864066400582,591.467827855904,0.016758545994694174,0.007373210429837263,0.015943394570103377,Bull,False,True,False
2025-07-18,138597.36,139600.23,140585.39,138343.73,256320000.0,-0.05,78.02307713700506,134393.07192509793,130049.52821942908,4343.543705668839,3805.897866445815,537.6458392230238,-0.0004913983651305687,0.007340036530616651,0.015959848558735067,Bull,False,True,False
2025-07-21,138217.58,139142.17,139201.16,138149.56,221760000.0,-0.27,76.17848594179276,134981.45778277516,130654.56909206398,4326.888690711188,3910.09603129889,416.79265941229824,-0.002740167633784596,0.008809287903288327,0.013259655016076939,Bull,False,True,False
2025-07-22,139419.63,138197.81,139901.78,138197.81,245770000.0,0.87,77.95497591484296,135664.25350850206,131303.8328630222,4360.42064547987,4000.160954135086,360.25969134478373,0.008696795299121929,0.00662757330926596,0.00843307599093192,Sideways,False,False,True
2025-07-23,139254.36,139966.08,140202.19,139105.05,193420000.0,-0.12,77.10359442916527,136216.57758411713,131892.76079909463,4323.8167850225,4064.8921203125687,258.9246647099312,-0.0011854141342938496,0.0063576628663589265,0.00859918364222238,Sideways,False,False,True
2025-07-24,138692.67,139501.61,139867.83,138614.09,272660000.0,-0.4,74.13999002475079,136597.51487886833,132396.45777693947,4201.057101928862,4092.125116635828,108.93198529303436,-0.004033554137909734,0.006447273219805411,0.008473966930714921,Sideways,False,False,True
2025-07-25,139207.3,138876.06,139436.77,138808.64,190960000.0,0.37,75.08490188386402,136999.02028211937,132900.96460827728,4098.0556738420855,4093.3112280770792,4.744445765006276,0.003710578215849303,0.00567717834601617,0.007945788089540152,Sideways,False,False,True
2025-07-28,139380.06,139759.59,140149.23,139195.84,213990000.0,0.12,75.40973374612494,137365.33408487024,133380.89760025672,3984.436484613514,4071.5362793843674,-87.09979477085244,0.0012410268714357908,0.005237441084801004,0.007935231705455181,Sideways,False,False,True
2025-07-29,137964.81,139733.06,140331.02,137636.38,212750000.0,-1.02,67.63087833017704,137457.56114873636,133720.44666690438,3737.114481831988,4004.651919873891,-267.537438041903,-0.010153891453339892,0.0037060359829505117,0.007794127624066386,Sideways,False,False,True
2025-07-30,138412.25,138141.59,139018.88,137658.81,167690000.0,0.32,68.72916105117224,137604.43635662307,134067.9876545411,3536.44870208198,3911.011276315509,-374.5625742335292,0.0032431458427695237,0.003031762099068941,0.007166272093656516,Sideways,False,False,True
2025-07-31,139390.42,139379.14,140215.22,139083.73,291210000.0,0.71,71.04234831282386,137879.20307098876,134462.24190235286,3416.9611686358985,3812.201254779587,-395.2400861436886,0.007067076794142313,0.0032536829916744504,0.00722164128293215,Sideways,False,False,True
2025-08-01,141034.98,139634.91,141160.94,138957.7,304550000.0,1.18,74.46266903327688,138364.70721391356,134949.11139106748,3415.5958228460804,3732.880168392886,-317.2843455468055,0.01179822831439914,0.003360607084893402,0.007336401326597678,Sideways,False,False,True
2025-08-04,142052.66,141962.94,142323.34,141440.48,349230000.0,0.72,76.32612462935039,138932.08456561915,135475.30017691432,3456.7843887048366,3677.661012455276,-220.87662375043965,0.007215798520338712,0.0031828937430583293,0.00718904024248425,Sideways,False,False,True
2025-08-05,143037.17,142235.7,143281.34,142235.7,262320000.0,0.69,77.99869915741826,139563.63617090852,136035.43868232807,3528.197488580452,3647.768307680312,-119.57081909985936,0.0069305988356713755,0.0035170408549795086,0.0072007319915337285,Sideways,False,False,True
2025-08-06,145088.5,143409.59,145187.17,143409.59,383510000.0,1.43,81.00932392849204,140413.61522153797,136706.03581697043,3707.579404567543,3659.730527057758,47.84887750978487,0.014341237316146449,0.004543769228761635,0.007207265281004315,Sideways,False,False,True
2025-08-07,145647.14,145793.06,146081.03,145250.19,326590000.0,0.39,81.7420497092424,141218.7728797629,137368.3398305282,3850.433049234707,3697.871031493148,152.56201774155898,0.003850339620300902,0.004281697487058761,0.007128045590698629,Sideways,False,False,True
2025-08-08,145382.8,145999.41,146813.44,144917.19,276740000.0,-0.18,80.16586870403569,141859.39243672244,137962.00354678536,3897.38888993708,3737.7746031819343,159.61428675514526,-0.0018149343680901042,0.003997565752365861,0.007257499041437841,Sideways,False,False,True
2025-08-11,146929.84,145650.33,147005.19,145258.5,299280000.0,1.06,82.31511482163057,142639.4612926113,138626.28772850498,4013.173564106313,3792.8543953668095,220.31916873950289,0.010641148746619367,0.0037095249869970037,0.006841680705017258,Sideways,False,False,True
2025-08-12,147005.31,147467.44,147976.98,146894.63,331790000.0,0.05,82.41522248751103,143311.13032451726,139246.95604491202,4064.174279605242,3847.118372214497,217.05590739074523,0.0005136465131929668,0.0039413096894986895,0.006637885405901099,Sideways,False,False,True
2025-08-13,146529.31,147334.3,147892.25,146417.8,298880000.0,-0.32,79.36378316169126,143806.23488997616,139786.38967121483,4019.845218761329,3881.663741523864,138.18147723746551,-0.0032379782743902075,0.0036175414258871495,0.006829190756242412,Sideways,False,False,True
2025-08-15,146491.63,146713.84,147534.41,146269.59,187000000.0,-0.03,79.11407101900969,144219.3725992106,140283.07414001372,3936.298459196871,3892.5906850584656,43.70777413840506,-0.00025714991765124484,0.002766756630269879,0.0061300365667279035,Sideways,False,False,True
2025-08-18,148196.42,146679.73,148395.72,146403.66,229070000.0,1.16,81.89039949610326,144831.22604548588,140869.2479074201,3961.978138065781,3906.468175659929,55.50996240585164,0.011637456692918269,0.0033731993831723206,0.00638537765134432,Sideways,False,False,True
2025-08-19,149770.75,148464.55,150323.39,148293.94,340190000.0,1.06,84.00492486845164,145591.1528077188,141528.6184327964,4062.534374922426,3937.681415512429,124.85295940999777,0.010623266068100712,0.004041371068266586,0.006411129508383798,Sideways,False,False,True
2025-08-20,150591.0,150106.16,151261.67,149931.69,275220000.0,0.55,84.98840591428086,146360.36006806977,142199.90595629293,4160.454111776839,3982.235954765312,178.21815701152718,0.005476703561943852,0.003880366481407682,0.006327957203222516,Sideways,False,False,True
2025-08-21,149235.27,150948.94,151249.63,148272.58,426270000.0,-0.9,76.6045131023648,146802.65390375134,142721.0440336046,4081.609870146756,4002.1107378416,79.49913230515585,-0.009002729246767815,0.0034895007257839837,0.006875105000028916,Sideways,False,False,True
2025-08-22,149493.06,149659.84,150465.17,149448.94,335530000.0,0.17,77.06775742382032,147216.56253394345,143222.67484593016,3993.887688013288,4000.4661278759386,-6.578439862650157,0.0017274066646577602,0.0037775487659123586,0.006660660209084319,Sideways,False,False,True
2025-08-25,148815.31,149828.16,150079.77,148757.14,210520000.0,-0.45,72.97656794063298,147462.52368256752,143636.94411660198,3825.579565965541,3965.488815493859,-139.90924952831756,-0.004533655274699733,0.003365337091384907,0.006915264398242792,Sideways,False,False,True
2025-08-26,148435.06,149096.34,149453.19,148312.58,161930000.0,-0.26,70.70861730640311,147612.14465448022,143992.3601079648,3619.7845465154096,3896.347961698169,-276.5634151827594,-0.002555180646399924,0.003175526715493121,0.00702782450823118,Sideways,False,False,True
2025-08-27,147494.03,148841.67,149237.92,147337.02,186410000.0,-0.63,65.30004577740851,147593.97316917556,144251.7430629304,3342.2301062451734,3785.52439060757,-443.29428436239687,-0.0063396747372217455,0.0033662375512990284,0.006690740996488149,Sideways,False,False,True
2025-08-28,147343.52,147554.39,148042.0,147209.56,306530000.0,-0.1,64.4508931780338,147555.44191237932,144480.7635767874,3074.678335591918,3643.35517960444,-568.676844012522,-0.0010204480818648554,0.0031530578550673094,0.006762408610832799,Sideways,False,False,True
2025-08-29,148617.78,147591.81,149234.95,147488.47,624600000.0,0.86,68.21895336664274,147718.87854124405,144787.2092377661,2931.669303477945,3501.018004379141,-569.3487009011956,0.008648225588746783,0.003232115294797533,0.006819575371746691,Sideways,False,False,True
2025-09-01,149971.13,149079.23,150066.0,148500.2,511820000.0,0.91,71.65530562438181,148065.37876566805,145171.20336830194,2894.1753973661107,3379.649482976535,-485.4740856104245,0.00910624556496531,0.0030975161573258414,0.00666645306298199,Sideways,False,False,True
2025-09-02,150975.48,150318.63,151075.67,150081.41,442000000.0,0.67,73.90988301497916,148513.08664787296,145601.14978546475,2911.9368624082126,3286.106958862871,-374.1700964546585,0.0066969556073892544,0.0030715740116783684,0.006650574123268374,Sideways,False,False,True
2025-09-03,152201.88,151320.5,152805.3,151320.5,337870000.0,0.81,76.38045049366642,149080.59331743096,146090.0927643192,2990.500553111749,3226.985677712647,-236.4851246008975,0.008123173378882464,0.003131202738838923,0.0066922109440954135,Sideways,False,False,True
2025-09-04,152665.72,152599.44,153411.06,152264.97,407270000.0,0.3,77.2576079808489,149632.15126859542,146577.17626325853,3054.975005336892,3192.583543237496,-137.60853790060446,0.003047531344553711,0.002566517440259286,0.006151135090090411,Sideways,False,False,True
2025-09-05,154277.19,153149.44,154511.31,153129.78,471370000.0,1.06,80.0320640345906,150346.77261188845,147147.5476511653,3199.224960723135,3193.9118267346244,5.313133988510799,0.010555545802947819,0.002901777749391632,0.006402389275750169,Sideways,False,False,True
2025-09-08,156087.31,155057.34,156199.3,154944.88,492410000.0,1.17,82.59987939654029,151229.93221005946,147809.75226959752,3420.179940461938,3239.165449480088,181.01449098185049,0.011732907502398637,0.003579169842916069,0.006591004471304781,Sideways,False,False,True
2025-09-09,156563.53,156640.09,157088.81,155044.27,480310000.0,0.31,83.21156162844828,152050.48571620416,148458.18024962733,3592.3054665768286,3309.793452899436,282.5120136773926,0.0030509847341209095,0.003199661642291146,0.00637805597696386,Sideways,False,False,True
2025-09-10,157020.8,156571.73,157479.42,156079.53,437130000.0,0.29,83.80044128769276,152815.14945217274,149092.4483792846,3722.701072888158,3392.3749768971807,330.32609599097714,0.0029206674121360354,0.0033200126872382995,0.006347340246478388,Sideways,False,False,True
2025-09-11,156141.25,157284.66,157816.77,156103.81,402820000.0,-0.56,78.12403557555058,153326.85722876157,149614.5818326709,3712.2753960906703,3456.355060735879,255.9203353547914,-0.005601487191505772,0.0032018372413825215,0.006496122089371097,Sideways,False,False,True
2025-09-12,154439.69,156201.7,156519.14,154360.34,241100000.0,-1.09,68.46239984258472,153498.06227049057,149971.99725247303,3526.0650180175144,3470.297052192206,55.76796582530824,-0.01089756870782066,0.0026698163018740507,0.007192686973779773,Sideways,False,False,True
2025-09-15,155384.52,154612.19,155602.3,154486.2,274670000.0,0.61,70.63410248281507,153788.28653656895,150372.924863401,3415.361673167965,3459.3099763873583,-43.94830321939344,0.006117792647731823,0.0023938330996147285,0.006931646740978974,Sideways,False,False,True
2025-09-16,156180.94,155960.66,156467.92,155781.84,423570000.0,0.51,72.36175106218221,154156.3870694045,150803.14820685275,3353.2388625517488,3438.095753620237,-84.85689106848804,0.005125478393858129,0.0021189437159025992,0.006693020087170033,Sideways,False,False,True
2025-09-17,156177.81,156887.48,157196.59,155960.36,367850000.0,0.0,72.34373748628481,154467.37521257304,151201.27130264143,3266.1039099316117,3403.697384882512,-137.5934749509006,-2.0040857738545803e-05,0.0018441064949184793,0.006660661551305672,Sideways,False,False,True
2025-09-18,157953.47,157020.08,158082.55,156978.84,555470000.0,1.14,75.99463277696387,155003.6974875618,151701.4341691124,3302.263318449375,3383.4105715958844,-81.14725314650923,0.011369476880230378,0.002862716801268389,0.00646956978137691,Sideways,False,False,True
2025-09-19,158037.38,158555.48,159337.45,157522.0,890890000.0,0.05,76.15482630702157,155470.41787409075,152170.7634899189,3299.654384171852,3366.659334111078,-67.00494993922575,0.0005312323939448138,0.002802908087732742,0.00648612559219579,Sideways,False,False,True
2025-09-22,157554.66,158528.16,158850.34,157245.73,833290000.0,-0.31,73.13135071079687,155791.07050884602,152569.5706388138,3221.4998700322176,3337.627441295306,-116.1275712630886,-0.0030544672405984352,0.0028768674894378067,0.006406004431127802,Sideways,False,False,True
2025-09-23,157945.03,158187.31,158831.22,157416.55,771290000.0,0.25,74.0293134008286,156122.44889210048,152967.75281371648,3154.696078384004,3301.041168713046,-146.3450903290418,0.0024776798096608488,0.0031285105122408454,0.0062789819921455345,Sideways,False,False,True
2025-09-24,158236.69,158529.73,159046.59,158133.31,1030000000.0,0.18,74.70938855270134,156447.71675485425,153358.0444571449,3089.67229770936,3258.767394512309,-169.09509680294923,0.0018465918174190854,0.0035378238399728867,0.00588366479917908,Sideways,False,False,True
2025-09-25,159280.09,158849.28,159537.59,158297.44,880270000.0,0.66,77.02704462292456,156883.46648487667,153796.71449735638,3086.751987520285,3224.364313113904,-137.61232559361906,0.006593919526501679,0.003918542220391214,0.005819186351792705,Sideways,False,False,True
2025-09-26,162257.02,159901.56,162422.3,159901.56,562770000.0,1.87,82.07441768980104,157710.16702566488,154423.40379384853,3286.7632318163523,3236.844096854394,49.91913496195821,0.018689906566476733,0.004420626269277711,0.006626014115740684,Sideways,False,False,True
2025-09-29,163847.69,162920.48,163903.63,162058.64,483730000.0,0.98,84.08635462651343,158654.40132940875,155121.49906837827,3532.902261030482,3296.055729689612,236.8465313408697,0.00980339710417466,0.004455483846238178,0.006653736943059921,Sideways,False,False,True
2025-09-30,165493.59,164354.55,166556.3,164208.34,629990000.0,1.0,85.85540299715181,159706.5842018074,155889.80210035024,3816.7821014571527,3400.2010040431205,416.5810974140322,0.010045304880404338,0.004622901309888933,0.00675446605563051,Sideways,False,False,True
2025-10-01,165640.34,166176.66,166522.61,164155.31,1000000000.0,0.09,86.00478863369837,160619.46970922165,156612.06416699098,4007.40554223067,3521.6419116806305,485.7636305500396,0.0008867412931219398,0.004261079705600907,0.006750914604251205,Sideways,False,False,True
2025-10-02,168489.63,166079.48,168619.31,165567.22,776260000.0,1.72,88.53633066054726,161830.26360011063,157491.88385832496,4338.3797417856695,3684.989477701639,653.3902640840306,0.01720166717841809,0.004968786497294125,0.0073337404771615985,Sideways,False,False,True
2025-10-03,168990.06,169041.41,169988.63,168613.41,831080000.0,0.3,88.91556749225964,162931.77073855515,158343.60060956015,4588.170128995,3865.6256079603113,722.5445210346884,0.002970093767788562,0.0045895138955361625,0.007224946466017642,Sideways,False,False,True
2025-10-06,167752.41,169178.98,169326.34,165997.38,623770000.0,-0.73,81.71559253872584,163673.4075480082,159040.54945329644,4632.858094711759,4019.072105310601,613.7859894011576,-0.007323803542054419,0.0036366783433135095,0.00748520760761989,Sideways,False,False,True
2025-10-07,166173.75,168299.2,168518.97,165997.2,629740000.0,-0.94,73.5360515967294,164058.0756175454,159568.93467897817,4489.140938567231,4113.085871961927,376.0550666053032,-0.009410654666600626,0.0030135963732774327,0.008035000948135758,Sideways,False,False,True
2025-10-08,165266.75,166360.55,166947.2,165109.84,554830000.0,-0.55,69.24730638234654,164244.0255225384,159990.99507312794,4253.030449410464,4141.074787451635,111.9556619588293,-0.005458142456314596,0.002594655879854901,0.00825550873423228,Sideways,False,False,True
2025-10-09,164530.81,165526.94,166729.97,164306.77,698870000.0,-0.45,65.88942418445413,164288.14621137863,160327.27766030366,3960.868551074993,4105.033540176306,-144.16498910131304,-0.004453043337513507,0.0026520780725545145,0.008199301708414973,Sideways,False,False,True
2025-10-10,163098.19,163984.81,165262.86,162411.27,607600000.0,-0.87,59.8094000636578,164105.0760250127,160532.53042620711,3572.545598805591,3998.535951902163,-425.9903530965721,-0.008707305336915327,0.002761591241099781,0.008021501442653753,Sideways,False,False,True
2025-10-13,158443.42,161403.91,161988.13,157678.02,686330000.0,-2.85,45.21149949020757,163234.0520211646,160377.78150574732,2856.2705154172727,3770.082864605185,-913.8123491879124,-0.028539679073078528,0.0010287176550592635,0.010590446639830565,Sideways,False,False,True
2025-10-14,165476.02,160821.73,165866.78,160821.73,586850000.0,4.44,60.78472553086683,163578.97017175466,160755.4288016179,2823.54137013675,3580.7745657114983,-757.2331955747477,0.044385560473259034,0.0029917217590293087,0.01435812315281735,Sideways,False,False,True
2025-10-15,165686.38,166756.77,167561.69,165357.2,893800000.0,0.13,61.140535338816726,163903.18706840777,161120.6844459425,2782.502622465283,3421.120177062256,-638.6175545969727,0.0012712415974232005,0.0030562858817873963,0.0143467661427964,Sideways,False,False,True
2025-10-16,164444.72,166280.38,166864.91,164261.66,1390000000.0,-0.75,57.80654830821772,163986.49982711425,161366.9093017986,2619.590525315667,3260.8142467129383,-641.2237213972712,-0.007494037832198375,0.0021131101461659583,0.01439146832948658,Sideways,False,False,True
2025-10-17,163806.22,164983.44,165030.81,163118.02,500440000.0,-0.39,56.11207818005061,163958.76446909667,161547.59898314683,2411.1654859498376,3090.8844945603187,-679.7190086104811,-0.003882763764017527,0.0018924103382678414,0.014450727265459888,Sideways,False,False,True
2025-10-20,166242.91,164912.41,166421.34,164281.95,704430000.0,1.49,60.8308122958095,164310.17147385102,161895.39979921005,2414.7716746409715,2955.6619305764493,-540.8902559354779,0.014875442458778476,0.002788905823236687,0.014681998095921023,Sideways,False,False,True
2025-10-21,167346.83,167004.66,168414.14,166923.59,1000000000.0,0.66,62.78309517749188,164777.3497086432,162299.209443713,2478.1402649301745,2860.157597447195,-382.0173325170204,0.006640403491493085,0.0029970420073282987,0.014706838819009974,Sideways,False,False,True
2025-10-22,166553.28,167781.03,168163.22,166230.91,727760000.0,-0.47,60.450602998979655,165050.5697534673,162614.32578121577,2436.243972251541,2775.374872408064,-339.13090015652324,-0.004741948204217472,0.002667615006246471,0.014807411095714946,Sideways,False,False,True
2025-10-23,164590.41,166457.67,166720.42,164395.39,485010000.0,-1.18,55.00687552134753,164979.77594524156,162760.7023900146,2219.0735552269616,2664.114608971844,-445.0410537448825,-0.011785237732934495,0.0017486571432746623,0.015117971978007986,Sideways,False,False,True
2025-10-24,163304.13,164414.44,165025.86,163041.98,424610000.0,-0.78,51.72000241738124,164721.98426135824,162800.95628705056,1921.0279743076824,2515.497282039012,-594.4693077313295,-0.007815036125130237,0.00042341000869431376,0.014710971836993637,Sideways,False,False,True
2025-10-27,162163.81,163308.91,163570.83,161766.63,363990000.0,-0.7,48.92870818540468,164328.41899038004,162753.76026578757,1574.6587245924748,2327.329570549705,-752.6708459572301,-0.006982799516460525,-0.0004158998223374455,0.014626256342182361,Sideways,False,False,True
2025-10-28,160101.03,162444.28,163380.67,159805.34,374970000.0,-1.27,44.27386192389128,163678.05145339848,162557.2617275811,1120.7897258173907,2086.021601603242,-965.2318757858512,-0.012720347406736443,-0.0015541824366944845,0.0146551032919899,Sideways,False,False,True
2025-10-29,158465.06,160607.77,160690.13,158306.84,390150000.0,-1.02,40.94674486229125,162876.05276826024,162254.1356736862,621.917094574048,1793.2007001974032,-1171.2836056233552,-0.010218360244153346,-0.002109437513558249,0.014767697147732512,Sideways,False,False,True
2025-10-30,156732.88,158996.02,159507.42,156327.61,378020000.0,-1.09,37.71499939753517,161930.94926545097,161845.15377193163,85.795493519312,1451.719658861785,-1365.924165342473,-0.010930990087026027,-0.0035160703768304545,0.01415876408343504,Sideways,False,False,True
2025-10-31,161631.73,158195.55,162194.31,158195.55,408940000.0,3.13,49.785666519814406,161884.91553230467,161829.34460364043,55.57092866423773,1172.4899128222758,-1116.918984158038,0.03125604531735782,-0.0021017727993519917,0.016117931104702637,Sideways,False,False,True
2025-11-03,162803.16,162827.13,163935.03,161892.59,353000000.0,0.72,52.17255362039944,162026.18391195012,161901.47907744485,124.70483450527536,962.9328971588756,-838.2280626536003,0.0072475249754486715,-0.0013732063734768374,0.016198586588583305,Sideways,False,False,True
2025-11-04,161281.77,163286.7,163384.95,161159.27,321600000.0,-0.93,48.92017515396642,161911.65869472703,161855.5747013378,56.08399338921299,781.5631164049431,-725.4791230157301,-0.009344966031371915,-0.001369921941715402,0.01619687770937667,Sideways,False,False,True
2025-11-05,159578.19,161368.19,162052.45,159216.86,333050000.0,-1.06,45.49978984425511,161552.66351092287,161686.87953827574,-134.2160273528716,598.4072876533803,-732.6233150062519,-0.010562756100704895,-0.0016251526239349167,0.01630455199919291,Sideways,False,False,True
2025-11-06,159096.8,160240.88,160590.77,158252.63,286000000.0,-0.3,44.55186878902943,161174.83835539626,161495.02179469974,-320.1834393034805,414.68914226200815,-734.8725815654886,-0.003016640306548246,-0.0015533324723866538,0.01629460035102503,Sideways,False,False,True
2025-11-07,159592.91,159393.02,160435.95,159005.14,216910000.0,0.31,45.80497476801165,160931.46476225837,161354.12462472197,-422.65986246359535,247.21934131688744,-669.8792037804828,0.00311829024845256,-0.0009620526931182593,0.01623579299109628,Sideways,False,False,True
2025-11-10,161538.41,160619.83,161881.45,160406.44,225010000.0,1.22,50.526789275933474,161024.84095268016,161367.77539326108,-342.9344405809243,129.18858493732512,-472.1230255182494,0.012190391164619951,0.0010744508187666645,0.015110005187474768,Sideways,False,False,True
2025-11-11,157870.5,161516.75,161516.75,157765.92,291160000.0,-2.27,42.93219300768367,160539.55772919088,161108.71795672324,-569.160227532353,-10.481177556610504,-558.6790499757425,-0.02270611676814205,-0.0022801330433033897,0.012145025830493275,Sideways,False,False,True
2025-11-12,158183.95,158068.17,159516.41,157203.55,217770000.0,0.2,43.710842535584376,160177.15654008457,160892.06847844744,-714.9119383628713,-151.36732971786267,-563.5446086450086,0.0019854881057577156,-0.0022444207178866638,0.012157062384492521,Sideways,False,False,True
2025-11-13,160657.5,158971.48,160944.52,158971.48,254920000.0,1.56,49.55963443099767,160251.0555339177,160874.69303559948,-623.6375016817765,-245.82136411064545,-377.81613757113104,0.01563717431509315,-0.0010878601105220875,0.012718675582520954,Sideways,False,False,True
2025-11-14,161935.19,161308.72,162118.77,160791.78,239780000.0,0.8,52.3158006255462,160510.15314408424,160953.24836629583,-443.0952222115884,-285.2761357308341,-157.81908648075432,0.007952881129110079,-0.0004960778658657072,0.012856390698634406,Sideways,False,False,True
2025-11-17,161687.19,163077.95,163602.16,161481.69,521410000.0,-0.15,51.72500323143024,160691.23573730205,161007.61441323688,-316.3786759348295,-291.4966437716332,-24.8820321631963,-0.0015314768828196268,-0.0013164238329456124,0.012336889307750336,Sideways,False,False,True
2025-11-18,160935.13,162089.33,162344.66,160583.91,302860000.0,-0.47,49.88523461158088,160728.75793156328,161002.24519744157,-273.4872658782697,-287.8947681929605,14.407502314690817,-0.004651327046997333,-0.0018810103598701333,0.012211326143532037,Sideways,False,False,True
2025-11-19,162226.28,161279.02,162741.73,161279.02,361890000.0,0.8,52.9775035329155,160959.145942092,161092.9144420755,-133.76849998350372,-257.0695145510692,123.30101456756546,0.008022797757083922,-0.0012427730618050636,0.012386254585300911,Sideways,False,False,True
2025-11-20,162936.94,162871.27,163817.83,162646.98,208140000.0,0.44,54.6366566402848,161263.42195100093,161229.50892784767,33.91302315326175,-198.873007010203,232.78603016346477,0.004380671245127532,-0.0004344776129019623,0.0121879567051005,Sideways,False,False,True
2025-11-21,162102.92,163016.59,163357.52,161853.59,254630000.0,-0.51,52.30418434881901,161392.5754970008,161294.20604430337,98.36945269742864,-139.42451506867667,237.7939677661053,-0.0051186673813807815,-0.00029965917571448953,0.01211672387951824,Sideways,False,False,True
2025-11-24,161984.09,162206.17,162385.33,161241.47,154380000.0,-0.07,51.96380154751744,161483.57772823144,161345.30855954016,138.26916869127308,-83.88577831668673,222.1549470079598,-0.0007330528037373663,1.2828159921668413e-05,0.012015462521271031,Sideways,False,False,True
2025-11-25,161692.48,162394.41,162819.84,161276.81,162000000.0,-0.18,51.08520933267527,161515.71653927278,161371.0249625372,144.6915767355822,-38.17030730623294,182.86188404181516,-0.0018002385295987633,0.0005588336037785524,0.01164891335414729,Sideways,False,False,True
2025-11-26,163188.53,161984.45,163397.23,160564.86,234700000.0,0.93,55.26418786433929,161773.0724563077,161505.65496531222,267.41749099548906,22.947252354111463,244.4702386413776,0.009252440187694555,0.0015323736253709474,0.011513657220068226,Sideways,False,False,True
2025-11-27,165373.31,163509.3,165611.11,163509.3,175280000.0,1.34,60.56301694426983,162326.9551553373,161792.14793084463,534.8072244926589,125.31924678182096,409.4879777108379,0.013388073291670688,0.002748326794305783,0.011411843078257058,Sideways,False,False,True
2025-11-28,166677.7,165753.36,167005.05,165753.36,295620000.0,0.79,63.35387098499052,162996.30051605462,162154.04067670798,842.2598393466324,268.70736529478324,573.5524740518491,0.007887548480465245,0.0015799019524611545,0.009349332479244432,Sideways,False,False,True
2025-12-01,168062.19,167229.27,168246.23,166024.8,306600000.0,0.83,66.09637120057448,163775.6681289693,162591.6813673222,1183.986761647102,451.76324456524696,732.223517081855,0.008306390116974205,0.0016328452095374312,0.009386042187230326,Sideways,False,False,True
2025-12-02,167642.28,168499.02,169289.22,167445.94,291890000.0,-0.25,64.51927168656859,164370.53149374324,162965.79978455757,1404.7317091856676,642.3569374893311,762.3747716963364,-0.002498539379976017,0.0019751665421072263,0.009084603203569118,Sideways,False,False,True
2025-12-03,166145.34,168107.55,168160.88,166115.17,258780000.0,-0.89,59.10501692974282,164643.57895624428,163201.32128199775,1442.2576742465317,802.3370848407712,639.9205894057604,-0.008929370323524588,0.0020568358309662415,0.008972608359133912,Sideways,False,False,True
2025-12-04,166283.55,166501.19,166837.09,165886.27,167560000.0,0.08,59.44341692294206,164895.88219374514,163429.63452036827,1466.2476733768708,935.1192025479912,531.1284708288797,0.0008318620311589253,0.0022492609478516,0.008899042428503232,Sideways,False,False,True
2025-12-05,167085.58,167772.2,167923.45,166369.73,225680000.0,0.48,61.43757891858903,165232.75877932282,163700.44529663728,1532.3134826855385,1054.5580585755006,477.7554241100379,0.00482326724441462,0.002334509797649703,0.008915955880222233,Sideways,False,False,True
2025-12-08,168303.25,167386.44,168755.19,167386.44,328070000.0,0.73,64.30707045490968,165705.14204404238,164041.39379318268,1663.7482508597022,1176.396097032341,487.3521538273613,0.007287702505506477,0.0020893753646940294,0.008695386007533817,Sideways,False,False,True
2025-12-09,169456.39,169382.09,169601.05,168880.22,433910000.0,0.69,66.82470432141562,166282.2571141897,164442.5046233173,1839.7524908724008,1309.067375800353,530.6851150720479,0.006851561095819747,0.0035672592578921193,0.006491955286405174,Sideways,False,False,True
2025-12-10,169451.86,169806.31,170697.75,169239.23,497180000.0,0.0,66.8047692087979,166769.8883273913,164813.56798455305,1956.3203428382112,1438.5179692079246,517.8023736302866,-2.6732541629326256e-05,0.0034666482255227673,0.006533220817900864,Sideways,False,False,True
2025-12-11,168574.69,170089.28,170301.48,168548.45,656550000.0,-0.52,62.89231319949183,167047.55012317724,165092.16961532691,1955.380507850321,1541.890476936404,413.49003091391705,-0.0051765144389680495,0.002425963787819707,0.006138311890448468,Sideways,False,False,True
2025-12-12,169864.53,168937.33,170052.88,168421.55,309700000.0,0.77,66.04169131721923,167480.93164268843,165445.67779196936,2035.2538507190768,1640.5631516929386,394.690699026138,0.007651445184327477,0.002410891990580577,0.006124381308260117,Sideways,False,False,True
2025-12-15,170741.34,170549.69,171001.7,170292.95,410450000.0,0.52,68.02816503073436,167982.53292842867,165837.94906663828,2144.5838617903937,1741.3672937124295,403.216568077964,0.005161819245018462,0.0027455567969724816,0.006080331533303703,Sideways,False,False,True
2025-12-16,170447.3,171403.38,171922.59,170191.98,475390000.0,-0.17,66.6207191942287,168361.72786251656,166179.3824691095,2182.3453934070712,1829.562913651358,352.7824797557132,-0.0017221371227378324,0.0028920162931854567,0.005926104561582083,Sideways,False,False,True
2025-12-17,170313.86,170737.14,171392.63,169230.5,435470000.0,-0.08,65.95383976469839,168662.05588366787,166485.64006399026,2176.415819677612,1898.9334948566088,277.48232482100275,-0.0007828812776735639,0.0024517323414475823,0.005851488990820328,Sideways,False,False,True
2025-12-18,171960.66,170804.66,172248.94,170804.66,392430000.0,0.97,69.95145474910166,169169.53344002663,166891.19709628727,2278.3363437393564,1974.8140646331583,303.52227910619786,0.009669207191945528,0.002716159138788482,0.006059056953218396,Sideways,False,False,True
2025-12-19,171404.48,172289.3,172674.66,171149.06,326400000.0,-0.32,67.08644061648923,169513.37137233024,167225.51434841414,2287.857023916091,2037.422656489745,250.4343674263457,-0.003234344413425627,0.0028103752871862396,0.00594438126723984,Sideways,False,False,True
2025-12-22,171204.19,171624.56,172167.63,170858.66,326750000.0,-0.12,66.03750399071484,169773.49731504868,167520.23106334644,2253.26625170224,2080.5913755322445,172.6748761699955,-0.0011685225497023444,0.002788601799887991,0.00595882347987461,Sideways,False,False,True
2025-12-23,171073.73,171596.97,171867.31,170968.31,239250000.0,-0.08,65.32107914041904,169973.5331127335,167783.45320680225,2190.079905931256,2102.489081612047,87.59082431920888,-0.000762014060520344,0.002840513023341912,0.00592114627032924,Sideways,False,False,True
2025-12-24,170830.22,171469.52,171587.31,170641.13,319890000.0,-0.14,63.92699686874144,170105.3310953899,168009.139635928,2096.191459461901,2101.2295571820177,-5.038097720116639,-0.0014234213517178018,0.002306719946371294,0.005792504754791957,Sideways,False,False,True
2025-12-26,172400.73,171220.16,172582.95,171146.14,346400000.0,0.92,68.58388794054112,170458.46938840684,168334.44262585926,2124.0267625475826,2105.7889982551305,18.237764292452084,0.00919339681234388,0.0020969861224049537,0.005435067791695034,Sideways,False,False,True
2025-12-29,173896.34,173200.42,174411.73,173200.42,360620000.0,0.87,72.25696535649656,170987.37255942117,168746.43502394375,2240.937535477424,2132.8187056995894,108.11882977783443,0.008675195284845838,0.002136368462623983,0.005481886345016592,Sideways,False,False,True
2025-12-30,174472.8,174270.84,174805.16,174121.42,415890000.0,0.33,73.54102771869127,171523.59216566407,169170.61020735532,2352.981958308752,2176.851356221422,176.13060208732986,0.003314963385658398,0.001886797126058193,0.005296695503259084,Sideways,False,False,True
2025-12-31,174054.31,174791.31,175232.91,173564.33,414470000.0,-0.24,70.97285048878622,171912.9333709465,169532.36574755123,2380.567623395269,2217.594609656192,162.9730137390775,-0.002398597374490441,0.0018917942263324717,0.0052923858522091515,Sideways,False,False,True
2026-01-01,176355.48,174437.7,176658.39,174437.7,799090000.0,1.32,75.94694319605014,172596.40208310855,170037.78161810298,2558.6204650055734,2285.799780726068,272.82068427950526,0.013220988322552918,0.0029993121586363468,0.005225941010261205,Sideways,False,False,True
2026-01-02,179034.94,177030.02,179467.84,176709.52,513440000.00000006,1.52,80.2012637798513,173586.94637801492,170704.2377945398,2882.70858347512,2405.1815412758788,477.5270421992409,0.015193517093996745,0.0037173949117782377,0.005860602926388778,Sideways,False,False,True
2026-01-05,182408.23,179535.47,183964.38,179535.47,633100000.0,1.88,84.03071464516648,174944.06693524338,171571.20018012944,3372.866755113937,2598.7185840434904,774.1481710704466,0.018841517750669334,0.0044183074370909734,0.006767870057629141,Sideways,False,False,True
2026-01-06,185062.11,183121.45,185481.45,181182.06,596930000.0,1.45,86.27920306410353,176500.68894520594,172570.5268334532,3930.162111752754,2865.007289585343,1065.1548221674109,0.014549124236335143,0.004781378523632407,0.0071157381016923975,Sideways,False,False,True
2026-01-07,186518.72,185845.56,187015.13,184896.7,569860000.0,0.79,87.33337797062393,178041.92449209734,173603.7263272715,4438.198164825852,3179.645464633445,1258.5527001924063,0.007870925064023204,0.00483234672204258,0.0071349714442822156,Sideways,False,False,True
2026-01-08,185543.02,186998.48,187905.17,185199.38,576350000.0,-0.52,82.74726562085633,179195.9391856208,174488.11845117732,4707.820734443492,3485.2805185954544,1222.540215848038,-0.0052311103142891335,0.004572127833409589,0.007411075536459819,Sideways,False,False,True
2026-01-09,184409.67,185700.13,186180.31,183700.84,393480000.0,-0.61,77.64668322555463,179998.0516186022,175223.04819553453,4775.003423067683,3743.225099489901,1031.7783235777824,-0.006108286908340643,0.00452553920994096,0.007478209025806507,Sideways,False,False,True
2026-01-12,182384.16,184045.17,184439.06,182303.56,418830000.0,-1.1,69.41185078519499,180365.14521574037,175753.50092179124,4611.644293949095,3916.90893838174,694.7353555673558,-0.010983751557063215,0.003593779372871425,0.008194837522857665,Sideways,False,False,True
2026-01-13,183951.52,182702.06,184304.88,180589.95,437360000.0,0.86,71.89569187231953,180916.8951825495,176360.76159425118,4556.133588298311,4044.753868365054,511.3797199332571,0.008593728753637286,0.0037653748483023664,0.008265030082794595,Sideways,False,False,True
2026-01-14,182569.81,184400.81,184726.59,182369.88,444260000.0,-0.75,66.74987981961681,181171.1897698496,176820.69110578814,4350.498664061423,4105.902827504328,244.5958365570941,-0.007511272535285385,0.0034759180776749886,0.008563318365842457,Sideways,False,False,True
2026-01-15,181456.34,183073.45,183717.55,180783.63,281310000.0,-0.61,62.84618147404646,181215.05903602653,177164.0725053594,4050.986530667142,4094.919568136891,-43.93303746974925,-0.006098872535387989,0.0032101185147892673,0.008782171720513028,Sideways,False,False,True
2026-01-16,185098.83,182559.69,185208.98,182559.69,381920000.0,2.01,69.1932862409383,181812.5622612532,177751.83231977723,4060.729941475991,4088.081642804711,-27.351701328720083,0.020073644161455073,0.0037303403632647446,0.009466423538810484,Sideways,False,False,True
2026-01-19,187761.69,186151.23,187882.05,186127.34,450870000.0,1.44,72.84544427913585,182727.8126825989,178493.303259053,4234.509423545882,4117.367198952946,117.14222459293616,0.014386152521871809,0.004611365210029616,0.009603085361692966,Sideways,False,False,True
2026-01-20,188621.78,188579.17,188958.38,187192.02,454300000.0,0.46,73.92086314278511,183634.576885276,179243.56079541944,4391.016089856566,4172.0969771336695,218.9191127228969,0.004580753400760251,0.004898829007552746,0.009506526419380785,Sideways,False,False,True
2026-01-21,187033.27,189095.63,189523.44,186626.84,703360000.0,-0.84,68.5232282826588,184157.4527490797,179820.57629205502,4336.876457024686,4205.052873111873,131.82358391281286,-0.008421667953722012,0.004515846312892663,0.00989301674721036,Sideways,False,False,True
2026-01-22,187688.16,187391.55,188106.81,186825.63,462470000.0,0.35,69.51163061021501,184700.6384799905,180403.3602704213,4297.278209569224,4223.497940403344,73.78026916587987,0.003501462600744798,0.004762090510515793,0.0097982414552103,Sideways,False,False,True
2026-01-23,189166.83,187926.5,189566.64,186637.56,407930000.0,0.79,71.6744003006724,185387.7448676843,181052.50617631603,4335.238691368257,4245.846090596327,89.39260077193012,0.00787833393433024,0.004696337366615111,0.009771314636259007,Sideways,False,False,True
2026-01-26,188587.66,189788.69,191032.73,188268.39,449790000.0,-0.31,69.59204349802181,185880.0395034252,181610.6657188112,4269.373784614028,4250.551629399867,18.822155214161285,-0.0030616889863830377,0.0041094931530536675,0.009871706365150102,Sideways,False,False,True
2026-01-27,188202.86,188775.66,189521.31,187538.23,341590000.0,-0.2,68.17485061799886,186237.39650289825,182098.97640630664,4138.42009659161,4228.125322838216,-89.70522624660589,-0.002040430429011142,0.00384172346232019,0.009966568894384142,Sideways,False,False,True
2026-01-28,188380.39,188901.75,189183.88,188179.52,423530000.0,0.09,68.49362919348694,186567.08781014467,182564.26630213577,4002.8215080088994,4183.064559872353,-180.24305186345373,0.0009432906598763058,0.004008817864038528,0.009884113550184412,Sideways,False,False,True
2026-01-29,182338.13,188686.06,188923.41,181961.16,413820000.0,-3.21,50.09995932480556,185916.47891627625,182547.51546494052,3368.9634513357014,4020.244338165023,-651.2808868293214,-0.032074782306162564,0.0017440293326027533,0.012504304706421356,Sideways,False,False,True
2026-01-30,184174.48,183166.67,186619.52,182347.48,344200000.0,1.01,54.131520776559725,185648.47908300295,182668.03135642645,2980.447726576531,3812.2850158473248,-831.8372892707939,0.010071124454331004,0.0014879097006194665,0.012264486460024308,Sideways,False,False,True
2026-02-02,185057.83,184441.94,185611.73,182792.41,215800000.0,0.48,55.97416717214577,185557.6099933102,182845.05347817263,2712.5565151375777,3592.339315705376,-879.782800567798,0.0047962671049754935,0.0007856471683347743,0.011602787771886766,Sideways,False,False,True
2026-02-03,186900.73,185555.89,187518.8,185545.94,390200000.0,1.0,59.61885187087344,185764.2438404933,183145.47396127097,2618.7698792222945,3397.62542840876,-778.8555491864654,0.009958508645648845,0.0005561163888004594,0.011359029324298065,Sideways,False,False,True
2026-02-04,187832.08,187193.3,188312.2,187018.69,767510000.0,0.5,61.359806710957706,186082.37248041737,183492.62996413975,2589.7425162775908,3236.048845982526,-646.3063297049353,0.004983126604160226,0.00041172646580731054,0.011279227346413477,Sideways,False,False,True
2026-02-06,184129.58,188023.59,188036.31,183547.3,798690000.0,-1.97,51.79895331537488,185781.94286804547,183539.8114482776,2242.1314197679167,3037.265360739604,-795.1339409716875,-0.019711755308251977,-0.0003123057838908316,0.012095729735653728,Sideways,False,False,True
2026-02-09,182340.38,185027.17,185650.59,180992.8,597720000.0,-0.97,47.91368716312482,185252.4716575769,183450.96467433107,1801.5069832458685,2790.113685240857,-988.6067019949888,-0.009717069902619557,-0.0004927449336047773,0.012213090268276942,Sideways,False,False,True
2026-02-10,182153.55,183101.94,183216.67,181499.3,636100000.0,-0.1,47.5129275133161,184775.71447948815,183354.85988363987,1420.854595848301,2516.261867362346,-1095.407271514045,-0.0010246221928462695,5.211534606069934e-06,0.011963308741140944,Sideways,False,False,True
2026-02-11,183049.81,182739.72,183801.7,182054.66,350080000.0,0.49,49.68701282702545,184510.1907134131,183332.26359596287,1177.927117450221,2248.5949173799213,-1070.6677999297003,0.004920354283515227,-0.00017845718890003304,0.011852194291402659,Sideways,False,False,True
2026-02-12,180512.66,182700.31,182757.09,178725.25,448220000.0,-1.39,44.11619344903242,183895.1859882726,183123.404070336,771.7819179366052,1953.232317491258,-1181.450399554653,-0.01386043503678036,-0.0004959153139747818,0.012140463930709224,Sideways,False,False,True
2026-02-13,179603.73,180577.78,180832.66,178237.14,379800000.0,-0.5,42.287030661161545,183234.9619900768,182862.68747253332,372.2745175434684,1637.0407575017002,-1264.7662399582318,-0.0050352701023850255,-0.00044273519232463363,0.012116935678209553,Sideways,False,False,True
2026-02-16,174453.94,179926.88,179969.23,173574.27,378710000.0,-2.87,33.74897977347571,181884.035530065,182239.81728938277,-355.7817593177315,1238.476254137814,-1594.2580134555456,-0.028673068204095764,-0.0028800708106021754,0.012663250302418399,Sideways,False,False,True
2026-02-17,173150.42,174783.16,176131.34,171693.41,424960000.0,-0.75,31.988395308690272,180540.40237159343,181566.52860128036,-1026.1262296868665,785.555757372878,-1811.681987059744,-0.007472000918981814,-0.003972978482644857,0.012021635466663455,Sideways,False,False,True
2026-02-18,178853.09,174328.61,178974.17,174328.61,424990000.0,3.29,45.40628184557014,180280.8158528868,181365.53314933364,-1084.7172964468773,411.501146608927,-1496.2184430558043,0.03293477428469416,-0.0025552774384481614,0.014499896599923493,Sideways,False,False,True
2026-02-19,172170.3,179279.73,179279.73,171647.34,229010000.0,-3.74,36.354676096690895,179033.04418321187,180684.40476790152,-1651.3605846896537,-1.071199650789083,-1650.2893850388643,-0.037364688527327106,-0.004002428467128416,0.016431818727927087,Bear,True,False,False
2026-02-20,173169.7,172716.16,174148.33,169592.53,245480000.0,0.58,38.33446288630943,178130.9912319485,180127.75997027918,-1996.7687383306911,-400.2107073867695,-1596.5580309439215,0.005804717770719003,-0.0038872657086297057,0.016495127118405492,Bear,True,False,False
2026-02-23,167691.08,172962.95,174336.86,166886.63,204730000.0,-3.16,32.38691416809169,176524.85104241795,179206.52441692515,-2681.673374507198,-856.5032408108552,-1825.1701336963424,-0.031637289895403264,-0.005863046900116381,0.017355805089015783,Bear,True,False,False
2026-02-24,166258.55,167685.83,169237.52,163907.59,345390000.0,-0.85,31.03121109134545,174945.4201128152,178247.4152008566,-3301.995088041411,-1345.6016102569663,-1956.3934777844445,-0.008542672633511605,-0.00613709608247281,0.017352515613613718,Bear,True,False,False
2026-02-25,164626.3,167607.55,168191.66,164229.36,351260000.0,-0.98,29.51518008511526,173357.8631723821,177238.4437044969,-3880.580532114778,-1852.597394628529,-2027.9831374862488,-0.009817540210714015,-0.006525951571557953,0.01734301769402568,Bear,True,False,False
2026-02-26,168893.09,164815.44,169374.27,162953.64,355320000.0,2.59,38.03715036381305,172670.9749920156,176620.26935601563,-3949.2943640000303,-2271.9367885028296,-1677.3575754972007,0.025918033752808656,-0.005277214416911336,0.01875108517078474,Bear,True,False,False
2026-02-27,168062.17,167718.13,169379.97,165811.88,222440000.0,-0.49,37.09651741275003,171961.92807016705,175986.33607038483,-4024.40800021778,-2622.43103084582,-1401.97696937196,-0.004919798672639475,-0.003919465235235181,0.01765995939523678,Bear,True,False,False
2026-03-02,151973.0,152717.47,159328.59,151747.95,479700000.0,-9.57,24.47533638764825,168886.70836706442,174207.5704355415,-5320.862068477087,-3162.117238372073,-2158.744830105013,-0.09573344197566891,-0.009209693556735177,0.026754191567467195,Bear,True,False,False
2026-03-03,157132.09,151258.86,158217.02,151258.86,429920000.0,3.39,32.41564162396537,167078.3055413622,172942.7200329088,-5864.414491546602,-3702.576689006979,-2161.837802539623,0.03394741171129079,-0.007752136326419412,0.02830643213272903,Bear,True,False,False
2026-03-04,155777.2,157322.45,157962.48,154790.73,362160000.0,-0.86,31.479604063668347,165339.67391961417,171671.20003047114,-6331.526110856968,-4228.366573376978,-2103.159537479991,-0.00862261807884046,-0.008681192662643878,0.027997796700199338,Bear,True,False,False
2026-03-05,161210.69,156310.7,161476.84,156250.3,402540000.0,3.49,39.07722853086862,164704.4456242889,170896.34743562143,-6191.901811332529,-4621.073620968088,-1570.828190364441,0.03487987972565931,-0.007186355006568923,0.029522354059862404,Bear,True,False,False
2026-03-06,157496.09,161435.83,161435.83,157072.66,196190000.0,-2.3,36.12792893439684,163595.46783593678,169903.73577372354,-6308.267937786761,-4958.512484331823,-1349.755453454938,-0.023041896291120634,-0.007352862055712356,0.02960598840583478,Bear,True,False,False
2026-03-09,146480.16,150174.09,150174.09,144119.44,378010000.0,-6.99,29.11101328790582,160962.34355348497,168168.65608678106,-7206.312533296092,-5408.072494124676,-1798.2400391714154,-0.0699441490896694,-0.010364216015064848,0.03275466308361035,Bear,True,False,False
2026-03-10,156177.13,156209.06,158354.13,155294.66,289650000.0,6.62,40.13365094179181,160226.15685294883,167280.39489516764,-7054.238042218814,-5737.305603743504,-1316.9324384753108,0.06619988672868726,-0.007002990568988171,0.03694474409374972,Bear,True,False,False
2026-03-11,155858.48,157206.97,158624.52,155652.36,232660000.0,-0.2,39.91401936454172,159554.2065678798,166434.32712515522,-6880.120557275426,-5965.868594449888,-914.2519628255376,-0.002040311536010364,-0.00735102385996445,0.036859197019968704,Bear,True,False,False
2026-03-12,154421.44,154679.7,157080.3,153503.7,202930000.0,-0.92,38.88064150916898,158764.55017282136,165544.48363440298,-6779.933461581619,-6128.681567876234,-651.2518937053846,-0.009220159211099754,-0.00711901006868042,0.03683065965318456,Bear,True,False,False
2026-03-13,153866.17,154202.92,155002.11,152780.8,113040000.0,-0.36,38.46622854676384,158010.95322315654,164679.42336518795,-6668.470142031409,-6236.63928270727,-431.8308593241391,-0.0035958089757484046,-0.007047037012348589,0.03683635196133166,Bear,True,False,False
2026-03-16,149178.66,153581.45,153943.7,148747.72,153180000.0,-3.05,35.068135506130474,156652.13888113244,163531.2186714703,-6879.079790337855,-6365.127384233387,-513.9524061044685,-0.03046485137051247,-0.007136626170669425,0.03689385055764299,Bear,True,False,False
2026-03-17,150016.16,150067.91,151503.47,148509.05,145540000.0,0.56,36.1533634635027,155631.2190532659,162530.10321432436,-6898.884161058464,-6471.878739598403,-427.00542146006137,0.0056140737555894216,-0.006482322436940862,0.03700346610741703,Bear,True,False,False
2026-03-18,154292.27,150562.73,154684.45,150284.27,213820000.0,2.85,41.52698780784731,155425.22689122497,161919.89334659663,-6494.666455371655,-6476.436282753053,-18.2301726186015,0.02850432913360801,-0.00670384469449517,0.03676758469890856,Bear,True,False,False
2026-03-19,152740.38,152698.52,153322.97,150728.19,147440000.0,-1.01,40.20447341528398,155012.1735233442,161239.92939499687,-6227.755871652684,-6426.70020053298,198.94432888029587,-0.010058118919372805,-0.005338516214097455,0.036069473739528034,Bear,True,False,False
2026-03-24,153966.36,157190.06,157442.69,153382.02,220480000.0,0.8,41.78185043084842,154851.2791351374,160701.14647684895,-5849.867341711564,-6311.333628768697,461.4662870571328,0.008026561149055533,-0.005227424045180629,0.036109000613614585,Bear,True,False,False
2026-03-25,158313.45,155359.94,158586.09,155199.7,348260000.0,2.82,47.10959768244848,155383.9208066547,160524.28007115645,-5140.359264501749,-6077.138755915308,936.7794914135592,0.02823402462719793,-0.002233858319050569,0.03628563395503762,Bear,True,False,False
2026-03-26,152907.97,157571.13,157591.23,152668.08,313130000.0,-3.41,41.96667395533343,155003.0052979386,159960.10895477448,-4957.103656835883,-5853.131736099424,896.0280792635403,-0.034144161472067,-0.003513932760978339,0.036965127162450186,Bear,True,False,False
2026-03-27,151707.52,153041.83,153660.89,151457.95,244730000.0,-0.79,40.89883413766132,154496.00755979418,159348.8060692356,-4852.7985094414325,-5653.0650907678255,800.266581326393,-0.007850800713658068,-0.0034155957861255414,0.036950088277176996,Bear,True,False,False
2026-03-30,146842.97,151813.61,151813.61,144656.97,308120000.0,-3.21,36.811261021739874,153318.6171659797,158422.4478418848,-5103.830675905105,-5543.218207795282,439.3875318901773,-0.032065318845103996,-0.006314763416021174,0.036801825470052806,Bear,True,False,False
2026-03-31,148743.31,147743.69,150225.63,147743.69,232740000.0,1.29,39.36091118073988,152614.72375582898,157705.47466841186,-5090.75091258288,-5452.724748752802,361.9738361699219,0.012941307302624105,-0.005421708117257995,0.03705331306885251,Bear,True,False,False
2026-04-01,155511.56,151262.77,157347.19,151262.77,420210000.0,4.55,47.4879064089626,153060.39087031683,157542.96247075172,-4482.571600434894,-5258.69411908922,776.1225186543261,0.045502886818909793,0.00164010832247094,0.032057294306256805,Bull,False,True,False
2026-04-02,152011.27,152040.53,152272.64,150022.44,202910000.0,-2.25,44.18946764165916,152898.98765949885,157133.20747291826,-4234.219813419419,-5053.79925795526,819.5794445358415,-0.022508230256323092,-0.001182673775909754,0.0315442468479481,Bear,True,False,False
2026-04-03,150398.7,149093.61,152103.63,148796.55,270150000.0,-1.06,42.7173944950612,152514.32801957594,156634.3550675169,-4120.027047940966,-4867.044815952402,747.0177680114357,-0.010608226613723959,-0.0012819542026539289,0.031572007769947105,Bear,True,False,False
2026-04-06,151207.81,150272.88,151875.02,147771.36,270550000.0,0.54,43.730277010114186,152313.3252473335,156232.38876621934,-3919.063518885843,-4677.4485565390905,758.3850376532473,0.005379767245328404,-0.002756959826670474,0.03046329049308917,Bear,True,False,False
2026-04-07,151673.45,150613.25,152013.05,149129.41,205230000.0,0.31,44.34024215400664,152214.88290158988,155894.68959835125,-3679.8066967613695,-4477.920184583547,798.1134878221765,0.003079470564384401,-0.0014508914838952224,0.030105689502225027,Bear,True,False,False
2026-04-08,165811.02,164594.39,165924.14,162956.77,486660000.0,9.32,58.90562221265855,154306.5963013453,156629.23259106596,-2322.6362897206564,-4046.863405610969,1724.2271158903127,0.09321057838402158,0.006706844889789326,0.03257315051334548,Bull,False,True,False
2026-04-09,165517.52,166382.34,166962.17,161993.0,456730000.0,-0.18,58.56299503505997,156031.35379344603,157287.624250987,-1256.270457540959,-3488.744815996967,2232.4743584560083,-0.0017700874163851799,0.003308346182535704,0.029433808915090034,Bull,False,True,False
2026-04-10,167191.38,166221.33,168290.3,166221.33,452220000.0,1.01,59.992234710746935,157748.28090214665,158021.23578795092,-272.954885804269,-2845.586829958428,2572.631944154159,0.010112887143306715,0.003916006116501558,0.029443024072498093,Bull,False,True,False
2026-04-13,160591.33,161837.7,163612.13,160158.92,324640000.0,-3.95,52.32807967302215,158185.67307104715,158211.61313699157,-25.9400659443927,-2281.657477155621,2255.7174112112284,-0.03947601844066373,0.002403213155023359,0.030894966179068496,Bull,False,True,False
2026-04-14,165634.84,163416.55,165763.81,163416.55,358200000.0,3.14,56.86318768092492,159331.69875242453,158761.48179351073,570.2169589138066,-1711.2825899417358,2281.4995488555423,0.031405867303048174,0.004153296968963188,0.03152224743431893,Bull,False,True,False
2026-04-15,168519.94,169403.08,170640.27,168182.98,600690000.0,1.74,59.25128267709988,160745.2743289746,159484.33054954695,1260.9437794276455,-1116.8373160678595,2377.781095495505,0.01741843684577482,0.006547461379777552,0.03055822471754823,Bull,False,True,False
2026-04-16,169911.95,170006.75,170899.16,168941.31,405310000.0,0.83,60.39065936768443,162155.53212451696,160256.74680513606,1898.7853193808987,-513.7127889781079,2412.4981083590064,0.00826020944465089,0.0066797681642306265,0.030559699168097563,Bull,False,True,False
2026-04-17,173939.02,171064.39,174404.03,170758.27,704340000.0,2.37,63.564664788150274,163968.3764130528,161270.24852327412,2698.127889778698,128.6553467732532,2569.4725430054445,0.023700922742632136,0.006439597844681832,0.03039759656156678,Bull,False,True,False
2026-04-20,172196.7,172249.27,174523.77,169226.56,597870000.0,-1.0,61.27680405778104,165234.2723495062,162079.61529932788,3154.657050178328,733.8556874542683,2420.80136272406,-0.010016843834120603,0.006441661598944442,0.03039641892584594,Bull,False,True,False
2026-04-21,173155.8,173405.56,175298.13,172837.8,524200000.00000006,0.56,62.08578181409905,166452.96891112064,162900.0734253036,3552.8954858170478,1297.663647126824,2255.2318386902234,0.005569793149345914,0.006318823198958962,0.030394641017745062,Bull,False,True,False
2026-04-22,171579.31,173343.41,173452.66,171254.81,358030000.0,-0.91,59.87167382425528,167241.63677094824,163542.97983824406,3698.65693270418,1777.8623042422953,1920.7946284618845,-0.009104459683129229,0.0044518989834426035,0.03012320606586541,Bull,False,True,False
2026-04-23,169173.38,171561.73,171561.73,168416.02,310840000.0,-1.4,56.5567933516749,167538.8280369562,163960.04651689267,3578.781520063523,2138.046147406541,1440.7353726569822,-0.014022261775035627,0.005457993968294173,0.0290843940073485,Bull,False,True,False
2026-04-24,170672.05,168045.69,171641.33,166380.72,445220000.0,0.89,58.112537704009775,168020.86218511677,164457.2319600858,3563.6302250309677,2423.1629629314266,1140.467262099541,0.008858781446584363,0.006293473076306294,0.028921507525593925,Bull,False,True,False
2026-04-27,169497.36,170553.98,171306.63,169268.33,357300000.0,-0.69,56.40741934176322,168248.0156950988,164830.57477785723,3417.4409172415617,2622.018553793454,795.4223634481077,-0.0068827321169459,0.007552602412714199,0.027685380604795463,Bull,False,True,False
2026-04-28,168412.23,168221.05,169313.91,168170.73,592490000.0,-0.64,54.80760818132921,168273.27943431438,165095.88257209005,3177.3968622243265,2733.094215479629,444.3026467446976,-0.006402046615947121,0.006585434716785637,0.027824744295885585,Bull,False,True,False
2026-04-29,165823.88,168863.86,169686.03,165391.47,448990000.0,-1.54,51.08576310807694,167896.44875211216,165149.80830749078,2746.640444621385,2735.803461307981,10.836983313404744,-0.015369133227438492,0.003541833714468223,0.02664807324107002,Bull,False,True,False
2026-04-30,162994.17,164357.47,164357.47,160391.19,366140000.0,-1.71,47.30380166004971,167142.25202101798,164990.1313958248,2152.1206251931726,2619.066894085019,-466.94626889184656,-0.017064550654586008,0.0038140176945550774,0.02639458866317884,Bull,False,True,False
2026-05-04,163948.94,164713.27,167245.55,163417.84,355710000.0,0.59,48.68421673324745,166650.97324855367,164913.0061072452,1737.9671413084725,2442.8469435297097,-704.8798022212372,0.005857694173969419,0.004637313733939746,0.026176959594435296,Bull,False,True,False
2026-05-05,164742.47,162616.2,164920.34,162532.98,209980000.0,0.48,49.85983264643988,166357.3573641608,164900.37380300483,1456.9835611559683,2245.674267054961,-788.6907058989932,0.004840104486189434,0.004610330595982798,0.026176432131578137,Bull,False,True,False
2026-05-06,171704.77,167389.06,172088.58,167354.44,562660000.0,4.23,58.78208629288064,167180.03623121296,165404.4031509304,1775.6330802825687,2151.666029700483,-376.0329494179141,0.042261719154750965,0.006569443025501126,0.02748916291863734,Bull,False,True,False
2026-05-07,172894.28,172548.88,173274.55,171541.05,429220000.0,0.69,60.088809245299785,168059.1506571802,165959.20884345408,2099.941813726124,2141.321186505611,-41.37937277948731,0.00692764679746527,0.0022552964461733105,0.018465661219153735,Sideways,False,False,True
2026-05-08,171115.81,171465.06,172287.45,170393.13,431760000.0,-1.03,57.17049154198012,168529.40594069095,166341.1792994945,2188.2266411964374,2150.7022774437764,37.524363752660975,-0.010286459447935492,0.001829477844595795,0.01866053778345613,Sideways,False,False,True
2026-05-11,170506.31,170279.55,171304.11,169583.45,634150000.0,-0.36,56.16377521077066,168833.5450267385,166649.70749953197,2183.837527206517,2157.3293273963245,26.50819981019231,-0.0035619151731216547,0.0011457377287743763,0.018591452443373197,Sideways,False,False,True
2026-05-12,168916.22,170758.16,171571.56,168823.31,424800000.0,-0.93,53.51617194640195,168846.2642533941,166817.59731438145,2028.666939012648,2131.596849719589,-102.92991070694144,-0.009325695922925092,0.0026532538546613083,0.016191732338265163,Sideways,False,False,True
2026-05-13,167451.14,169038.94,169687.3,167329.34,208510000.0,-0.87,51.124771467280006,168631.62975287193,166864.52640220505,1767.1033506668757,2058.698149909047,-291.5947992421716,-0.00867341218031037,0.0006492898804933811,0.01487232484096159,Sideways,False,False,True
2026-05-14,166498.84,167979.48,168528.88,166398.91,185040000.0,-0.57,49.57410193179582,168303.50825243007,166837.43852056024,1466.069731869822,1940.1724663012023,-474.1027344313802,-0.005687032050065599,-0.0005059835642986399,0.014390761708281396,Sideways,False,False,True
2026-05-15,165596.06,166890.05,166924.48,165291.53,264750000.0,-0.54,48.08511341606011,167886.9777520562,166745.48455607428,1141.4931959819223,1780.4366122373465,-638.9434162554242,-0.005422139877971466,-0.0011901010304297577,0.014276864883674419,Sideways,False,False,True
2026-05-18,161805.02,164799.34,164939.09,161613.52,195970000.0,-2.29,42.334757919293786,166951.29194404755,166379.5242185873,571.7677254602604,1538.7028348819294,-966.935109421669,-0.022893298306735144,-0.0035198120828981217,0.01379485636981074,Sideways,False,False,True
2026-05-19,162896.69,163033.72,164309.66,162563.58,169980000.0,0.67,44.39681833281313,166327.5070295787,166121.53649869194,205.970530886756,1272.156374082895,-1066.1858431961389,0.006746824047857203,-0.0026816286887992313,0.01388828463287735,Sideways,False,False,True
2026-05-20,164831.42,163514.39,165081.7,162895.73,172530000.0,1.19,47.94926682899538,166097.33979425888,166025.97231360365,71.36748065522988,1031.998595397362,-960.631114742132,0.011877036912168126,-0.0023662665006581205,0.014154568290592924,Sideways,False,False,True
2026-05-21,168514.45,166638.56,168869.19,166638.56,270580000.0,2.23,53.9772285892231,166469.20290283446,166210.30399407746,258.8989087569935,877.3786580692882,-618.4797493122948,0.02234422296428673,-0.0007938323682873227,0.015082995525788342,Sideways,False,False,True
2026-05-22,167844.25,169539.16,169624.78,167480.67,170380000.0,-0.4,52.77940738340478,166680.7486100907,166331.3370315532,349.4115785374888,771.7852421629284,-422.3736636254396,-0.003977107007737346,-0.0002915746299224087,0.014783587917783702,Sideways,False,False,True
2026-05-25,171725.3,170747.3,171920.81,170161.66,261560000.0,2.31,58.51991793691146,167456.83343930752,166730.88984403075,725.9435952767672,762.6169127856962,-36.67331750892902,0.023122924973598913,0.00042163254642831884,0.015571349278254322,Sideways,False,False,True
2026-05-29,173962.81,172118.02,174106.34,171545.47,313690000.0,1.3,61.43102148713126,168457.7529101833,167266.5876333618,1191.165276821499,848.3265855928568,342.83869122864223,0.013029588534712255,0.0014172485790112266,0.015715652998042343,Sideways,False,False,True
2026-06-01,170600.2,174157.61,174171.64,170396.84,246940000.0,-1.93,55.1651815386764,168787.3601547705,167513.52188274244,1273.8382720280497,933.4289228798954,340.4093491481543,-0.019329476225406927,0.0007708770985382363,0.016308832810041203,Sideways,False,False,True
2026-06-02,171021.77,170615.48,171856.36,170248.47,189720000.0,0.25,55.774220308442736,169131.11551557505,167773.39211365042,1357.7234019246243,1018.2878186888412,339.43558323578304,0.0024710990960150614,0.0016628887147109139,0.015861339380528836,Sideways,False,False,True
2026-06-03,170190.64,170462.91,171624.45,169790.34,163720000.0,-0.49,54.210717647583984,169294.1192824097,167952.44751263928,1341.6717697703862,1082.9646089051505,258.7071608652359,-0.004859790657060659,0.0022731267145871814,0.015328748712053515,Sideways,False,False,True
2026-06-04,171175.52,170598.48,171455.77,170563.41,216200000.0,0.58,55.79219547407797,169583.56554665434,168191.19362281414,1392.3719238401973,1144.8460718921597,247.5258519480376,0.005786922242022152,0.002269588117989818,0.015327885817707346,Sideways,False,False,True
2026-06-05,170478.94,171651.48,172102.91,170254.66,174950000.0,-0.41,54.36209092262338,169721.31546255367,168360.6563174205,1360.6591451331624,1188.0086865403605,172.65045859280212,-0.004069390295995512,0.0018241133788805708,0.01537863132511594,Sideways,False,False,True
2026-06-08,168953.7,169254.14,169360.55,168432.45,137850000.0,-0.89,51.263565828268966,169603.22077600696,168404.58547909308,1198.6352969138825,1190.1340086150649,8.501288298817599,-0.008946794249189871,-0.000736312291316471,0.012232916391180303,Sideways,False,False,True
2026-06-09,170330.56,170442.16,171022.94,170250.27,209360000.0,0.81,53.82231269563288,169715.11911815975,168547.25025841952,1167.868859740236,1185.6809788400992,-17.81211909986314,0.00814933321969269,-0.0006752279702051001,0.012276173813713575,Sideways,False,False,True
2026-06-10,169427.44,169734.3,170729.56,169346.38,163010000.0,-0.53,51.89762009729584,169670.86079228902,168612.4494985366,1058.4112937524333,1160.2270418225662,-101.81574807013294,-0.005302160692714164,-0.00042601303244403367,0.01212039386363174,Sideways,False,False,True
2026-06-11,169703.59,168877.78,170138.19,168682.25,186640000.0,0.16,52.45746232252924,169675.8960550138,168693.2747208672,982.6213341465918,1124.7059002873714,-142.08456614077954,0.001629901272190537,-0.00016642221017842406,0.012105284088219884,Sideways,False,False,True
2026-06-12,172399.91,171562.23,173093.45,170946.55,320000000.0,1.59,57.64131473352628,170094.9751234732,168967.84029709926,1127.1348263739492,1125.191685504687,1.943140869262152,0.015888408724883174,0.0010942830222119893,0.012410305356993369,Sideways,False,False,True
2026-06-15,177039.83,176814.48,177176.73,175085.8,457430000.0,2.69,64.76177457405605,171163.41433524655,169565.7654602771,1597.6488749694545,1219.6831233976404,377.96575157181405,0.02691370314520447,0.0028736387884877312,0.013444252047233271,Sideways,False,False,True
2026-06-16,180392.98,178182.08,180503.55,177741.47,610920000.0,1.89,68.83849696653039,172583.3475144394,170367.7813521084,2215.5661623310007,1418.8597311843123,796.7064311466881,0.01894008822760407,0.0041049948023712144,0.013743383688153496,Sideways,False,False,True
2026-06-17,180511.02,181282.13,181357.7,179564.17,526920000.0,0.07,68.97457117128369,173802.98943529488,171119.13236306334,2683.8570722315344,1671.859199393757,1011.9978728377772,0.0006543491880890429,0.00440881925567424,0.013587970265460523,Sideways,False,False,True
2026-06-18,181398.22,181087.38,181869.34,181045.34,445720000.0,0.49,70.0337441829174,174971.48644524952,171880.54626209568,3090.9401831538416,1955.675396145774,1135.2647870080675,0.004914935387324348,0.005799230940377214,0.011974119943167055,Sideways,False,False,True
2026-06-19,178922.77,181585.16,182185.88,177836.16,458030000.0,-1.36,63.51801072090922,175579.37622290343,172402.19246490343,3177.183757999999,2199.977068516619,977.2066894833802,-0.013646495538930936,0.0047795649610378075,0.012733411068349918,Sideways,False,False,True
2026-06-22,178471.88,180146.06,180507.81,178337.14,230110000.0,-0.25,62.37959819387885,176024.3768039952,172851.79894898465,3172.577855010546,2394.497225815405,778.0806291951412,-0.002520025818960825,0.0040597118244813605,0.012717997065845218,Sideways,False,False,True
2026-06-23,177692.92,179307.69,179405.56,177674.38,292030000.0,-0.44,60.366665732292034,176281.0757572267,173210.40050831912,3070.675248907588,2529.7328304338416,540.9424184737463,-0.0043646091473905635,0.0027242702188974956,0.012083436441646866,Sideways,False,False,True
2026-06-24,179571.27,178115.36,179919.27,177931.31,436670000.0,1.06,63.43106264826844,176787.25948688414,173681.5760262214,3105.6834606627526,2644.922956479624,460.7605041831284,0.010570764440136271,0.0034516637912911765,0.01209666390546573,Sideways,False,False,True
2026-06-29,178414.8,179457.84,180272.02,178331.0,330970000.0,-0.64,60.33780260452147,177037.6503350558,174032.18520946425,3005.4651255915524,2717.0313903020096,288.4337352895427,-0.006440172751465245,0.0019735089050379683,0.011349582305147692,Sideways,False,False,True
2026-06-30,180301.7,179020.11,180150.41,179020.11,296020000.0,1.06,63.46810200207769,177539.8118219703,174496.59371246689,3043.218109503417,2782.268734142292,260.949375361126,0.010575916347747016,0.0018508252956897064,0.011236479227563217,Sideways,False,False,True
2026-07-01,184050.09,180733.45,184233.58,180565.84,472430000.0,2.08,68.74531685311064,178541.3930801287,175204.260104136,3337.132975992717,2893.2415825123767,443.89139348034087,0.020789543304361446,0.0038567762721781252,0.010830036020943293,Sideways,False,False,True
2026-07-02,184520.95,184840.56,185890.53,184214.8,423480000.0,0.26,69.34438236921697,179461.32491395506,175894.3852816074,3566.9396323476685,3027.981192479436,538.9584398682332,0.0025583252906860032,0.0038611375819116722,0.010829466180598976,Sideways,False,False,True
2026-07-03,185372.2,184830.91,185668.66,184462.66,314710000.0,0.46,70.44721019526916,180370.6903118081,176596.44563111797,3774.244680690172,3177.2338901215826,597.0107905685891,0.004613297297678232,0.004334791979648617,0.010633347748566172,Sideways,False,False,True
2026-07-06,187454.69,185910.39,187546.36,185910.39,392600000.0,1.12,73.00568120651678,181460.5364176838,177400.76002881292,4059.776388870872,3353.742389871441,706.0339989994313,0.011234100906176714,0.004607150912856345,0.010741708665638512,Sideways,False,False,True
2026-07-07,186255.55,188012.67,188126.69,186189.2,395220000.0,-0.64,69.28605337508233,182198.23081496323,178056.670397049,4141.560417914239,3511.305995480001,630.2544224342382,-0.006396959179842399,0.0044907724686640005,0.010852695490617924,Sideways,False,False,True
2026-07-08,181629.38,184405.88,185215.56,179504.34,571940000.0,-2.48,57.181822351808464,182110.7153049689,178321.31555282313,3789.3997521457786,3566.924746813157,222.47500533262155,-0.024837756512490428,0.003696224355498973,0.01236465094671617,Sideways,False,False,True
2026-07-09,181259.69,180064.8,182276.81,179411.36,470840000.0,-0.2,56.334849832235705,181979.7883349737,178538.97291928067,3440.8154156930395,3541.7028805891337,-100.88746489609412,-0.0020354085886324924,0.0031869872650827137,0.012381314990558688,Sideways,False,False,True
2026-07-10,182241.78,181880.55,183477.56,181880.55,412980000.0,0.54,58.1099406303907,182020.09474497777,178813.25492525988,3206.8398197178904,3474.7302684148854,-267.890448696995,0.005418137921343602,0.0037230021957856017,0.012225530700128858,Sideways,False,False,True
2026-07-13,179927.05,180125.8,181148.27,179448.52,365010000.0,-1.27,52.674670002855336,181698.08786113505,178895.75826412952,2802.329597005504,3340.2501341330094,-537.9205371275052,-0.012701423350891416,0.003006435964631504,0.012762856793065045,Sideways,False,False,True
2026-07-14,173518.81,178112.05,178112.05,173349.42,409230000.0,-3.56,41.188611902906,180439.7374209604,178497.46580011994,1942.2716208404745,3060.6544314745024,-1118.382810634028,-0.03561576761248508,0.0004312271477630913,0.015022816217222248,Sideways,False,False,True
2026-07-15,175285.78,173870.27,176701.38,173870.27,248390000.0,1.02,44.7651082310065,179646.82089465883,178259.5631482592,1387.257746399613,2725.975094459525,-1338.7173480599115,0.010183161122416573,-0.00040529995337630355,0.013893956020901979,Sideways,False,False,True
2026-07-16,178123.56,175672.34,178431.73,175672.34,311880000.0,1.62,50.02178557184968,179412.47306471132,178249.48884098075,1162.984223730571,2413.376920313734,-1250.392696583163,0.01618944788333665,-0.0005428319705896745,0.01370470832478368,Sideways,False,False,True
2026-07-17,175802.8,178185.45,178694.48,175790.63,267060000.0,-1.3,46.15333467541885,178857.1387470634,178068.25263053773,788.8861165256822,2088.478759556124,-1299.5926430304416,-0.013028933398816056,-0.0012269960999349294,0.013980568187595452,Sideways,False,False,True
2026-07-20,175927.73,174419.42,176129.34,173636.45,343880000.0,0.07,46.3936686549436,178406.46047828445,177909.69539864606,496.76507963836775,1770.1360235725726,-1273.370943934205,0.0007106257693281215,-0.0014372115808347409,0.013914809784160438,Sideways,False,False,True
2026-07-21,176133.56,176930.75,178370.45,176062.7,448770000.0,0.12,46.814854082946525,178056.7834816253,177778.12981356116,278.6536680641293,1471.839552470884,-1193.185884406755,0.0011699690549067387,-0.000696388351142857,0.013621907838793152,Sideways,False,False,True
2026-07-22,174429.94,175863.78,176255.64,174104.06,266160000.00000003,-0.97,43.75082926142684,177498.80756137523,177530.11575329737,-31.308191922144037,1171.2100035922783,-1202.5181955144224,-0.00967231911964983,-0.0010540030161773073,0.01376543154116778,Sideways,False,False,True
2026-07-23,171739.45,174494.38,175237.59,171655.09,242210000.0,-1.54,39.36853810028048,176612.7525519329,177101.17754934944,-488.42499741652864,839.2830033905169,-1327.7080008070457,-0.015424473573745323,-0.0016069962374950452,0.014122936338882435,Sideways,False,False,True
2026-07-24,171021.2,171166.52,172718.67,169512.88,228530000.0,-0.42,38.266583838438684,175752.5136977894,176650.80884199022,-898.2951442008198,491.76737387224966,-1390.0625180730694,-0.004182207407791294,-0.0023446448298914237,0.01383576721541341,Sideways,False,False,True
2026-07-27,178262.34,175600.3,178588.34,175153.17,385160000.0,4.23,52.65478158708307,176138.6408212064,176770.1815203613,-631.5406991548953,267.10575926682066,-898.6464584217159,0.04234059870939966,9.439374315182159e-05,0.01701108012341023,Sideways,False,False,True
2026-07-28,177623.88,179104.13,179123.02,177434.95,478020000.0,-0.36,51.51471858442985,176367.13915640544,176833.41844477897,-466.2792883735383,120.42874973874888,-586.7080381122871,-0.0035815753344200507,-0.0006134808409565317,0.016845722237486916,Sideways,False,False,True
2026-07-29,176042.98,176935.03,176935.03,175631.73,193070000.0,-0.89,48.70281460593304,176317.26851695846,176774.86744886942,-457.5989319109649,4.823213408806112,-462.422145319771,-0.008900267238841963,-0.002097971368116702,0.01615434753293694,Sideways,False,False,True
2026-07-30,175547.98,175141.64,176234.3,174612.16,222460000.0,-0.28,47.822601491519805,176198.91643742638,176683.9868971013,-485.0704596749565,-93.15552120794642,-391.9149384670101,-0.0028118133424007707,-0.002366478299771041,0.016117467628608727,Sideways,False,False,True
2026-07-31,176094.13,176405.33,177108.67,175934.98,210430000.0,0.31,48.91953434653709,176182.7954470531,176640.29379361236,-457.4983465592668,-166.02408627821052,-291.4742602810563,0.0031111152631890793,-0.0024415874014954986,0.016086700012797023,Sideways,False,False,True
2026-08-03,178200.02,178460.72,178985.95,177759.88,255200000.0,1.2,53.02074585829119,176493.13768596802,176755.8290681596,-262.6913821915805,-185.35754546088447,-77.33383673069596,0.011958888124209421,-0.002405348040593863,0.016119911531011322,Sideways,False,False,True
2026-08-04,177083.22,178716.2,178768.83,177043.09,263770000.0,-0.63,50.69610268029328,176583.91958043448,176780.08024829594,-196.16066786146257,-187.5181699410001,-8.642497920462432,-0.006267114897068993,-0.002398855826455193,0.016118245379848125,Sideways,False,False,True
2026-08-05,180014.94,179216.2,180202.39,178512.09,294900000.0,1.66,56.13332345458526,177111.76887575226,177019.69948916291,92.06938658934088,-131.60065863493193,223.6700452242728,0.016555605889705394,-0.00032918770634540186,0.015738413751372755,Sideways,False,False,True
2026-08-06,181776.59,180713.63,182007.05,180626.94,345780000.0,0.98,59.05529062364402,177829.43366409806,177372.0617492249,457.3719148731616,-13.806143933313235,471.1780588064749,0.009786132195472197,0.00026188933285983265,0.01589219726862016,Sideways,False,False,True
2026-08-07,181430.02,181647.27,181647.27,180620.08,376060000.0,-0.19,58.23348445202561,178383.37002346758,177672.65124928232,710.718774185254,131.0988396904002,579.6199344948539,-0.0019065711376806682,-0.00010434612009138088,0.01585146431827292,Sideways,False,False,True
2026-08-10,181310.28,181989.95,182347.52,180820.23,434730000.0,-0.07,57.9335174684689,178833.66386601105,177942.105230817,891.5586351940583,283.19079879113184,608.3678364029265,-0.0006599789825300073,0.0004977260983266895,0.01557407098459585,Sideways,False,False,True
2026-08-11,179846.69,181017.3,181017.3,179778.98,370240000.0,-0.81,54.25474229745753,178989.51404047088,178083.1855840898,906.328456381074,407.81833030912026,498.51012607195366,-0.00807229463216319,0.0018748997473427842,0.01325818661840512,Sideways,False,False,True
