Date,Close,Open,High,Low,Volume,Change
2014-09-01,28493.74,28524.07,28577.02,28181.69,89780000.0,-0.26
2014-09-02,29260.29,28620.56,29284.64,28620.56,131870000.0,2.69
2014-09-03,29595.55,29408.68,29651.64,29349.78,136300000.0,1.15
2014-09-04,29604.3,29600.98,29774.28,29524.2,128680000.0,0.03
2014-09-05,29513.78,29605.23,29659.35,29467.97,95110000.0,-0.31
2014-09-08,29585.6,29530.13,29728.41,29530.13,49060000.0,0.24
2014-09-09,29728.91,29621.6,29868.19,29621.6,71480000.0,0.48
2014-09-10,29691.31,29730.8,29816.2,29665.9,56340000.0,-0.13
2014-09-11,29858.37,29702.24,29905.83,29682.91,86820000.0,0.56
2014-09-12,30044.89,29891.37,30147.05,29889.4,104320000.0,0.62
2014-09-15,30070.13,30044.87,30095.19,29890.36,68540000.0,0.08
2014-09-16,30180.3,30101.55,30276.05,30027.13,146820000.0,0.37
2014-09-17,30136.57,30184.6,30266.78,30048.7,108690000.0,-0.14
2014-09-18,30094.16,30148.86,30191.74,30047.01,131490000.00000001,-0.14
2014-09-19,30015.8,30104.66,30184.79,29974.22,70310000.0,-0.26
2014-09-22,29993.87,30047.29,30110.7,29982.73,41210000.0,-0.07
2014-09-23,30143.77,29974.29,30200.14,29955.6,82470000.0,0.5
2014-09-24,30095.8,30144.91,30340.74,30082.57,103680000.0,-0.16
2014-09-25,29940.27,30095.47,30167.13,29849.37,71900000.0,-0.52
2014-09-26,29705.65,29973.56,30039.06,29666.91,86490000.0,-0.78
2014-09-29,29383.13,29693.43,29693.43,29336.35,47070000.0,-1.09
2014-09-30,29726.39,29389.99,29745.11,29376.31,60390000.0,1.17
2014-10-01,29996.61,29727.8,30001.3,29727.8,72100000.0,0.91
2014-10-02,30071.58,30150.93,30150.93,30038.64,107310000.0,0.25
2014-10-03,30103.23,30085.99,30179.3,30041.6,56760000.0,0.11
2014-10-09,29978.94,30115.13,30123.03,29964.2,52510000.0,-0.41
2014-10-10,30158.63,29985.0,30191.15,29955.09,107520000.0,0.6
2014-10-13,30394.41,30220.59,30444.35,30218.9,123550000.0,0.78
2014-10-14,30355.22,30396.97,30518.32,30338.63,118620000.0,-0.13
2014-10-15,30120.99,30392.13,30403.51,30044.21,103410000.0,-0.77
2014-10-16,29982.45,30124.28,30195.61,29943.67,80320000.0,-0.46
2014-10-17,29883.1,29992.15,30162.64,29839.36,84660000.0,-0.33
2014-10-20,29711.12,29922.38,29925.18,29672.97,59830000.0,-0.58
2014-10-21,29694.27,29751.27,29928.11,29640.34,71040000.0,-0.06
2014-10-22,29940.39,29802.81,30025.82,29802.81,110960000.0,0.83
2014-10-23,30025.13,29956.33,30049.22,29938.26,108460000.0,0.28
2014-10-24,30098.49,30048.9,30242.17,30048.9,113370000.0,0.24
2014-10-27,30238.96,30131.49,30253.85,30113.32,90050000.0,0.47
2014-10-28,30225.62,30273.44,30367.69,30198.17,101470000.0,-0.04
2014-10-29,30113.24,30288.21,30349.45,30083.6,169320000.0,-0.37
2014-10-30,30204.09,30139.06,30259.75,30103.91,81190000.0,0.3
2014-10-31,30376.53,30271.69,30384.21,30205.9,74530000.0,0.57
2014-11-05,30593.31,30398.05,30704.95,30398.05,133850000.0,0.71
2014-11-06,30663.78,30626.75,30821.29,30614.4,211620000.0,0.23
2014-11-07,30930.04,30693.7,30999.71,30672.31,158280000.0,0.87
2014-11-10,31281.83,30954.56,31395.01,30954.56,195450000.0,1.14
2014-11-11,31303.63,31286.73,31372.16,31233.37,130940000.0,0.07
2014-11-12,31629.2,31327.83,31746.54,31327.83,201460000.0,1.04
2014-11-13,31441.82,31648.96,31855.83,31391.65,160840000.0,-0.59
2014-11-14,31344.07,31448.13,31494.96,31293.97,147140000.0,-0.31
2014-11-17,31702.79,31381.04,31765.91,31381.04,172780000.0,1.14
2014-11-18,32006.4,31765.02,32021.99,31661.88,212120000.0,0.96
2014-11-19,31756.29,32072.32,32224.79,31697.78,187620000.0,-0.78
2014-11-20,31239.04,31760.8,31760.8,31026.52,180060000.0,-1.63
2014-11-21,31494.84,31257.68,31545.27,31257.68,89550000.0,0.82
2014-11-24,31316.96,31498.35,31615.59,31303.1,115760000.0,-0.56
2014-11-25,31223.74,31314.97,31314.97,30943.32,103080000.0,-0.3
2014-11-26,31454.47,31241.66,31534.9,31181.65,145710000.0,0.74
2014-11-27,31270.1,31480.18,31545.14,31227.07,117330000.0,-0.59
2014-11-28,31197.98,31270.81,31282.59,31075.48,166380000.0,-0.23
2014-12-01,31299.72,31188.24,31441.22,31139.4,238690000.0,0.33
2014-12-02,31680.72,31425.11,31721.83,31425.11,201900000.0,1.22
2014-12-03,31872.73,31709.37,31932.06,31709.37,257480000.00000003,0.61
2014-12-04,32090.93,31910.63,32236.52,31910.63,270540000.0,0.68
2014-12-05,32148.78,32100.45,32315.56,32086.01,194560000.0,0.18
2014-12-08,32010.33,32152.96,32206.12,31979.63,120380000.0,-0.43
2014-12-09,32084.16,32010.76,32098.6,31815.83,209730000.0,0.23
2014-12-10,31781.65,32108.98,32186.06,31760.72,173170000.0,-0.94
2014-12-11,31779.75,31841.93,32076.33,31755.28,156840000.0,-0.01
2014-12-12,31589.82,31748.2,31748.2,31543.29,133560000.0,-0.6
2014-12-15,31690.1,31586.63,31720.94,31509.78,144750000.0,0.32
2014-12-16,30876.28,31688.27,31716.79,30808.39,186130000.0,-2.57
2014-12-17,30667.14,30894.29,31141.13,30562.27,143460000.0,-0.68
2014-12-18,30827.45,30708.38,31152.94,30708.38,126780000.0,0.52
2014-12-19,31011.15,30859.11,31034.79,30756.22,90680000.0,0.6
2014-12-22,31491.62,31080.5,31597.63,31080.5,131699999.99999999,1.55
2014-12-23,31750.38,31531.04,31770.09,31490.67,169850000.0,0.82
2014-12-24,32000.01,31807.63,32019.45,31807.63,200250000.0,0.79
2014-12-26,31993.01,32068.63,32141.74,31933.3,151930000.0,-0.02
2014-12-29,31906.74,31999.89,32075.63,31888.78,142480000.0,-0.27
2014-12-30,31953.9,31921.52,31988.96,31765.31,146940000.0,0.15
2014-12-31,32131.28,31971.05,32192.77,31971.05,145790000.0,0.56
2015-01-01,32503.8,32148.65,32503.81,32134.82,157340000.0,1.16
2015-01-02,32731.61,32531.8,32776.39,32465.49,235200000.0,0.7
2015-01-05,32757.79,32751.46,32866.4,32664.15,248960000.0,0.08
2015-01-06,32668.73,32713.51,32834.43,32558.7,173640000.0,-0.27
2015-01-07,32835.94,32685.41,32906.17,32639.84,175310000.0,0.51
2015-01-08,33117.47,32887.82,33142.93,32887.82,188420000.0,0.86
2015-01-09,33324.82,33163.45,33473.55,33163.45,230180000.0,0.63
2015-01-12,33418.2,33341.54,33513.92,33339.28,150020000.0,0.28
2015-01-13,33371.29,33423.82,33423.82,33167.95,138600000.0,-0.14
2015-01-14,33585.75,33403.95,33628.22,33403.95,217290000.0,0.64
2015-01-15,33765.61,33688.29,33941.51,33688.29,220160000.0,0.54
2015-01-16,33786.44,33771.5,33954.88,33724.65,215170000.0,0.06
2015-01-19,34014.26,33790.56,34120.92,33790.56,174970000.0,0.67
2015-01-20,34121.3,34046.63,34185.48,33893.17,194950000.0,0.31
2015-01-21,34329.5,34133.62,34395.19,34133.62,241030000.0,0.61
2015-01-22,34146.97,34342.29,34414.81,34101.44,212300000.0,-0.53
2015-01-23,34026.59,34149.1,34194.93,33978.3,138100000.0,-0.35
2015-01-26,34466.53,34058.45,34589.28,34058.45,249090000.0,1.29
2015-01-27,34538.45,34530.36,34626.87,34383.74,255710000.0,0.21
2015-01-28,34386.86,34535.31,34621.54,34353.78,162990000.0,-0.44
2015-01-29,34408.73,34398.41,34502.19,34368.25,147270000.0,0.06
2015-01-30,34443.87,34446.56,34620.53,34348.47,274970000.0,0.1
2015-02-02,34676.31,34476.0,34733.27,34476.0,234970000.0,0.67
2015-02-03,34826.51,34709.75,34844.8,34633.88,201110000.0,0.43
2015-02-04,34672.25,34940.58,35055.94,34595.3,230120000.0,-0.44
2015-02-06,34656.94,34718.11,34844.2,34619.57,165610000.0,-0.04
2015-02-09,34570.3,34697.71,34787.29,34556.08,182410000.0,-0.25
2015-02-10,34432.89,34621.3,34731.94,34181.02,151280000.0,-0.4
2015-02-11,34203.99,34435.51,34564.56,34160.47,160030000.0,-0.66
2015-02-12,33786.42,34191.23,34237.14,33493.52,212570000.0,-1.22
2015-02-13,33943.2,33825.45,34123.78,33784.58,159540000.0,0.46
2015-02-16,33796.44,33943.2,34031.8,33633.32,102810000.0,-0.43
2015-02-17,33801.1,33827.23,34036.31,33721.84,146900000.0,0.01
2015-02-18,33718.86,33815.9,33912.83,33589.41,114620000.0,-0.24
2015-02-19,33942.27,33749.34,33988.16,33641.99,137160000.0,0.66
2015-02-20,33993.0,34028.78,34143.75,33912.96,161980000.0,0.15
2015-02-23,33926.7,34020.1,34063.24,33899.26,93590000.0,-0.2
2015-02-24,33895.46,33927.61,34024.05,33870.01,96960000.0,-0.09
2015-02-25,33845.3,33900.65,34017.97,33825.2,84110000.0,-0.15
2015-02-26,33762.8,33845.05,33996.73,33701.79,105340000.0,-0.24
2015-02-27,33632.19,33802.83,33893.82,33580.07,137800000.0,-0.39
2015-03-02,33213.58,33680.27,33717.15,33125.03,104300000.0,-1.24
2015-03-03,33188.77,33213.58,33292.9,32811.75,143950000.0,-0.07
2015-03-04,33242.94,33271.44,33464.7,33161.69,128710000.00000001,0.16
2015-03-05,33368.83,33256.55,33406.29,33246.12,124470000.0,0.38
2015-03-06,33263.66,33382.69,33474.06,33239.43,87830000.0,-0.32
2015-03-09,32860.57,33273.62,33305.26,32832.55,71200000.0,-1.21
2015-03-10,32566.59,32899.31,32899.31,32531.13,88050000.0,-0.89
2015-03-11,32539.61,32437.92,32604.1,32198.87,111610000.0,-0.08
2015-03-12,32582.68,32545.02,32715.79,32443.72,102310000.0,0.13
2015-03-13,32929.09,32622.08,32960.35,32622.08,110290000.0,1.06
2015-03-16,32454.91,32931.51,32961.84,32396.41,79450000.0,-1.44
2015-03-17,32342.26,32471.39,32519.82,32104.5,88180000.0,-0.35
2015-03-18,31524.98,32349.63,32416.99,31338.29,140750000.0,-2.53
2015-03-19,31451.62,31514.89,31607.79,31395.07,66599999.99999999,-0.23
2015-03-20,31800.26,31478.67,31925.05,31478.67,101280000.0,1.11
2015-03-24,31310.73,31944.02,32070.98,31259.41,90440000.0,-1.54
2015-03-25,31086.51,31330.82,31405.77,31044.08,67380000.0,-0.72
2015-03-26,30678.97,31187.39,31358.58,30172.93,193250000.0,-1.31
2015-03-27,29957.83,30734.05,30828.2,29847.26,150930000.0,-2.35
2015-03-30,28927.04,29879.63,29879.63,28648.23,207040000.0,-3.44
2015-03-31,30233.87,28921.76,30246.77,28921.76,190790000.0,4.52
2015-04-01,30605.05,30269.74,30951.34,30025.84,202660000.0,1.23
2015-04-02,31132.25,30680.29,31169.72,30680.29,147100000.0,1.72
2015-04-03,31413.96,31153.56,31460.55,31115.49,195710000.0,0.9
2015-04-06,31752.17,31442.78,31787.94,31341.88,183050000.0,1.08
2015-04-07,31600.73,31758.79,31848.34,31516.99,199600000.0,-0.48
2015-04-08,31887.3,31676.27,32073.93,31676.27,199750000.0,0.91
2015-04-09,32013.91,31902.46,32043.6,31710.15,159480000.0,0.4
2015-04-10,32350.93,32032.02,32544.43,32032.02,211990000.0,1.05
2015-04-13,32248.45,32354.27,32396.32,32180.47,215930000.0,-0.32
2015-04-14,32109.87,32253.09,32286.65,32050.44,180210000.0,-0.43
2015-04-15,32248.86,32257.04,32430.5,32117.63,163780000.0,0.43
2015-04-16,32736.43,32264.6,32760.56,32264.6,272200000.0,1.51
2015-04-17,33234.73,32762.35,33326.61,32707.34,302680000.0,1.52
2015-04-20,33304.64,33264.54,33649.52,33229.93,284270000.0,0.21
2015-04-21,33035.77,33299.7,33365.32,32826.45,196170000.0,-0.81
2015-04-22,33490.64,33070.13,33615.19,33061.24,229560000.0,1.38
2015-04-23,33456.74,33529.26,33711.84,33399.02,226470000.0,-0.1
2015-04-24,33775.12,33459.01,33803.88,33459.01,165280000.0,0.95
2015-04-27,33844.29,33814.6,33970.73,33804.46,174920000.0,0.2
2015-04-28,33575.94,33848.17,33968.22,33544.92,205280000.0,-0.79
2015-04-29,33460.01,33572.99,33681.05,33435.21,158800000.0,-0.35
2015-04-30,33729.96,33475.95,33760.41,33475.95,143910000.0,0.81
2015-05-04,33723.53,33823.49,34020.3,33627.57,155540000.0,-0.02
2015-05-05,33533.64,33731.91,33768.44,33384.83,131970000.0,-0.56
2015-05-06,33839.28,33638.17,33925.9,33638.17,155430000.0,0.91
2015-05-07,33742.88,33839.55,33885.57,33619.82,93300000.0,-0.28
2015-05-08,33530.3,33700.16,33700.16,33503.32,99030000.0,-0.63
2015-05-11,32506.36,33528.38,33541.59,32416.79,163820000.0,-3.05
2015-05-12,33023.8,32489.87,33087.48,32354.01,126880000.0,1.59
2015-05-13,32915.44,33091.18,33230.46,32891.13,98780000.0,-0.33
2015-05-14,33103.73,32948.58,33226.02,32948.58,109670000.0,0.57
2015-05-15,33039.19,33104.49,33133.9,32953.76,117800000.0,-0.19
2015-05-18,32886.06,33054.61,33098.66,32843.66,59860000.0,-0.46
2015-05-19,32729.55,32892.17,33049.83,32673.64,58490000.0,-0.48
2015-05-20,32599.0,32729.55,32729.55,32569.38,84550000.0,-0.4
2015-05-21,32617.74,32611.65,32688.82,32556.73,43630000.0,0.06
2015-05-22,32605.62,32637.72,32750.02,32529.05,42940000.0,-0.04
2015-05-25,32707.22,32657.32,32871.86,32477.98,142490000.0,0.31
2015-05-26,32510.35,32739.8,32771.28,32419.14,69250000.0,-0.6
2015-05-27,32842.59,32680.18,32922.56,32649.06,139200000.0,1.02
2015-05-28,32763.48,32850.07,32850.07,32671.91,83570000.0,-0.24
2015-05-29,33056.79,32763.48,33130.92,32763.48,189130000.0,0.9
2015-06-01,33563.38,33109.46,33583.33,33108.35,174160000.0,1.53
2015-06-02,33895.34,33620.72,34016.12,33620.72,213800000.0,0.99
2015-06-03,33908.62,33946.27,34119.13,33859.16,153180000.0,0.04
2015-06-04,34085.74,33931.66,34156.13,33926.54,204580000.0,0.52
2015-06-05,34012.49,34091.5,34148.43,33970.98,168890000.0,-0.21
2015-06-08,34151.11,33928.37,34235.94,33137.3,282030000.0,0.41
2015-06-09,34270.28,34240.98,34497.56,34224.45,247180000.0,0.35
2015-06-10,34323.84,34346.7,34531.6,34196.24,200780000.0,0.16
2015-06-11,34594.7,34328.6,34744.17,34328.6,208360000.0,0.79
2015-06-12,34651.29,34600.02,34727.37,34576.41,185140000.0,0.16
2015-06-15,34710.29,34715.03,34869.06,34634.38,364950000.0,0.17
2015-06-16,34516.3,34709.71,34739.17,34448.29,337860000.0,-0.56
2015-06-17,34482.0,34516.07,34630.74,34429.08,328190000.0,-0.1
2015-06-18,34674.61,34482.0,34763.69,34482.0,197290000.0,0.56
2015-06-19,34526.7,34670.76,34710.47,34486.65,83030000.0,-0.43
2015-06-22,34278.42,34530.59,34534.26,34069.64,104760000.0,-0.72
2015-06-23,34133.83,34277.76,34345.75,34129.88,163560000.0,-0.42
2015-06-24,34331.94,34193.18,34400.67,34193.18,179600000.0,0.58
2015-06-25,34077.92,34333.25,34370.12,34034.76,178140000.0,-0.74
2015-06-26,33885.13,34076.04,34114.32,33857.75,205920000.0,-0.57
2015-06-29,34093.55,33899.9,34141.54,33808.2,128160000.0,0.62
2015-06-30,34398.86,34104.6,34444.19,34104.6,173890000.0,0.9
2015-07-01,34843.6,34432.55,34878.04,34432.55,167210000.0,1.29
2015-07-02,35186.56,34849.64,35236.18,34849.64,172030000.0,0.98
2015-07-03,35456.35,35209.09,35543.48,35209.09,227670000.0,0.77
2015-07-06,35502.28,35476.38,35544.21,35291.08,230860000.0,0.13
2015-07-07,35537.69,35529.92,35637.48,35431.43,246540000.0,0.1
2015-07-08,35328.83,35550.79,35581.03,35250.33,217420000.0,-0.59
2015-07-09,35147.13,35333.39,35365.97,35126.7,180480000.0,-0.51
2015-07-10,35112.29,35147.09,35371.22,35091.73,145120000.0,-0.1
2015-07-13,35496.62,35115.45,35559.95,35010.93,155680000.0,1.09
2015-07-14,35446.89,35523.94,35725.16,35371.58,167940000.0,-0.14
2015-07-15,35699.75,35436.55,35722.76,35430.82,177440000.0,0.71
2015-07-16,35887.66,35698.52,36030.92,35698.52,178360000.0,0.53
2015-07-22,36056.68,35905.66,36110.76,35905.66,245420000.0,0.47
2015-07-23,35934.99,36056.68,36114.96,35876.78,234750000.0,-0.34
2015-07-24,35815.2,35936.31,35982.13,35759.99,184060000.0,-0.33
2015-07-27,35175.49,35814.16,35889.53,35140.43,164800000.0,-1.79
2015-07-28,35274.66,35161.33,35443.17,35051.97,149100000.0,0.28
2015-07-29,35676.49,35287.89,35785.65,35287.89,173550000.0,1.14
2015-07-30,35730.01,35678.91,35996.36,35508.82,179130000.0,0.15
2015-07-31,35741.52,35739.83,35824.62,35626.9,143680000.0,0.03
2015-08-03,35824.56,35782.17,35839.97,35703.25,101010000.0,0.23
2015-08-04,35921.71,35827.37,35959.12,35653.16,163030000.0,0.27
2015-08-05,36156.83,36011.77,36265.99,35965.73,168730000.0,0.65
2015-08-06,36228.88,36180.21,36471.59,36180.21,177310000.0,0.2
2015-08-07,36222.63,36245.79,36327.24,36140.95,144480000.0,-0.02
2015-08-10,36084.67,36230.37,36332.67,36037.47,119870000.0,-0.38
2015-08-11,36205.94,36107.84,36271.99,36107.84,139150000.0,0.34
2015-08-12,35892.77,36230.51,36309.97,35868.41,131500000.0,-0.86
2015-08-13,35937.33,35911.3,36052.49,35887.73,159010000.0,0.12
2015-08-17,35588.05,35941.23,36007.16,35580.94,157260000.0,-0.97
2015-08-18,35546.03,35593.79,35762.93,35408.02,160420000.0,-0.12
2015-08-19,35461.58,35598.32,35768.59,35438.05,120920000.0,-0.24
2015-08-20,35219.59,35446.17,35466.51,35137.45,175220000.0,-0.68
2015-08-21,34519.77,35206.11,35278.88,34275.61,189420000.0,-1.99
2015-08-24,33100.34,34211.36,34211.36,33027.82,194660000.0,-4.11
2015-08-25,33798.8,33072.01,33834.88,32882.75,272240000.0,2.11
2015-08-26,33537.42,33867.39,34020.98,33433.5,157560000.0,-0.77
2015-08-27,33961.29,33547.12,34003.98,33547.12,137180000.0,1.26
2015-08-28,34447.47,34021.04,34496.13,34021.04,175610000.0,1.43
2015-08-31,34726.51,34558.3,34810.75,34316.17,178400000.0,0.81
2015-09-01,34456.34,34713.76,34912.45,34335.03,177480000.0,-0.78
2015-09-02,34309.76,34309.07,34402.92,34122.48,125690000.0,-0.43
2015-09-03,34397.33,34389.15,34610.75,34323.25,129169999.99999999,0.26
2015-09-04,33891.08,34437.55,34629.64,33590.19,113720000.0,-1.47
2015-09-07,32944.48,33876.81,33876.81,32760.76,122430000.0,-2.79
2015-09-08,33474.17,32923.11,33503.75,32646.78,166160000.0,1.61
2015-09-09,33830.36,33644.81,33865.55,33546.79,99270000.0,1.06
2015-09-10,33792.37,33833.02,33853.35,33508.38,75540000.0,-0.11
2015-09-11,33672.72,33797.02,34017.8,33636.76,70090000.0,-0.35
2015-09-14,33384.73,33674.48,33850.4,33333.38,59670000.0,-0.86
2015-09-15,33191.46,33379.99,33417.63,33107.5,73350000.0,-0.58
2015-09-16,33345.56,33193.56,33398.04,33193.56,50320000.0,0.46
2015-09-17,33152.06,33483.42,33737.08,33093.61,102230000.0,-0.58
2015-09-18,32760.95,33199.82,33243.25,32728.2,63260000.0,-1.18
2015-09-21,32826.24,32735.5,32842.89,32474.71,67840000.0,0.2
2015-09-22,32882.02,32853.17,33160.57,32842.38,74670000.0,0.17
2015-09-23,32822.84,32866.54,32874.26,32725.71,81060000.0,-0.18
2015-09-28,32690.02,32872.89,32975.8,32647.42,57010000.0,-0.4
2015-09-29,32214.58,32644.63,32644.63,32025.25,114340000.0,-1.45
2015-09-30,32287.41,32285.82,32560.52,32050.87,130419999.99999999,0.23
2015-10-01,32750.31,32287.41,32771.02,32287.41,103580000.0,1.43
2015-10-02,32969.73,32775.1,33023.65,32710.71,140780000.0,0.67
2015-10-05,32784.94,32988.93,33056.68,32739.4,84630000.0,-0.56
2015-10-06,33202.87,32887.5,33237.34,32887.5,90040000.0,1.27
2015-10-07,33376.2,33328.59,33407.48,33204.3,72380000.0,0.52
2015-10-08,33469.15,33370.44,33493.08,33257.41,100170000.0,0.28
2015-10-09,33843.18,33588.34,33959.98,33584.79,158180000.0,1.12
2015-10-12,34183.85,33851.35,34252.47,33851.35,117810000.0,1.01
2015-10-13,34031.78,34095.52,34279.42,34010.35,123310000.0,-0.44
2015-10-14,33974.85,34031.48,34127.44,33896.4,77070000.0,-0.17
2015-10-15,33921.96,34013.68,34159.82,33920.47,76990000.0,-0.16
2015-10-16,33954.98,33946.8,34015.18,33800.55,82380000.0,0.1
2015-10-19,33966.75,33972.0,34077.14,33953.22,81320000.0,0.03
2015-10-20,33910.17,33974.07,34040.2,33898.47,90490000.0,-0.17
2015-10-21,33943.74,33950.89,34036.16,33859.41,75790000.0,0.1
2015-10-22,33945.32,33971.62,34041.24,33923.2,98210000.0,0.0
2015-10-26,33860.64,33946.33,34090.16,33849.71,82670000.0,-0.25
2015-10-27,33843.83,33863.08,33925.08,33740.31,70800000.0,-0.05
2015-10-28,34061.42,33852.97,34111.5,33852.97,88640000.0,0.64
2015-10-29,34332.43,34178.08,34359.2,34178.08,117500000.0,0.8
2015-10-30,34261.6,34430.08,34464.25,34239.0,119550000.0,-0.21
2015-11-02,34226.12,34303.52,34396.26,34198.0,69810000.0,-0.1
2015-11-03,34275.75,34245.11,34332.55,34233.84,81990000.0,0.15
2015-11-04,34522.95,34280.31,34565.17,34280.31,120980000.0,0.72
2015-11-05,34454.59,34544.05,34562.01,34434.15,126190000.0,-0.2
2015-11-06,34426.75,34477.15,34517.71,34404.87,182290000.0,-0.08
2015-11-09,34336.47,34437.37,34459.34,34310.74,129509999.99999999,-0.26
2015-11-10,33958.12,34350.32,34359.05,33945.46,118240000.0,-1.1
2015-11-11,33934.04,33917.85,33969.68,33687.98,82710000.0,-0.07
2015-11-12,34264.56,33975.71,34306.53,33975.71,95690000.0,0.97
2015-11-13,34144.78,34275.77,34275.77,34133.08,65440000.0,-0.35
2015-11-16,33946.41,34086.94,34086.94,33887.07,56300000.0,-0.58
2015-11-17,34065.87,33970.47,34168.76,33970.47,68810000.0,0.35
2015-11-18,33949.26,34092.66,34202.32,33936.05,66700000.0,-0.34
2015-11-19,33908.44,33956.64,34003.29,33900.22,48590000.0,-0.12
2015-11-20,33857.0,33921.65,34008.12,33835.88,64690000.0,-0.15
2015-11-23,33732.91,33875.41,33908.4,33719.25,73850000.0,-0.37
2015-11-24,33571.59,33752.97,33872.33,33567.09,96330000.0,-0.48
2015-11-25,33199.86,33602.98,33616.52,33125.55,90760000.0,-1.11
2015-11-26,33079.37,33252.84,33437.8,33055.96,85230000.0,-0.36
2015-11-27,32960.27,33079.53,33132.67,32820.28,81770000.0,-0.36
2015-11-30,32255.2,32978.57,32993.99,32195.31,88830000.0,-2.14
2015-12-01,31709.36,32263.56,32464.52,31666.11,110320000.0,-1.69
2015-12-02,32392.92,31796.08,32440.16,31672.23,115420000.0,2.16
2015-12-03,32565.14,32412.83,32630.11,32288.98,70950000.0,0.53
2015-12-04,32707.91,32593.64,32771.74,32571.77,70300000.0,0.44
2015-12-07,32853.54,32717.03,33010.22,32595.0,82750000.0,0.45
2015-12-08,32791.71,32813.33,33043.34,32747.59,124640000.0,-0.19
2015-12-09,33020.26,32791.87,33070.85,32791.87,117170000.0,0.7
2015-12-10,33211.92,33039.28,33320.92,33039.28,100220000.0,0.58
2015-12-11,33048.51,33225.98,33247.99,33033.37,130990000.00000001,-0.49
2015-12-14,32757.82,33033.92,33033.92,32497.42,100640000.0,-0.88
2015-12-15,32467.04,32846.55,32994.15,32420.44,96770000.0,-0.89
2015-12-16,32714.6,32535.11,32746.07,32535.11,107920000.0,0.76
2015-12-17,33109.54,32750.19,33162.05,32750.19,93420000.0,1.21
2015-12-18,32777.04,33157.73,33176.72,32745.32,73980000.0,-1.0
2015-12-21,32658.97,32743.49,32753.2,32490.25,54440000.0,-0.36
2015-12-22,32641.09,32771.32,32835.48,32617.47,53830000.0,-0.05
2015-12-23,32500.75,32682.49,32706.1,32489.58,71790000.0,-0.43
2015-12-28,32674.04,32561.2,32763.33,32560.26,84350000.0,0.53
2015-12-29,32811.89,32671.46,32952.42,32671.46,94820000.0,0.42
2015-12-30,32825.03,32864.12,32961.78,32734.06,57890000.0,0.04
2015-12-31,32816.31,32835.27,32856.02,32735.83,59800000.0,-0.03
2016-01-01,33228.95,32841.49,33256.85,32828.36,73480000.0,1.26
2016-01-04,33009.13,33265.58,33304.4,32968.63,68940000.0,-0.66
2016-01-05,32983.47,32804.32,33027.33,32515.05,99320000.0,-0.08
2016-01-06,32968.26,33036.63,33123.53,32930.37,61270000.0,-0.05
2016-01-07,32682.5,32964.65,32964.65,32652.39,79280000.0,-0.87
2016-01-08,32534.85,32716.16,32775.4,32476.63,71870000.0,-0.45
2016-01-11,32320.05,32535.57,32555.21,32290.4,51900000.0,-0.66
2016-01-12,32265.65,32275.02,32330.19,32005.46,77890000.0,-0.17
2016-01-13,32154.17,32323.39,32484.31,32059.54,73200000.0,-0.35
2016-01-14,31441.02,32093.21,32093.21,31364.13,120380000.0,-2.22
2016-01-15,31001.49,31433.49,31637.22,30887.74,88230000.0,-1.4
2016-01-18,30628.4,30901.0,30901.0,29785.0,142730000.0,-1.2
2016-01-19,31092.61,30642.82,31136.3,30549.86,98640000.0,1.52
2016-01-20,30766.01,31079.31,31079.31,30689.84,76450000.0,-1.05
2016-01-21,30751.8,30808.38,31029.17,30705.53,93180000.0,-0.05
2016-01-22,30949.02,30771.42,30998.3,30771.42,74760000.0,0.64
2016-01-25,31065.13,31089.65,31322.59,30978.4,72130000.0,0.38
2016-01-26,31074.38,30962.95,31140.11,30886.29,72900000.0,0.03
2016-01-27,31101.38,31146.57,31386.21,31065.72,78490000.0,0.09
2016-01-28,31193.73,31119.17,31247.85,31052.13,52220000.0,0.3
2016-01-29,31298.6,31267.6,31461.52,31261.36,106290000.0,0.34
2016-02-01,31878.15,31417.13,31889.51,31416.82,103580000.0,1.85
2016-02-02,31960.61,31866.77,32172.53,31866.77,106680000.0,0.26
2016-02-03,32084.06,31886.11,32183.73,31778.81,81500000.0,0.39
2016-02-04,32478.98,32134.78,32504.12,32134.78,88250000.0,1.23
2016-02-08,32706.22,32474.6,32851.23,32463.44,86610000.0,0.7
2016-02-09,32444.2,32710.82,32716.32,32421.02,91630000.0,-0.8
2016-02-10,32144.59,32401.41,32464.18,32104.55,109890000.0,-0.92
2016-02-11,31820.54,32150.97,32204.38,31782.57,64920000.0,-1.01
2016-02-12,31464.16,31838.37,31911.96,31389.2,86600000.0,-1.12
2016-02-15,31928.15,31604.18,31970.85,31604.18,59140000.0,1.47
2016-02-16,31673.16,32026.39,32159.26,31608.7,113480000.0,-0.8
2016-02-17,31469.7,31705.86,31705.86,31334.41,65790000.00000001,-0.64
2016-02-18,31282.44,31577.75,31707.89,31249.36,84330000.0,-0.6
2016-02-19,31011.77,31295.0,31295.0,30946.36,70080000.0,-0.87
2016-02-22,30677.68,31027.35,31062.84,30599.74,62890000.0,-1.08
2016-02-23,30564.5,30731.01,30841.53,30275.61,111420000.0,-0.37
2016-02-24,30786.6,30506.85,30897.44,30474.37,85230000.0,0.73
2016-02-25,30802.53,30828.91,30936.71,30712.85,77380000.0,0.05
2016-02-26,31294.08,30856.24,31329.74,30856.24,79690000.0,1.6
2016-02-29,31369.51,31303.18,31434.61,31219.14,71610000.0,0.24
2016-03-01,31509.11,31384.67,31538.65,31321.7,59240000.0,0.45
2016-03-02,31772.9,31532.79,31876.16,31532.79,115000000.0,0.84
2016-03-03,32146.58,31849.86,32233.43,31849.86,93900000.0,1.18
2016-03-04,32441.74,32236.49,32480.39,32236.49,95280000.0,0.92
2016-03-07,33022.6,32463.9,33029.62,32463.9,125770000.0,1.79
2016-03-08,33032.85,33083.69,33210.52,32933.29,145880000.0,0.03
2016-03-09,32957.98,32984.48,33086.51,32893.07,125030000.0,-0.23
2016-03-10,32710.56,33030.94,33080.36,32671.23,76410000.0,-0.75
2016-03-11,32669.16,32716.67,32757.62,32523.19,66760000.00000001,-0.13
2016-03-14,32738.56,32708.3,32878.66,32708.3,69250000.0,0.21
2016-03-15,32623.02,32749.23,32769.18,32585.79,96290000.0,-0.35
2016-03-16,32891.08,32661.76,32941.44,32654.82,100670000.0,0.82
2016-03-17,32957.75,32994.52,33116.26,32937.76,89390000.0,0.2
2016-03-18,33080.4,32968.58,33145.62,32942.26,111780000.0,0.37
2016-03-21,33022.87,33081.69,33164.99,33000.46,54680000.0,-0.17
2016-03-22,32928.3,33084.45,33191.08,32868.07,70590000.0,-0.29
2016-03-24,32801.88,32883.44,32941.17,32778.41,47120000.0,-0.38
2016-03-25,32876.55,32807.29,32905.67,32777.11,62600000.0,0.23
2016-03-28,32904.32,32835.0,32986.89,32736.74,50150000.0,0.08
2016-03-29,32879.67,32921.06,33000.68,32854.33,67460000.0,-0.07
2016-03-30,32922.4,32880.99,32998.54,32863.62,71950000.0,0.13
2016-03-31,33139.0,32910.47,33188.35,32910.47,114640000.0,0.66
2016-04-01,33449.62,33129.75,33467.47,33121.92,119960000.0,0.94
2016-04-04,33808.42,33476.49,33829.32,33372.95,163400000.0,1.07
2016-04-05,33766.49,33815.77,33951.41,33714.06,213200000.0,-0.12
2016-04-06,33946.37,33815.86,34032.65,33815.86,187700000.0,0.53
2016-04-07,33896.03,34034.94,34058.06,33870.8,103290000.0,-0.15
2016-04-08,33967.54,33893.72,33993.98,33877.24,105800000.0,0.21
2016-04-11,33566.22,34015.06,34154.7,33547.87,115670000.0,-1.18
2016-04-12,33616.9,33578.03,33675.59,33415.93,83110000.0,0.15
2016-04-13,33646.1,33676.66,33785.64,33471.92,108870000.0,0.09
2016-04-14,33767.59,33672.92,33814.8,33605.63,121780000.0,0.36
2016-04-15,33767.12,33793.61,33917.46,33736.75,90980000.0,0.0
2016-04-18,33759.97,33700.47,33832.85,33632.83,94680000.0,-0.02
2016-04-19,33729.62,33763.08,33886.44,33676.66,104250000.0,-0.09
2016-04-20,33619.84,33755.82,33757.29,33599.45,111990000.0,-0.33
2016-04-21,33572.13,33619.81,33916.69,33495.37,167140000.0,-0.14
2016-04-22,33739.54,33603.67,33848.39,33599.3,92650000.0,0.5
2016-04-25,33684.56,33764.95,33785.74,33498.75,74640000.0,-0.16
2016-04-26,33847.74,33711.98,34027.17,33702.78,140930000.0,0.48
2016-04-27,34269.28,33933.82,34307.3,33917.55,135960000.0,1.25
2016-04-28,34503.64,34323.31,34580.97,34323.31,152410000.0,0.68
2016-04-29,34719.29,34591.87,34881.67,34458.79,180500000.0,0.63
2016-05-02,34567.52,34727.2,34806.66,34489.97,119830000.0,-0.44
2016-05-03,34897.3,34557.37,34923.19,34474.49,130020000.00000001,0.95
2016-05-04,35317.56,34919.15,35440.37,34919.15,194110000.0,1.2
2016-05-05,35941.47,35351.68,35961.99,35351.68,171300000.0,1.77
2016-05-06,35973.68,35983.78,36203.51,35832.32,218340000.0,0.09
2016-05-09,36234.99,36089.7,36303.86,36089.7,148760000.0,0.73
2016-05-10,36265.12,36179.68,36339.42,36037.8,124890000.0,0.08
2016-05-11,36266.23,36358.2,36412.23,36231.58,168840000.0,0.0
2016-05-12,36048.76,36260.2,36448.43,36016.66,108960000.0,-0.6
2016-05-13,36122.49,36052.38,36123.37,35957.21,115770000.0,0.2
2016-05-16,36125.37,36173.3,36241.57,36090.5,79440000.0,0.01
2016-05-17,36137.12,36215.94,36390.41,36100.02,161730000.0,0.03
2016-05-18,36318.21,36197.15,36366.2,36180.5,134350000.0,0.5
2016-05-19,36685.05,36321.76,36809.31,36321.76,273930000.0,1.01
2016-05-20,36693.5,36721.78,36848.02,36646.97,173670000.0,0.02
2016-05-23,36723.35,36725.57,36751.43,36433.48,168730000.0,0.08
2016-05-24,36582.35,36740.33,36794.07,36553.78,169130000.0,-0.38
2016-05-25,36499.43,36583.53,36767.24,36483.21,119470000.0,-0.23
2016-05-26,36540.97,36565.77,36683.09,36461.95,109080000.0,0.11
2016-05-27,36694.26,36549.96,36775.8,36531.41,101750000.0,0.42
2016-05-30,36234.69,36666.05,36684.26,36183.8,108120000.0,-1.25
2016-05-31,36061.56,36199.51,36414.38,35947.74,135420000.0,-0.48
2016-06-01,36496.16,36046.97,36518.58,36044.6,127450000.0,1.21
2016-06-02,36839.14,36483.2,36880.86,36483.2,219020000.0,0.94
2016-06-03,37223.0,36893.32,37360.88,36893.32,172830000.0,1.04
2016-06-06,37352.27,37260.36,37481.11,37208.27,161130000.0,0.35
2016-06-07,37392.29,37389.62,37539.0,37331.39,102830000.0,0.11
2016-06-08,37426.39,37502.21,37614.45,37411.44,104680000.0,0.09
2016-06-09,37414.26,37479.2,37536.32,37392.24,98110000.0,-0.03
2016-06-10,36940.88,37456.21,37459.92,36828.82,71080000.0,-1.27
2016-06-13,36979.96,36883.71,37081.97,36637.81,104730000.0,0.11
2016-06-14,37517.75,37051.06,37594.39,37051.06,109620000.0,1.45
2016-06-15,38559.87,37625.37,38609.01,37625.37,193100000.0,2.78
2016-06-16,38751.6,38596.27,39039.67,38392.0,191480000.0,0.5
2016-06-17,38776.94,38774.78,38963.03,38640.0,104730000.0,0.07
2016-06-20,38469.82,38888.55,38981.56,38469.82,114530000.0,-0.79
2016-06-21,38415.31,38492.44,38605.82,38337.93,90800000.0,-0.14
2016-06-22,38149.26,38442.55,38620.05,38123.12,74160000.0,-0.69
2016-06-23,38237.89,38145.04,38264.58,38014.52,67600000.0,0.23
2016-06-24,37389.88,38229.62,38229.62,36826.08,154850000.0,-2.22
2016-06-27,37039.57,37399.42,37503.96,36957.05,119750000.0,-0.94
2016-06-28,37076.63,37056.9,37267.3,36863.64,94130000.0,0.1
2016-06-29,37786.57,37240.53,37801.92,37240.53,91850000.0,1.91
2016-06-30,37783.54,37800.74,37993.74,37730.31,81480000.0,-0.01
2016-07-04,37966.76,37887.84,38007.51,37691.13,88230000.0,0.48
2016-07-11,38367.96,37881.41,38427.78,37814.6,110870000.0,1.06
2016-07-12,39031.62,38404.14,39067.29,38404.14,179230000.0,1.73
2016-07-13,39049.46,39116.5,39289.11,39017.96,137650000.0,0.05
2016-07-14,39257.0,39053.07,39295.46,38948.17,88640000.0,0.53
2016-07-15,39188.47,39249.57,39415.25,39148.66,122470000.0,-0.17
2016-07-18,39253.25,39188.89,39269.14,38905.82,122840000.0,0.17
2016-07-19,39208.88,39225.34,39322.25,39164.3,121080000.0,-0.11
2016-07-20,39098.79,39216.44,39288.42,38945.96,151420000.0,-0.28
2016-07-21,39306.79,39063.77,39390.42,39063.77,139730000.0,0.53
2016-07-22,39151.78,39307.31,39420.65,39114.31,120110000.0,-0.39
2016-07-25,39017.32,39144.56,39159.54,38996.97,73200000.0,-0.34
2016-07-26,39147.33,38996.44,39195.92,38996.44,112580000.0,0.33
2016-07-27,39434.97,39185.95,39592.03,39130.07,104810000.0,0.73
2016-07-28,39468.98,39461.12,39716.14,39325.11,90680000.0,0.09
2016-07-29,39505.28,39426.23,39562.18,39280.69,96030000.0,0.09
2016-08-01,39800.64,39567.45,39917.13,39559.88,122010000.0,0.75
2016-08-02,39786.93,39820.62,39860.57,39675.28,122310000.0,-0.03
2016-08-03,39615.76,39794.98,39833.66,39594.08,103040000.0,-0.43
2016-08-04,39446.7,39631.22,39824.14,39395.79,93130000.0,-0.43
2016-08-05,39390.21,39399.9,39507.8,39330.02,144820000.0,-0.14
2016-08-08,39476.17,39386.24,39500.56,39379.48,99800000.0,0.22
2016-08-09,39663.71,39475.71,39737.57,39475.71,133639999.99999999,0.48
2016-08-10,39805.88,39709.92,39862.94,39709.92,107170000.0,0.36
2016-08-11,39861.6,39815.76,39907.52,39743.26,185130000.0,0.14
2016-08-12,39907.64,39982.2,40083.06,39866.38,140950000.0,0.12
2016-08-15,40030.52,39998.82,40104.15,39977.85,81650000.0,0.31
2016-08-16,40050.17,40115.03,40211.35,40027.76,96890000.0,0.05
2016-08-17,40057.52,40076.41,40205.07,40018.36,128550000.00000001,0.02
2016-08-18,39771.2,40113.31,40213.89,39742.78,135250000.0,-0.71
2016-08-19,39499.08,39802.66,39839.19,39465.2,135520000.0,-0.68
2016-08-22,39457.95,39531.84,39543.18,39254.05,79630000.0,-0.1
2016-08-23,39400.19,39404.45,39617.75,39362.61,66510000.00000001,-0.15
2016-08-24,39506.58,39418.39,39544.68,39362.25,63530000.0,0.27
2016-08-25,39792.1,39525.37,39867.09,39511.55,119770000.0,0.72
2016-08-26,39926.7,39823.66,39950.24,39800.81,159930000.0,0.34
2016-08-29,40023.02,39991.94,40102.51,39991.94,182310000.0,0.24
2016-08-30,39991.79,40040.24,40084.11,39943.49,160280000.0,-0.08
2016-08-31,39809.58,39996.38,40022.76,39772.7,104800000.0,-0.46
2016-09-01,39738.67,39813.6,39899.74,39722.78,101870000.0,-0.18
2016-09-02,39464.65,39754.84,39755.63,39432.18,102040000.0,-0.69
2016-09-05,39278.11,39470.79,39595.11,39248.68,82090000.0,-0.47
2016-09-06,39688.97,39331.36,39769.76,39250.16,110000000.0,1.05
2016-09-07,40084.87,39775.08,40110.45,39775.08,195790000.0,1.0
2016-09-08,40136.93,40247.91,40289.87,40053.18,187610000.0,0.13
2016-09-09,40340.23,40191.19,40420.19,40183.16,200620000.0,0.51
2016-09-15,40216.35,40347.36,40347.72,40133.51,148790000.0,-0.31
2016-09-16,40363.68,40298.02,40473.43,40286.86,216420000.0,0.37
2016-09-19,40414.72,40426.67,40542.64,40392.47,282060000.0,0.13
2016-09-20,40340.46,40414.72,40508.95,40129.7,212730000.0,-0.18
2016-09-21,39771.42,40353.05,40356.16,39646.77,210690000.0,-1.41
2016-09-22,40135.31,39899.07,40319.0,39899.07,209310000.0,0.91
2016-09-23,39781.95,40166.4,40180.33,39739.17,105210000.0,-0.88
2016-09-26,40220.76,39866.43,40275.84,39866.43,124420000.0,1.1
2016-09-27,40294.38,40304.42,40406.91,40156.84,185650000.0,0.18
2016-09-28,40355.02,40344.79,40467.91,40207.26,192100000.0,0.15
2016-09-29,40295.52,40644.22,40861.27,40144.0,234860000.0,-0.15
2016-09-30,40541.81,40346.92,40580.33,40245.47,176790000.0,0.61
2016-10-03,40986.31,40652.88,41131.35,40650.76,176320000.0,1.1
2016-10-04,41123.97,41119.98,41197.34,41014.01,196790000.0,0.34
2016-10-05,41253.46,41277.17,41425.09,41240.13,178270000.0,0.31
2016-10-06,41252.17,41327.43,41446.7,41231.81,231710000.0,0.0
2016-10-07,41200.48,41309.5,41372.21,41124.13,179320000.0,-0.13
2016-10-10,41403.97,41295.15,41431.57,41199.85,135780000.0,0.49
2016-10-13,41412.04,41527.71,41631.55,41344.17,193490000.0,0.02
2016-10-14,41464.31,41435.56,41512.44,41170.43,180590000.0,0.13
2016-10-17,41282.72,41509.75,41604.6,41256.36,149450000.0,-0.44
2016-10-18,40954.22,41279.83,41280.12,40759.96,164540000.0,-0.8
2016-10-19,40924.14,41011.96,41063.88,40668.82,166690000.0,-0.07
2016-10-20,41545.95,41022.85,41688.57,41019.05,218870000.0,1.52
2016-10-21,41291.43,41577.36,41600.97,41257.67,217780000.0,-0.61
2016-10-24,40852.03,41264.0,41264.0,40793.56,115400000.0,-1.06
2016-10-25,40764.76,40722.99,40812.15,40176.81,163460000.0,-0.21
2016-10-26,40526.81,40774.87,40921.37,40427.13,197130000.0,-0.58
2016-10-27,39987.31,40553.48,40583.26,39929.05,162600000.0,-1.33
2016-10-28,39872.88,39792.57,40061.01,39538.04,151430000.0,-0.29
2016-10-31,39893.84,39883.94,40173.83,39789.7,130690000.0,0.05
2016-11-01,41299.87,39894.1,41340.68,39855.42,206510000.0,3.52
2016-11-02,41742.75,41563.86,41962.62,41375.82,230670000.0,1.07
2016-11-03,41974.46,41855.47,42107.99,41702.88,242810000.0,0.56
2016-11-04,41841.56,41959.89,42121.47,41799.26,213640000.0,-0.32
2016-11-07,42133.54,41853.0,42204.53,41804.14,169360000.0,0.7
2016-11-08,42113.91,42261.03,42413.46,42009.91,289240000.0,-0.05
2016-11-09,42203.63,41842.26,42227.74,41352.52,296150000.0,0.21
2016-11-10,42703.99,42309.03,42772.21,42309.03,232300000.0,1.19
2016-11-11,42849.12,42719.34,42949.16,42497.73,213160000.0,0.34
2016-11-14,42525.93,42946.85,43084.67,42400.3,258660000.00000003,-0.75
2016-11-15,42292.67,42546.24,42641.53,42251.55,125810000.0,-0.55
2016-11-16,42404.47,42364.15,42481.07,42213.5,114060000.0,0.26
2016-11-17,42411.8,42441.91,42526.93,42326.98,140070000.0,0.02
2016-11-18,42324.94,42436.4,42505.7,42253.88,106050000.0,-0.2
2016-11-21,42439.04,42369.53,42546.53,42336.45,100510000.0,0.27
2016-11-22,42631.58,42535.56,42748.4,42535.56,122890000.0,0.45
2016-11-23,42901.02,42706.01,42923.42,42582.41,144500000.0,0.63
2016-11-24,42949.73,42905.54,43206.33,42905.53,140030000.0,0.11
2016-11-25,42999.66,42973.72,43066.84,42907.07,149080000.0,0.12
2016-11-28,43060.71,43039.77,43184.92,43011.43,91750000.0,0.14
2016-11-29,42811.27,43085.95,43297.41,42772.56,174780000.0,-0.58
2016-11-30,42622.37,42839.5,42865.59,42583.1,138210000.0,-0.44
2016-12-01,42907.36,43032.81,43280.43,42860.97,175750000.0,0.67
2016-12-02,43270.9,43002.62,43308.14,42913.21,88320000.0,0.85
2016-12-05,43739.97,43359.62,43797.69,43346.55,128830000.00000001,1.08
2016-12-06,44199.4,43807.15,44236.89,43807.15,189580000.0,1.05
2016-12-07,44494.99,44273.58,44539.28,44107.82,244960000.0,0.67
2016-12-08,44741.98,44653.09,44836.1,44447.89,135930000.0,0.56
2016-12-09,45387.23,44901.14,45489.59,44898.85,195260000.0,1.44
2016-12-13,45857.89,45788.21,46126.21,45735.8,193870000.0,1.04
2016-12-14,46185.27,45957.68,46268.44,45602.64,201040000.0,0.71
2016-12-15,46358.35,46165.17,46635.31,46141.79,171810000.0,0.37
2016-12-16,46584.53,46419.06,46661.74,46229.89,177420000.0,0.49
2016-12-19,46938.59,46813.27,47070.56,46813.27,187250000.0,0.76
2016-12-20,47210.06,47027.18,47380.88,46810.02,201200000.0,0.58
2016-12-21,46993.31,47303.45,47325.91,46344.88,176810000.0,-0.46
2016-12-22,46699.78,47067.86,47202.02,46665.52,133710000.00000001,-0.62
2016-12-23,46633.99,46730.56,46826.71,46443.22,105410000.0,-0.14
2016-12-26,46689.73,46660.53,46898.59,46622.42,83500000.0,0.12
2016-12-27,46920.47,46687.53,46985.65,46685.76,90440000.0,0.49
2016-12-28,47424.63,46986.12,47563.46,46986.12,140850000.0,1.07
2016-12-29,47666.66,47509.57,47713.34,47495.66,197640000.0,0.51
2016-12-30,47806.97,47675.89,47933.8,47634.81,154530000.0,0.29
2017-01-02,48240.28,47881.53,48357.57,47878.33,181430000.0,0.91
2017-01-03,48827.55,48278.62,48924.08,47906.38,210060000.0,1.22
2017-01-04,48704.99,48814.47,49069.05,48635.87,181320000.0,-0.25
2017-01-05,48713.63,48743.07,48934.0,48642.09,140670000.0,0.02
2017-01-06,49038.23,48769.07,49104.04,48769.07,153150000.0,0.67
2017-01-09,49039.41,49082.86,49439.26,48998.17,178310000.0,0.0
2017-01-10,48865.79,48957.32,49001.38,48687.26,176920000.0,-0.35
2017-01-11,49371.6,48872.02,49389.89,48867.86,191350000.0,1.04
2017-01-12,49517.02,49590.63,49804.55,49454.61,200540000.0,0.29
2017-01-13,49210.5,49610.05,49673.17,49155.68,167830000.0,-0.62
2017-01-16,48888.54,49392.83,49395.11,48821.75,157170000.0,-0.65
2017-01-17,48678.65,48961.63,49003.96,48108.93,179470000.0,-0.43
2017-01-18,48642.21,48731.5,48971.01,48501.42,151900000.0,-0.07
2017-01-19,49013.82,48742.25,49065.33,48693.89,208550000.0,0.76
2017-01-20,49364.83,49027.96,49464.06,49027.96,181240000.0,0.72
2017-01-23,49876.18,49532.13,49937.25,49532.13,349130000.0,1.04
2017-01-24,49968.92,49942.88,50055.36,49621.84,226390000.0,0.19
2017-01-25,49756.77,50094.26,50267.24,49721.46,172660000.0,-0.42
2017-01-26,50192.36,49771.18,50286.02,49668.64,202800000.0,0.88
2017-01-27,49963.77,50230.54,50886.8,49900.63,384500000.0,-0.46
2017-01-30,48972.24,50086.6,50339.93,48836.5,184150000.0,-1.98
2017-01-31,48757.67,48909.78,49142.77,48349.36,162090000.0,-0.44
2017-02-01,49455.86,48963.6,49514.1,48963.6,180490000.0,1.43
2017-02-02,49665.97,49594.14,49933.91,49426.87,177990000.0,0.42
2017-02-03,49555.83,49697.22,49780.53,49430.9,147440000.0,-0.22
2017-02-06,49630.04,49643.0,49739.89,49534.07,97530000.0,0.15
2017-02-07,49859.39,49706.37,49920.26,49705.76,120470000.0,0.46
2017-02-08,49874.96,49967.34,50034.94,49742.74,174850000.0,0.03
2017-02-09,49908.15,49896.54,50196.83,49784.33,245850000.0,0.07
2017-02-10,49925.08,49929.24,50093.38,49845.85,137310000.0,0.03
2017-02-13,49965.63,50032.44,50322.55,49834.69,143010000.0,0.08
2017-02-14,49767.91,49931.94,50036.65,49527.7,136390000.0,-0.4
2017-02-15,49214.15,49833.7,49920.28,49097.02,156600000.0,-1.11
2017-02-16,49588.3,49344.9,49693.84,49163.91,88870000.0,0.76
2017-02-17,49375.71,49612.89,49893.38,49320.48,153830000.0,-0.43
2017-02-20,48929.12,49425.63,49597.33,48850.9,112580000.0,-0.9
2017-02-21,49015.09,48924.7,49103.59,48655.92,118970000.0,0.18
2017-02-22,48981.65,49119.81,49331.54,48710.29,178280000.0,-0.07
2017-02-23,49062.26,49012.7,49153.44,48474.8,113780000.0,0.16
2017-02-24,49007.99,49136.8,49273.94,48941.69,133460000.00000001,-0.11
2017-02-27,48520.75,49018.74,49081.28,48489.74,95000000.0,-0.99
2017-02-28,48534.23,48541.91,48636.35,48146.68,87720000.0,0.03
2017-03-01,48992.16,48627.9,49050.51,48627.1,95760000.0,0.94
2017-03-02,49696.08,49252.08,49729.99,49252.08,148290000.0,1.44
2017-03-03,49623.81,49778.59,49894.52,49564.08,118710000.0,-0.15
2017-03-06,49434.89,49696.83,49841.1,49342.95,77150000.0,-0.38
2017-03-07,49452.71,49448.87,49525.48,49216.32,100770000.0,0.04
2017-03-08,49754.72,49468.61,49778.21,49424.82,95420000.0,0.61
2017-03-09,49392.44,49752.1,49857.09,49219.55,96520000.0,-0.73
2017-03-10,49191.75,49360.99,49456.39,49048.95,78120000.0,-0.41
2017-03-13,48655.72,49188.56,49254.77,48562.0,50030000.0,-1.09
2017-03-14,48539.06,48649.84,48662.51,48061.27,92560000.0,-0.24
2017-03-15,48305.83,48630.19,48767.44,48209.89,114130000.0,-0.48
2017-03-16,48289.66,48330.05,48341.17,47774.44,101460000.0,-0.03
2017-03-17,48409.35,48339.32,48727.44,48334.13,132740000.00000001,0.25
2017-03-20,48697.65,48488.13,48757.38,48435.04,55830000.0,0.6
2017-03-21,49020.21,48723.69,49060.05,48676.68,93950000.0,0.66
2017-03-22,49016.79,49057.57,49147.32,48961.06,131690000.0,-0.01
2017-03-24,48971.05,49080.19,49138.4,48928.18,124490000.0,-0.09
2017-03-27,48680.16,49048.05,49049.43,48633.26,87150000.0,-0.59
2017-03-28,48523.41,48639.16,48685.59,48490.39,77480000.0,-0.32
2017-03-29,48375.63,48594.29,48909.1,48336.78,93650000.0,-0.3
2017-03-30,47949.33,48448.71,48504.4,47820.31,104270000.0,-0.88
2017-03-31,48155.93,47982.55,48210.74,47678.83,136340000.0,0.43
2017-04-03,48227.75,48205.55,48384.02,48120.93,64959999.99999999,0.15
2017-04-04,48088.37,48233.2,48366.04,48050.54,56700000.0,-0.29
2017-04-05,47577.31,48125.03,48166.18,47523.41,77500000.0,-1.06
2017-04-06,47356.6,47552.29,47634.87,47254.65,63040000.0,-0.46
2017-04-07,47889.37,47410.28,47960.8,47410.28,55950000.0,1.13
2017-04-10,47942.95,47896.9,48095.55,47731.99,49080000.0,0.11
2017-04-11,48250.07,47919.74,48257.03,47870.17,50130000.0,0.64
2017-04-12,48457.26,48281.21,48518.11,48280.77,77330000.0,0.43
2017-04-13,47950.58,48535.8,48553.16,47908.34,88640000.0,-1.05
2017-04-14,47577.06,47899.23,47955.6,47543.09,53170000.0,-0.78
2017-04-17,47125.12,47635.43,47652.36,46743.55,65330000.0,-0.95
2017-04-18,46874.37,47115.82,47179.45,46809.19,82620000.0,-0.53
2017-04-19,47603.48,46250.97,47715.65,46048.07,140920000.0,1.56
2017-04-20,48743.56,47557.55,49509.3,47361.11,199780000.0,2.39
2017-04-21,49708.65,48870.16,49743.43,48867.06,159070000.0,1.98
2017-04-24,50111.67,49830.78,50204.38,49588.92,135670000.0,0.81
2017-04-25,49785.17,50225.03,50304.65,49532.02,130389999.99999999,-0.65
2017-04-26,49827.51,49826.24,49954.04,49645.12,120950000.0,0.09
2017-04-27,49481.7,49876.94,49909.33,49445.69,110810000.0,-0.69
2017-04-28,49300.9,49472.04,49575.32,49238.05,112550000.0,-0.37
2017-05-02,48689.42,49146.38,49255.85,48665.09,88070000.0,-1.24
2017-05-03,48605.14,48723.98,48929.54,48490.43,134900000.0,-0.17
2017-05-04,49283.64,48632.55,49389.95,48632.55,116090000.0,1.4
2017-05-05,49851.13,49233.9,50098.59,49233.45,136690000.0,1.15
2017-05-08,50935.91,49941.51,50977.0,49932.13,145000000.0,2.18
2017-05-09,51073.14,51284.42,51488.56,50999.15,191190000.0,0.27
2017-05-10,51103.53,51113.18,51231.65,50857.5,96490000.0,0.06
2017-05-11,51426.01,51287.11,51506.96,51274.89,111850000.0,0.63
2017-05-12,51750.91,51453.23,51793.56,51399.23,127350000.0,0.63
2017-05-15,52387.87,51954.08,52599.07,51954.08,147880000.0,1.23
2017-05-16,51813.19,52821.55,52846.7,51754.07,120540000.0,-1.1
2017-05-17,51511.41,51852.35,51948.27,51443.17,107330000.0,-0.58
2017-05-18,50956.6,51569.93,51570.29,50875.11,69290000.0,-1.08
2017-05-19,50742.03,51016.99,51197.27,50666.13,76380000.0,-0.42
2017-05-22,51373.51,50817.67,51447.45,50803.78,53460000.0,1.24
2017-05-23,52146.97,51507.17,52244.24,51503.67,112040000.0,1.51
2017-05-24,52876.46,52178.58,53103.21,52178.58,147150000.0,1.4
2017-05-25,52869.01,53042.15,53127.24,52733.89,142450000.0,-0.01
2017-05-26,52636.87,52854.57,52874.63,52455.44,116430000.0,-0.44
2017-05-29,52138.9,52395.2,52563.91,52036.34,63340000.0,-0.95
2017-05-30,51453.16,52170.33,52476.18,51278.93,86440000.0,-1.32
2017-05-31,50591.57,51472.75,51492.44,50213.66,274370000.0,-1.67
2017-06-01,48780.81,50484.37,50645.33,48361.19,197080000.0,-3.58
2017-06-02,48555.3,48543.62,48915.64,47491.65,105060000.0,-0.46
2017-06-05,50120.93,48705.86,50163.07,48705.86,99970000.0,3.22
2017-06-06,50144.63,50297.8,50311.01,49920.08,89850000.0,0.05
2017-06-07,50162.81,50236.85,50349.1,49968.74,59670000.0,0.04
2017-06-08,49958.33,50082.65,50290.49,49875.56,64800000.0,-0.41
2017-06-09,49526.92,49950.34,49961.0,49478.43,39350000.0,-0.86
2017-06-12,47671.8,49433.9,49433.9,47538.17,62640000.0,-3.75
2017-06-13,48071.04,47593.37,48513.23,47099.99,103240000.0,0.84
2017-06-14,47608.64,48252.15,48601.75,47484.85,74800000.0,-0.96
2017-06-15,47442.73,47482.08,48088.63,47369.87,107370000.0,-0.35
2017-06-16,46858.56,47461.36,47527.41,46733.7,58270000.0,-1.23
2017-06-19,46593.34,46914.07,47083.26,46312.95,74830000.0,-0.57
2017-06-20,44914.44,46666.51,46777.33,44823.56,135200000.0,-3.6
2017-06-21,45474.46,44699.09,45765.35,43826.67,187880000.0,1.25
2017-06-22,46332.31,45611.28,46464.38,45540.66,167310000.0,1.89
2017-06-29,46711.85,46398.74,47086.47,46115.6,106820000.0,0.82
2017-06-30,46565.29,46747.19,46831.98,46506.12,113130000.0,-0.31
2017-07-03,44665.41,46523.33,46523.33,44639.82,77680000.0,-4.08
2017-07-04,45394.06,44610.69,45686.03,44328.2,99780000.0,1.63
2017-07-05,45413.42,45408.68,46358.26,45152.63,108490000.0,0.04
2017-07-06,44823.11,45385.9,45579.95,44560.21,72690000.0,-1.3
2017-07-07,45222.15,44819.65,45291.89,44549.45,75720000.0,0.89
2017-07-10,46273.81,45133.46,46332.35,44710.24,120980000.0,2.33
2017-07-11,44120.58,45278.17,45278.17,44117.17,104050000.0,-4.65
2017-07-12,43792.19,43746.75,44205.77,43027.15,126790000.0,-0.74
2017-07-13,43783.55,43777.62,44121.3,43060.98,76510000.0,-0.02
2017-07-14,44337.44,43806.39,44466.38,43695.88,58170000.0,1.27
2017-07-17,44523.21,44195.09,44630.07,44173.44,33980000.0,0.42
2017-07-18,45636.36,44517.52,45669.06,44517.06,83690000.0,2.5
2017-07-19,45418.7,45651.26,45808.8,45297.15,82020000.0,-0.48
2017-07-20,45059.93,45651.57,46087.58,44971.68,67130000.0,-0.79
2017-07-21,45294.39,44975.2,45382.22,44548.36,56610000.0,0.52
2017-07-24,45529.2,45366.3,45566.7,45271.06,53080000.0,0.52
2017-07-25,45917.9,45570.34,45939.56,45499.23,79010000.0,0.85
2017-07-26,45908.39,46031.54,46106.72,45857.92,66819999.99999999,-0.02
2017-07-27,45905.76,45854.97,46025.07,45758.21,73390000.0,-0.01
2017-07-28,45912.03,44989.88,46060.55,44235.94,161050000.0,0.01
2017-07-31,46010.45,46334.55,47111.54,45911.74,150410000.0,0.21
2017-08-01,46533.43,46071.7,46623.91,46064.87,108040000.0,1.14
2017-08-02,46949.04,46690.3,46989.27,46689.62,154550000.0,0.89
2017-08-03,47084.34,47040.47,47167.63,46857.45,201990000.0,0.29
2017-08-04,46877.37,47121.41,47241.17,46834.99,137740000.0,-0.44
2017-08-07,46465.66,46892.24,46929.2,46336.66,99960000.0,-0.88
2017-08-08,45979.7,46515.07,46517.55,45905.02,84450000.0,-1.05
2017-08-09,45998.81,46010.39,46101.08,45591.38,101530000.0,0.04
2017-08-10,45634.02,46024.13,46213.14,45572.11,74530000.0,-0.79
2017-08-11,45288.49,45625.14,45627.05,45261.25,42500000.0,-0.76
2017-08-15,43899.45,45331.16,45419.52,43822.2,85390000.0,-3.07
2017-08-16,44186.96,43912.92,44332.51,43781.57,87150000.0,0.65
2017-08-17,43136.06,44216.97,44257.26,43044.12,77590000.0,-2.38
2017-08-18,43078.38,43133.88,43187.09,42347.19,88140000.0,-0.13
2017-08-21,42153.38,43110.92,43135.01,42016.87,78890000.0,-2.15
2017-08-22,41983.16,42073.08,42291.15,41062.73,112240000.0,-0.4
2017-08-23,42910.79,42000.35,42949.9,41927.22,82010000.0,2.21
2017-08-24,42268.62,42966.24,43173.22,42136.17,82590000.0,-1.5
2017-08-25,42641.75,42211.84,42784.72,41836.1,106300000.0,0.88
2017-08-28,41974.22,42468.78,42598.9,41820.23,53370000.0,-1.57
2017-08-29,41233.08,41782.33,41804.88,41046.24,69640000.0,-1.77
2017-08-30,41323.65,41046.29,41558.0,41046.29,69280000.0,0.22
2017-08-31,41206.99,41199.85,41362.87,40842.5,43980000.0,-0.28
2017-09-05,41779.2,41109.65,41833.7,41070.99,59260000.0,1.39
2017-09-06,41389.99,41846.18,42054.07,41324.61,76350000.0,-0.93
2017-09-07,40958.65,41346.46,41477.84,40686.09,77790000.0,-1.04
2017-09-08,41401.02,41227.88,41635.74,41169.97,78230000.0,1.08
2017-09-11,41126.83,41534.69,41552.05,41062.47,50380000.0,-0.66
2017-09-12,41279.3,41265.57,41411.18,41024.54,57220000.0,0.37
2017-09-13,42310.12,41407.04,42346.23,41387.3,84250000.0,2.5
2017-09-14,42683.57,42392.65,42732.51,42171.26,80410000.0,0.88
2017-09-15,42787.19,42700.14,43014.42,42538.05,97950000.0,0.24
2017-09-18,42841.41,42833.86,42924.93,42489.69,59060000.0,0.13
2017-09-19,43253.26,42889.52,43297.41,42889.52,95140000.0,0.96
2017-09-20,43347.03,43309.42,43435.92,43145.83,105630000.0,0.22
2017-09-21,42775.04,43338.68,43386.73,42705.66,82280000.0,-1.32
2017-09-22,42750.19,42771.66,42921.13,42572.04,52080000.0,-0.06
2017-09-25,42743.65,42815.23,43087.07,42628.37,67650000.0,-0.02
2017-09-26,42666.23,42844.8,42957.71,42599.64,93920000.0,-0.18
2017-09-27,42290.15,42563.19,42619.09,42101.68,67990000.0,-0.88
2017-09-28,42362.87,42291.44,42456.53,42195.09,60050000.0,0.17
2017-09-29,42409.27,42391.0,42543.2,42286.6,92310000.0,0.11
2017-10-02,42018.9,42431.54,42434.82,41944.37,41230000.0,-0.92
2017-10-03,41115.78,42043.21,42043.21,41025.28,62870000.0,-2.15
2017-10-04,40461.0,41092.66,41179.88,39869.88,97260000.0,-1.59
2017-10-05,40468.49,40545.27,40819.44,40036.23,83100000.0,0.02
2017-10-06,41312.59,40494.58,41334.93,40494.58,81770000.0,2.09
2017-10-09,41099.99,41334.5,41336.43,41004.66,52190000.0,-0.51
2017-10-10,40610.72,41109.73,41112.27,40287.26,121790000.0,-1.19
2017-10-11,40503.68,40639.75,40776.97,40315.02,52750000.0,-0.26
2017-10-12,40237.53,40558.74,40791.91,39834.1,62700000.0,-0.66
2017-10-13,39846.78,40236.92,40236.92,39478.05,78940000.0,-0.97
2017-10-16,40791.39,39978.4,40813.53,39978.4,55280000.0,2.37
2017-10-17,40724.96,40892.36,41353.23,40692.09,81060000.0,-0.16
2017-10-18,40733.45,40760.07,40872.48,40224.2,49260000.0,0.02
2017-10-19,41558.07,40826.57,41614.28,40821.33,113030000.0,2.02
2017-10-20,42087.89,41687.59,42155.72,41471.24,111820000.0,1.27
2017-10-23,41483.54,42148.54,42161.8,41414.12,64060000.0,-1.44
2017-10-24,41291.68,41446.6,41457.26,40913.93,64940000.0,-0.46
2017-10-25,41595.32,41305.3,41626.86,41294.95,48110000.0,0.74
2017-10-26,41409.49,41637.09,41745.76,41355.45,65900000.00000001,-0.45
2017-10-27,41105.4,41412.68,41420.05,40903.7,79490000.0,-0.73
2017-10-30,40324.32,41168.19,41173.38,40258.58,53200000.0,-1.9
2017-10-31,39617.19,40302.72,40307.98,39557.12,93500000.0,-1.75
2017-11-01,40453.64,39662.8,40558.97,39660.13,63510000.0,2.11
2017-11-02,40498.87,40508.89,40842.25,40353.48,66959999.99999999,0.11
2017-11-03,41064.0,40506.92,41115.5,40453.03,60900000.0,1.4
2017-11-06,41030.77,41160.67,41232.17,40928.27,45750000.0,-0.08
2017-11-07,41049.22,41120.12,41262.45,41003.05,53270000.0,0.04
2017-11-08,41259.16,41037.59,41293.8,40970.62,57220000.0,0.51
2017-11-09,41790.16,41403.17,41851.33,41390.34,78830000.0,1.29
2017-11-10,41435.7,41836.35,41836.35,41390.81,54440000.0,-0.85
2017-11-13,41239.89,41435.7,41435.7,41141.85,34170000.0,-0.47
2017-11-14,40943.78,41202.55,41316.74,40899.5,57490000.0,-0.72
2017-11-15,40662.79,40814.42,40904.35,40585.54,47870000.0,-0.69
2017-11-16,40813.31,40705.44,40886.03,40686.62,51540000.0,0.37
2017-11-17,40844.4,40832.14,40910.17,40637.15,58020000.0,0.08
2017-11-20,40316.93,40843.94,40923.09,40260.05,44350000.0,-1.29
2017-11-21,40548.83,40353.11,40603.55,40271.53,43460000.0,0.58
2017-11-22,40591.87,40643.09,40741.91,40465.52,117580000.0,0.11
2017-11-23,40266.21,40626.0,40712.65,40136.86,43660000.0,-0.8
2017-11-24,40248.41,40276.63,40368.35,40082.7,61540000.0,-0.04
2017-11-27,40032.17,40152.72,40152.72,39932.93,74320000.0,-0.54
2017-11-28,39634.13,40060.49,40125.75,39564.27,68940000.0,-0.99
2017-11-29,39672.89,39647.23,39760.5,39462.71,73090000.0,0.1
2017-11-30,40010.36,39706.17,40091.48,39702.84,126120000.0,0.85
2017-12-04,40049.8,40048.76,40131.37,39931.52,47290000.0,0.1
2017-12-05,39945.41,40072.17,40084.97,39892.34,67870000.0,-0.26
2017-12-06,39907.32,39960.06,40062.62,39825.23,49270000.0,-0.1
2017-12-07,38784.66,39880.82,39880.82,38769.09,71110000.0,-2.81
2017-12-08,39080.0,38645.26,39339.65,38431.78,80650000.0,0.76
2017-12-11,38481.7,39059.48,39437.43,38374.73,57160000.0,-1.53
2017-12-12,38525.11,38504.71,38620.66,37736.73,107740000.0,0.11
2017-12-13,38819.65,38588.04,38884.89,38527.62,70080000.0,0.76
2017-12-14,38223.55,38825.74,38825.74,38126.85,54160000.0,-1.54
2017-12-15,38645.9,38214.21,38919.03,38192.7,94860000.0,1.1
2017-12-18,38383.97,38660.09,38703.15,38337.37,25410000.0,-0.68
2017-12-19,37919.42,38418.88,38443.12,37768.25,55910000.0,-1.21
2017-12-20,38208.06,37963.09,38323.55,37842.52,74980000.0,0.76
2017-12-21,38715.77,38216.76,38793.99,38014.84,81300000.0,1.33
2017-12-22,39428.21,38770.46,39525.21,38710.53,98500000.0,1.84
2017-12-26,39525.75,39524.24,39719.13,39293.37,89190000.0,0.25
2017-12-27,40146.73,39614.37,40160.47,39614.37,107270000.0,1.57
2017-12-28,40371.31,40235.08,40463.66,40031.34,94200000.0,0.56
2017-12-29,40471.48,40400.82,40644.74,40271.18,126860000.0,0.25
2018-01-01,40711.04,40470.44,40815.96,40169.62,51410000.0,0.59
2018-01-02,41486.87,40676.19,41566.76,40534.79,137600000.0,1.91
2018-01-03,41544.27,41539.93,41819.75,41289.17,150640000.0,0.14
2018-01-04,41908.71,41600.4,41995.66,41600.4,127650000.0,0.88
2018-01-05,42523.99,41876.62,42584.96,41821.85,109960000.0,1.47
2018-01-08,43112.12,42634.49,43256.57,42634.49,125690000.0,1.38
2018-01-09,42814.34,43188.71,43251.4,42566.51,118670000.0,-0.69
2018-01-10,43630.74,42888.33,43659.45,42881.88,143750000.0,1.91
2018-01-11,43395.28,43693.6,43824.02,43140.94,163180000.0,-0.54
2018-01-12,42933.72,43426.86,43436.2,42754.3,108960000.0,-1.06
2018-01-15,42347.49,42891.16,42897.82,42270.38,55750000.0,-1.37
2018-01-16,42939.68,42358.99,43142.59,42324.27,73610000.0,1.4
2018-01-17,43358.97,42936.43,43386.27,42874.39,64030000.0,0.98
2018-01-18,43580.88,43626.06,44004.13,43192.75,124530000.0,0.51
2018-01-19,44178.83,43647.33,44203.13,43609.16,97360000.0,1.37
2018-01-22,44897.69,44225.24,44951.21,44121.97,135800000.0,1.63
2018-01-23,44907.2,44897.69,44970.78,44465.31,113420000.0,0.02
2018-01-24,45063.21,45037.35,45494.52,44781.83,173350000.0,0.35
2018-01-25,44816.71,45063.21,45179.0,44729.81,101410000.0,-0.55
2018-01-26,44551.13,44825.78,44825.78,44196.57,131050000.00000001,-0.59
2018-01-29,44457.3,44724.44,44855.77,44337.72,87130000.0,-0.21
2018-01-30,44233.11,44492.11,44615.1,44081.23,71900000.0,-0.5
2018-01-31,44049.05,44252.94,44533.76,43996.42,80160000.0,-0.42
2018-02-01,44255.48,44103.07,44436.39,44103.07,70700000.0,0.47
2018-02-02,44301.2,44341.88,44637.02,44252.88,93170000.0,0.1
2018-02-06,43885.51,43965.88,43965.88,43498.24,83380000.0,-0.94
2018-02-07,44096.49,44039.51,44299.87,44034.24,108920000.0,0.48
2018-02-08,43679.87,44079.12,44151.54,43629.82,96620000.0,-0.94
2018-02-09,43808.8,43533.11,43826.6,43286.24,80140000.0,0.3
2018-02-12,43515.08,43795.2,43900.2,43461.25,65910000.0,-0.67
2018-02-13,43690.36,43582.09,43878.33,43548.81,61850000.0,0.4
2018-02-14,43353.04,43675.68,43781.77,43215.72,77840000.0,-0.77
2018-02-15,42942.35,43377.08,43451.31,42859.85,83850000.0,-0.95
2018-02-16,43627.1,42916.87,43691.28,42916.87,63840000.0,1.59
2018-02-19,43572.67,43753.08,43945.62,43512.09,39230000.0,-0.12
2018-02-20,43294.95,43587.98,43588.77,42864.82,68890000.0,-0.64
2018-02-21,42919.78,43509.98,43623.59,42834.21,78210000.0,-0.87
2018-02-22,43528.51,42701.29,43627.86,42384.18,67530000.0,1.42
2018-02-23,43267.2,43746.75,43797.11,43014.03,96110000.0,-0.6
2018-02-26,42911.02,43443.68,43490.69,42804.5,55130000.0,-0.82
2018-02-27,42994.96,42900.85,43116.82,42606.88,64530000.0,0.2
2018-02-28,43239.44,43022.0,43323.18,43016.54,50020000.0,0.57
2018-03-01,43510.39,43259.45,43634.1,43176.04,79830000.0,0.63
2018-03-02,43740.49,43567.18,43759.13,43412.47,84420000.0,0.53
2018-03-05,43829.07,43797.53,43875.0,43654.69,44750000.0,0.2
2018-03-06,43705.1,43852.32,44044.01,43660.46,61330000.0,-0.28
2018-03-07,43441.18,43712.63,43724.56,43416.45,45530000.0,-0.6
2018-03-08,43072.74,43416.46,43475.56,42940.7,69030000.0,-0.85
2018-03-09,43011.26,43089.18,43188.55,42860.98,53890000.0,-0.14
2018-03-12,43410.93,43020.08,43479.5,43011.86,31210000.0,0.93
2018-03-13,43618.07,43431.31,43707.13,43354.13,60040000.0,0.48
2018-03-14,43407.72,43601.78,43601.95,43346.39,47240000.0,-0.48
2018-03-15,43495.07,43409.07,43509.56,43366.67,39440000.0,0.2
2018-03-16,43363.21,43513.82,43525.59,43314.22,54220000.0,-0.3
2018-03-19,43539.6,43362.88,43620.81,43311.85,36110000.0,0.41
2018-03-20,44309.74,43542.12,44404.86,43542.12,92620000.0,1.77
2018-03-21,44645.95,44450.27,44840.69,44443.51,82640000.0,0.76
2018-03-22,45030.22,44705.94,45032.41,44659.33,89210000.0,0.86
2018-03-26,45083.57,45019.02,45118.16,44784.81,56930000.0,0.12
2018-03-27,45004.19,45100.61,45307.45,44936.12,104100000.0,-0.18
2018-03-28,45172.99,45032.93,45232.77,44899.51,142670000.0,0.38
2018-03-29,45489.62,45157.83,45506.11,45155.51,163040000.0,0.7
2018-03-30,45560.3,45483.29,45604.59,45391.71,109230000.0,0.16
2018-04-02,45741.43,45624.13,45771.4,45413.69,128180000.0,0.4
2018-04-03,46013.34,45744.57,46057.53,45692.02,135740000.0,0.59
2018-04-04,46103.61,46058.24,46447.91,46037.54,148450000.0,0.2
2018-04-05,46560.82,46325.39,46656.93,46085.1,113580000.0,0.99
2018-04-06,46637.62,46783.54,47144.12,46542.82,136410000.0,0.16
2018-04-09,46580.62,46652.16,46828.2,46530.06,100590000.0,-0.12
2018-04-10,46476.73,46599.81,46679.69,46407.1,74860000.0,-0.22
2018-04-11,46486.49,46557.41,46759.47,46472.15,106350000.0,0.02
2018-04-12,46331.71,46576.74,46577.98,46219.85,153290000.0,-0.33
2018-04-13,46071.86,46310.41,46349.69,46036.23,105270000.0,-0.56
2018-04-16,45682.24,46095.83,46095.83,45610.22,68260000.0,-0.85
2018-04-17,45801.73,45690.11,45881.84,45484.94,73710000.0,0.26
2018-04-18,45478.63,45835.14,46003.96,45423.95,85230000.0,-0.71
2018-04-19,45387.77,45460.8,45492.33,45122.75,111170000.0,-0.2
2018-04-20,45259.34,45400.36,45525.73,45153.92,57830000.0,-0.28
2018-04-23,45371.95,45235.4,45452.98,45191.0,61790000.0,0.25
2018-04-24,45876.7,45426.1,45911.61,45409.5,84500000.0,1.11
2018-04-25,45718.34,45885.72,45942.1,45681.74,104640000.0,-0.35
2018-04-26,45460.87,45769.04,45780.94,45427.19,86790000.0,-0.56
2018-04-27,45542.78,45470.35,45671.76,45458.25,98490000.0,0.18
2018-04-30,45488.86,45752.81,45841.4,45424.87,155960000.0,-0.12
2018-05-02,45196.37,45471.74,45484.39,45160.64,64760000.00000001,-0.64
2018-05-03,44746.63,45214.42,45259.77,44556.18,73750000.0,-1.0
2018-05-04,44536.91,44750.79,44785.32,44467.44,68780000.0,-0.47
2018-05-07,44378.52,44546.19,44763.37,44321.88,59940000.0,-0.36
2018-05-08,44066.96,44364.02,44440.1,43925.64,80070000.0,-0.7
2018-05-09,43795.0,44163.86,44249.13,43386.63,80670000.0,-0.62
2018-05-10,43855.78,43877.06,44139.12,43735.44,74290000.0,0.14
2018-05-11,43594.79,43869.07,44027.58,43550.68,86300000.0,-0.6
2018-05-14,42498.86,43543.08,43543.08,42431.44,97490000.0,-2.51
2018-05-15,42459.53,42478.99,42608.08,41845.31,111340000.0,-0.09
2018-05-16,42301.2,42467.22,42579.81,42198.84,39630000.0,-0.37
2018-05-17,41869.65,42272.84,42277.0,41833.6,33400000.0,-1.02
2018-05-18,41623.52,41886.77,41974.35,41458.12,55390000.0,-0.59
2018-05-21,41648.65,41721.39,41912.68,41591.44,52320000.0,0.06
2018-05-22,42744.82,41657.6,42770.41,41657.6,92270000.0,2.63
2018-05-23,42772.25,42794.31,43060.68,42676.51,76690000.0,0.06
2018-05-24,42536.16,42776.83,42838.15,42446.82,68990000.0,-0.55
2018-05-25,42074.09,42549.15,42570.77,42000.47,63100000.0,-1.09
2018-05-28,42138.57,42051.93,42543.27,41872.34,85250000.0,0.15
2018-05-29,42622.74,42146.76,42667.69,42112.75,67530000.0,1.15
2018-05-30,42546.48,42667.17,42773.81,42337.51,84020000.0,-0.18
2018-05-31,42846.64,42574.6,42919.72,42496.37,98880000.0,0.71
2018-06-01,42912.81,42780.91,42969.38,42749.42,38550000.0,0.15
2018-06-04,43268.29,42903.41,43293.91,42832.94,73120000.0,0.83
2018-06-05,43702.58,43295.58,43747.18,43197.44,122610000.0,1.0
2018-06-06,44144.2,43767.67,44170.72,43679.68,158930000.0,1.01
2018-06-07,43948.11,44178.85,44332.86,43894.34,169880000.0,-0.44
2018-06-11,43931.16,44046.0,44244.07,43838.17,104450000.0,-0.04
2018-06-12,43228.9,43893.15,43968.33,43143.0,86900000.0,-1.6
2018-06-13,43507.5,43217.2,43589.72,43217.2,72360000.0,0.64
2018-06-14,43680.68,43535.38,43731.13,43459.47,72200000.0,0.4
2018-06-19,43682.84,43699.37,43825.11,43511.65,63740000.0,0.0
2018-06-20,43002.83,43683.32,43746.21,42954.89,91520000.0,-1.56
2018-06-21,42358.61,42881.74,42894.63,42296.07,153720000.0,-1.5
2018-06-22,41637.38,42336.83,42499.86,41561.76,120520000.0,-1.7
2018-06-25,40978.23,41642.41,41843.09,40900.74,107450000.0,-1.58
2018-06-26,41246.09,41006.75,41526.57,40990.44,91300000.0,0.65
2018-06-27,41717.99,41281.45,41817.21,41281.45,104010000.0,1.14
2018-06-28,41997.85,41710.35,42077.66,41539.29,97000000.0,0.67
2018-06-29,41910.9,41998.66,42081.88,41750.01,90720000.0,-0.21
2018-07-02,41734.05,41948.67,42136.52,41609.9,43090000.0,-0.42
2018-07-03,41564.42,41738.36,41749.14,41513.95,42320000.0,-0.41
2018-07-04,40345.68,41548.23,41548.23,40274.72,74720000.0,-2.93
2018-07-05,40238.81,40350.51,40755.22,40106.01,93330000.0,-0.26
2018-07-06,40284.14,40223.75,40435.97,40028.64,75860000.0,0.11
2018-07-09,39288.48,40340.52,40372.9,39067.15,75600000.0,-2.47
2018-07-10,39452.81,39261.36,39569.79,38561.31,116620000.0,0.42
2018-07-11,39586.76,39467.64,40061.59,39209.4,72460000.0,0.34
2018-07-12,39875.12,39570.24,39916.44,39236.73,59180000.0,0.73
2018-07-13,40271.0,39856.68,40388.55,39851.61,87180000.0,0.99
2018-07-16,39665.77,40394.3,40464.86,39396.37,93220000.0,-1.5
2018-07-17,39932.98,39658.99,40012.61,39330.88,86400000.0,0.67
2018-07-18,40897.9,40017.55,40980.3,40005.24,131270000.00000001,2.42
2018-07-19,41795.59,41298.73,41896.08,41298.73,178970000.0,2.19
2018-07-20,41221.75,41810.96,41810.96,41157.45,116450000.0,-1.37
2018-07-23,40463.98,41217.85,41219.17,40418.18,61170000.0,-1.84
2018-07-24,41339.22,40494.45,41461.83,40487.07,107580000.0,2.16
2018-07-26,42089.16,42106.57,42136.06,41696.26,129860000.00000001,1.81
2018-07-27,42786.45,42089.56,42845.49,42014.05,187530000.0,1.66
2018-07-30,43556.63,43045.59,43605.04,43045.59,176410000.0,1.8
2018-07-31,42712.43,43638.77,43638.86,42603.43,158010000.0,-1.94
2018-08-01,42810.04,42742.89,42940.53,42527.44,123660000.0,0.23
2018-08-02,42330.32,42936.7,42976.17,42286.2,170120000.0,-1.12
2018-08-03,42505.05,42233.74,42553.37,42097.07,114140000.0,0.41
2018-08-06,42808.66,42564.41,42854.32,42453.88,76540000.0,0.71
2018-08-07,42760.13,42838.3,42993.18,42705.04,129180000.0,-0.11
2018-08-08,42731.86,42784.8,42857.12,42639.24,92950000.0,-0.07
2018-08-09,42923.95,42760.66,42960.94,42696.35,107400000.0,0.45
2018-08-10,42842.18,42957.1,43115.52,42798.88,137710000.0,-0.19
2018-08-13,42637.58,42813.29,42857.58,42594.14,87290000.0,-0.48
2018-08-15,42446.56,42764.95,42852.57,42368.48,74880000.0,-0.45
2018-08-16,41960.8,42422.98,42483.11,41750.54,83620000.0,-1.14
2018-08-17,42446.62,42006.53,42552.84,41991.98,111780000.0,1.16
2018-08-20,42425.1,42610.88,42701.54,42309.05,71270000.0,-0.05
2018-08-24,42588.29,42445.43,42618.16,42280.54,49170000.0,0.38
2018-08-27,42745.78,42618.01,42871.15,42618.01,106930000.0,0.37
2018-08-28,42544.47,42730.05,42843.36,42516.35,75610000.0,-0.47
2018-08-29,42249.44,42564.34,42628.34,42157.63,58720000.0,-0.69
2018-08-30,41863.52,42261.44,42273.52,41659.26,85930000.0,-0.91
2018-08-31,41742.24,41888.23,42006.03,41626.7,88500000.0,-0.29
2018-09-03,41581.96,41731.76,41736.28,41192.04,80840000.0,-0.38
2018-09-04,41753.89,41594.98,41790.77,41555.96,65129999.99999999,0.41
2018-09-05,41620.96,41766.77,41805.34,41495.41,70460000.0,-0.32
2018-09-06,41266.39,41609.97,41715.01,41223.56,97340000.0,-0.85
2018-09-07,40854.77,41329.63,41416.74,40793.7,70050000.0,-1.0
2018-09-10,40684.05,40860.6,40927.49,40369.17,60270000.0,-0.42
2018-09-11,40759.53,40723.4,40943.19,40519.03,77720000.0,0.19
2018-09-12,40522.04,40768.98,40824.38,40424.09,69640000.0,-0.58
2018-09-13,41049.91,40498.05,41150.41,40339.04,93500000.0,1.3
2018-09-14,40920.31,41147.91,41230.69,40790.06,80630000.0,-0.32
2018-09-17,40520.47,40933.53,40961.36,40255.23,69400000.0,-0.98
2018-09-18,41238.07,40540.53,41270.43,40438.03,83320000.0,1.77
2018-09-19,41320.13,41299.73,41357.34,41100.58,95320000.0,0.2
2018-09-24,41004.55,41394.97,41533.64,40899.28,54850000.0,-0.76
2018-09-25,41036.3,41018.81,41193.18,40957.32,54640000.0,0.08
2018-09-26,40909.91,41073.37,41139.37,40717.78,77040000.0,-0.31
2018-09-27,40851.8,40904.34,40972.79,40383.23,95300000.0,-0.14
2018-09-28,40998.59,40862.69,41047.08,40622.11,98750000.0,0.36
2018-10-01,40929.44,40985.03,41029.06,40709.29,71480000.0,-0.17
2018-10-02,40800.25,40974.07,41214.48,40739.76,66599999.99999999,-0.32
2018-10-03,40560.19,40818.6,40838.86,40471.3,52640000.0,-0.59
2018-10-04,40087.12,40568.92,40603.73,39993.98,54990000.0,-1.17
2018-10-05,39226.35,40081.75,40136.32,39030.03,87370000.0,-2.15
2018-10-08,37898.29,39224.88,39297.31,37769.61,113820000.0,-3.39
2018-10-09,38504.84,37965.23,39027.34,37965.23,125040000.0,1.6
2018-10-10,38792.09,38551.3,38826.8,37894.09,112570000.0,0.75
2018-10-11,38398.3,38743.35,38743.35,38256.7,84710000.0,-1.02
2018-10-12,37517.93,38445.08,38445.08,37405.4,92220000.0,-2.29
2018-10-15,36767.57,37453.24,37575.89,36274.25,105520000.0,-2.0
2018-10-16,36663.38,36784.07,37339.49,36491.56,92130000.0,-0.28
2018-10-17,37647.34,36686.2,37704.08,36684.95,101310000.0,2.68
2018-10-18,37982.25,37806.08,38189.16,37438.38,116460000.0,0.89
2018-10-19,38430.27,38019.32,38467.41,37759.95,115560000.0,1.18
2018-10-22,38345.42,38505.97,38783.87,38266.93,138850000.0,-0.22
2018-10-23,37714.9,38345.42,38365.32,37582.69,117840000.0,-1.64
2018-10-24,39271.12,38580.29,39296.33,38580.29,167680000.0,4.13
2018-10-25,39631.91,39697.7,40069.4,39409.49,200460000.0,0.92
2018-10-26,40556.45,39736.39,40604.91,39375.42,237220000.0,2.33
2018-10-29,41453.76,40556.45,41513.63,40556.45,279100000.0,2.21
2018-10-30,41609.03,41648.88,41792.81,41366.58,220160000.0,0.37
2018-10-31,41649.36,41611.95,41825.55,41237.48,178970000.0,0.1
2018-11-01,41716.1,41616.27,41827.05,41454.54,151710000.0,0.16
2018-11-02,42004.09,41701.98,42243.83,41607.16,209720000.0,0.69
2018-11-05,41493.96,41892.22,41892.22,41033.87,145500000.0,-1.21
2018-11-06,40958.53,41432.27,41554.31,40755.79,142330000.0,-1.29
2018-11-07,41543.98,41326.74,41597.93,41231.19,169720000.0,1.43
2018-11-08,41367.38,41623.58,41650.7,41284.64,133410000.0,-0.43
2018-11-09,41388.88,41332.75,41567.19,41208.35,139980000.0,0.05
2018-11-12,41096.33,41414.31,41572.17,41052.97,96970000.0,-0.71
2018-11-13,41152.28,41112.26,41202.42,40760.59,91310000.0,0.14
2018-11-14,40994.05,40874.22,41322.77,40763.44,146560000.0,-0.38
2018-11-15,41428.63,41018.6,41477.9,40942.26,145160000.0,1.06
2018-11-16,41660.75,41536.07,41804.81,41439.41,107560000.0,0.56
2018-11-19,41352.77,41682.92,41682.92,41240.51,68040000.0,-0.74
2018-11-20,41419.24,41376.42,41465.81,41214.11,79640000.0,0.16
2018-11-22,40874.03,41367.89,41367.89,40795.96,88920000.0,-1.32
2018-11-23,40869.28,40839.64,40899.47,40655.08,69740000.0,-0.01
2018-11-26,40771.55,40882.1,41144.09,40664.17,68880000.0,-0.24
2018-11-27,40894.22,40825.54,40925.43,40520.47,70710000.0,0.3
2018-11-28,40704.8,40944.66,41081.23,40653.71,76390000.0,-0.46
2018-11-29,40638.83,40717.95,40781.43,40462.91,53320000.0,-0.16
2018-11-30,40496.03,40625.67,40936.73,40339.93,212880000.0,-0.35
2018-12-03,39160.6,40383.27,40383.44,39015.62,102660000.0,-3.3
2018-12-04,39602.87,38889.68,39657.96,38889.24,140550000.0,1.13
2018-12-05,39303.11,39607.1,39607.1,38719.62,87960000.0,-0.76
2018-12-06,38300.62,39371.09,39448.28,38247.01,121440000.0,-2.55
2018-12-07,38562.05,38300.33,38651.88,37779.67,91390000.0,0.68
2018-12-10,39299.62,38826.23,39438.68,38826.23,113190000.0,1.91
2018-12-11,38851.96,39338.68,39338.68,38801.13,84430000.0,-1.14
2018-12-12,38307.44,38770.56,38810.15,38130.07,107040000.0,-1.4
2018-12-13,38011.63,38328.51,38464.79,37767.01,57730000.0,-0.77
2018-12-14,38585.66,38062.64,38597.68,38033.83,65900000.00000001,1.51
2018-12-17,38309.17,38542.41,38579.06,38203.63,46130000.0,-0.72
2018-12-18,38115.81,38245.98,38323.44,37979.03,68150000.0,-0.5
2018-12-19,38063.15,38051.78,38179.27,37859.18,70420000.0,-0.14
2018-12-20,38236.52,38069.42,38379.69,38014.48,81890000.0,0.46
2018-12-21,38251.04,38241.05,38487.37,37845.42,98560000.0,0.04
2018-12-24,38308.92,38222.81,38347.25,37934.01,57690000.0,0.15
2018-12-26,38218.07,38318.41,38358.08,38168.54,61080000.0,-0.24
2018-12-27,37853.57,38382.24,38460.1,37701.16,69740000.0,-0.95
2018-12-28,37167.02,37368.8,37368.8,36918.66,133400000.0,-1.81
2018-12-31,37066.67,37071.76,37206.17,36802.4,164220000.0,-0.27
2019-01-01,37995.76,37067.98,38046.98,37046.21,63470000.0,2.51
2019-01-02,37795.25,38046.7,38449.04,37710.38,88050000.0,-0.53
2019-01-03,37542.01,37807.99,37928.37,37374.05,46100000.0,-0.67
2019-01-04,37547.49,37565.24,37813.99,37474.66,37890000.0,0.01
2019-01-07,38562.4,37621.24,38626.8,37621.24,103490000.0,2.7
2019-01-08,39052.5,38632.14,39148.92,38599.75,105120000.0,1.27
2019-01-09,38921.69,39201.03,39267.53,38816.5,96860000.0,-0.33
2019-01-10,39090.28,39023.67,39225.55,38997.55,66450000.0,0.43
2019-01-11,39049.08,39116.62,39278.2,38780.18,91600000.0,-0.11
2019-01-14,39412.55,39177.03,39504.49,39139.43,83820000.0,0.93
2019-01-15,39614.17,39430.2,39711.92,39358.16,89300000.0,0.51
2019-01-16,39271.94,39608.15,39622.47,39225.41,69180000.0,-0.86
2019-01-17,39243.89,39265.66,39294.47,38780.37,78830000.0,-0.07
2019-01-18,39306.5,39243.22,39390.77,39091.52,121610000.0,0.16
2019-01-21,39543.77,39345.13,39812.36,39345.13,77050000.0,0.6
2019-01-22,39902.21,39557.26,39959.22,39485.76,88460000.0,0.91
2019-01-23,40057.85,39971.54,40198.28,39905.03,106620000.0,0.39
2019-01-24,40289.16,40592.67,40609.03,40221.34,158760000.0,0.58
2019-01-25,40264.78,40307.01,40379.95,40165.72,116780000.0,-0.06
2019-01-28,40420.09,40277.09,40465.15,40261.39,68020000.0,0.39
2019-01-29,40624.39,40421.95,40647.97,40307.23,73700000.0,0.51
2019-01-30,40607.12,40644.33,40776.92,40530.69,53850000.0,-0.04
2019-01-31,40799.52,40635.66,40860.79,40635.66,125880000.0,0.47
2019-02-01,41112.71,40810.7,41207.97,40793.36,127550000.0,0.77
2019-02-04,41614.39,41209.08,41630.13,41209.08,138380000.0,1.22
2019-02-06,41505.68,41693.37,41766.93,41417.82,118360000.0,-0.26
2019-02-07,41332.75,41529.25,41606.27,41289.12,64170000.0,-0.42
2019-02-08,40887.35,41358.68,41453.1,40790.6,124640000.0,-1.08
2019-02-11,40326.53,41038.02,41076.26,40218.37,87570000.0,-1.37
2019-02-12,40596.28,40326.19,40637.26,40269.0,91160000.0,0.67
2019-02-13,40544.11,40692.74,40839.09,40484.58,102390000.0,-0.13
2019-02-14,40506.98,40544.99,40589.15,40318.01,58300000.0,-0.09
2019-02-15,40486.67,40515.2,40646.39,40361.03,46640000.0,-0.05
2019-02-18,40219.47,40605.13,40654.65,40000.11,57940000.0,-0.66
2019-02-19,39957.07,40242.45,40320.58,39941.97,56020000.0,-0.65
2019-02-20,40279.38,39943.99,40330.04,39688.75,89400000.0,0.81
2019-02-21,40070.71,40317.66,40416.53,39882.23,76300000.0,-0.52
2019-02-22,40016.13,39982.37,40082.21,39799.93,66269999.99999999,-0.14
2019-02-25,39606.79,39990.34,40046.25,39550.65,44190000.0,-1.02
2019-02-26,38821.67,39421.88,39421.88,38726.73,104830000.0,-1.98
2019-02-27,38692.69,38630.12,38857.9,37330.38,178890000.0,-0.33
2019-02-28,39054.6,38815.24,39149.33,38558.45,102340000.0,0.94
2019-03-01,39539.01,39083.98,39713.42,39083.98,94700000.0,1.24
2019-03-04,39749.74,39550.18,39841.74,39499.36,141760000.0,0.53
2019-03-05,39688.51,39775.16,39955.28,39598.97,126660000.0,-0.15
2019-03-06,39568.1,39718.18,39845.59,39494.88,61610000.0,-0.3
2019-03-07,39294.1,39662.44,39747.18,39257.99,46360000.0,-0.69
2019-03-08,38950.23,39313.75,39323.43,38866.69,46120000.0,-0.88
2019-03-11,38924.11,39012.48,39146.44,38875.82,50340000.0,-0.07
2019-03-12,38896.49,38937.01,39030.25,38648.12,54160000.0,-0.07
2019-03-13,38928.93,38874.25,39060.58,38828.52,67530000.0,0.08
2019-03-14,38808.61,38936.09,38999.39,38751.6,58900000.0,-0.31
2019-03-15,38306.95,38799.91,38839.01,38187.48,100360000.0,-1.29
2019-03-18,38851.95,38355.84,38882.82,38161.72,74810000.0,1.42
2019-03-19,38612.37,38913.36,39011.54,38528.11,54800000.0,-0.62
2019-03-20,38547.76,38600.56,38666.55,38427.64,56160000.0,-0.17
2019-03-21,38384.71,38548.18,38593.48,38202.28,55290000.0,-0.42
2019-03-22,38531.87,38437.17,38721.05,38389.86,54200000.0,0.38
2019-03-25,38128.66,38520.35,38520.35,38053.15,36490000.0,-1.05
2019-03-26,38329.13,38161.08,38372.89,38039.69,50860000.0,0.53
2019-03-27,38965.01,38382.06,38981.12,38369.12,91760000.0,1.66
2019-03-28,38552.95,38960.67,38960.67,38418.9,54350000.0,-1.06
2019-03-29,38649.34,38555.65,38733.37,38483.46,82770000.0,0.25
2019-04-01,38354.85,38633.56,38633.56,38211.08,39700000.0,-0.76
2019-04-02,38036.03,38423.14,38557.74,37932.29,65300000.0,-0.83
2019-04-03,38022.8,38050.8,38119.14,37855.09,63000000.0,-0.03
2019-04-04,37516.11,38037.79,38042.6,37413.09,63150000.0,-1.33
2019-04-05,37521.81,37517.13,37592.27,37307.14,48070000.0,0.02
2019-04-08,36921.91,37552.9,37552.9,36738.96,73330000.0,-1.6
2019-04-09,37129.97,36906.3,37270.58,36593.2,108850000.0,0.56
2019-04-10,36579.32,37138.79,37170.36,36464.85,73300000.0,-1.48
2019-04-11,36787.64,36555.2,36910.03,36499.34,101700000.0,0.57
2019-04-12,37337.87,36788.89,37420.92,36741.7,125960000.0,1.5
2019-04-15,37504.08,37431.0,37698.79,37281.15,134910000.0,0.45
2019-04-16,37381.95,37519.57,37635.56,37339.21,95320000.0,-0.33
2019-04-17,36752.57,37385.04,37418.67,36692.21,123090000.0,-1.68
2019-04-18,36811.86,36737.51,36919.95,36419.36,151840000.0,0.16
2019-04-19,37292.47,36827.08,37729.12,36818.16,139070000.0,1.31
2019-04-22,36901.69,37474.8,37479.27,36839.29,104280000.0,-1.05
2019-04-23,36404.03,36901.24,36911.61,36136.11,95420000.0,-1.35
2019-04-24,36504.25,36375.22,36733.05,36332.28,93220000.0,0.28
2019-04-25,36796.03,36520.0,36914.41,36515.16,84270000.0,0.8
2019-04-26,37130.63,36806.86,37158.35,36787.44,109320000.0,0.91
2019-04-29,37026.27,37201.59,37437.72,36949.92,132610000.00000001,-0.28
2019-04-30,36784.44,36993.38,37037.3,36708.2,82530000.0,-0.65
2019-05-02,36547.63,36776.22,36857.75,36508.22,50970000.0,-0.64
2019-05-03,36122.95,36544.9,36556.42,36071.1,48580000.0,-1.16
2019-05-06,35605.42,36127.08,36191.43,35570.38,54350000.0,-1.43
2019-05-07,35631.06,35597.8,35806.33,35491.2,54580000.0,0.07
2019-05-08,35035.03,35666.78,35697.73,34849.84,86780000.0,-1.67
2019-05-09,34887.64,35025.23,35300.26,34828.94,60130000.0,-0.42
2019-05-10,34716.53,34856.43,34875.7,34646.97,30120000.0,-0.49
2019-05-13,33900.38,34850.59,35227.92,33779.66,89960000.0,-2.35
2019-05-14,33885.09,33932.93,34067.27,33691.66,82180000.0,-0.05
2019-05-15,34291.65,33998.92,34443.91,33946.93,92190000.0,1.2
2019-05-16,33971.12,34361.39,34416.46,33574.85,85080000.0,-0.93
2019-05-17,33166.62,33933.67,33944.16,33005.99,63320000.0,-2.37
2019-05-20,33250.54,33037.18,33322.39,32352.4,132060000.0,0.25
2019-05-21,33442.1,33260.94,33549.62,32852.23,127620000.0,0.58
2019-05-22,34637.14,33618.29,34698.56,33618.29,140770000.0,3.57
2019-05-23,35581.34,35086.46,35631.13,34897.68,164340000.0,2.73
2019-05-24,35703.81,35635.17,35766.7,35435.91,110420000.0,0.34
2019-05-27,35697.37,35818.33,35892.29,35610.41,94510000.0,-0.02
2019-05-28,34949.28,35690.61,35709.12,34900.07,122790000.0,-2.1
2019-05-29,35959.43,35083.36,35993.61,35083.36,151480000.0,2.89
2019-05-30,35974.79,36218.83,36536.78,35655.25,176400000.0,0.04
2019-06-03,35505.29,35890.48,35890.48,35425.32,92620000.0,-1.31
2019-06-10,34567.55,35505.29,35505.29,34468.16,74890000.0,-2.64
2019-06-11,34659.85,34567.55,34798.6,34267.59,93100000.0,0.27
2019-06-12,34937.93,34617.62,35137.56,34608.32,113580000.0,0.8
2019-06-13,35403.07,34880.34,35501.37,34858.14,118530000.0,1.33
2019-06-14,35572.95,35443.4,35659.35,35295.64,129020000.00000001,0.48
2019-06-17,35168.82,35601.39,35625.47,35110.73,87300000.0,-1.14
2019-06-18,34681.72,35166.09,35186.09,34608.61,82050000.0,-1.39
2019-06-19,34656.12,34673.53,34813.9,34522.41,74200000.0,-0.07
2019-06-20,34995.91,34691.8,35061.54,34645.96,92010000.0,0.98
2019-06-21,35125.25,35106.58,35207.59,35036.62,81670000.0,0.37
2019-06-24,34471.95,35147.18,35194.64,34368.46,58100000.0,-1.86
2019-06-25,34190.62,34416.62,34450.86,33984.6,106960000.0,-0.82
2019-06-26,34088.56,34261.32,34290.58,33731.94,115480000.0,-0.3
2019-06-27,33774.42,34101.39,34261.92,33521.38,111730000.0,-0.92
2019-06-28,33901.58,33776.38,33936.23,33409.5,149240000.0,0.38
2019-07-01,33996.33,33963.89,34068.58,33825.85,37680000.0,0.28
2019-07-02,34307.11,34013.28,34340.23,33918.97,73910000.0,0.91
2019-07-03,34896.55,34320.93,34938.44,34320.93,99350000.0,1.72
2019-07-04,34570.62,35132.54,35279.32,34466.62,88950000.0,-0.93
2019-07-05,34190.02,34525.67,34536.7,34062.98,42350000.0,-1.1
2019-07-08,33742.68,34184.57,34229.63,33686.2,46790000.0,-1.31
2019-07-09,33855.58,33750.85,34051.01,33656.21,48350000.0,0.33
2019-07-10,33840.05,33887.27,33955.0,33796.91,25850000.0,-0.05
2019-07-11,33875.4,33879.14,33957.79,33724.98,23390000.0,0.1
2019-07-12,33672.49,33865.68,34001.76,33599.48,43370000.0,-0.6
2019-07-15,32958.35,33644.53,33646.59,32895.82,52230000.0,-2.12
2019-07-16,32972.02,32914.92,33093.79,32604.64,119500000.0,0.04
2019-07-17,32981.99,33028.93,33381.32,32835.05,93840000.0,0.03
2019-07-18,32309.54,32949.25,33014.74,32223.54,71670000.0,-2.04
2019-07-19,32458.77,32251.51,32549.31,31901.28,106390000.0,0.46
2019-07-22,32584.55,32625.27,32723.68,32391.55,38190000.0,0.39
2019-07-23,32715.88,32602.0,32758.44,32455.1,79620000.0,0.4
2019-07-24,32401.4,32726.15,32765.08,32348.91,72690000.0,-0.96
2019-07-25,32446.4,32484.35,32502.22,32150.26,54380000.0,0.14
2019-07-26,32103.27,32438.51,32439.16,32031.98,67300000.0,-1.06
2019-07-29,31734.23,32103.27,32122.09,31717.76,37370000.0,-1.15
2019-07-30,31658.12,31734.23,31774.21,31485.76,40950000.0,-0.24
2019-07-31,31938.48,31658.12,31968.78,31545.26,,0.89
2019-08-01,31839.11,31938.48,32060.58,31780.92,,-0.31
2019-08-02,31666.41,31839.11,31842.3,31434.14,,-0.54
2019-08-05,31180.8,31666.41,31666.41,30978.96,,-1.53
2019-08-06,31000.67,31180.8,31330.04,30946.73,,-0.58
2019-08-07,30277.45,31000.67,31000.67,30229.38,,-2.33
2019-08-08,29737.98,30277.45,30277.45,29400.28,,-1.78
2019-08-09,29429.07,29737.98,30034.68,29332.8,,-1.04
2019-08-16,28764.63,29429.07,29429.07,28691.79,,-2.26
2019-08-19,29562.42,28764.63,29609.16,28670.98,,2.77
2019-08-20,30419.22,29562.42,30503.11,29562.42,,2.9
2019-08-21,30972.75,30419.22,31101.31,30419.22,,1.82
2019-08-22,31884.45,30972.75,31913.32,30972.75,,2.94
2019-08-23,31350.01,31884.45,32100.56,31225.06,,-1.68
2019-08-26,30520.6,31350.02,31350.02,30410.54,,-2.65
2019-08-27,30584.85,30520.6,30641.84,29952.73,,0.21
2019-08-28,30637.71,30584.85,31112.82,30551.91,,0.17
2019-08-29,30158.96,30637.71,30808.44,30111.56,,-1.56
2019-08-30,29672.12,30158.96,30309.64,29559.82,,-1.61
2019-09-02,30057.29,29672.12,30178.57,29672.12,,1.3
2019-09-03,29809.68,30057.29,30247.32,29739.58,,-0.82
2019-09-04,30244.73,29809.68,30378.13,29468.29,,1.46
2019-09-05,30214.77,30244.73,30743.62,30145.35,,-0.1
2019-09-06,30467.2,30214.77,30550.93,30011.5,,0.84
2019-09-11,30954.83,30467.2,31019.81,30467.2,,1.6
2019-09-12,31546.61,30954.83,31846.68,30950.85,,1.91
2019-09-13,31481.31,31546.61,31630.07,31279.83,,-0.21
2019-09-16,31928.55,31481.31,31954.56,31481.31,,1.42
2019-09-17,31908.92,31928.55,32106.19,31769.98,,-0.06
2019-09-18,31555.47,31908.92,31908.92,31508.75,,-1.11
2019-09-19,32184.03,31555.47,32235.29,31475.0,,1.99
2019-09-20,32111.1,32184.03,32332.73,32055.3,,-0.23
2019-09-23,31751.21,32111.1,32147.65,31710.0,,-1.12
2019-09-24,31829.24,31751.21,31892.23,31436.22,,0.25
2019-09-25,31565.21,31829.24,31867.79,31472.02,,-0.83
2019-09-26,31433.89,31565.21,31592.11,31272.06,,-0.42
2019-09-27,32070.81,31433.89,32085.73,31368.81,,2.03
2019-09-30,32078.85,32070.81,32395.09,31929.62,,0.03
2019-10-01,32254.32,32078.85,32290.39,32002.11,,0.55
2019-10-02,32363.35,32254.32,32388.73,32180.71,,0.34
2019-10-03,32752.25,32363.35,32833.54,32279.86,,1.2
2019-10-04,33033.32,32752.26,33053.79,32699.24,,0.86
2019-10-07,33636.82,33033.32,33850.96,32947.22,,1.83
2019-10-08,33476.62,33636.82,33872.18,33409.12,,-0.48
2019-10-09,33523.74,33476.62,33604.16,33339.32,,0.14
2019-10-10,34027.7,33523.74,34047.11,33523.74,,1.5
2019-10-11,34475.69,34027.7,34689.3,34027.7,,1.32
2019-10-14,34186.26,34475.69,34697.34,34124.81,,-0.84
2019-10-15,34083.53,34186.26,34259.23,33929.19,,-0.3
2019-10-16,34281.09,34083.53,34434.06,34083.53,,0.58
2019-10-17,33898.56,34281.09,34361.45,33836.97,,-1.12
2019-10-18,33870.15,33898.56,34096.39,33667.8,,-0.08
2019-10-21,33084.73,33870.15,33885.47,33074.86,,-2.32
2019-10-22,33198.96,33084.73,33240.1,32960.65,,0.35
2019-10-23,33439.69,33198.96,33639.76,33198.96,,0.73
2019-10-24,33762.48,33439.69,33862.64,33439.69,,0.97
2019-10-25,33657.46,33762.48,33943.81,33597.86,,-0.31
2019-10-28,33861.59,33657.46,34008.35,33572.36,,0.61
2019-10-29,33797.51,33861.59,34016.55,33715.97,,-0.19
2019-10-30,33761.41,33797.51,33951.48,33670.7,,-0.11
2019-10-31,34203.68,33761.41,34306.0,33761.41,,1.31
2019-11-01,34377.61,34203.68,34489.51,34108.1,,0.51
2019-11-04,35277.46,34377.61,35309.01,34377.61,,2.62
2019-11-05,35358.31,35277.46,35608.77,35243.22,,0.23
2019-11-06,35653.33,35358.31,35985.21,35358.31,,0.83
2019-11-07,35758.52,35653.33,35834.24,35458.1,,0.3
2019-11-08,35978.16,35758.52,36048.52,35758.52,,0.61
2019-11-11,36803.1,35978.16,36817.73,35978.16,,2.29
2019-11-12,36765.56,36803.1,37171.04,36672.22,,-0.1
2019-11-13,37166.96,36765.56,37289.41,36481.03,,1.09
2019-11-14,37243.2,37166.96,37507.02,37130.01,,0.21
2019-11-15,37583.89,37243.2,37634.75,37225.61,,0.91
2019-11-18,38411.56,37583.89,38452.73,37583.89,,2.2
2019-11-19,38564.37,38411.56,38911.46,38393.61,,0.4
2019-11-20,38037.68,38564.37,38661.71,37977.63,,-1.37
2019-11-21,37101.31,38037.68,38096.56,37033.45,,-2.46
2019-11-22,37925.79,37101.31,37948.37,36953.96,,2.22
2019-11-25,38212.28,37925.79,38293.08,37839.03,,0.76
2019-11-26,37795.05,38212.28,38568.05,37535.89,,-1.09
2019-11-27,38122.72,37795.05,38122.72,37671.63,,0.87
2019-11-28,38706.27,38122.72,38847.19,38122.72,,1.53
2019-11-29,39287.65,38706.27,39452.76,38706.27,,1.5
2019-12-02,40124.22,39287.65,40144.12,39287.65,,2.13
2019-12-03,39788.73,40124.22,40444.05,39725.7,,-0.84
2019-12-04,40270.52,39788.73,40306.55,39659.43,,1.21
2019-12-05,40641.1,40270.52,40809.31,40270.52,,0.92
2019-12-06,40732.25,40641.1,40987.76,40595.96,,0.22
2019-12-09,40442.8,40732.25,40916.39,40314.94,,-0.71
2019-12-10,40664.6,40442.81,40704.22,40259.03,,0.55
2019-12-11,40531.42,40664.6,40911.19,40450.98,,-0.33
2019-12-12,40514.17,40531.42,40769.88,40172.32,,-0.04
2019-12-13,40916.59,40514.17,41077.82,40514.17,,0.99
2019-12-16,41644.88,40916.59,41699.04,40916.59,,1.78
2019-12-17,41768.66,41644.88,42056.14,41025.71,,0.3
2019-12-18,41603.71,41768.66,41920.62,41389.6,,-0.39
2019-12-19,40655.37,41603.71,41796.33,40414.36,,-2.28
2019-12-20,40832.99,40655.37,41054.42,40493.99,,0.44
2019-12-23,40008.29,40832.99,40832.99,39931.78,,-2.02
2019-12-24,40328.32,40008.29,40488.68,39455.33,,0.8
2019-12-26,41127.79,40328.32,41148.72,40328.32,,1.98
2019-12-27,40848.53,41127.79,41289.68,40726.65,,-0.68
2019-12-30,40887.62,40848.53,41295.28,40815.8,,0.1
2019-12-31,40735.08,40887.62,40997.5,40689.02,,-0.37
2020-01-01,41400.0,40735.08,41544.05,40735.08,,1.63
2020-01-02,42480.76,41400.0,42543.73,41400.0,,2.61
2020-01-03,42323.3,42480.76,42835.08,42077.45,,-0.37
2020-01-06,41296.24,42323.3,42323.3,41207.16,,-2.43
2020-01-07,41904.47,41296.24,41967.94,41296.24,,1.47
2020-01-08,41357.56,41904.47,41939.47,41173.95,,-1.31
2020-01-09,42523.07,41357.56,42556.01,41357.56,,2.82
2020-01-10,43207.05,42523.07,43241.78,42523.07,,1.61
2020-01-13,43218.67,43207.05,43453.34,43037.72,,0.03
2020-01-14,43207.04,43218.67,43468.22,43095.41,,-0.03
2020-01-15,42993.03,43207.04,43239.88,42877.9,,-0.5
2020-01-16,43065.1,42993.02,43205.26,42805.73,,0.17
2020-01-17,43167.77,43065.09,43246.61,43017.5,,0.24
2020-01-20,42747.63,43167.76,43302.61,42632.58,,-0.97
2020-01-21,42626.48,42747.62,42965.41,42338.79,,-0.28
2020-01-22,42561.27,42626.47,42675.42,42144.47,,-0.15
2020-01-23,42506.95,42561.27,42906.14,42439.68,,-0.13
2020-01-24,42633.03,42506.95,42707.43,42250.56,,0.3
2020-01-27,42539.23,42633.02,42738.56,42472.16,,-0.22
2020-01-28,42299.19,42539.23,42539.23,42153.29,,-0.56
2020-01-29,41898.7,42299.19,42429.49,41790.81,,-0.95
2020-01-30,41903.51,41898.7,41982.7,41548.04,,0.01
2020-01-31,41630.94,41903.5,42137.4,41558.74,,-0.65
2020-02-03,40409.38,41630.93,41630.93,40233.64,,-2.93
2020-02-04,40884.25,40409.38,40953.29,40349.0,,1.18
2020-02-06,40724.41,40884.25,41162.91,40684.18,,-0.39
2020-02-07,40143.63,40724.4,40869.49,40046.48,,-1.43
2020-02-10,39296.7,40143.63,40150.34,39196.19,,-2.11
2020-02-11,39714.46,39296.7,39985.96,39084.86,,1.06
2020-02-12,40531.13,39714.46,40637.79,39714.46,,2.06
2020-02-13,40455.44,40531.13,40787.09,40323.42,,-0.19
2020-02-14,40243.26,40455.44,40603.16,40094.29,,-0.52
2020-02-17,40276.93,40243.26,40521.69,40047.93,,0.08
2020-02-18,40175.35,40276.93,40600.8,40065.86,,-0.25
2020-02-19,40574.52,40175.35,40644.06,40175.35,,0.99
2020-02-20,40481.65,40574.52,40697.05,40445.78,,-0.23
2020-02-21,40249.22,40481.65,40527.08,40171.1,,-0.57
2020-02-24,39143.73,40249.22,40249.22,39079.78,,-2.75
2020-02-25,38858.45,39143.73,39247.75,38693.02,,-0.73
2020-02-26,38338.33,38858.45,38976.83,38074.16,,-1.34
2020-02-27,38087.32,38338.33,38338.33,36918.22,,-0.65
2020-02-28,37983.62,38087.32,38307.07,37758.57,,-0.27
2020-03-02,39296.3,37983.62,39362.29,37983.62,,3.46
2020-03-03,39199.68,39296.3,39866.46,39057.53,,-0.25
2020-03-04,38906.4,39199.68,39262.55,38762.44,,-0.75
2020-03-05,39382.11,38906.4,39742.5,38906.4,,1.22
2020-03-06,38219.67,39382.11,39382.11,38122.96,,-2.95
2020-03-09,37058.95,38219.67,38219.67,35917.34,,-3.04
2020-03-10,37695.75,37058.95,37734.75,36913.69,,1.72
2020-03-11,37673.25,37695.75,38333.09,37523.29,,-0.06
2020-03-12,35956.69,37673.25,37673.25,35895.77,,-4.56
2020-03-13,36060.88,35956.69,36212.38,34266.91,,0.29
2020-03-16,33684.91,36060.88,36060.88,33618.9,,-6.59
2020-03-17,32616.93,33684.91,33893.84,32416.41,,-3.17
2020-03-18,30416.05,32616.93,32616.93,30378.68,,-6.75
2020-03-19,30129.83,30416.05,30515.62,28452.44,,-0.94
2020-03-20,30667.41,30129.83,30928.05,29903.81,,1.78
2020-03-24,28564.83,30667.41,30667.41,28510.45,,-6.86
2020-03-25,27228.8,28564.83,28787.6,27169.14,,-4.68
2020-03-26,27267.2,27228.8,28191.33,27046.71,,0.14
2020-03-27,28109.57,27267.2,28273.09,27156.53,,3.09
2020-03-30,28023.39,28109.57,28114.1,27467.35,,-0.31
2020-03-31,29231.63,28023.39,29334.55,28023.39,,4.31
2020-04-01,29505.57,29231.63,29691.23,28902.08,,0.94
2020-04-02,30782.66,29505.57,30842.0,29460.38,,4.33
2020-04-03,31621.79,30782.67,31817.1,30782.67,,2.73
2020-04-06,30579.15,31621.79,31915.41,30503.27,,-3.3
2020-04-07,31231.55,30579.15,31303.13,30579.15,,2.13
2020-04-08,30971.27,31231.55,31238.35,30775.45,,-0.83
2020-04-09,31837.3,30971.27,32009.12,30971.27,,2.8
2020-04-10,32033.2,31837.3,32086.1,31377.1,,0.62
2020-04-13,31032.99,32033.21,32033.21,30928.16,,-3.12
2020-04-14,31222.74,31032.99,31395.75,30941.07,,0.61
2020-04-15,31242.19,31222.74,31795.18,31181.76,,0.06
2020-04-16,31329.46,31242.19,31447.22,31016.41,,0.28
2020-04-17,32831.83,31329.46,33257.15,31329.46,,4.8
2020-04-20,33499.65,32831.83,33857.54,32831.83,,2.03
2020-04-21,32422.83,33499.65,33499.65,32300.73,,-3.21
2020-04-22,32464.23,32422.83,32640.17,31893.57,,0.13
2020-04-23,32850.83,32464.23,32938.29,32448.53,,1.19
2020-04-24,32806.38,32850.83,33069.17,32739.84,,-0.14
2020-04-27,32314.57,32806.38,32806.38,32131.08,,-1.5
2020-04-28,32553.39,32314.57,32635.91,32284.78,,0.74
2020-04-29,33158.84,32553.39,33158.84,32553.39,,1.86
2020-04-30,34111.64,33158.84,34178.57,33158.84,,2.87
2020-05-04,33916.64,34111.64,34163.92,33709.34,,-0.57
2020-05-05,33992.75,33916.64,34385.76,33857.83,,0.22
2020-05-06,33728.18,33992.75,34119.51,33675.49,,-0.78
2020-05-07,33304.16,33728.18,33811.36,33238.88,,-1.26
2020-05-08,33267.69,33304.16,33501.3,33159.05,,-0.11
2020-05-11,33283.79,33267.69,33316.06,33126.15,,0.05
2020-05-12,33603.02,33283.79,33628.37,33283.79,,0.96
2020-05-13,33693.04,33603.02,33802.87,33603.02,,0.27
2020-05-14,33804.9,33693.04,33996.92,33686.99,,0.33
2020-05-15,34008.33,33804.9,34041.44,33804.9,,0.6
2020-05-18,33804.97,34008.33,34393.12,33770.68,,-0.6
2020-05-19,34158.55,33804.97,34350.78,33804.97,,1.05
2020-05-20,33932.81,34158.55,34224.15,33786.96,,-0.66
2020-05-21,33836.61,33932.81,34049.0,33757.37,,-0.28
2020-05-28,33695.42,33836.61,33836.61,33598.4,,-0.42
2020-05-29,33931.23,33695.42,34048.56,33695.42,,0.7
2020-06-01,34021.97,33931.23,34062.14,33820.09,,0.27
2020-06-02,34408.05,34021.97,34525.27,34021.97,,1.13
2020-06-03,34401.42,34408.05,34657.73,34354.87,,-0.02
2020-06-04,34119.39,34401.42,34410.05,34090.13,,-0.82
2020-06-05,34350.42,34119.39,34367.74,34081.76,,0.68
2020-06-08,34749.57,34350.42,34769.44,34350.42,,1.16
2020-06-09,34803.6,34749.57,34855.39,34688.12,,0.16
2020-06-10,35065.08,34803.6,35111.54,34803.6,,0.75
2020-06-11,35128.58,35065.08,35253.5,34995.42,,0.18
2020-06-12,34609.09,35128.58,35128.58,34503.94,,-1.48
2020-06-15,33824.51,34611.23,34611.23,33814.86,,-2.27
2020-06-16,34019.12,33824.51,34138.3,33824.51,,0.58
2020-06-17,33848.68,34019.12,34396.38,33775.76,,-0.5
2020-06-18,33539.85,33848.68,33919.82,33471.45,,-0.91
2020-06-19,33438.94,33539.85,33699.92,33369.91,,-0.3
2020-06-22,33737.92,33438.95,33794.87,33071.36,,0.89
2020-06-23,34052.61,33737.92,34072.97,33737.92,,0.93
2020-06-24,34034.65,34052.61,34160.87,33937.63,,-0.05
2020-06-25,33709.63,34034.65,34034.65,33657.78,,-0.95
2020-06-26,33939.49,33709.63,34028.77,33709.63,,0.68
2020-06-29,34181.8,33939.49,34207.0,33719.51,,0.71
2020-06-30,34421.92,34181.8,34424.61,34146.05,,0.7
2020-07-01,34889.41,34421.92,34924.29,34409.87,,1.36
2020-07-02,34978.18,34889.41,35177.39,34889.41,,0.25
2020-07-03,35051.38,34978.18,35105.16,34918.52,,0.21
2020-07-06,35202.77,35051.38,35238.81,35002.11,,0.43
2020-07-07,35373.35,35202.77,35472.68,35202.77,,0.48
2020-07-08,35694.89,35373.35,35703.22,35373.35,,0.91
2020-07-09,36142.17,35694.89,36190.7,35694.89,,1.25
2020-07-10,36190.4,36142.17,36279.56,36003.18,,0.13
2020-07-13,36618.57,36190.4,36722.13,36190.4,,1.18
2020-07-14,36745.22,36618.57,36936.03,36534.7,,0.35
2020-07-15,36679.03,36745.22,36891.98,36638.07,,-0.18
2020-07-16,37001.44,36679.03,37029.25,36679.03,,0.88
2020-07-17,37330.85,37001.44,37354.15,37001.44,,0.89
2020-07-20,37650.57,37330.85,37741.15,37330.85,,0.86
2020-07-21,37700.31,37650.57,37938.87,37368.52,,0.13
2020-07-22,37804.61,37700.31,37986.37,37552.07,,0.28
2020-07-23,37578.21,37804.61,38106.95,37540.7,,-0.6
2020-07-24,37607.62,37578.21,37863.3,37259.17,,0.08
2020-07-27,38221.16,37607.62,38291.77,37607.62,,1.63
2020-07-28,38627.27,38221.16,38700.96,38221.16,,1.06
2020-07-29,38836.27,38627.27,39124.33,38627.27,,0.54
2020-07-30,39258.44,38836.27,39270.46,38781.18,,1.09
2020-08-03,39871.61,39258.44,39928.92,39258.44,,1.56
2020-08-04,39577.62,39871.61,40330.71,39528.86,,-0.74
2020-08-05,39882.78,39577.62,39940.22,39425.57,,0.77
2020-08-06,40166.12,39882.78,40422.83,39882.78,,0.71
2020-08-07,40029.69,40166.12,40465.95,39971.11,,-0.34
2020-08-10,39914.76,40029.69,40195.22,39828.91,,-0.29
2020-08-11,40559.15,39914.76,40706.08,39914.76,,1.61
2020-08-12,40473.18,40559.15,41117.08,40390.39,,-0.21
2020-08-13,40290.74,40473.18,40564.18,39898.22,,-0.45
2020-08-17,40122.5,40290.74,40405.41,39939.69,,-0.42
2020-08-18,40184.01,40122.5,40434.6,40113.29,,0.15
2020-08-19,40154.11,40184.01,40424.92,40065.51,,-0.07
2020-08-20,39868.55,40154.11,40249.51,39781.39,,-0.71
2020-08-21,39621.59,39868.55,39868.55,39240.07,,-0.62
2020-08-24,39802.6,39621.59,39824.56,39473.11,,0.46
2020-08-25,40292.82,39802.6,40340.79,39802.6,,1.23
2020-08-26,40862.59,40292.82,40894.53,40292.82,,1.41
2020-08-27,41081.94,40862.59,41276.54,40862.59,,0.54
2020-08-28,41056.22,41081.94,41164.83,40994.04,,-0.06
2020-08-31,41110.93,41056.22,41311.06,41016.56,,0.13
2020-09-01,41377.26,41110.93,41401.89,41096.58,,0.65
2020-09-02,41834.85,41377.26,41932.85,41377.26,,1.11
2020-09-03,42188.11,41834.85,42212.93,41834.85,,0.84
2020-09-04,42023.0,42188.11,42291.92,41923.68,,-0.39
2020-09-07,42295.75,42023.0,42400.25,42023.0,,0.65
2020-09-08,41985.19,42295.75,42528.49,41912.6,,-0.73
2020-09-09,42022.25,41985.19,42196.17,41610.73,,0.09
2020-09-10,42647.35,42022.25,42896.36,42022.25,,1.49
2020-09-11,42530.67,42647.35,42869.69,42457.53,,-0.27
2020-09-14,42531.31,42530.67,42720.98,42367.81,,0.0
2020-09-15,42346.42,42531.31,42831.01,42263.22,,-0.43
2020-09-16,42282.28,42346.42,42544.87,42091.97,,-0.15
2020-09-17,42334.76,42282.28,42632.41,42276.59,,0.12
2020-09-18,42504.76,42334.76,42554.84,42234.59,,0.4
2020-09-21,42174.13,42504.76,42551.15,42121.32,,-0.78
2020-09-22,41828.91,42174.14,42174.14,41672.45,,-0.82
2020-09-23,41876.26,41828.91,42023.06,41755.69,,0.11
2020-09-24,41806.37,41876.26,41942.35,41416.9,,-0.17
2020-09-25,41701.23,41806.37,42100.73,41601.94,,-0.25
2020-09-28,40740.95,41701.23,41785.07,40644.82,,-2.3
2020-09-29,41204.36,40740.95,41445.47,40389.8,,1.14
2020-09-30,40571.48,41204.36,41438.33,40494.9,,-1.54
2020-10-01,40676.92,40571.48,40735.84,40113.95,,0.26
2020-10-02,40070.83,40676.92,40838.92,39905.66,,-1.49
2020-10-05,39072.47,40070.83,40070.83,38865.1,,-2.49
2020-10-06,39127.48,39072.47,39349.29,38568.95,,0.14
2020-10-07,39849.96,39127.48,39920.13,39127.48,,1.85
2020-10-08,40353.62,39849.96,40412.06,39849.96,,1.26
2020-10-09,40798.43,40353.62,40830.22,40307.64,,1.1
2020-10-12,40209.82,40798.43,41047.46,40149.78,,-1.44
2020-10-13,40006.67,40209.82,40301.36,39645.73,,-0.51
2020-10-14,40144.29,40006.68,40183.87,39845.77,,0.34
2020-10-15,40068.49,40144.29,40533.67,40006.46,,-0.19
2020-10-16,40164.02,40068.5,40220.73,39742.25,,0.24
2020-10-19,40340.17,40164.02,40491.13,40077.9,,0.44
2020-10-20,40956.58,40340.17,41056.95,40340.17,,1.53
2020-10-21,41535.92,40956.58,41613.05,40956.58,,1.41
2020-10-22,41199.02,41535.92,41818.24,41088.38,,-0.81
2020-10-23,41266.0,41199.02,41383.38,41064.38,,0.16
2020-10-26,41850.47,41266.0,41876.79,41266.0,,1.42
2020-10-27,41381.83,41850.47,41922.19,41327.72,,-1.12
2020-10-28,41186.86,41381.83,41687.33,41069.68,,-0.47
2020-10-29,39888.0,41186.86,41186.86,39275.43,,-3.15
2020-11-02,39112.18,39888.0,39888.0,38778.68,,-1.94
2020-11-03,40480.88,39112.18,40499.64,39112.18,,3.5
2020-11-04,40281.96,40480.88,40914.59,40223.45,,-0.49
2020-11-05,41071.3,40281.96,41084.9,40281.96,,1.96
2020-11-06,40731.61,41071.3,41147.05,40679.61,,-0.83
2020-11-09,40784.04,40731.61,40943.8,40596.99,,0.13
2020-11-10,41153.05,40784.04,41597.33,40784.04,,0.9
2020-11-11,41197.32,41153.05,41330.49,40900.03,,0.11
2020-11-12,40564.55,41197.32,41197.32,40492.75,,-1.54
2020-11-13,40569.35,40564.56,40689.6,40262.22,,0.01
2020-11-16,40504.75,40569.35,40790.39,40470.12,,-0.16
2020-11-17,40652.67,40504.75,40964.22,40504.75,,0.37
2020-11-18,40514.67,40652.67,40658.15,40344.62,,-0.34
2020-11-19,40540.7,40514.67,40745.02,40431.41,,0.06
2020-11-20,40187.18,40540.7,40598.24,40126.8,,-0.87
2020-11-23,39632.52,40187.18,40187.18,39314.28,,-1.38
2020-11-24,39863.36,39632.52,40021.33,39631.07,,0.58
2020-11-25,40377.53,39863.36,40431.56,39863.36,,1.29
2020-11-26,41031.03,40377.54,41127.49,40377.54,,1.62
2020-11-27,40807.09,41031.03,41066.52,40753.3,,-0.55
2020-11-30,41068.82,40807.09,41115.1,40669.85,,0.64
2020-12-01,41665.27,41068.82,41724.04,41068.82,,1.45
2020-12-02,42027.38,41665.27,42074.11,41665.27,,0.87
2020-12-03,42047.72,42027.38,42412.51,42009.3,,0.05
2020-12-04,42207.0,42047.72,42316.52,42047.72,,0.38
2020-12-07,42115.31,42207.0,42321.37,42047.0,,-0.22
2020-12-08,42101.78,42115.31,42233.96,41948.35,,-0.03
2020-12-09,42204.03,42101.78,42350.23,42030.61,,0.24
2020-12-10,42305.84,42204.03,42441.31,42119.63,,0.24
2020-12-11,42470.39,42305.84,42628.01,42305.84,,0.39
2020-12-14,43266.22,42470.4,43316.11,42470.4,,1.87
2020-12-15,43250.84,43266.22,43709.71,43126.48,,-0.04
2020-12-16,43360.19,43250.84,43556.06,43183.77,,0.25
2020-12-17,43766.69,43360.19,43793.22,43360.19,,0.94
2020-12-18,43740.55,43766.69,43955.56,43638.33,,-0.06
2020-12-21,43333.76,43740.56,43790.72,43295.64,,-0.93
2020-12-22,42906.94,43333.76,43478.97,42757.49,,-0.98
2020-12-23,43087.7,42906.94,43216.16,42852.79,,0.42
2020-12-24,43416.77,43087.7,43631.36,43087.7,,0.76
2020-12-28,43674.28,43416.77,43760.67,43416.77,,0.59
2020-12-29,43255.55,43674.28,43912.1,43203.68,,-0.96
2020-12-30,43694.76,43282.27,43750.25,43282.27,,1.02
2020-12-31,43755.38,43694.76,43890.14,43665.93,,0.14
2021-01-01,44434.8,43755.38,44874.86,43755.38,,1.55
2021-01-04,44686.46,44434.8,45074.37,44434.8,,0.57
2021-01-05,44650.43,44686.46,44830.28,44458.71,,-0.08
2021-01-06,45153.42,44650.43,45194.63,44650.43,,1.13
2021-01-07,45344.54,45153.42,45619.8,45153.42,,0.42
2021-01-08,45654.34,45344.54,45916.33,45344.54,,0.68
2021-01-11,45605.42,46086.85,46109.36,45529.48,,-0.11
2021-01-12,45922.04,45605.42,46013.36,45605.42,,0.69
2021-01-13,46091.96,45922.04,46314.15,45922.04,,0.37
2021-01-14,45989.35,46091.96,46272.58,45852.83,,-0.22
2021-01-15,45931.0,45989.35,46177.38,45875.21,,-0.13
2021-01-18,45726.68,45931.0,46047.56,45714.17,,-0.44
2021-01-19,45903.23,45726.68,45978.0,45596.81,,0.39
2021-01-20,45676.94,45903.23,45903.23,45545.43,,-0.49
2021-01-21,45984.46,45676.94,46143.53,45676.94,,0.67
2021-01-22,45868.04,45984.46,46116.85,45690.5,,-0.25
2021-01-25,46087.64,45868.04,46189.02,45868.04,,0.48
2021-01-26,46287.38,46087.64,46398.01,46087.64,,0.43
2021-01-27,46458.13,46287.38,46698.33,46287.38,,0.37
2021-01-28,46166.05,46458.13,46645.17,46110.92,,-0.63
2021-01-29,46385.54,46166.05,46656.98,46166.05,,0.48
2021-02-01,46248.45,46385.54,46762.64,46188.25,,-0.3
2021-02-02,46580.34,46248.45,46642.72,46248.45,,0.72
2021-02-03,46933.63,46580.34,47123.82,46580.34,,0.76
2021-02-04,46905.79,46933.63,47339.21,46746.58,,-0.06
2021-02-08,46721.87,46905.79,47074.16,46659.24,,-0.39
2021-02-09,46674.77,46721.87,46990.92,46628.97,,-0.1
2021-02-10,46644.29,46674.77,46845.44,46341.76,,-0.07
2021-02-11,46055.52,46644.29,46935.32,45960.44,,-1.26
2021-02-12,45808.36,46055.52,46358.08,45731.88,,-0.54
2021-02-15,46375.59,45808.36,46507.42,45808.36,,1.24
2021-02-16,46867.95,46375.59,46884.53,46375.59,,1.06
2021-02-17,46768.14,46867.95,47305.86,46726.85,,-0.21
2021-02-18,46142.74,46768.14,46817.51,46120.61,,-1.34
2021-02-19,46227.65,46142.74,46378.35,46137.2,,0.18
2021-02-22,45890.04,46227.65,46402.73,45763.05,,-0.73
2021-02-23,45728.75,45890.04,46083.66,45663.03,,-0.35
2021-02-24,45362.58,45728.75,45887.77,45205.48,,-0.8
2021-02-25,45965.62,45362.58,46004.68,45362.58,,1.33
2021-02-26,45865.02,45965.63,46239.89,45753.07,,-0.22
2021-03-01,45593.43,45865.02,46009.38,45092.8,,-0.59
2021-03-02,45964.27,45593.43,46077.92,45535.87,,0.81
2021-03-03,46160.78,45964.27,46189.25,45923.57,,0.43
2021-03-04,45278.53,46160.78,46160.78,45087.63,,-1.91
2021-03-05,45837.35,45278.54,45946.69,45168.21,,1.23
2021-03-08,45051.05,45837.35,46432.39,44867.62,,-1.72
2021-03-09,44222.91,45051.06,45129.55,43946.3,,-1.84
2021-03-10,43691.68,44222.91,44424.04,43620.84,,-1.2
2021-03-11,42779.76,43691.68,43891.0,42689.42,,-2.09
2021-03-12,43788.08,42779.76,43986.18,42779.76,,2.36
2021-03-15,44766.59,43788.08,44839.19,43788.08,,2.23
2021-03-16,44857.06,44766.59,44910.93,44545.43,,0.2
2021-03-17,45450.31,44857.06,45540.63,44857.06,,1.32
2021-03-18,44724.09,45450.31,45612.95,44641.49,,-1.6
2021-03-19,44901.31,44724.09,45172.33,44393.28,,0.4
2021-03-22,45407.33,44901.31,45465.13,44735.59,,1.13
2021-03-24,45544.19,45407.33,45593.61,45258.99,,0.3
2021-03-25,45726.16,45544.2,46000.11,45544.2,,0.4
2021-03-26,45521.63,45726.16,45757.56,45436.91,,-0.45
2021-03-29,44431.8,45521.63,45521.63,44315.43,,-2.39
2021-03-30,44491.03,44431.8,44808.63,44199.26,,0.13
2021-03-31,44587.85,44491.03,45133.25,44477.9,,0.22
2021-04-01,44428.1,44587.85,44877.46,44334.22,,-0.36
2021-04-02,44300.95,44428.1,44609.28,44197.9,,-0.29
2021-04-05,43548.21,44300.95,44431.24,43471.19,,-1.7
2021-04-06,44404.7,43548.21,44478.24,43548.21,,1.97
2021-04-07,43953.58,44404.7,44571.91,43758.05,,-1.02
2021-04-08,44741.36,43953.58,44759.37,43953.58,,1.79
2021-04-09,45186.48,44741.36,45249.61,44741.36,,0.99
2021-04-12,44978.05,45186.48,45267.06,44758.34,,-0.46
2021-04-13,45048.57,45009.78,45133.41,44887.03,,0.16
2021-04-14,45311.22,45048.57,45347.4,45048.57,,0.58
2021-04-15,45230.18,45311.22,45447.49,45174.89,,-0.18
2021-04-16,45305.63,45230.18,45471.35,45230.18,,0.17
2021-04-19,44913.57,45305.63,45305.63,44611.83,,-0.87
2021-04-20,45399.78,44913.57,45558.13,44913.57,,1.08
2021-04-21,45306.54,45399.78,45626.88,45226.18,,-0.21
2021-04-22,44929.61,45306.54,45496.82,44882.75,,-0.83
2021-04-23,44706.76,44929.61,44929.61,44363.4,,-0.5
2021-04-26,45682.77,44706.76,45952.45,44389.68,,2.18
2021-04-27,45292.87,45682.77,45937.68,45169.8,,-0.85
2021-04-28,45059.12,45292.87,45588.94,45020.83,,-0.52
2021-04-29,44863.11,45059.12,45143.34,44781.3,,-0.44
2021-04-30,44262.35,44863.11,45056.9,44151.69,,-1.34
2021-05-03,44076.2,44262.35,44326.01,43630.07,,-0.42
2021-05-04,44563.59,44076.2,44620.41,44076.2,,1.11
2021-05-05,44943.61,44563.59,45173.61,44563.59,,0.85
2021-05-06,45174.67,44943.61,45243.83,44889.59,,0.51
2021-05-17,45796.31,45174.67,45806.98,45174.67,,1.38
2021-05-18,45981.82,45796.31,46033.92,45618.78,,0.41
2021-05-19,45682.11,45981.82,45981.82,45612.88,,-0.65
2021-05-20,45574.07,45682.11,45831.12,45518.74,,-0.24
2021-05-21,45914.98,45574.07,45948.11,45560.13,,0.75
2021-05-24,46097.11,45914.98,46314.83,45914.98,,0.4
2021-05-25,46300.66,46097.11,46369.19,46048.84,,0.44
2021-05-26,46812.31,46300.66,46856.27,46300.66,,1.11
2021-05-27,46790.75,46812.31,47204.13,46675.69,,-0.05
2021-05-28,47126.29,46790.75,47246.5,46698.23,,0.72
2021-05-31,47896.34,47126.29,47979.68,47126.29,,1.63
2021-06-01,48191.26,47896.34,48226.56,47896.34,,0.62
2021-06-02,48126.9,48191.26,48286.46,47960.46,,-0.13
2021-06-03,48093.53,48126.9,48434.4,48010.32,,-0.07
2021-06-04,48211.7,48093.53,48426.53,48093.53,,0.25
2021-06-07,48302.66,48211.7,48632.95,48211.7,,0.19
2021-06-08,48147.98,48302.66,48409.88,48000.26,,-0.32
2021-06-09,47777.62,48147.98,48311.92,47725.94,,-0.77
2021-06-10,48251.49,47777.62,48287.52,47777.62,,0.99
2021-06-11,48304.72,48251.49,48531.4,48245.4,,0.11
2021-06-14,48726.08,48304.72,48976.09,48304.72,,0.87
2021-06-15,48632.56,48726.08,48841.47,48511.58,,-0.19
2021-06-16,48480.9,48632.56,48878.2,48431.96,,-0.31
2021-06-17,48131.25,48480.9,48544.65,48115.84,,-0.72
2021-06-18,48238.67,48157.63,48411.87,48022.72,,0.22
2021-06-21,48012.52,48238.67,48370.42,47963.97,,-0.47
2021-06-22,47987.14,48012.52,48154.56,47931.78,,-0.05
2021-06-23,47900.7,47987.14,48134.94,47873.14,,-0.18
2021-06-24,47962.54,47900.7,48118.23,47897.39,,0.13
2021-06-25,47703.94,47962.54,48040.1,47476.38,,-0.54
2021-06-28,47002.35,47603.36,47662.35,46902.38,,-1.47
2021-06-29,47137.77,47002.35,47508.77,46986.47,,0.29
2021-06-30,47356.02,47137.77,47460.31,47137.77,,0.46
2021-07-01,47800.57,47356.02,47843.34,47356.02,,0.94
2021-07-02,47686.18,47800.57,48079.85,47637.76,,-0.24
2021-07-05,47429.12,47686.18,47739.5,47375.13,,-0.54
2021-07-06,47346.16,47429.12,47665.41,47242.52,,-0.17
2021-07-07,47247.92,47346.16,47375.36,47034.95,,-0.21
2021-07-08,48053.17,47247.92,48053.17,47247.92,,1.7
2021-07-09,47563.45,48053.17,48053.17,47544.08,,-1.02
2021-07-12,47447.08,47563.45,47715.28,47407.85,,-0.24
2021-07-13,47480.49,47447.08,47586.07,47439.89,,0.07
2021-07-14,47491.47,47480.49,47594.66,47442.19,,0.02
2021-07-15,47628.26,47491.47,47737.38,47388.42,,0.29
2021-07-16,47834.33,47628.26,47889.7,47627.61,,0.43
2021-07-19,47873.26,47834.33,48006.44,47751.38,,0.08
2021-07-23,47793.07,47873.26,47946.45,47686.5,,-0.17
2021-07-26,47672.68,47793.07,47930.54,47606.89,,-0.25
2021-07-27,47686.99,47672.68,47910.12,47616.73,,0.03
2021-07-28,47318.03,47686.99,47870.56,47241.55,,-0.77
2021-07-29,47312.33,47318.03,47353.91,46955.1,,-0.01
2021-07-30,47055.29,47312.33,47642.79,46925.16,,-0.54
2021-08-02,47453.25,47055.29,47508.74,47047.14,,0.85
2021-08-03,47758.32,47453.25,47808.63,47453.25,,0.64
2021-08-04,47789.88,47758.32,47980.12,47709.38,,0.07
2021-08-05,47640.88,47789.88,47896.39,47582.77,,-0.31
2021-08-06,47489.95,47640.88,47752.77,47425.03,,-0.32
2021-08-09,47123.62,47489.95,47625.42,47053.86,,-0.77
2021-08-10,47135.48,47123.62,47272.88,46928.16,,0.03
2021-08-11,47377.38,47135.48,47627.59,47135.48,,0.51
2021-08-12,47270.76,47377.38,47555.99,47175.0,,-0.23
2021-08-13,47169.84,47270.76,47320.31,47123.38,,-0.21
2021-08-16,46912.79,47169.84,47173.03,46672.19,,-0.54
2021-08-17,47258.45,46912.79,47274.52,46912.79,,0.74
2021-08-20,47599.82,47258.45,47644.34,47258.45,,0.72
2021-08-23,48112.21,47599.82,48144.89,47599.82,,1.08
2021-08-24,47828.71,48112.21,48114.95,47739.53,,-0.59
2021-08-25,47635.9,47828.71,47916.76,47617.93,,-0.4
2021-08-26,47363.27,47635.9,47759.5,47262.11,,-0.57
2021-08-27,47136.53,47363.27,47392.24,46869.1,,-0.48
2021-08-30,47365.7,47136.53,47468.14,47136.53,,0.49
2021-08-31,47419.74,47365.7,47596.04,47349.49,,0.11
2021-09-01,47413.46,47419.74,47628.59,47355.14,,-0.01
2021-09-02,46903.06,47413.46,47489.4,46874.64,,-1.08
2021-09-03,46957.47,46903.06,47113.42,46879.28,,0.12
2021-09-06,46918.52,46957.47,47087.3,46888.95,,-0.08
2021-09-07,46729.96,46918.52,46994.84,46617.98,,-0.4
2021-09-08,46396.71,46729.96,46875.49,46309.86,,-0.71
2021-09-09,46625.12,46396.71,46665.48,46396.71,,0.49
2021-09-10,47198.29,46625.12,47226.11,46625.12,,1.23
2021-09-13,47270.46,47198.29,47369.98,47168.75,,0.15
2021-09-14,46891.34,47270.46,47387.34,46607.21,,-0.8
2021-09-15,46716.72,46891.34,46952.31,46505.13,,-0.37
2021-09-16,46920.46,46716.72,46958.37,46623.41,,0.44
2021-09-17,46636.08,46920.46,47181.74,46555.87,,-0.61
2021-09-20,46528.21,46636.08,46691.23,46215.18,,-0.23
2021-09-21,46008.85,46528.21,46833.14,45778.19,,-1.12
2021-09-22,45597.24,46008.85,46031.89,44788.17,,-0.89
2021-09-23,45296.88,45597.24,45939.39,45083.51,,-0.66
2021-09-24,45073.52,45296.88,45424.26,44861.09,,-0.49
2021-09-27,44817.76,45073.52,45236.48,44341.51,,-0.57
2021-09-28,45274.93,44817.76,45294.37,44747.22,,1.02
2021-09-29,44366.74,45274.93,45342.26,43975.04,,-2.01
2021-09-30,44899.6,44366.74,44899.6,43972.09,,1.2
2021-10-01,44871.7,44899.6,45003.26,44599.61,,-0.06
2021-10-04,45044.5,44871.7,45105.04,44561.82,,0.39
2021-10-05,44666.57,45044.5,45101.36,44593.75,,-0.84
2021-10-06,44373.23,44666.57,44795.2,44284.55,,-0.66
2021-10-07,44586.04,44373.23,44947.38,44373.23,,0.48
2021-10-08,44477.23,44586.05,44670.5,44338.17,,-0.24
2021-10-11,43829.35,44477.24,44544.1,43718.37,,-1.46
2021-10-12,43883.08,43829.35,44051.16,43149.28,,0.12
2021-10-13,43221.78,43883.08,44172.74,43067.61,,-1.51
2021-10-14,44333.68,43221.78,44431.65,43046.25,,2.57
2021-10-15,44821.53,44333.68,44834.83,44197.14,,1.1
2021-10-18,44629.45,44821.53,44990.11,44442.28,,-0.43
2021-10-20,45499.46,44629.45,45563.61,44629.45,,1.95
2021-10-21,45821.4,45499.46,46164.48,45481.99,,0.71
2021-10-22,45578.36,45821.4,46037.95,45180.72,,-0.53
2021-10-25,45429.22,45608.03,45655.25,45308.07,48920000.0,-0.33
2021-10-26,45255.98,45483.54,45516.78,45213.63,69350000.0,-0.38
2021-10-27,45851.04,45544.03,46024.76,45537.46,88030000.0,1.31
2021-10-28,45990.73,45865.92,46061.63,45765.76,95420000.0,0.3
2021-10-29,46218.93,45980.4,46292.03,45681.59,138130000.0,0.5
2021-11-01,46946.21,46184.71,47251.71,46184.71,,1.57
2021-11-02,47112.92,46974.78,47314.75,46974.78,,0.36
2021-11-03,47032.44,47112.92,47317.27,46968.41,,-0.17
2021-11-04,47219.18,47032.44,47242.82,46936.48,,0.4
2021-11-05,47295.8,47219.18,47608.46,47184.15,,0.16
2021-11-08,47115.04,47295.8,47442.57,47020.85,,-0.38
2021-11-09,46399.91,47115.04,47174.49,46306.91,,-1.52
2021-11-10,46629.88,46399.91,46755.32,46399.91,,0.5
2021-11-11,46348.18,46629.88,46843.69,46323.59,,-0.6
2021-11-12,45749.15,46348.18,46409.11,45717.21,,-1.29
2021-11-15,45736.26,45749.15,45910.96,45544.99,,-0.03
2021-11-16,46542.91,45736.26,46623.76,45736.26,,1.76
2021-11-17,46194.42,46542.91,46655.9,46071.98,,-0.75
2021-11-18,46110.5,46194.42,46292.57,45728.42,,-0.18
2021-11-19,46489.41,46110.5,46601.79,46001.41,,0.82
2021-11-22,45745.0,46489.41,46599.19,45716.6,,-1.6
2021-11-23,44948.52,45745.0,45915.61,44881.15,,-1.74
2021-11-24,44363.7,44948.52,44983.91,44210.99,,-1.3
2021-11-25,43935.75,44363.7,44516.82,43735.65,,-0.96
2021-11-26,44114.16,43935.75,44333.71,43736.43,,0.41
2021-11-29,45330.05,44114.16,45416.99,43933.5,,2.76
2021-11-30,45072.38,45330.05,45757.6,44727.96,,-0.57
2021-12-01,45369.14,45072.38,45459.83,45072.38,,0.66
2021-12-02,43234.15,45369.14,45369.14,43087.47,,-4.71
2021-12-03,43232.83,43234.15,43590.52,42752.76,,0.0
2021-12-06,43280.77,43232.83,43547.95,42972.02,,0.11
2021-12-07,43853.49,43280.77,44066.16,43280.77,,1.32
2021-12-08,43846.87,43853.49,44139.22,43653.06,,-0.02
2021-12-09,43518.84,43846.87,43996.62,43273.76,,-0.75
2021-12-10,43395.78,43518.84,43606.41,43044.99,,-0.28
2021-12-13,42876.37,43395.78,43478.61,42806.68,,-1.2
2021-12-14,43246.71,42876.37,43265.8,42715.42,,0.86
2021-12-15,44366.86,43246.71,44507.47,43246.71,,2.59
2021-12-16,43731.2,44366.86,44392.54,43607.8,,-1.43
2021-12-17,43900.68,43731.2,44003.75,43556.61,,0.39
2021-12-20,44339.95,43900.68,44484.76,43808.84,,1.0
2021-12-21,44177.07,44339.95,44594.66,44122.13,,-0.37
2021-12-22,44174.97,44177.07,44292.91,44091.2,,0.0
2021-12-23,44266.9,44174.97,44446.99,44108.69,,0.21
2021-12-24,44118.39,44266.9,44467.85,44041.52,,-0.34
2021-12-27,43913.44,44118.39,44167.58,43846.95,,-0.46
2021-12-28,44043.74,43913.44,44117.17,43906.41,,0.3
2021-12-29,44260.11,44043.74,44264.84,43941.64,,0.49
2021-12-30,44416.2,44260.11,44589.28,44260.11,,0.35
2021-12-31,44596.07,44416.2,44646.49,44307.27,,0.4
2022-01-03,44886.89,44596.07,44905.35,44509.57,,0.65
2022-01-04,45390.84,44886.89,45406.08,44886.89,,1.12
2022-01-05,45407.89,45390.84,45438.16,45241.45,,0.04
2022-01-06,45082.3,45407.89,45407.89,45021.32,,-0.72
2022-01-07,45345.65,45082.3,45364.19,44968.9,,0.58
2022-01-10,45887.63,45345.65,45967.29,45206.0,,1.2
2022-01-11,45881.13,45887.63,46057.24,45524.23,,-0.01
2022-01-12,45916.25,45881.13,46220.4,45872.48,,0.08
2022-01-13,45763.2,45916.25,46002.77,45693.8,,-0.33
2022-01-14,45763.45,45763.2,45987.88,45734.3,,0.0
2022-01-17,45612.2,45763.3,45763.3,45385.97,,-0.33
2022-01-18,45507.41,45612.2,45758.1,45469.46,,-0.23
2022-01-19,44833.43,45507.41,45575.77,44734.24,,-1.48
2022-01-20,44825.97,44833.43,44875.44,44275.23,,-0.02
2022-01-21,45018.28,44825.97,45149.19,44755.74,,0.43
2022-01-24,44923.91,45018.28,45044.51,44797.42,,-0.21
2022-01-25,44887.77,44923.91,45255.43,44846.03,,-0.08
2022-01-26,44955.05,44887.77,45030.45,44712.65,,0.15
2022-01-27,45083.04,44955.05,45179.89,44955.05,,0.28
2022-01-28,45077.91,45083.04,45312.05,45042.25,,-0.01
2022-01-31,45374.68,45077.91,45462.62,45077.91,,0.66
2022-02-01,45674.5,45374.68,45754.17,45374.68,,0.66
2022-02-02,46119.15,45674.5,46139.5,45674.5,,0.97
2022-02-03,45862.93,46119.15,46387.64,45818.04,,-0.56
2022-02-04,45909.65,45862.93,46129.46,45814.64,,0.1
2022-02-07,45841.25,45909.65,46139.82,45799.67,,-0.15
2022-02-08,45947.95,45841.25,46040.61,45727.64,,0.23
2022-02-09,46339.76,45947.95,46405.86,45947.95,,0.85
2022-02-10,45940.04,46339.76,46464.38,45936.74,,-0.86
2022-02-11,46079.37,45940.04,46143.91,45838.75,,0.3
2022-02-14,45644.09,46079.37,46133.87,45507.45,,-0.94
2022-02-15,45731.7,45644.09,45804.0,45502.81,,0.19
2022-02-16,45684.8,45731.7,45904.63,45603.93,,-0.1
2022-02-17,45441.1,45684.8,45716.89,45258.85,,-0.53
2022-02-18,45675.87,45441.1,45705.5,45441.1,,0.52
2022-02-21,45362.85,45675.87,45742.83,45342.06,,-0.69
2022-02-22,45012.18,45362.85,45362.85,44698.45,,-0.77
2022-02-23,45132.92,45012.18,45235.21,44756.23,,0.27
2022-02-24,43830.51,45132.92,45132.92,43791.31,,-2.89
2022-02-25,43984.24,43830.51,44192.52,43805.73,,0.35
2022-02-28,44461.01,43984.24,44557.1,43646.08,,1.08
2022-03-01,44803.58,44461.01,45016.65,44461.01,,0.77
2022-03-02,44514.12,44803.58,44803.58,44133.88,,-0.65
2022-03-03,44525.72,44514.12,44705.74,44311.8,,0.03
2022-03-04,44551.35,44525.72,44723.19,44461.06,,0.06
2022-03-07,43266.97,44551.35,44551.35,43050.88,,-2.88
2022-03-08,42878.35,43266.97,43426.72,42788.53,,-0.9
2022-03-09,43042.96,42878.35,43217.19,42865.81,,0.38
2022-03-10,43853.62,43042.96,43921.82,43042.96,,1.88
2022-03-11,43653.33,43853.62,43966.27,43596.16,,-0.46
2022-03-14,43366.89,43653.33,43767.77,43324.94,,-0.66
2022-03-15,43719.82,43366.89,43793.57,43326.76,,0.81
2022-03-16,43975.69,43719.82,44281.27,43719.82,,0.59
2022-03-17,43807.23,43975.69,44187.0,43798.16,,-0.38
2022-03-18,43029.97,43807.23,43807.23,42990.55,,-1.77
2022-03-21,43230.22,43029.97,43388.18,43029.97,,0.47
2022-03-22,43203.79,43230.22,43398.44,43164.2,,-0.06
2022-03-24,43522.55,43203.79,43569.67,42936.06,,0.74
2022-03-25,43551.14,43522.55,43686.35,43375.51,,0.07
2022-03-28,43933.56,43551.15,43933.56,43291.01,,0.88
2022-03-29,44438.7,43933.56,44478.58,43933.56,,1.15
2022-03-30,44337.56,44438.7,44444.98,43975.67,,-0.23
2022-03-31,44928.83,44337.56,44928.83,44337.56,,1.33
2022-04-01,45152.11,44928.83,45396.14,44654.95,,0.5
2022-04-04,43902.04,45152.11,45152.11,43824.08,,-2.77
2022-04-05,43928.08,43902.04,44289.83,43784.03,,0.06
2022-04-06,44111.1,43928.08,44377.92,43928.08,,0.42
2022-04-07,43786.83,44111.1,44349.59,43751.75,,-0.74
2022-04-08,44444.58,43786.83,44501.55,43786.83,,1.5
2022-04-11,46144.96,44444.58,46215.54,44444.58,,3.83
2022-04-12,46407.26,46144.96,46459.26,45896.46,,0.57
2022-04-13,46165.5,46407.26,46643.05,46062.27,,-0.52
2022-04-14,46484.43,46165.5,46510.11,46054.36,,0.69
2022-04-15,46601.54,46484.43,46785.59,46484.43,,0.25
2022-04-18,46539.59,46776.58,46969.46,46428.95,,-0.13
2022-04-19,46333.36,46539.59,46746.24,46275.64,,-0.44
2022-04-20,45943.16,46333.36,46586.06,45891.14,,-0.84
2022-04-21,45652.62,45943.16,46067.18,45599.96,,-0.63
2022-04-22,45553.02,45652.62,45774.85,45505.07,,-0.22
2022-04-25,46073.25,45553.02,46203.59,45553.02,,1.14
2022-04-26,45817.67,46073.25,46184.55,45782.89,,-0.55
2022-04-27,45533.3,45817.68,45958.37,45482.5,,-0.62
2022-04-28,45249.41,45533.3,45533.3,44656.96,,-0.62
2022-05-06,44840.81,45249.41,45249.41,44784.42,,-0.9
2022-05-09,43393.14,44840.81,44841.41,43233.21,,-3.23
2022-05-10,43504.36,43393.14,43647.55,43262.69,,0.26
2022-05-11,42863.15,43504.36,43649.59,42394.32,,-1.47
2022-05-12,42898.44,42863.15,43032.5,42273.27,,0.08
2022-05-13,43486.46,42898.44,43505.75,42853.8,,1.37
2022-05-16,42667.32,43486.46,43486.46,42375.39,,-1.88
2022-05-17,42726.06,42667.32,42883.86,42607.15,,0.14
2022-05-18,43026.88,42726.06,43161.43,42509.55,,0.7
2022-05-19,42983.45,43026.88,43256.32,42938.75,,-0.1
2022-05-20,43100.7,42983.45,43185.8,42938.6,,0.27
2022-05-23,42440.25,43100.71,43100.71,42345.08,,-1.53
2022-05-24,41950.32,42440.25,42637.54,41915.98,,-1.15
2022-05-25,42012.66,41950.32,42128.41,41356.02,,0.15
2022-05-26,42541.71,42012.66,42607.43,41904.46,,1.26
2022-05-27,42861.45,42541.71,43554.75,42541.71,,0.75
2022-05-30,43040.14,42861.45,43257.78,42861.45,,0.42
2022-05-31,43078.14,43040.14,43339.22,43018.4,,0.09
2022-06-01,42756.04,43078.14,43148.77,42723.51,,-0.75
2022-06-02,42237.91,42756.04,42822.77,42132.98,,-1.21
2022-06-03,41314.88,42237.91,42237.91,41229.43,,-2.19
2022-06-06,41577.21,41314.88,41674.1,41031.91,,0.63
2022-06-07,41568.41,41577.21,41854.25,41524.07,,-0.02
2022-06-08,41553.16,41568.41,41620.35,41391.53,,-0.04
2022-06-09,41735.96,41553.16,41994.62,41553.16,,0.44
2022-06-10,42014.73,41735.96,42076.14,41715.05,,0.67
2022-06-13,40879.93,42014.73,42069.65,40834.97,,-2.7
2022-06-14,41054.68,40879.93,41115.72,40657.88,,0.43
2022-06-15,41438.79,41054.68,41534.99,41054.68,,0.94
2022-06-16,41730.16,41438.79,41764.19,41322.89,,0.7
2022-06-17,42140.76,41730.16,42420.64,41730.16,,0.98
2022-06-20,41776.98,42140.76,42357.92,41740.12,,-0.86
2022-06-21,42525.95,41776.98,42564.79,41745.27,,1.79
2022-06-22,42458.14,42525.95,42880.17,42408.17,,-0.16
2022-06-23,42716.97,42458.14,42983.41,42458.14,,0.61
2022-06-24,41051.79,42716.97,42782.34,40555.41,,-3.9
2022-06-27,41878.57,41051.79,41949.93,41051.79,,2.01
2022-06-28,41765.62,41878.57,42149.29,41614.6,,-0.27
2022-06-29,41297.73,41765.62,41813.62,41119.19,,-1.12
2022-06-30,41540.83,41297.73,41559.31,41220.49,,0.59
2022-07-01,41630.35,41540.83,41744.86,41538.49,,0.22
2022-07-04,41348.19,41630.35,41685.69,41323.42,,-0.68
2022-07-05,41102.57,41348.19,41458.08,41068.6,,-0.59
2022-07-06,41159.79,41102.57,41334.9,41102.57,,0.14
2022-07-07,41344.01,41159.79,41396.57,41009.64,,0.45
2022-07-13,41862.77,41344.01,41971.83,41223.97,,1.25
2022-07-14,42348.91,41862.77,42362.91,41862.77,,1.16
2022-07-15,42074.91,42348.91,42499.48,42027.37,,-0.65
2022-07-18,41367.11,42074.91,42074.91,41275.08,,-1.68
2022-07-19,40389.07,41367.11,41551.53,40216.38,,-2.36
2022-07-20,40459.7,40389.07,40533.6,40135.38,,0.17
2022-07-21,39831.75,40459.7,40577.06,39801.21,,-1.55
2022-07-22,40077.3,39831.75,40180.78,39541.09,,0.62
2022-07-25,39844.02,40077.3,40077.3,39720.8,,-0.58
2022-07-26,39894.05,39844.02,40135.44,39712.94,,0.13
2022-07-27,39972.64,39894.05,40097.19,39605.1,,0.2
2022-07-28,40276.64,39972.64,40623.6,39972.64,,0.76
2022-07-29,40150.36,40276.64,40420.57,40026.86,,-0.31
2022-08-01,40075.96,40150.36,40380.64,40070.67,,-0.19
2022-08-02,40191.61,40075.96,40458.09,39762.5,,0.29
2022-08-03,41068.87,40191.61,41208.09,40191.61,,2.18
2022-08-04,41425.37,41068.87,41609.9,41068.87,,0.87
2022-08-05,42096.24,41425.37,42168.08,41425.37,,1.62
2022-08-10,42494.85,42096.24,42776.47,42096.24,,0.95
2022-08-11,42243.33,42494.85,42678.94,42215.73,,-0.59
2022-08-12,42857.57,42243.33,42874.22,42243.33,,1.45
2022-08-15,43621.82,42857.57,43659.04,42857.57,,1.78
2022-08-16,43436.48,43621.82,43887.62,43379.79,,-0.42
2022-08-17,43676.56,43436.48,43736.43,43389.48,,0.55
2022-08-18,43481.5,43676.56,43879.23,43390.33,,-0.45
2022-08-19,43270.65,43481.5,43531.65,43232.95,,-0.48
2022-08-22,42826.66,43270.65,43314.19,42787.86,,-1.03
2022-08-23,43366.78,42826.66,43419.59,42826.66,,1.26
2022-08-24,43337.97,43366.77,43684.11,43299.48,,-0.07
2022-08-25,43032.57,43337.97,43457.55,42961.1,,-0.7
2022-08-26,42591.51,43032.57,43201.21,42547.72,,-1.02
2022-08-29,42504.34,42591.51,42591.51,41828.13,,-0.2
2022-08-30,42195.25,42504.34,43052.27,42106.02,,-0.73
2022-08-31,42351.15,42195.26,42472.14,42079.05,,0.37
2022-09-01,42460.08,42351.15,42667.53,42351.15,,0.26
2022-09-02,42309.11,42460.08,42568.66,42238.22,,-0.36
2022-09-05,41859.3,42309.11,42388.34,41859.1,,-1.06
2022-09-06,41860.36,41859.3,41927.05,41684.01,,0.0
2022-09-07,41766.05,41860.36,42064.94,41703.95,,-0.23
2022-09-08,41824.79,41766.05,41936.93,41676.94,,0.14
2022-09-09,41948.16,41824.79,42099.54,41815.49,,0.29
2022-09-12,41862.29,41948.16,42137.8,41812.93,,-0.2
2022-09-13,42001.34,41862.29,42092.72,41862.29,,0.33
2022-09-14,41937.62,42001.34,42084.45,41912.84,,-0.15
2022-09-15,41772.09,42011.82,42311.63,41724.81,,-0.39
2022-09-16,41679.49,41772.09,41916.86,41603.48,,-0.22
2022-09-19,41520.59,41679.49,41896.62,41504.64,,-0.38
2022-09-20,41220.91,41520.59,41642.02,41078.71,,-0.72
2022-09-21,40965.58,41220.91,41357.75,40871.82,,-0.62
2022-09-22,40927.95,40965.58,40986.95,40417.92,,-0.09
2022-09-23,40620.21,40927.95,41128.83,40514.33,,-0.75
2022-09-26,41151.54,40620.21,41196.63,40620.21,,1.31
2022-09-27,41518.23,41151.54,41589.89,41151.54,,0.89
2022-09-28,41435.13,41518.23,41820.95,41391.18,,-0.2
2022-09-29,41013.86,41435.13,41435.13,40910.82,,-1.02
2022-09-30,41128.67,41013.86,41134.99,40753.94,,0.28
2022-10-03,41211.7,41128.67,41403.73,41090.52,,0.2
2022-10-04,41350.43,41211.7,41587.73,41211.7,,0.34
2022-10-05,41611.42,41350.43,41668.46,41350.43,,0.63
2022-10-06,42160.57,41611.42,42201.55,41611.42,,1.32
2022-10-07,42085.25,42160.57,42389.2,41992.11,,-0.18
2022-10-10,42211.64,42085.25,42441.29,42071.67,,0.3
2022-10-11,42155.48,42211.64,42410.83,42053.81,,-0.13
2022-10-12,42007.14,42155.48,42195.36,41950.98,,-0.35
2022-10-13,42085.72,42007.14,42121.4,41900.85,,0.19
2022-10-14,41948.5,42085.72,42237.29,41897.05,,-0.33
2022-10-17,41755.45,41948.5,41988.5,41725.96,,-0.46
2022-10-18,41839.26,41755.45,42007.23,41755.45,,0.2
2022-10-19,42226.05,41839.27,42265.22,41839.27,,0.92
2022-10-20,42137.04,42226.05,42422.22,42097.31,,-0.21
2022-10-21,42213.48,42137.04,42245.51,41793.64,,0.18
2022-10-24,42347.23,42213.48,42672.34,42213.48,,0.32
2022-10-25,42190.02,42347.23,42523.51,42156.68,,-0.37
2022-10-26,41540.03,42190.02,42190.02,41490.13,,-1.54
2022-10-27,41602.85,41540.03,41711.66,41318.66,,0.15
2022-10-28,41140.33,41602.86,41641.51,41115.21,,-1.11
2022-10-31,41264.66,41140.34,41375.4,41140.34,,0.3
2022-11-01,41808.69,41264.66,41833.43,41264.66,,1.32
2022-11-02,41944.59,41808.69,42004.9,41727.15,,0.33
2022-11-03,42090.71,41944.59,42173.46,41887.51,,0.35
2022-11-04,41856.31,42090.71,42090.71,41720.9,,-0.56
2022-11-07,42047.36,41856.31,42207.42,41856.31,,0.46
2022-11-08,42265.36,42047.36,42313.64,42047.36,,0.52
2022-11-10,42901.27,42265.36,42959.28,42265.36,,1.5
2022-11-11,43092.95,42901.27,43120.83,42805.88,,0.45
2022-11-14,42850.83,43092.95,43092.95,42761.88,,-0.56
2022-11-15,42796.85,42850.83,43035.78,42748.71,,-0.13
2022-11-16,42983.75,42796.85,43097.57,42728.67,,0.44
2022-11-17,42819.72,42983.75,43099.75,42769.37,,-0.38
2022-11-18,42730.24,42819.72,42819.72,42600.99,,-0.21
2022-11-21,42761.19,42730.24,42853.94,42664.53,,0.07
2022-11-22,42928.62,42761.19,43076.45,42761.19,,0.39
2022-11-23,42880.31,42928.62,43040.58,42790.25,,-0.11
2022-11-24,42903.65,42880.31,43014.6,42865.38,,0.05
2022-11-25,42936.73,42903.65,43120.54,42876.24,,0.08
2022-11-28,42071.34,42936.73,42936.73,41963.94,,-2.02
2022-11-29,42373.59,42071.34,42438.08,42042.48,,0.72
2022-11-30,42348.63,42373.59,42515.63,42274.16,,-0.06
2022-12-01,42393.52,42348.63,42658.39,42348.63,,0.11
2022-12-02,42150.1,42393.52,42471.19,41946.49,,-0.57
2022-12-05,41612.67,42150.1,42248.53,41514.81,,-1.28
2022-12-06,41539.94,41612.67,41743.92,41296.54,,-0.17
2022-12-07,41819.29,41539.94,41900.81,41539.94,,0.67
2022-12-08,41651.61,41819.29,41927.37,41598.94,,-0.4
2022-12-09,41698.28,41651.61,41747.57,41550.7,,0.11
2022-12-12,41540.55,41698.28,41784.48,41511.2,,-0.38
2022-12-13,41714.3,41540.55,41770.57,41512.43,,0.42
2022-12-14,41737.62,41714.3,41873.91,41542.32,,0.06
2022-12-15,41179.76,41737.62,41996.82,41109.95,,-1.34
2022-12-16,41301.48,41179.76,41393.97,41087.59,,0.3
2022-12-19,40970.82,41301.48,41393.37,40814.95,,-0.8
2022-12-20,39832.45,40970.82,41037.14,39533.29,,-2.78
2022-12-21,39342.89,39832.45,40022.37,39276.7,,-1.23
2022-12-22,39838.33,39342.89,39926.34,39330.02,,1.26
2022-12-23,39669.2,39838.33,39938.32,39497.73,,-0.42
2022-12-26,40155.16,39669.2,40367.43,39669.2,,1.23
2022-12-27,39802.91,40155.16,40315.77,39705.66,,-0.88
2022-12-28,39279.43,39802.91,39866.99,39027.51,,-1.32
2022-12-29,39747.35,39279.43,39747.35,39205.17,,1.19
2022-12-30,40420.45,39747.35,40420.45,39694.12,,1.69
2023-01-02,40815.9,40420.45,41027.51,40348.89,,0.98
2023-01-03,40630.64,40815.9,41015.92,40595.58,,-0.45
2023-01-04,40539.3,40630.64,40896.18,40497.98,,-0.22
2023-01-05,40716.74,40539.3,40790.74,40539.3,,0.44
2023-01-06,41007.52,40716.74,41097.89,40684.49,,0.71
2023-01-09,40504.76,41007.52,41074.73,40436.82,,-1.23
2023-01-10,40801.5,40504.76,40986.44,40504.76,,0.73
2023-01-11,40758.2,40801.51,40984.67,40597.35,,-0.11
2023-01-12,40803.89,40758.2,41219.67,40671.34,,0.11
2023-01-13,40323.45,40803.89,40803.89,40195.67,,-1.18
2023-01-16,39720.75,40323.45,40354.72,39660.75,,-1.49
2023-01-17,38342.21,39720.75,39942.28,38287.81,,-3.47
2023-01-18,38791.09,38342.21,38945.97,38257.56,,1.17
2023-01-19,38831.58,38791.09,39064.9,38730.3,,0.1
2023-01-20,38407.98,38831.58,38982.16,38291.7,,-1.09
2023-01-23,38443.59,38407.98,38553.12,38135.53,,0.09
2023-01-24,39055.65,38443.59,39091.7,38443.59,,1.59
2023-01-25,39784.9,39055.65,39945.62,39055.65,,1.87
2023-01-26,40846.53,39784.9,40994.69,39784.9,,2.67
2023-01-27,40450.53,40846.53,41095.56,40402.72,,-0.97
2023-01-30,39871.27,40450.53,40666.96,39844.39,,-1.43
2023-01-31,40673.06,39871.27,40717.26,39871.27,,2.01
2023-02-01,40619.94,40673.06,40985.46,40611.15,,-0.13
2023-02-02,40733.51,40619.95,40826.67,40444.91,,0.28
2023-02-03,40471.16,40733.51,40872.87,40329.75,,-0.64
2023-02-06,41190.77,40471.16,41302.29,40471.16,,1.78
2023-02-07,41522.76,41190.77,41763.95,41190.77,,0.81
2023-02-08,41723.32,41522.76,41846.85,41404.62,,0.48
2023-02-09,42466.59,41723.32,42567.75,41723.32,,1.78
2023-02-10,41741.78,42466.59,42544.47,41663.22,,-1.71
2023-02-13,41716.95,41741.78,41991.16,41644.31,,-0.06
2023-02-14,41150.16,41716.95,41848.76,41047.03,,-1.36
2023-02-15,41326.85,41150.16,41457.76,40918.85,,0.43
2023-02-16,41078.65,41326.86,41619.2,41024.78,,-0.6
2023-02-17,41118.61,41078.65,41214.07,40964.98,,0.1
2023-02-20,40673.64,41118.61,41162.89,40623.97,,-1.08
2023-02-21,40949.84,40673.64,40966.71,40673.64,,0.68
2023-02-22,41167.6,40949.84,41212.95,40923.03,,0.53
2023-02-23,40838.51,41167.6,41168.22,40772.52,,-0.8
2023-02-24,40707.76,40838.51,40978.46,40682.46,,-0.32
2023-02-27,40784.13,40707.76,40820.09,40616.6,,0.19
2023-02-28,40510.37,40784.13,40810.04,40436.36,,-0.67
2023-03-01,40412.77,40510.37,40539.87,40029.72,,-0.24
2023-03-02,40670.88,40412.77,40852.97,40353.46,,0.64
2023-03-03,41337.0,40670.88,41359.11,40487.28,,1.64
2023-03-06,41434.33,41337.0,41797.71,41337.0,,0.24
2023-03-07,41334.69,41434.33,41530.19,41334.69,,-0.24
2023-03-08,41358.93,41334.69,41618.66,41334.69,,0.06
2023-03-09,41585.54,41358.93,41648.08,41358.93,,0.55
2023-03-10,41793.87,41585.54,41902.02,41585.54,,0.5
2023-03-13,41856.85,41793.87,42291.77,41787.35,,0.15
2023-03-14,41816.43,41856.85,41953.78,41705.82,,-0.1
2023-03-15,41874.04,41816.43,42010.06,41607.05,,0.14
2023-03-16,41694.09,41874.04,42119.03,41639.5,,-0.43
2023-03-17,41329.95,41694.09,41808.88,41270.81,,-0.87
2023-03-20,40918.45,41329.95,41398.03,40909.24,,-1.0
2023-03-21,40877.98,40918.45,40990.12,40696.74,,-0.1
2023-03-22,40376.1,40877.98,40996.72,40352.71,,-1.23
2023-03-24,39942.05,40376.1,40440.7,39922.89,,-1.08
2023-03-27,40000.37,39942.05,40066.73,39845.06,,0.15
2023-03-28,40082.37,40000.37,40203.77,40000.37,,0.2
2023-03-29,39879.89,40082.37,40186.11,39866.25,,-0.51
2023-03-30,39848.35,39879.89,40005.07,39796.69,,-0.08
2023-03-31,40000.83,39848.35,40000.83,39729.44,,0.38
2023-04-03,39889.9,40000.83,40077.77,39860.62,,-0.28
2023-04-04,39687.26,39889.9,39920.35,39482.17,,-0.51
2023-04-05,39717.15,39687.26,39910.05,39664.98,,0.08
2023-04-06,40350.89,39717.15,40374.33,39717.15,,1.6
2023-04-07,40049.65,40350.89,40549.86,40005.04,,-0.75
2023-04-10,39835.9,40049.65,40183.81,39815.86,,-0.53
2023-04-11,39804.71,39835.9,39919.99,39723.01,,-0.08
2023-04-12,40126.05,39804.71,40172.76,39803.95,,0.81
2023-04-13,40205.54,40126.05,40418.6,40126.05,,0.2
2023-04-17,40246.66,40205.54,40372.8,40182.37,,0.1
2023-04-18,40448.05,40246.67,40484.29,40221.08,,0.5
2023-04-19,40499.34,40448.05,40532.76,40289.95,,0.13
2023-04-20,41007.82,40499.34,41086.67,40499.34,,1.26
2023-04-26,41099.58,41007.82,41363.89,41007.82,,0.22
2023-04-27,41463.91,41099.58,41518.74,41081.07,,0.89
2023-04-28,41580.85,41463.91,41790.68,41463.91,,0.28
2023-05-02,41927.64,41580.85,41990.15,41580.85,,0.83
2023-05-03,42087.93,41927.64,42171.68,41915.81,,0.38
2023-05-04,42093.8,42087.93,42336.44,42055.9,,0.01
2023-05-05,42241.98,42093.8,42323.29,41962.9,,0.35
2023-05-08,41829.49,42241.98,42389.22,41767.45,,-0.98
2023-05-09,41373.81,41829.49,41830.35,41277.73,,-1.09
2023-05-10,41074.95,41373.81,41407.09,41041.32,,-0.72
2023-05-11,41325.63,41074.95,41498.77,41074.95,,0.61
2023-05-12,41487.58,41325.63,41649.15,41299.39,,0.39
2023-05-15,41716.26,41498.01,41716.26,41310.19,,0.55
2023-05-16,41980.13,41827.94,42081.58,41817.01,,0.63
2023-05-17,41835.57,42083.63,42110.03,41818.34,,-0.34
2023-05-18,41472.2,41878.59,41964.27,41411.64,,-0.87
2023-05-19,41614.87,41462.64,41628.79,41354.33,,0.34
2023-05-22,41203.5,41600.63,41690.28,41155.48,,-0.99
2023-05-23,41116.63,41224.39,41295.65,41098.7,,-0.21
2023-05-24,41098.48,41128.92,41342.23,41064.4,,-0.04
2023-05-25,41070.3,41165.06,41219.03,40956.88,,-0.07
2023-05-26,41002.6,41055.62,41148.56,40783.8,,-0.16
2023-05-29,41350.25,41005.15,41649.14,41005.15,,0.85
2023-05-30,41665.85,41362.07,41693.47,41362.07,,0.76
2023-05-31,41337.82,41726.69,41852.24,41265.04,,-0.79
2023-06-01,41273.72,41388.2,41481.54,41226.95,,-0.16
2023-06-02,41356.24,41258.43,41403.44,41237.41,,0.2
2023-06-05,41638.53,41390.47,41681.68,41375.58,,0.68
2023-06-06,41912.88,41752.64,42026.94,41751.21,,0.66
2023-06-07,42119.22,41975.36,42231.63,41924.49,,0.49
2023-06-08,41668.07,42223.62,42307.12,41648.84,,-1.07
2023-06-09,41904.86,41735.08,41931.83,41677.14,,0.57
2023-06-12,41772.33,41915.66,42029.14,41715.31,,-0.32
2023-06-13,41536.16,41887.6,42025.54,41522.64,,-0.57
2023-06-14,41536.87,41594.97,41744.44,41448.61,,0.0
2023-06-15,41404.5,41631.57,41639.34,41269.13,,-0.32
2023-06-16,41335.53,41467.91,41612.67,41280.16,,-0.17
2023-06-19,40650.45,41411.76,41484.33,40610.28,,-1.66
2023-06-20,40647.48,40638.86,40739.98,40507.18,,-0.01
2023-06-21,40229.76,40693.22,40804.88,40191.25,,-1.03
2023-06-22,40181.84,40231.16,40378.6,40091.38,,-0.12
2023-06-23,40090.36,40175.95,40235.58,39894.43,,-0.23
2023-06-26,41386.57,40334.05,41491.88,40334.05,,3.23
2023-06-27,41452.68,41431.86,41606.25,41208.2,,0.16
2023-07-03,43903.29,43683.78,43933.95,43404.7,,5.91
2023-07-04,43502.89,44511.52,44511.52,43488.38,,-0.91
2023-07-05,43553.81,43536.6,44041.26,43464.06,,0.12
2023-07-06,44211.72,43691.55,44212.77,43550.14,,1.51
2023-07-07,44284.92,44179.14,44293.51,44086.74,,0.17
2023-07-10,44561.82,44275.02,44601.78,44260.11,,0.63
2023-07-11,45179.23,44691.46,45250.49,44691.46,,1.39
2023-07-12,45581.13,45297.24,45582.31,45200.35,,0.89
2023-07-13,45296.52,45808.98,45971.0,45255.58,,-0.62
2023-07-14,45071.94,45289.44,45488.45,45043.17,,-0.5
2023-07-17,45047.35,45114.91,45283.31,45013.98,,-0.05
2023-07-18,45019.59,45157.5,45240.21,44848.39,,-0.06
2023-07-19,45086.33,45101.57,45227.49,44928.03,,0.15
2023-07-20,45426.58,45079.61,45451.65,45067.96,,0.75
2023-07-21,45888.26,45392.37,46122.16,45391.55,,1.02
2023-07-24,46065.55,46070.67,46195.71,45872.67,,0.39
2023-07-25,46399.22,46063.6,46540.88,46019.63,,0.72
2023-07-26,46724.58,46531.52,46724.58,46499.37,,0.7
2023-07-27,47139.06,46779.75,47393.47,46779.75,,0.89
2023-07-31,48034.59,47372.54,48126.5,47372.54,,1.9
2023-08-01,48230.5,48326.51,48441.84,47998.27,,0.41
2023-08-02,48764.55,48277.82,48852.05,48178.89,,1.11
2023-08-03,48611.18,48993.33,49404.5,48541.35,,-0.31
2023-08-04,48585.71,48584.59,48840.27,48427.99,,-0.05
2023-08-07,48386.25,48716.46,49034.92,48276.54,,-0.41
2023-08-08,47429.82,48359.55,48415.46,47335.32,,-1.98
2023-08-09,48227.6,47322.66,48334.54,47262.38,,1.68
2023-08-10,47808.34,48503.9,48622.91,47626.75,,-0.87
2023-08-11,48424.4,47968.51,48898.82,47968.51,,1.29
2023-08-15,48565.75,48478.19,48794.13,48293.03,,0.29
2023-08-16,48146.43,48575.05,48614.47,48108.88,,-0.86
2023-08-17,48325.84,47961.18,48397.38,47893.71,,0.37
2023-08-18,48218.49,48406.43,48615.14,48196.19,,-0.22
2023-08-21,47447.95,48141.31,48234.26,47432.72,,-1.6
2023-08-22,47417.9,47451.64,47675.22,47359.18,,-0.06
2023-08-23,47418.63,47503.35,47588.24,47007.66,,0.0
2023-08-24,47750.76,47463.68,47994.19,47463.68,,0.7
2023-08-25,47671.21,47818.32,47853.55,47570.31,,-0.17
2023-08-28,47478.61,47732.79,47733.51,47399.28,,-0.4
2023-08-29,46770.41,47322.44,47372.09,46598.24,,-1.49
2023-08-30,46244.55,46771.14,46857.88,46101.34,,-1.12
2023-08-31,45002.41,46286.73,46358.02,44459.63,,-2.69
2023-09-01,45312.65,45005.74,45358.29,44795.82,,0.69
2023-09-04,45707.42,45461.58,45788.74,45448.02,,0.87
2023-09-05,45491.48,45825.12,45950.68,45417.0,,-0.47
2023-09-06,45807.57,45515.03,45854.19,45460.28,,0.69
2023-09-07,45757.23,45854.24,46035.81,45703.53,,-0.11
2023-09-08,46013.48,45812.7,46077.39,45728.89,,0.56
2023-09-11,45865.73,46071.19,46174.69,45678.15,,-0.32
2023-09-12,45508.39,45902.72,45902.72,45468.27,,-0.78
2023-09-13,45590.92,45507.73,45732.73,45500.22,,0.18
2023-09-14,45650.05,45581.72,45776.97,45581.49,,0.13
2023-09-15,45753.51,45986.58,46093.01,45700.65,,0.23
2023-09-18,45837.42,45824.42,45907.08,45662.7,,0.18
2023-09-19,45914.18,45850.2,46036.04,45850.2,,0.17
2023-09-20,45932.52,45947.39,46035.09,45808.11,,0.04
2023-09-21,46304.73,45917.5,46309.8,45733.44,,0.81
2023-09-22,46436.41,46322.34,46500.45,46182.0,,0.28
2023-09-25,46394.32,46486.05,46590.26,46305.88,,-0.09
2023-09-26,46308.54,46399.88,46503.82,46258.96,,-0.18
2023-09-27,46408.02,46291.28,46448.34,46238.12,,0.21
2023-09-28,46232.59,46464.29,46469.6,46177.5,,-0.38
2023-10-02,46627.08,46294.62,46704.64,46294.62,,0.85
2023-10-03,46756.8,46685.93,46820.72,46670.79,,0.28
2023-10-04,47079.83,46760.83,47199.5,46748.79,,0.69
2023-10-05,47484.56,47152.98,47484.56,47152.98,,0.86
2023-10-06,47508.67,47545.3,47619.26,47402.58,,0.05
2023-10-09,47736.61,47376.59,47775.73,47217.74,,0.48
2023-10-10,48143.5,47752.69,48166.36,47708.11,,0.85
2023-10-11,48501.8,48210.6,48516.64,48208.3,,0.74
2023-10-12,48771.71,48520.71,48830.26,48359.38,,0.56
2023-10-13,49493.47,48821.58,49520.38,48767.59,,1.48
2023-10-16,49719.87,49705.41,49919.03,49317.59,,0.46
2023-10-17,49527.88,49792.49,50017.45,49508.42,,-0.39
2023-10-18,49406.19,49496.19,49740.98,49383.72,,-0.25
2023-10-19,50323.97,49487.16,50399.92,49436.92,,1.86
2023-10-20,50674.52,50417.99,50952.67,50332.76,,0.7
2023-10-23,51072.73,50924.38,51419.87,50924.38,,0.79
2023-10-24,51068.15,51121.92,51121.92,50624.38,,-0.01
2023-10-25,51125.32,51023.31,51483.85,51023.31,,0.11
2023-10-26,51158.4,51341.92,51520.68,51140.64,,0.06
2023-10-27,50958.45,51219.11,51269.74,50834.72,,-0.39
2023-10-30,51482.93,50971.84,51501.82,50971.84,,1.03
2023-10-31,51976.31,51633.0,52088.71,51508.58,,0.96
2023-11-01,52357.05,52075.16,52451.21,52075.16,,0.73
2023-11-02,52701.43,52421.09,52706.01,52239.59,,0.66
2023-11-03,53175.72,52916.99,53263.07,52782.21,,0.9
2023-11-06,53941.04,53286.64,53944.89,53166.86,,1.44
2023-11-07,53810.82,53977.16,54312.9,53711.47,,-0.24
2023-11-08,54307.37,53720.46,54419.65,53720.46,,0.92
2023-11-10,55399.66,54371.75,55506.33,54371.75,,2.01
2023-11-13,56526.71,55644.68,56583.59,55644.68,,2.03
2023-11-14,56644.58,56732.99,56873.99,56118.18,,0.21
2023-11-15,56765.28,56793.35,56846.68,56433.05,,0.21
2023-11-16,57344.16,56838.66,57549.27,56531.54,,1.02
2023-11-17,57016.96,57503.68,57750.93,56977.02,,-0.57
2023-11-20,57065.99,57099.82,57309.27,56738.4,,0.09
2023-11-21,57408.18,57176.46,57691.22,57176.46,,0.6
2023-11-22,58178.27,57418.5,58405.92,57418.5,,1.34
2023-11-23,58910.8,58246.21,58920.41,58246.21,,1.26
2023-11-24,59173.34,59059.56,59502.28,58990.21,,0.45
2023-11-27,59774.06,59298.9,59896.08,58999.31,,1.02
2023-11-28,60845.53,60023.86,60845.61,60023.86,,1.79
2023-11-29,60498.96,60916.67,61555.84,60328.18,,-0.57
2023-11-30,60526.77,60787.9,60981.68,60428.14,,0.05
2023-12-01,61691.25,60667.83,61779.73,60576.42,,1.92
2023-12-04,62575.35,62061.57,62912.61,62061.57,,1.43
2023-12-05,63028.13,62653.4,63036.51,62215.19,,0.72
2023-12-06,63778.75,63205.42,64038.83,63188.72,,1.19
2023-12-07,64718.08,64159.02,64958.1,63853.05,,1.47
2023-12-08,66223.63,65055.17,66273.73,65055.17,,2.33
2023-12-11,66012.33,66162.29,66564.04,65129.0,,-0.32
2023-12-12,66426.78,66121.14,66604.04,66121.14,,0.63
2023-12-13,65280.16,66764.3,67093.96,64427.39,,-1.73
2023-12-14,65450.19,65323.06,65622.56,64437.7,,0.26
2023-12-15,66130.02,65774.74,66346.77,65559.49,,1.04
2023-12-18,65204.68,66525.7,66586.62,65064.94,,-1.4
2023-12-19,62833.03,65124.3,65132.03,62360.78,,-3.64
2023-12-20,62448.01,62862.54,63261.05,61082.5,,-0.61
2023-12-21,62693.57,62742.26,62850.1,61750.97,,0.39
2023-12-22,61705.09,62838.18,62995.22,61569.14,,-1.58
2023-12-26,59170.98,61606.46,61634.55,59026.81,,-4.11
2023-12-27,60863.62,59097.62,61009.88,58758.48,,2.86
2023-12-28,62052.24,61130.13,62750.78,61092.27,,1.95
2023-12-29,62451.04,62225.33,62644.38,61807.54,,0.64
2024-01-01,64661.78,62696.99,64718.88,62672.97,,3.54
2024-01-02,64349.6,65120.39,65333.7,64213.63,,-0.48
2024-01-03,64646.85,64504.22,65244.6,64219.54,,0.46
2024-01-04,64639.16,64815.34,64936.76,64098.11,,-0.01
2024-01-05,64514.9,64738.85,65077.48,63757.96,,-0.19
2024-01-08,64237.03,64684.23,65069.43,64183.53,,-0.43
2024-01-09,64170.58,64536.58,64786.35,63878.22,,-0.1
2024-01-10,63919.85,64234.83,64550.94,63873.63,,-0.39
2024-01-11,64617.57,64057.49,64700.97,63914.94,,1.09
2024-01-12,64637.64,64917.06,65356.85,64491.08,,0.03
2024-01-15,64269.38,64885.15,65173.87,64130.96,,-0.57
2024-01-16,63737.46,64246.68,64246.68,63397.94,,-0.83
2024-01-17,63567.34,63692.22,64043.87,63290.18,,-0.27
2024-01-18,63202.4,63579.97,63579.97,62528.56,,-0.57
2024-01-19,63282.23,63351.07,63911.86,63214.86,,0.13
2024-01-22,63939.41,63354.43,64090.88,63139.73,,1.04
2024-01-23,64454.22,64121.46,64658.17,63549.61,,0.81
2024-01-24,64822.43,64569.49,65063.08,64460.95,,0.57
2024-01-25,64298.01,64918.32,65213.61,64180.45,,-0.81
2024-01-26,63813.06,64220.91,64534.3,63743.4,,-0.75
2024-01-29,62773.72,63792.84,63792.84,62717.71,,-1.63
2024-01-30,61841.74,62799.23,63074.51,61637.62,,-1.48
2024-01-31,61979.18,62072.82,62600.12,61896.01,,0.22
2024-02-01,62393.74,62054.25,62480.23,61764.7,,0.67
2024-02-02,63002.92,62536.1,63075.3,62448.72,,0.98
2024-02-06,63799.02,63178.09,63885.1,63176.97,,1.26
2024-02-07,64143.87,63955.05,64196.62,63927.29,,0.54
2024-02-09,62943.75,63291.62,63305.71,61781.76,,-1.87
2024-02-12,61065.32,62444.76,62634.38,60647.68,,-2.98
2024-02-13,61226.93,60536.13,61654.65,59613.18,,0.26
2024-02-14,62153.84,61635.62,62432.26,61635.62,,1.51
2024-02-15,61020.06,62394.25,62394.25,60926.86,,-1.82
2024-02-16,59872.96,60787.3,61173.31,59739.47,,-1.88
2024-02-19,60459.75,59444.46,60504.48,59191.86,,0.98
2024-02-20,60464.24,60576.38,61237.51,60420.84,,0.01
2024-02-21,61559.16,61237.78,61620.86,60906.98,,1.81
2024-02-22,61914.34,61741.57,61952.1,61460.45,,0.58
2024-02-23,62815.82,61939.01,62945.37,61849.67,,1.46
2024-02-26,63305.93,62915.4,63732.5,61849.67,,0.78
2024-02-27,63219.1,63450.4,63622.0,63055.64,,-0.14
2024-02-28,63703.45,63173.45,63929.58,63042.15,,0.77
2024-02-29,64578.52,63827.25,64801.64,63827.25,,1.37
2024-03-01,65325.69,64755.31,65486.46,64530.21,,1.16
2024-03-04,65951.73,65695.03,66007.44,65532.58,,0.96
2024-03-05,65726.04,66126.7,66134.85,65500.07,,-0.34
2024-03-06,65656.62,65757.72,66150.95,65603.88,,-0.11
2024-03-07,65603.09,65673.8,65874.15,65187.69,,-0.08
2024-03-08,65793.76,65760.55,66067.53,65693.22,,0.29
2024-03-11,65755.31,65948.02,66119.34,65698.76,,-0.06
2024-03-12,64801.7,65815.11,65859.64,64664.67,,-1.45
2024-03-13,64048.44,64859.77,65043.38,63856.51,,-1.16
2024-03-14,65064.27,64079.97,65205.82,64079.97,,1.59
2024-03-15,64816.47,65309.79,65353.66,64759.61,,-0.38
2024-03-18,64890.51,64987.15,65148.36,64811.92,,0.11
2024-03-19,65502.6,64955.94,65624.73,64940.18,,0.94
2024-03-20,65731.79,65727.73,65968.03,65614.94,,0.35
2024-03-21,65417.4,66021.54,66196.24,65326.01,,-0.48
2024-03-22,65151.83,65510.16,65534.02,65056.66,,-0.41
2024-03-25,65525.65,65412.92,65656.5,65301.74,,0.57
2024-03-26,65906.28,65629.76,65989.54,65492.71,,0.58
2024-03-27,66547.79,66003.44,66607.88,66003.44,,0.97
2024-03-28,67142.12,66690.94,67246.03,66690.94,,0.89
2024-03-29,67005.11,67232.2,67307.63,66822.43,,-0.2
2024-04-01,66796.32,67162.7,67304.37,66740.91,,-0.31
2024-04-02,66886.26,66793.38,66959.55,66573.63,,0.13
2024-04-03,67756.04,66998.21,67873.22,66985.02,,1.3
2024-04-04,68416.78,68210.16,68439.37,67912.35,,0.98
2024-04-08,69619.99,68716.64,69720.03,68710.5,,1.76
2024-04-09,70314.72,69857.15,70677.3,69857.15,,1.0
2024-04-15,70544.58,70218.51,70608.88,69914.11,,0.33
2024-04-16,70483.66,70661.42,71092.61,70405.24,,-0.09
2024-04-17,70333.32,70396.65,70725.5,70037.28,,-0.21
2024-04-18,70290.12,70506.2,70645.3,69783.32,,-0.06
2024-04-19,70909.9,70423.71,70968.98,70186.93,,0.88
2024-04-22,71433.46,71009.67,71861.18,70882.45,,0.74
2024-04-23,71359.41,71553.58,71846.64,71338.43,,-0.1
2024-04-24,72051.89,71472.87,72414.33,71467.02,,0.97
2024-04-25,71971.4,72254.38,72593.25,71700.54,,-0.11
2024-04-26,72742.75,72109.79,72862.41,71764.18,,1.07
2024-04-29,71695.03,73022.89,73300.75,71602.94,,-1.44
2024-04-30,71102.55,71780.95,72119.66,71059.63,,-0.83
2024-05-02,70657.64,71199.95,71292.83,70562.12,,-0.63
2024-05-03,71902.09,70734.47,71986.43,70671.72,,1.76
2024-05-06,72764.24,72485.86,73060.74,72462.49,,1.2
2024-05-07,72761.2,73062.52,73260.09,72707.96,,0.0
2024-05-08,72601.82,73079.18,73079.18,72358.19,,-0.22
2024-05-09,72658.05,72819.48,72889.78,72325.35,,0.08
2024-05-10,73085.5,72888.93,73449.38,72876.84,,0.59
2024-05-13,73799.11,73315.02,74114.23,73109.76,,0.98
2024-05-14,74531.19,74022.18,74575.31,73977.01,,0.99
2024-05-15,74663.98,74771.18,75115.33,74440.88,,0.18
2024-05-16,74930.7,74744.65,75029.03,74450.26,,0.36
2024-05-17,75342.35,74981.29,75401.12,74947.71,,0.55
2024-05-20,75084.0,75454.97,75618.49,74734.25,,-0.34
2024-05-21,75206.77,75158.68,75482.46,74958.1,,0.16
2024-05-22,74956.67,75246.33,75513.9,74835.49,,-0.33
2024-05-23,75114.47,74982.16,75284.74,74726.07,,0.21
2024-05-24,75983.04,75266.61,76248.76,75263.06,,1.16
2024-05-27,75517.49,76089.66,76187.45,75485.62,,-0.61
2024-05-29,74836.3,75617.79,75667.31,74760.1,,-0.9
2024-05-30,74878.12,74986.02,75300.03,74585.35,,0.06
2024-05-31,75878.48,75078.43,75953.74,74989.26,,1.34
2024-06-03,75575.26,76091.42,76209.97,75495.38,,-0.4
2024-06-04,74666.66,75657.68,75669.76,74592.74,,-1.2
2024-06-05,74219.44,74672.38,74758.11,74136.52,,-0.6
2024-06-06,73862.93,74276.84,74593.33,73768.4,112740000.0,-0.48
2024-06-07,73754.02,73805.95,73902.79,71781.96,208270000.0,-0.15
2024-06-10,73252.56,73841.92,73915.45,72981.35,89480000.0,-0.68
2024-06-11,72589.49,73779.99,73866.45,72476.05,142110000.0,-0.91
2024-06-12,72797.43,72545.24,73169.0,72464.24,106500000.0,0.29
2024-06-13,76208.16,73329.8,76338.15,73329.8,344920000.0,4.69
2024-06-14,76706.77,76555.91,77310.45,76103.56,212580000.0,0.65
2024-06-20,78801.53,76896.82,78890.37,76896.82,211650000.0,2.73
2024-06-21,78810.49,79156.52,80059.87,78169.03,207210000.0,0.01
2024-06-24,78232.1,79247.15,79388.12,78167.43,148500000.0,-0.73
2024-06-25,77940.58,78297.4,78541.22,77908.98,126980000.0,-0.37
2024-06-26,78275.65,77968.91,78679.5,77968.91,218680000.0,0.43
2024-06-27,78528.25,78470.34,78978.6,78294.23,137830000.0,0.32
2024-06-28,78444.96,78698.47,78784.23,78312.36,206230000.0,-0.11
2024-07-01,78824.33,78531.93,79536.23,78427.8,163260000.0,0.48
2024-07-02,79552.89,78978.55,79740.35,78978.55,192740000.0,0.92
2024-07-03,80233.67,79697.25,80405.24,79697.25,280030000.0,0.86
2024-07-04,80282.8,80438.84,80888.86,80134.89,228990000.0,0.06
2024-07-05,80212.79,80427.84,80627.49,80080.25,211200000.0,-0.09
2024-07-08,80566.21,80332.79,80737.71,80192.31,138280000.0,0.44
2024-07-09,80672.06,80752.94,81087.43,80530.86,309340000.0,0.13
2024-07-10,79841.56,80885.06,80971.96,79841.32,230880000.0,-1.03
2024-07-11,79992.35,79884.02,80114.73,79708.87,154100000.0,0.19
2024-07-12,79944.1,80094.69,80321.69,78611.68,217960000.0,-0.06
2024-07-15,81155.61,80743.46,81428.43,80743.46,219580000.0,1.52
2024-07-18,81839.86,81418.12,81909.95,81418.12,238790000.0,0.84
2024-07-19,80117.89,81921.71,81939.84,79812.7,246330000.0,-2.1
2024-07-22,78539.19,79920.23,80085.63,78404.76,201000000.0,-1.97
2024-07-23,78987.09,78700.25,79585.34,78634.15,137600000.0,0.57
2024-07-24,79397.01,79194.74,79704.37,79071.48,102940000.0,0.52
2024-07-25,78469.33,79568.48,79776.96,78330.59,129009999.99999999,-1.17
2024-07-26,78029.51,78440.36,78569.89,77921.48,116860000.0,-0.56
2024-07-29,78827.74,78023.89,79055.99,78016.3,135180000.0,1.02
2024-07-30,78628.81,79319.2,79327.05,78518.23,143370000.0,-0.25
2024-07-31,77886.99,78725.96,79151.82,77810.17,112540000.0,-0.94
2024-08-01,77740.31,78101.16,78241.02,77595.93,97020000.0,-0.19
2024-08-02,78225.98,77946.16,78434.17,77926.54,203300000.0,0.62
2024-08-05,77084.49,78303.67,78330.1,76943.24,169490000.0,-1.46
2024-08-06,77191.34,77417.21,77746.56,77035.96,149770000.0,0.14
2024-08-07,77114.49,77344.86,77800.04,77086.82,128800000.00000001,-0.1
2024-08-08,77874.22,77218.12,77969.27,77085.48,192850000.0,0.99
2024-08-09,78569.59,78322.33,78823.14,78051.08,139150000.0,0.89
2024-08-12,77980.29,78867.3,78886.46,77940.53,141770000.0,-0.75
2024-08-13,77877.42,77966.72,78275.97,77817.33,183960000.0,-0.13
2024-08-15,78105.98,77989.36,78709.14,77987.83,169230000.0,0.29
2024-08-16,78045.31,78197.15,78619.18,78041.08,206700000.0,-0.08
2024-08-19,77830.34,78272.12,78382.05,77566.62,122480000.0,-0.28
2024-08-20,77745.52,77857.79,77930.04,77460.4,114230000.0,-0.11
2024-08-21,78260.86,77993.2,78457.37,77968.74,190860000.0,0.66
2024-08-22,78793.41,78442.25,78996.22,78442.25,184560000.0,0.68
2024-08-23,78801.43,78902.33,79173.94,78760.03,197840000.0,0.01
2024-08-26,78571.06,78907.54,79160.4,78553.87,141270000.0,-0.29
2024-08-27,78084.24,78737.23,78857.62,78077.83,190600000.0,-0.62
2024-08-28,77992.79,78253.05,78334.61,77990.35,150900000.0,-0.12
2024-08-29,78349.66,78019.51,78513.86,78017.36,151390000.0,0.46
2024-08-30,78488.22,78552.01,78914.28,78439.62,148550000.0,0.18
2024-09-02,78283.3,78715.16,79014.69,78240.37,121320000.0,-0.26
2024-09-03,78356.32,78566.04,78644.96,78250.9,99480000.0,0.09
2024-09-04,78848.01,78488.88,78890.79,78488.88,146300000.0,0.63
2024-09-05,78863.34,79027.52,79154.3,78578.02,132199999.99999999,0.02
2024-09-06,78897.73,79009.84,79254.25,78917.29,141870000.0,0.04
2024-09-09,78615.0,79117.78,79214.28,78545.69,90270000.0,-0.36
2024-09-10,79286.74,78776.77,79335.59,78642.87,121340000.0,0.85
2024-09-11,78651.8,79428.49,79507.18,78612.17,146520000.0,-0.8
2024-09-12,79017.62,78843.06,79217.62,78577.65,132750000.0,0.47
2024-09-13,79333.06,79912.34,80016.74,79262.72,191850000.0,0.4
2024-09-16,79491.14,79682.1,79993.18,79368.18,,0.2
2024-09-18,80461.34,79884.41,80587.44,79798.75,148580000.0,1.22
2024-09-19,81459.29,80802.77,82003.58,80680.24,184890000.0,1.24
2024-09-20,82074.45,81694.98,82372.2,81387.57,243550000.0,0.76
2024-09-23,81850.5,82113.42,82463.05,81548.65,163000000.0,-0.27
2024-09-24,81483.64,81873.63,82010.1,81107.39,148620000.0,-0.45
2024-09-25,82247.92,81643.5,82331.86,81524.41,155310000.0,0.94
2024-09-26,81657.97,82752.07,82905.73,81552.66,152660000.0,-0.72
2024-09-27,81292.13,81737.61,81842.75,81183.5,153490000.0,-0.45
2024-09-30,81114.2,81271.08,81321.64,80352.22,116760000.0,-0.22
2024-10-01,81804.59,81199.43,81980.37,81119.24,191150000.0,0.85
2024-10-02,81967.01,81706.43,82360.29,81529.45,154650000.0,0.2
2024-10-03,82721.77,82076.34,82958.74,81981.5,159630000.0,0.92
2024-10-04,83531.96,82804.3,83605.73,82594.8,173690000.0,0.98
2024-10-07,84910.3,83651.99,85047.81,83303.55,281010000.0,1.65
2024-10-08,85663.98,84905.56,85824.27,84897.99,283710000.0,0.89
2024-10-09,85669.28,85823.81,86451.43,85444.31,349290000.0,0.01
2024-10-10,85453.22,85743.41,86013.46,85425.74,293940000.0,-0.25
2024-10-11,85483.4,85432.84,85750.19,84774.46,295020000.0,0.04
2024-10-14,85261.39,85596.91,86105.03,85156.11,263519999.99999997,-0.26
2024-10-15,85840.34,85264.93,85893.99,84856.21,251620000.0,0.68
2024-10-16,86205.66,86060.69,86513.46,85948.05,259490000.0,0.43
2024-10-17,85585.43,86439.57,86520.29,85539.2,219880000.0,-0.72
2024-10-18,85250.09,85638.58,85773.83,85120.9,152920000.0,-0.39
2024-10-21,86057.52,85353.34,86172.79,85349.33,240440000.0,0.95
2024-10-22,86466.58,86294.7,86846.04,86294.7,415550000.0,0.48
2024-10-23,87194.54,86667.99,87309.23,86284.25,424370000.0,0.84
2024-10-24,88945.99,87553.63,89126.16,87382.05,458050000.0,2.01
2024-10-25,89993.97,89373.82,90593.61,89373.82,365940000.0,1.18
2024-10-28,90195.52,90633.65,91054.84,89732.73,267240000.0,0.22
2024-10-29,90864.09,90509.48,91358.15,90449.42,256870000.0,0.74
2024-10-30,90286.57,91375.53,91872.63,90003.31,240630000.0,-0.64
2024-10-31,88966.77,90459.17,90700.23,89063.34,287740000.0,-1.46
2024-11-01,90859.85,89292.74,91133.28,88852.68,230030000.0,2.13
2024-11-04,91938.01,91454.3,92159.08,91395.35,311380000.0,1.19
2024-11-05,92304.32,92510.48,92514.3,91536.09,289410000.0,0.4
2024-11-06,92021.44,92509.76,92966.95,91891.47,376320000.0,-0.31
2024-11-07,92520.49,92259.48,92694.54,92185.69,322630000.0,0.54
2024-11-08,93291.68,92623.84,93514.56,92566.49,362830000.0,0.83
2024-11-11,93648.33,93485.41,94020.03,93318.91,468860000.0,0.38
2024-11-12,93224.56,93799.93,93871.62,92893.11,408480000.0,-0.45
2024-11-13,93355.43,93362.53,93803.59,92943.08,295670000.0,0.14
2024-11-14,94191.89,93672.72,94289.97,93672.72,255610000.0,0.9
2024-11-15,94763.64,94431.19,95278.27,94431.19,283270000.0,0.61
2024-11-18,94995.67,95060.85,95307.92,94620.45,277310000.0,0.24
2024-11-19,95856.67,95241.64,96036.49,95212.63,377890000.0,0.91
2024-11-20,95546.46,96055.66,96711.33,95311.97,565380000.0,-0.32
2024-11-21,97328.4,95674.5,97437.15,95300.21,323530000.0,1.86
2024-11-22,97798.23,97835.39,99623.04,97471.12,515070000.00000006,0.48
2024-11-25,98079.78,97851.82,99317.48,97137.64,281100000.0,0.29
2024-11-26,94574.16,98049.38,99819.59,94180.6,517940000.00000006,-3.57
2024-11-27,99269.25,97425.06,99549.81,97188.28,495790000.0,4.96
2024-11-28,100082.77,100059.29,100540.29,99354.24,555940000.0,0.82
2024-11-29,101357.32,100393.16,101496.18,99822.62,454630000.0,1.27
2024-12-02,103274.95,101921.21,103386.47,101921.21,695790000.0,1.89
2024-12-03,104559.07,103520.0,104680.89,102825.6,756590000.0,1.24
2024-12-04,105104.34,105080.29,105473.56,104315.41,697650000.0,0.52
2024-12-05,108238.97,105661.16,108345.99,105448.06,721600000.0,2.98
2024-12-06,109053.95,108864.72,109478.09,108550.87,658760000.0,0.75
2024-12-09,109970.39,109094.07,110358.85,107625.92,719550000.0,0.84
2024-12-10,108896.65,110738.04,111759.58,107711.4,669930000.0,-0.98
2024-12-11,110810.22,109455.51,111012.02,109416.32,509280000.0,1.76
2024-12-12,114180.51,111308.66,114408.62,111308.66,636220000.0,3.04
2024-12-13,114301.8,114627.54,115172.45,112609.26,479750000.0,0.11
2024-12-16,116169.41,115433.26,116681.59,115346.0,491300000.0,1.63
2024-12-17,114860.69,116308.02,117039.18,113688.55,548570000.0,-1.13
2024-12-18,111070.29,114854.05,116236.71,110896.27,507240000.0,-3.3
2024-12-19,106274.98,110140.75,111745.03,105937.37,531309999.99999994,-4.32
2024-12-20,109513.15,106073.21,109846.64,105601.04,321980000.0,3.05
2024-12-23,113924.42,110990.57,114189.72,110891.36,424810000.0,4.03
2024-12-24,112414.81,114987.83,115036.5,112294.42,352680000.0,-1.33
2024-12-26,110423.32,112480.6,112480.6,109858.88,274820000.0,-1.77
2024-12-27,111351.18,110658.65,112043.77,110246.93,293220000.0,0.84
2024-12-30,115259.0,111916.71,115422.34,111916.71,521360000.0,3.51
2024-12-31,115126.9,116700.02,116700.02,114804.81,580520000.0,-0.11
2025-01-01,117008.08,115258.12,117341.03,114719.89,465170000.0,1.63
2025-01-02,117119.66,117150.31,118367.81,116857.61,383720000.0,0.1
2025-01-03,117586.98,117484.9,117891.62,115580.02,398070000.0,0.4
2025-01-06,116255.13,118309.5,118735.1,115941.95,369830000.0,-1.13
2025-01-07,116052.68,116667.55,116843.41,113677.5,401230000.0,-0.17
2025-01-08,114148.46,116591.08,117750.23,113847.04,254280000.0,-1.64
2025-01-09,112638.26,114313.0,114329.95,112594.67,268880000.0,-1.32
2025-01-10,113247.29,112544.62,113554.07,112013.59,216220000.0,0.54
2025-01-13,114230.06,113715.5,114496.09,113083.86,198490000.0,0.87
2025-01-14,114804.17,114541.46,115044.79,113836.61,258820000.0,0.5
2025-01-15,114495.71,115360.64,115773.39,114298.29,263600000.00000003,-0.27
2025-01-16,113836.74,114800.98,114884.63,113630.45,176920000.0,-0.58
2025-01-17,115272.08,114060.38,115356.12,113571.96,212260000.0,1.26
2025-01-20,115844.82,115868.94,116276.42,115668.08,268339999.99999997,0.5
2025-01-21,115042.25,116320.3,116424.85,114783.72,338090000.0,-0.69
2025-01-22,113443.43,114996.26,115256.16,113359.38,358350000.0,-1.39
2025-01-23,114037.79,113580.21,114319.62,113234.31,374090000.0,0.52
2025-01-24,114880.49,114407.66,115779.06,114383.17,280360000.0,0.74
2025-01-27,113520.32,115075.86,115596.87,113482.23,231200000.0,-1.18
2025-01-28,112030.36,113398.28,113644.72,111434.95,211430000.0,-1.31
2025-01-29,111487.36,112274.42,112569.9,111157.19,201920000.0,-0.48
2025-01-30,113206.4,111805.66,113400.57,111805.66,172240000.0,1.54
2025-01-31,114255.73,113745.99,115106.99,113692.87,250680000.0,0.93
2025-02-03,112745.01,114550.59,114620.79,112681.34,165870000.0,-1.32
2025-02-04,111935.38,113091.72,113649.08,111828.11,170650000.0,-0.72
2025-02-06,110301.16,112053.96,112234.15,109405.54,174300000.0,-1.46
2025-02-07,110322.94,110575.28,110905.09,109686.53,129190000.0,0.02
2025-02-10,111377.97,110610.81,111622.72,109948.57,193050000.0,0.96
2025-02-11,113010.38,111834.21,113233.41,111834.21,244300000.0,1.47
2025-02-12,112924.94,113302.68,113436.72,112621.14,399900000.0,-0.08
2025-02-13,112564.08,113023.24,113477.71,112540.12,289290000.0,-0.32
2025-02-14,112085.3,113070.07,113482.13,111861.56,238580000.0,-0.43
2025-02-17,111743.53,112283.82,112524.81,111513.67,295850000.0,-0.3
2025-02-18,113088.48,112023.31,113252.55,111642.02,348500000.0,1.2
2025-02-19,113342.44,113465.7,114029.76,113060.26,461110000.0,0.22
2025-02-20,113739.16,113601.96,114202.14,113525.9,507750000.0,0.35
2025-02-21,112800.93,114441.59,114444.01,112813.87,216950000.0,-0.82
2025-02-24,114330.1,112700.1,114573.68,111857.34,214100000.0,1.36
2025-02-25,114528.09,114900.47,115889.6,114178.56,290830000.0,0.17
2025-02-26,113862.33,114580.4,114762.93,113849.93,333210000.0,-0.58
2025-02-27,113784.31,114045.13,114456.92,113729.53,207290000.0,-0.07
2025-02-28,113251.67,113890.68,114265.97,113201.84,231450000.0,-0.47
2025-03-03,111986.89,113498.58,113591.83,111829.15,108000000.0,-1.12
2025-03-04,112743.8,112106.68,112877.02,111717.17,101170000.0,0.68
2025-03-05,112253.76,112952.94,113327.12,112146.1,152190000.0,-0.43
2025-03-06,113713.18,112506.52,113871.22,112446.01,240890000.0,1.3
2025-03-07,114398.7,114169.2,114721.58,114169.2,233230000.0,0.6
2025-03-10,114356.34,114432.8,115048.42,114152.31,165910000.0,-0.04
2025-03-11,114177.66,114180.1,114486.2,113610.31,171980000.0,-0.16
2025-03-12,114084.54,114503.4,114661.89,114001.5,128440000.0,-0.08
2025-03-13,115094.24,114429.93,115247.4,114429.93,210930000.0,0.89
2025-03-14,115536.17,115705.29,115730.98,115162.69,205480000.0,0.38
2025-03-17,116199.59,116012.73,116626.83,115883.22,286470000.0,0.57
2025-03-18,117001.09,116657.45,117202.1,116490.82,274470000.0,0.69
2025-03-19,117974.03,117198.36,118243.63,116882.8,301110000.0,0.83
2025-03-20,118769.77,118525.01,119421.81,118444.04,401600000.0,0.67
2025-03-21,118442.18,119078.91,119405.92,118334.4,172210000.0,-0.28
2025-03-24,116439.62,118797.7,118797.7,116257.52,167110000.0,-1.69
2025-03-25,116633.17,116375.71,116904.55,115877.88,158060000.0,0.17
2025-03-26,117772.31,117935.8,118220.88,117178.23,231390000.0,0.98
2025-03-27,117806.75,118037.7,118147.25,117551.42,193470000.0,0.03
2025-04-03,118938.11,117873.59,119179.46,117508.07,201030000.0,0.96
2025-04-04,118791.66,119155.22,120796.67,118718.26,313410000.0,-0.12
2025-04-07,114909.49,117601.62,117601.62,110103.98,389420000.0,-3.27
2025-04-08,115532.43,115800.77,116692.29,115560.91,338910000.0,0.54
2025-04-09,114153.16,115092.12,115092.12,112891.49,267600000.00000003,-1.19
2025-04-10,116189.21,117094.15,117484.17,116130.9,391050000.0,1.78
2025-04-11,114853.33,115937.38,115937.38,114639.92,250710000.0,-1.15
2025-04-14,116390.04,115448.73,116494.2,115246.21,273770000.0,1.34
2025-04-15,116775.5,116739.03,117362.23,116645.69,215170000.0,0.33
2025-04-16,116020.11,117187.51,117424.04,115776.12,248070000.0,-0.65
2025-04-17,116901.13,116073.7,117216.03,115818.07,221690000.0,0.76
2025-04-18,117315.59,117360.6,117888.13,116759.07,212790000.0,0.35
2025-04-21,118383.38,117712.7,118827.47,117712.7,367340000.0,0.91
2025-04-22,118430.35,118546.17,119217.19,118161.68,353610000.0,0.04
2025-04-23,117226.15,118422.67,118811.24,117120.39,242520000.0,-1.02
2025-04-24,115019.82,115269.3,116568.14,114661.2,197690000.0,-1.88
2025-04-25,115469.35,115099.65,115844.89,113716.6,213620000.0,0.39
2025-04-28,114063.9,116305.7,116658.95,113867.81,190220000.0,-1.22
2025-04-29,114872.18,113869.98,115040.59,112935.57,185490000.0,0.71
2025-04-30,111326.58,114066.13,114066.13,110631.84,254490000.0,-3.09
2025-05-02,114113.94,112820.08,114546.88,112820.08,192300000.0,2.5
2025-05-05,114102.24,114385.61,114552.21,113077.67,153680000.0,-0.01
2025-05-06,113568.51,114392.83,115093.11,113418.52,165330000.0,-0.47
2025-05-07,110009.03,107007.68,112457.38,107007.68,261519999.99999997,-3.13
2025-05-08,103526.82,110842.45,111881.03,101598.91,308030000.0,-5.89
2025-05-09,107174.64,103949.69,107541.45,102420.82,238400000.0,3.52
2025-05-12,117297.73,117104.12,117327.78,115794.37,345350000.0,9.45
2025-05-13,118575.89,120067.12,120067.12,116859.93,366250000.0,1.09
2025-05-14,118536.53,118950.61,119460.54,118148.65,273520000.0,-0.03
2025-05-15,119961.91,118871.13,119990.3,118871.13,310690000.0,1.2
2025-05-16,119649.14,120292.95,120506.18,119541.15,235070000.0,-0.26
2025-05-19,119689.63,120164.33,120285.55,119250.68,119530000.0,0.03
2025-05-20,118971.13,119891.17,119900.38,118527.09,108110000.0,-0.6
2025-05-21,119931.46,119239.34,120106.21,119128.39,280860000.0,0.81
2025-05-22,119153.04,120234.81,120699.18,119062.03,223280000.0,-0.65
2025-05-23,119102.67,119214.78,119542.52,118665.26,99800000.0,-0.04
2025-05-26,118221.12,119211.88,119290.94,118150.28,350580000.0,-0.74
2025-05-27,118332.91,118533.7,118807.92,118143.68,414610000.0,0.09
2025-05-29,118971.41,118512.41,119639.47,118481.98,315840000.0,0.54
2025-05-30,119691.09,119138.77,119913.88,118771.84,211930000.0,0.6
2025-06-02,118877.81,120211.57,120590.77,118672.84,164320000.0,-0.68
2025-06-03,120450.87,119129.52,120693.83,119129.52,315240000.0,1.32
2025-06-04,121798.87,120954.38,121882.48,120896.13,292410000.0,1.12
2025-06-05,121641.0,122106.82,122281.58,121517.9,407560000.0,-0.13
2025-06-10,122024.44,122152.23,122611.53,121589.9,235300000.0,0.32
2025-06-11,124352.68,123290.25,124588.17,123237.99,332590000.0,1.91
2025-06-12,124093.12,124807.1,126718.28,123846.56,371980000.0,-0.21
2025-06-13,122143.57,122679.01,123058.06,121604.6,238190000.0,-1.57
2025-06-16,122225.36,122168.26,122903.34,121889.96,181440000.0,0.07
2025-06-17,121971.04,122367.28,122891.61,121815.39,203250000.0,-0.21
2025-06-18,120465.93,121857.97,121905.5,120418.0,122210000.0,-1.23
2025-06-19,120002.59,121103.35,121745.3,119770.03,134100000.0,-0.38
2025-06-20,120023.24,120234.96,120828.86,119872.16,136800000.0,0.02
2025-06-23,116167.47,118272.0,118798.52,115887.49,196190000.0,-3.21
2025-06-24,122246.64,120499.53,122725.21,120369.54,318300000.0,5.23
2025-06-25,122761.64,122753.01,123256.55,122168.76,221150000.0,0.42
2025-06-26,122046.46,123031.82,123417.87,122142.43,244240000.0,-0.58
2025-06-27,124379.07,122229.42,125285.05,122222.7,220310000.0,1.91
2025-06-30,125627.31,124884.07,125748.59,124500.21,258990000.0,1.0
2025-07-01,128199.43,126114.17,128475.7,126113.28,336910000.0,2.05
2025-07-02,130344.03,128616.12,130545.95,128616.12,345790000.0,1.67
2025-07-03,130686.66,130831.28,131325.11,129776.2,280010000.0,0.26
2025-07-04,131949.06,130896.03,132129.59,130716.11,198950000.0,0.97
2025-07-07,133370.16,132485.75,133862.02,132467.13,344250000.0,1.08
2025-07-08,133403.19,133746.63,134200.27,132696.36,324460000.0,0.02
2025-07-09,132576.98,133524.94,133566.38,132326.19,161030000.0,-0.62
2025-07-10,133782.34,132773.88,133902.34,132706.03,325790000.0,0.91
2025-07-11,134299.77,134130.91,134931.95,134130.41,290060000.0,0.39
2025-07-14,136502.55,134937.44,136841.5,134937.44,259910000.00000003,1.64
2025-07-15,135939.88,136840.16,137747.61,135826.41,307740000.0,-0.41
2025-07-16,136379.97,136169.64,137232.11,135542.89,273100000.0,0.32
2025-07-17,138665.5,136674.98,138943.47,136674.98,299280000.0,1.68
2025-07-18,138597.36,139600.23,140585.39,138343.73,256320000.0,-0.05
2025-07-21,138217.58,139142.17,139201.16,138149.56,221760000.0,-0.27
2025-07-22,139419.63,138197.81,139901.78,138197.81,245770000.0,0.87
2025-07-23,139254.36,139966.08,140202.19,139105.05,193420000.0,-0.12
2025-07-24,138692.67,139501.61,139867.83,138614.09,272660000.0,-0.4
2025-07-25,139207.3,138876.06,139436.77,138808.64,190960000.0,0.37
2025-07-28,139380.06,139759.59,140149.23,139195.84,213990000.0,0.12
2025-07-29,137964.81,139733.06,140331.02,137636.38,212750000.0,-1.02
2025-07-30,138412.25,138141.59,139018.88,137658.81,167690000.0,0.32
2025-07-31,139390.42,139379.14,140215.22,139083.73,291210000.0,0.71
2025-08-01,141034.98,139634.91,141160.94,138957.7,304550000.0,1.18
2025-08-04,142052.66,141962.94,142323.34,141440.48,349230000.0,0.72
2025-08-05,143037.17,142235.7,143281.34,142235.7,262320000.0,0.69
2025-08-06,145088.5,143409.59,145187.17,143409.59,383510000.0,1.43
2025-08-07,145647.14,145793.06,146081.03,145250.19,326590000.0,0.39
2025-08-08,145382.8,145999.41,146813.44,144917.19,276740000.0,-0.18
2025-08-11,146929.84,145650.33,147005.19,145258.5,299280000.0,1.06
2025-08-12,147005.31,147467.44,147976.98,146894.63,331790000.0,0.05
2025-08-13,146529.31,147334.3,147892.25,146417.8,298880000.0,-0.32
2025-08-15,146491.63,146713.84,147534.41,146269.59,187000000.0,-0.03
2025-08-18,148196.42,146679.73,148395.72,146403.66,229070000.0,1.16
2025-08-19,149770.75,148464.55,150323.39,148293.94,340190000.0,1.06
2025-08-20,150591.0,150106.16,151261.67,149931.69,275220000.0,0.55
2025-08-21,149235.27,150948.94,151249.63,148272.58,426270000.0,-0.9
2025-08-22,149493.06,149659.84,150465.17,149448.94,335530000.0,0.17
2025-08-25,148815.31,149828.16,150079.77,148757.14,210520000.0,-0.45
2025-08-26,148435.06,149096.34,149453.19,148312.58,161930000.0,-0.26
2025-08-27,147494.03,148841.67,149237.92,147337.02,186410000.0,-0.63
2025-08-28,147343.52,147554.39,148042.0,147209.56,306530000.0,-0.1
2025-08-29,148617.78,147591.81,149234.95,147488.47,624600000.0,0.86
2025-09-01,149971.13,149079.23,150066.0,148500.2,511820000.0,0.91
2025-09-02,150975.48,150318.63,151075.67,150081.41,442000000.0,0.67
2025-09-03,152201.88,151320.5,152805.3,151320.5,337870000.0,0.81
2025-09-04,152665.72,152599.44,153411.06,152264.97,407270000.0,0.3
2025-09-05,154277.19,153149.44,154511.31,153129.78,471370000.0,1.06
2025-09-08,156087.31,155057.34,156199.3,154944.88,492410000.0,1.17
2025-09-09,156563.53,156640.09,157088.81,155044.27,480310000.0,0.31
2025-09-10,157020.8,156571.73,157479.42,156079.53,437130000.0,0.29
2025-09-11,156141.25,157284.66,157816.77,156103.81,402820000.0,-0.56
2025-09-12,154439.69,156201.7,156519.14,154360.34,241100000.0,-1.09
2025-09-15,155384.52,154612.19,155602.3,154486.2,274670000.0,0.61
2025-09-16,156180.94,155960.66,156467.92,155781.84,423570000.0,0.51
2025-09-17,156177.81,156887.48,157196.59,155960.36,367850000.0,0.0
2025-09-18,157953.47,157020.08,158082.55,156978.84,555470000.0,1.14
2025-09-19,158037.38,158555.48,159337.45,157522.0,890890000.0,0.05
2025-09-22,157554.66,158528.16,158850.34,157245.73,833290000.0,-0.31
2025-09-23,157945.03,158187.31,158831.22,157416.55,771290000.0,0.25
2025-09-24,158236.69,158529.73,159046.59,158133.31,1030000000.0,0.18
2025-09-25,159280.09,158849.28,159537.59,158297.44,880270000.0,0.66
2025-09-26,162257.02,159901.56,162422.3,159901.56,562770000.0,1.87
2025-09-29,163847.69,162920.48,163903.63,162058.64,483730000.0,0.98
2025-09-30,165493.59,164354.55,166556.3,164208.34,629990000.0,1.0
2025-10-01,165640.34,166176.66,166522.61,164155.31,1000000000.0,0.09
2025-10-02,168489.63,166079.48,168619.31,165567.22,776260000.0,1.72
2025-10-03,168990.06,169041.41,169988.63,168613.41,831080000.0,0.3
2025-10-06,167752.41,169178.98,169326.34,165997.38,623770000.0,-0.73
2025-10-07,166173.75,168299.2,168518.97,165997.2,629740000.0,-0.94
2025-10-08,165266.75,166360.55,166947.2,165109.84,554830000.0,-0.55
2025-10-09,164530.81,165526.94,166729.97,164306.77,698870000.0,-0.45
2025-10-10,163098.19,163984.81,165262.86,162411.27,607600000.0,-0.87
2025-10-13,158443.42,161403.91,161988.13,157678.02,686330000.0,-2.85
2025-10-14,165476.02,160821.73,165866.78,160821.73,586850000.0,4.44
2025-10-15,165686.38,166756.77,167561.69,165357.2,893800000.0,0.13
2025-10-16,164444.72,166280.38,166864.91,164261.66,1390000000.0,-0.75
2025-10-17,163806.22,164983.44,165030.81,163118.02,500440000.0,-0.39
2025-10-20,166242.91,164912.41,166421.34,164281.95,704430000.0,1.49
2025-10-21,167346.83,167004.66,168414.14,166923.59,1000000000.0,0.66
2025-10-22,166553.28,167781.03,168163.22,166230.91,727760000.0,-0.47
2025-10-23,164590.41,166457.67,166720.42,164395.39,485010000.0,-1.18
2025-10-24,163304.13,164414.44,165025.86,163041.98,424610000.0,-0.78
2025-10-27,162163.81,163308.91,163570.83,161766.63,363990000.0,-0.7
2025-10-28,160101.03,162444.28,163380.67,159805.34,374970000.0,-1.27
2025-10-29,158465.06,160607.77,160690.13,158306.84,390150000.0,-1.02
2025-10-30,156732.88,158996.02,159507.42,156327.61,378020000.0,-1.09
2025-10-31,161631.73,158195.55,162194.31,158195.55,408940000.0,3.13
2025-11-03,162803.16,162827.13,163935.03,161892.59,353000000.0,0.72
2025-11-04,161281.77,163286.7,163384.95,161159.27,321600000.0,-0.93
2025-11-05,159578.19,161368.19,162052.45,159216.86,333050000.0,-1.06
2025-11-06,159096.8,160240.88,160590.77,158252.63,286000000.0,-0.3
2025-11-07,159592.91,159393.02,160435.95,159005.14,216910000.0,0.31
2025-11-10,161538.41,160619.83,161881.45,160406.44,225010000.0,1.22
2025-11-11,157870.5,161516.75,161516.75,157765.92,291160000.0,-2.27
2025-11-12,158183.95,158068.17,159516.41,157203.55,217770000.0,0.2
2025-11-13,160657.5,158971.48,160944.52,158971.48,254920000.0,1.56
2025-11-14,161935.19,161308.72,162118.77,160791.78,239780000.0,0.8
2025-11-17,161687.19,163077.95,163602.16,161481.69,521409999.99999994,-0.15
2025-11-18,160935.13,162089.33,162344.66,160583.91,302860000.0,-0.47
2025-11-19,162226.28,161279.02,162741.73,161279.02,361890000.0,0.8
2025-11-20,162936.94,162871.27,163817.83,162646.98,208140000.0,0.44
2025-11-21,162102.92,163016.59,163357.52,161853.59,254630000.0,-0.51
2025-11-24,161984.09,162206.17,162385.33,161241.47,154380000.0,-0.07
2025-11-25,161692.48,162394.41,162819.84,161276.81,162000000.0,-0.18
2025-11-26,163188.53,161984.45,163397.23,160564.86,234700000.0,0.93
2025-11-27,165373.31,163509.3,165611.11,163509.3,175280000.0,1.34
2025-11-28,166677.7,165753.36,167005.05,165753.36,295620000.0,0.79
2025-12-01,168062.19,167229.27,168246.23,166024.8,306600000.0,0.83
2025-12-02,167642.28,168499.02,169289.22,167445.94,291890000.0,-0.25
2025-12-03,166145.34,168107.55,168160.88,166115.17,258779999.99999997,-0.89
2025-12-04,166283.55,166501.19,166837.09,165886.27,167560000.0,0.08
2025-12-05,167085.58,167772.2,167923.45,166369.73,225680000.0,0.48
2025-12-08,168303.25,167386.44,168755.19,167386.44,328070000.0,0.73
2025-12-09,169456.39,169382.09,169601.05,168880.22,433910000.0,0.69
2025-12-10,169451.86,169806.31,170697.75,169239.23,497180000.0,0.0
2025-12-11,168574.69,170089.28,170301.48,168548.45,656550000.0,-0.52
2025-12-12,169864.53,168937.33,170052.88,168421.55,309700000.0,0.77
2025-12-15,170741.34,170549.69,171001.7,170292.95,410450000.0,0.52
2025-12-16,170447.3,171403.38,171922.59,170191.98,475390000.0,-0.17
2025-12-17,170313.86,170737.14,171392.63,169230.5,435470000.0,-0.08
2025-12-18,171960.66,170804.66,172248.94,170804.66,392430000.0,0.97
2025-12-19,171404.48,172289.3,172674.66,171149.06,326400000.0,-0.32
2025-12-22,171204.19,171624.56,172167.63,170858.66,326750000.0,-0.12
2025-12-23,171073.73,171596.97,171867.31,170968.31,239250000.0,-0.08
2025-12-24,170830.22,171469.52,171587.31,170641.13,319890000.0,-0.14
2025-12-26,172400.73,171220.16,172582.95,171146.14,346400000.0,0.92
2025-12-29,173896.34,173200.42,174411.73,173200.42,360620000.0,0.87
2025-12-30,174472.8,174270.84,174805.16,174121.42,415890000.0,0.33
2025-12-31,174054.31,174791.31,175232.91,173564.33,414470000.0,-0.24
2026-01-01,176355.48,174437.7,176658.39,174437.7,799090000.0,1.32
2026-01-02,179034.94,177030.02,179467.84,176709.52,513440000.00000006,1.52
2026-01-05,182408.23,179535.47,183964.38,179535.47,633100000.0,1.88
2026-01-06,185062.11,183121.45,185481.45,181182.06,596930000.0,1.45
2026-01-07,186518.72,185845.56,187015.13,184896.7,569860000.0,0.79
2026-01-08,185543.02,186998.48,187905.17,185199.38,576350000.0,-0.52
2026-01-09,184409.67,185700.13,186180.31,183700.84,393480000.0,-0.61
2026-01-12,182384.16,184045.17,184439.06,182303.56,418830000.0,-1.1
2026-01-13,183951.52,182702.06,184304.88,180589.95,437360000.0,0.86
2026-01-14,182569.81,184400.81,184726.59,182369.88,444260000.0,-0.75
2026-01-15,181456.34,183073.45,183717.55,180783.63,281310000.0,-0.61
2026-01-16,185098.83,182559.69,185208.98,182559.69,381920000.0,2.01
2026-01-19,187761.69,186151.23,187882.05,186127.34,450870000.0,1.44
2026-01-20,188621.78,188579.17,188958.38,187192.02,454300000.0,0.46
2026-01-21,187033.27,189095.63,189523.44,186626.84,703360000.0,-0.84
2026-01-22,187688.16,187391.55,188106.81,186825.63,462470000.0,0.35
2026-01-23,189166.83,187926.5,189566.64,186637.56,407930000.0,0.79
2026-01-26,188587.66,189788.69,191032.73,188268.39,449790000.0,-0.31
2026-01-27,188202.86,188775.66,189521.31,187538.23,341590000.0,-0.2
2026-01-28,188380.39,188901.75,189183.88,188179.52,423530000.0,0.09
2026-01-29,182338.13,188686.06,188923.41,181961.16,413820000.0,-3.21
2026-01-30,184174.48,183166.67,186619.52,182347.48,344200000.0,1.01
2026-02-02,185057.83,184441.94,185611.73,182792.41,215800000.0,0.48
2026-02-03,186900.73,185555.89,187518.8,185545.94,390200000.0,1.0
2026-02-04,187832.08,187193.3,188312.2,187018.69,767510000.0,0.5
2026-02-06,184129.58,188023.59,188036.31,183547.3,798690000.0,-1.97
2026-02-09,182340.38,185027.17,185650.59,180992.8,597720000.0,-0.97
2026-02-10,182153.55,183101.94,183216.67,181499.3,636100000.0,-0.1
2026-02-11,183049.81,182739.72,183801.7,182054.66,350080000.0,0.49
2026-02-12,180512.66,182700.31,182757.09,178725.25,448220000.0,-1.39
2026-02-13,179603.73,180577.78,180832.66,178237.14,379800000.0,-0.5
2026-02-16,174453.94,179926.88,179969.23,173574.27,378710000.0,-2.87
2026-02-17,173150.42,174783.16,176131.34,171693.41,424960000.0,-0.75
2026-02-18,178853.09,174328.61,178974.17,174328.61,424990000.0,3.29
2026-02-19,172170.3,179279.73,179279.73,171647.34,229010000.0,-3.74
2026-02-20,173169.7,172716.16,174148.33,169592.53,245480000.0,0.58
2026-02-23,167691.08,172962.95,174336.86,166886.63,204730000.0,-3.16
2026-02-24,166258.55,167685.83,169237.52,163907.59,345390000.0,-0.85
2026-02-25,164626.3,167607.55,168191.66,164229.36,351260000.0,-0.98
2026-02-26,168893.09,164815.44,169374.27,162953.64,355320000.0,2.59
2026-02-27,168062.17,167718.13,169379.97,165811.88,222440000.0,-0.49
2026-03-02,151973.0,152717.47,159328.59,151747.95,479700000.0,-9.57
2026-03-03,157132.09,151258.86,158217.02,151258.86,429920000.0,3.39
2026-03-04,155777.2,157322.45,157962.48,154790.73,362160000.0,-0.86
2026-03-05,161210.69,156310.7,161476.84,156250.3,402540000.0,3.49
2026-03-06,157496.09,161435.83,161435.83,157072.66,196190000.0,-2.3
2026-03-09,146480.16,150174.09,150174.09,144119.44,378010000.0,-6.99
2026-03-10,156177.13,156209.06,158354.13,155294.66,289650000.0,6.62
2026-03-11,155858.48,157206.97,158624.52,155652.36,232660000.0,-0.2
2026-03-12,154421.44,154679.7,157080.3,153503.7,202930000.0,-0.92
2026-03-13,153866.17,154202.92,155002.11,152780.8,113040000.0,-0.36
2026-03-16,149178.66,153581.45,153943.7,148747.72,153180000.0,-3.05
2026-03-17,150016.16,150067.91,151503.47,148509.05,145540000.0,0.56
2026-03-18,154292.27,150562.73,154684.45,150284.27,213820000.0,2.85
2026-03-19,152740.38,152698.52,153322.97,150728.19,147440000.0,-1.01
2026-03-24,153966.36,157190.06,157442.69,153382.02,220480000.0,0.8
2026-03-25,158313.45,155359.94,158586.09,155199.7,348260000.0,2.82
2026-03-26,152907.97,157571.13,157591.23,152668.08,313130000.0,-3.41
2026-03-27,151707.52,153041.83,153660.89,151457.95,244730000.0,-0.79
2026-03-30,146842.97,151813.61,151813.61,144656.97,308120000.0,-3.21
2026-03-31,148743.31,147743.69,150225.63,147743.69,232740000.0,1.29
2026-04-01,155511.56,151262.77,157347.19,151262.77,420210000.0,4.55
2026-04-02,152011.27,152040.53,152272.64,150022.44,202910000.0,-2.25
2026-04-03,150398.7,149093.61,152103.63,148796.55,270150000.0,-1.06
2026-04-06,151207.81,150272.88,151875.02,147771.36,270550000.0,0.54
2026-04-07,151673.45,150613.25,152013.05,149129.41,205230000.0,0.31
2026-04-08,165811.02,164594.39,165924.14,162956.77,486660000.0,9.32
2026-04-09,165517.52,166382.34,166962.17,161993.0,456730000.0,-0.18
2026-04-10,167191.38,166221.33,168290.3,166221.33,452220000.0,1.01
2026-04-13,160591.33,161837.7,163612.13,160158.92,324640000.0,-3.95
2026-04-14,165634.84,163416.55,165763.81,163416.55,358200000.0,3.14
2026-04-15,168519.94,169403.08,170640.27,168182.98,600690000.0,1.74
2026-04-16,169911.95,170006.75,170899.16,168941.31,405310000.0,0.83
2026-04-17,173939.02,171064.39,174404.03,170758.27,704340000.0,2.37
2026-04-20,172196.7,172249.27,174523.77,169226.56,597870000.0,-1.0
2026-04-21,173155.8,173405.56,175298.13,172837.8,524200000.00000006,0.56
2026-04-22,171579.31,173343.41,173452.66,171254.81,358030000.0,-0.91
2026-04-23,169173.38,171561.73,171561.73,168416.02,310840000.0,-1.4
2026-04-24,170672.05,168045.69,171641.33,166380.72,445220000.0,0.89
2026-04-27,169497.36,170553.98,171306.63,169268.33,357300000.0,-0.69
2026-04-28,168412.23,168221.05,169313.91,168170.73,592490000.0,-0.64
2026-04-29,165823.88,168863.86,169686.03,165391.47,448990000.0,-1.54
2026-04-30,162994.17,164357.47,164357.47,160391.19,366140000.0,-1.71
2026-05-04,163948.94,164713.27,167245.55,163417.84,355710000.0,0.59
2026-05-05,164742.47,162616.2,164920.34,162532.98,209980000.0,0.48
2026-05-06,171704.77,167389.06,172088.58,167354.44,562660000.0,4.23
2026-05-07,172894.28,172548.88,173274.55,171541.05,429220000.0,0.69
2026-05-08,171115.81,171465.06,172287.45,170393.13,431760000.0,-1.03
2026-05-11,170506.31,170279.55,171304.11,169583.45,634150000.0,-0.36
2026-05-12,168916.22,170758.16,171571.56,168823.31,424800000.0,-0.93
2026-05-13,167451.14,169038.94,169687.3,167329.34,208510000.0,-0.87
2026-05-14,166498.84,167979.48,168528.88,166398.91,185040000.0,-0.57
2026-05-15,165596.06,166890.05,166924.48,165291.53,264750000.0,-0.54
2026-05-18,161805.02,164799.34,164939.09,161613.52,195970000.0,-2.29
2026-05-19,162896.69,163033.72,164309.66,162563.58,169980000.0,0.67
2026-05-20,164831.42,163514.39,165081.7,162895.73,172530000.0,1.19
2026-05-21,168514.45,166638.56,168869.19,166638.56,270580000.0,2.23
2026-05-22,167844.25,169539.16,169624.78,167480.67,170380000.0,-0.4
2026-05-25,171725.3,170747.3,171920.81,170161.66,261560000.0,2.31
2026-05-29,173962.81,172118.02,174106.34,171545.47,313690000.0,1.3
2026-06-01,170600.2,174157.61,174171.64,170396.84,246940000.0,-1.93
2026-06-02,171021.77,170615.48,171856.36,170248.47,189720000.0,0.25
2026-06-03,170190.64,170462.91,171624.45,169790.34,163720000.0,-0.49
2026-06-04,171175.52,170598.48,171455.77,170563.41,216200000.0,0.58
2026-06-05,170478.94,171651.48,172102.91,170254.66,174950000.0,-0.41
2026-06-08,168953.7,169254.14,169360.55,168432.45,137850000.0,-0.89
2026-06-09,170330.56,170442.16,171022.94,170250.27,209360000.0,0.81
2026-06-10,169427.44,169734.3,170729.56,169346.38,163010000.0,-0.53
2026-06-11,169703.59,168877.78,170138.19,168682.25,186640000.0,0.16
2026-06-12,172399.91,171562.23,173093.45,170946.55,320000000.0,1.59
2026-06-15,177039.83,176814.48,177176.73,175085.8,457430000.0,2.69
2026-06-16,180392.98,178182.08,180503.55,177741.47,610920000.0,1.89
2026-06-17,180511.02,181282.13,181357.7,179564.17,526919999.99999994,0.07
2026-06-18,181398.22,181087.38,181869.34,181045.34,445720000.0,0.49
2026-06-19,178922.77,181585.16,182185.88,177836.16,458030000.0,-1.36
2026-06-22,178471.88,180146.06,180507.81,178337.14,230110000.0,-0.25
2026-06-23,177692.92,179307.69,179405.56,177674.38,292030000.0,-0.44
2026-06-24,179571.27,178115.36,179919.27,177931.31,436670000.0,1.06
2026-06-29,178414.8,179457.84,180272.02,178331.0,330970000.0,-0.64
2026-06-30,180301.7,179020.11,180150.41,179020.11,296020000.0,1.06
2026-07-01,184050.09,180733.45,184233.58,180565.84,472430000.0,2.08
2026-07-02,184520.95,184840.56,185890.53,184214.8,423480000.0,0.26
2026-07-03,185372.2,184830.91,185668.66,184462.66,314710000.0,0.46
2026-07-06,187454.69,185910.39,187546.36,185910.39,392600000.0,1.12
2026-07-07,186255.55,188012.67,188126.69,186189.2,395220000.0,-0.64
2026-07-08,181629.38,184405.88,185215.56,179504.34,571940000.0,-2.48
2026-07-09,181259.69,180064.8,182276.81,179411.36,470840000.0,-0.2
2026-07-10,182241.78,181880.55,183477.56,181880.55,412980000.0,0.54
2026-07-13,179927.05,180125.8,181148.27,179448.52,365010000.0,-1.27
2026-07-14,173518.81,178112.05,178112.05,173349.42,409230000.0,-3.56
2026-07-15,175285.78,173870.27,176701.38,173870.27,248390000.0,1.02
2026-07-16,178123.56,175672.34,178431.73,175672.34,311880000.0,1.62
2026-07-17,175802.8,178185.45,178694.48,175790.63,267060000.0,-1.3
2026-07-20,175927.73,174419.42,176129.34,173636.45,343880000.0,0.07
2026-07-21,176133.56,176930.75,178370.45,176062.7,448770000.0,0.12
2026-07-22,174429.94,175863.78,176255.64,174104.06,266160000.00000003,-0.97
2026-07-23,171739.45,174494.38,175237.59,171655.09,242210000.0,-1.54
2026-07-24,171021.2,171166.52,172718.67,169512.88,228530000.0,-0.42
2026-07-27,178262.34,175600.3,178588.34,175153.17,385160000.0,4.23
2026-07-28,177623.88,179104.13,179123.02,177434.95,478020000.0,-0.36
2026-07-29,176042.98,176935.03,176935.03,175631.73,193070000.0,-0.89
2026-07-30,175547.98,175141.64,176234.3,174612.16,222460000.0,-0.28
2026-07-31,176094.13,176405.33,177108.67,175934.98,210430000.0,0.31
2026-08-03,178200.02,178460.72,178985.95,177759.88,255200000.0,1.2
2026-08-04,177083.22,178716.2,178768.83,177043.09,263769999.99999997,-0.63
2026-08-05,180014.94,179216.2,180202.39,178512.09,294900000.0,1.66
2026-08-06,181776.59,180713.63,182007.05,180626.94,345780000.0,0.98
2026-08-07,181430.02,181647.27,181647.27,180620.08,376060000.0,-0.19
2026-08-10,181310.28,181989.95,182347.52,180820.23,434730000.0,-0.07
2026-08-11,179846.69,181017.3,181017.3,179778.98,370240000.0,-0.81
2026-08-12,180311.22,179931.02,180901.27,179920.09,226160000.0,0.26
2026-08-13,180104.61,180761.33,181433.86,180035.92,388900000.0,-0.11
2026-08-17,180502.45,180879.22,181158.88,180281.75,511220000.0,0.22
2026-08-18,177955.52,180602.44,180602.44,177866.05,511870000.0,-1.41
