Date,Close,Open,High,Low,Change,RSI_14,EMA_12,EMA_26,MACD,MACD_signal,MACD_hist,Return,Roll_Return_20,Roll_Vol_20,Regime,Regime_Bear,Regime_Bull,Regime_Sideways,EPU,sentiment_mean,sentiment_sum,article_count,positive_count,negative_count,neutral_count,confidence_mean
2015-01-01,32503.8,32148.65,32503.81,32134.82,1.16,66.78499138211501,31858.8942116877,31631.348656608065,227.545555079636,152.23327563766884,75.31227944196712,0.0115936868994948,0.0010185291208391,0.0088859755232972,Bull,False,True,False,27.68496356,-0.2992004228815,-2.992004228815,10.0,3.0,6.0,1.0,0.9992287440000001
2015-01-02,32731.61,32531.8,32776.39,32465.49,0.7,69.35941958325887,31993.15817912036,31712.84949685932,280.3086822610385,177.8483569623428,102.4603252986957,0.0070087189805501,0.0010266661830125,0.0088916653817433,Bull,False,True,False,27.68496356,-0.24964476447925002,-0.9985790579170001,4.0,1.0,2.0,1.0,0.99954493
2015-01-05,32757.79,32751.46,32866.4,32664.15,0.08,69.65054415654296,32110.79384387108,31790.25249709197,320.5413467791077,206.38695492569576,114.15439185341194,0.0007998384436329,0.0009765236030155,0.0088898863416497,Bull,False,True,False,27.68496356,-0.07171183194928571,3.98965056691,9.0,6.0,2.0,1.0,0.9987612078571428
2015-01-06,32668.73,32713.51,32834.43,32558.7,-0.27,67.30769500190105,32196.630175583217,31855.324904714784,341.3052708684336,233.3706181142433,107.93465275419024,-0.0027187426257998,0.0010559134608056,0.0088472109282414,Bull,False,True,False,27.68496356,-0.0038512182181250076,-0.03080974574500006,8.0,3.0,3.0,2.0,0.99748488125
2015-01-07,32835.94,32685.41,32906.17,32639.84,0.51,69.3895647651212,32294.9855331858,31927.963059921098,367.0224732647002,260.10098914433473,106.9214841203655,0.0051183501776777,0.0011965088221203,0.0088903670811858,Bull,False,True,False,27.68496356,0.3977064847336,1.988532423668,5.0,3.0,1.0,1.0,0.9978440300000001
2015-01-08,33117.47,32887.82,33142.93,32887.82,0.86,72.55817043614712,32421.521605003367,32016.07468511213,405.4469198912411,289.17017529371606,116.27674459752508,0.0085738370821726,0.0020966326850457,0.0086665133873567,Bull,False,True,False,27.68496356,0.99870574685,0.99870574685,1.0,1.0,0.0,0.0,0.99916744
2015-01-09,33324.82,33163.45,33473.55,33163.45,0.63,74.6402959867367,32560.490588849003,32113.01878251123,447.4718063377732,320.83050150252745,126.6413048352457,0.0062610459071903,0.0024126741266579,0.0086989267242283,Bull,False,True,False,27.68496356,0.2497053319255,0.998821327702,4.0,2.0,1.0,1.0,0.9994946825
2015-01-12,33418.2,33341.54,33513.92,33339.28,0.28,75.54037004864992,32692.445882872235,32209.698872695582,482.7470101766485,353.21380323735167,129.5332069392968,0.0028021156603394,0.0028516022729723,0.0084718616158748,Bull,False,True,False,27.68496356,0.10987185588205556,1.832434401767,15.0,6.0,4.0,5.0,0.9934052279444444
2015-01-13,33371.29,33423.82,33423.82,33167.95,-0.14,74.11722404385989,32796.88343935343,32295.74265990332,501.1407794501065,382.79919847990266,118.34158097020384,-0.0014037261133154,0.0026226939486308,0.0085243674262887,Bull,False,True,False,27.68496356,-0.0028106718099999983,-0.005621343619999997,2.0,1.0,1.0,0.0,0.99794732
2015-01-14,33585.75,33403.95,33628.22,33403.95,0.64,76.3141937776099,32918.24752560675,32391.298759169746,526.9487664370063,411.6291120713234,115.31965436568288,0.006426482164759,0.0042280468229503,0.0053433803450999,Bull,False,True,False,27.68496356,0.00013493755999999246,0.0005397502399999698,4.0,2.0,2.0,0.0,0.99943866
2015-01-15,33765.61,33688.29,33941.51,33688.29,0.54,78.00072563017221,33048.61098320571,32493.09959182384,555.511391381875,440.4055679334337,115.1058234484413,0.0053552473891456,0.0048344834109339,0.0046756037749493,Bull,False,True,False,27.68496356,0.4994160734455,2.996496440673,6.0,4.0,1.0,1.0,0.9994476583333333
2015-01-16,33786.44,33771.5,33954.88,33724.65,0.06,78.19437420057973,33162.1231396356,32588.90258502207,573.2205546135301,466.968565269453,106.25198934407712,0.000616899857577,0.0046039574380168,0.0047679572502632,Bull,False,True,False,27.68496356,-0.16646307815533334,-0.9987784689320001,6.0,2.0,3.0,1.0,0.9995216299999999
2015-01-19,34014.26,33790.56,34120.92,33790.56,0.67,80.24279298761427,33293.221118153204,32694.48461576118,598.7365023920247,493.3221526939674,105.41434969805732,0.0067429418429405,0.0046431557864306,0.0047828826492142,Bull,False,True,False,27.68496356,-0.6256903205468654,-17.972804427201,28.0,3.0,21.0,4.0,0.9990301744528619
2015-01-20,34121.3,34046.63,34185.48,33893.17,0.31,81.1392866942189,33420.61786920656,32800.17464422331,620.4432249832462,518.7463671518232,101.69685783142302,0.0031469154407592,0.0040258285779438,0.0040492438978269,Bull,False,True,False,27.68496356,-0.2052967883909,-2.052967883909,10.0,3.0,5.0,2.0,0.9941660999999999
2015-01-21,34329.5,34133.62,34395.19,34133.62,0.61,82.77635248035668,33560.44588932863,32913.45800391048,646.9878854181516,544.3946708050889,102.59321461306264,0.0061017604839204,0.0039200771470721,0.003960680580834,Bull,False,True,False,27.68496356,-0.09929262919340001,-0.9929262919340001,10.0,3.0,4.0,3.0,0.9982509370000001
2015-01-22,34146.97,34342.29,34414.81,34101.44,-0.53,76.50667022969273,33650.68036789345,33004.82926288007,645.851105013382,564.6859576467476,81.16514736663441,-0.005317001412779,0.0032611136711763,0.004347721218755,Bull,False,True,False,27.68496356,-0.2837451098742857,-1.98621576912,7.0,2.0,4.0,1.0,0.9982437614285714
2015-01-23,34026.59,34149.1,34194.93,33978.3,-0.35,72.60107641604537,33708.512618986766,33080.51524340747,627.9973755792962,577.3482412332573,50.64913434603886,-0.0035253493941045,0.0030957836980531,0.0045453901828126,Bull,False,True,False,27.68496356,0.1664193913016667,0.9985163478100002,6.0,3.0,2.0,1.0,0.9994772333333333
2015-01-26,34466.53,34058.45,34589.28,34058.45,1.29,77.1849531745019,33825.13067760419,33183.18300315506,641.9476744491258,590.2681278764311,51.67954657269468,0.0129293002913311,0.0038770750387452,0.0048313108937233,Bull,False,True,False,27.68496356,-0.43429478204283334,-8.516471075304999,19.0,3.0,12.0,4.0,0.9536669467222222
2015-01-27,34538.45,34530.36,34626.87,34383.74,0.21,77.83771519041144,33934.87211181893,33283.573151069504,651.2989607494237,602.4742944510297,48.82466629839405,0.0020866620457584,0.0039075052603252,0.0048173016480547,Bull,False,True,False,27.68496356,-0.009816862125714278,-0.06871803487999995,7.0,3.0,4.0,0.0,0.9329695771428571
2015-01-28,34386.86,34535.31,34621.54,34353.78,-0.44,73.09089944368554,34004.40871000063,33365.298102842135,639.1106071584945,609.8015569925226,29.30905016597194,-0.0043890215108088,0.003410498080522,0.0051407150109898,Bull,False,True,False,27.68496356,0.16663816970333328,0.9998290182199997,6.0,3.0,2.0,1.0,0.9995511883333333
2015-01-29,34408.73,34398.41,34502.19,34368.25,0.06,73.3434677545395,34066.61198538515,33442.58935448346,624.0226309016871,612.6457717743556,11.3768591273315,0.0006359987506856,0.0028626136730816,0.0047949632920283,Bull,False,True,False,27.68496356,-0.24976361734666666,-2.99716340816,12.0,4.0,7.0,1.0,0.9993819374999999
2015-01-30,34443.87,34446.56,34620.53,34348.47,0.1,73.76948207824636,34124.65167994128,33516.75829118839,607.893388752891,611.6952951700628,-3.801906417171722,0.0010212524554087,0.0025632403468245,0.004708613163856,Bull,False,True,False,27.68496356,-0.5993224213199999,-2.9966121065999998,5.0,1.0,4.0,0.0,0.99934903
2015-02-02,34676.31,34476.0,34733.27,34476.0,0.67,76.45047958620071,34209.522190719545,33602.651010359616,606.871180359929,610.7304722080361,-3.859291848107091,0.0067483706099225,0.002860666955139,0.0047787148564737,Bull,False,True,False,46.22496014,-0.08494307930925922,-2.8352310656299995,29.0,12.0,15.0,2.0,0.995092541978022
2015-02-03,34826.51,34709.75,34844.8,34633.88,0.43,78.01425533466306,34304.44339214731,33693.30723181446,611.1361603328478,610.8116098329984,0.3245504998493516,0.0043314874045135,0.0032131784566547,0.0046022558099181,Bull,False,True,False,46.22496014,0.20000985398909998,2.000098539891,10.0,5.0,3.0,2.0,0.999422833
2015-02-04,34672.25,34940.58,35055.94,34595.3,-0.44,72.67654780109359,34361.02902412465,33765.82151093932,595.2075131853271,607.6907905034642,-12.483277318137084,-0.0044293843971159,0.002735791727915,0.0048809810174977,Bull,False,True,False,46.22496014,0.37472509871575,2.997800789726,8.0,5.0,2.0,1.0,0.99955812375
2015-02-06,34656.94,34718.11,34844.2,34619.57,-0.04,72.14893264279289,34406.553789643935,33831.83028790678,574.7235017371568,601.0973327502027,-26.3738310130459,-0.0004415634981864,0.002285021698897,0.0047273252616739,Bull,False,True,False,46.22496014,-0.01819374159089092,-1.271615504968,16.0,6.0,7.0,3.0,0.9857687180909092
2015-02-09,34570.3,34697.71,34787.29,34556.08,-0.25,69.09204849386971,34431.7455143141,33886.53174806183,545.2137662522655,589.9206194506153,-44.70685319834979,-0.0024999321925132,0.0018469727939118,0.0047453786762456,Bull,False,True,False,46.22496014,0.3520748612159365,3.911020904149,33.0,14.0,10.0,9.0,0.9978644670039682
2015-02-10,34432.89,34621.3,34731.94,34181.02,-0.4,64.42954957673379,34431.921589035,33927.00272968688,504.9188593481231,572.9202674301168,-68.00140808199376,-0.0039747991773285,0.0015081270520284,0.0049125947645465,Bull,False,True,False,46.22496014,-0.38332284516346155,-4.983196987125,13.0,3.0,8.0,2.0,0.9978964938461539
2015-02-11,34203.99,34435.51,34564.56,34160.47,-0.66,57.4719598119968,34396.85519072192,33947.52030526563,449.3348854562937,548.2031910353522,-98.86830557905851,-0.0066477138573033,0.001245927664829,0.0052072926635895,Bull,False,True,False,46.22496014,-0.33554986975769996,-3.3554986975769996,10.0,2.0,5.0,3.0,0.9766848789999999
2015-02-12,33786.42,34191.23,34237.14,33493.52,-1.22,47.41326242717325,34302.94208445701,33935.58694932003,367.3551351369824,512.0335798556783,-144.6784447186959,-0.0122082248299102,0.0003141923150956,0.0058580376631163,Bull,False,True,False,46.22496014,-0.21114623486844447,-1.9003161138160003,9.0,3.0,5.0,1.0,0.992152908888889
2015-02-13,33943.2,33825.45,34123.78,33784.58,0.46,50.88872786103959,34247.5971483867,33936.15087900003,311.4462693866735,471.9161177618774,-160.46984837520387,0.0046403259060887,0.0002784462409427,0.0058277608769463,Bull,False,True,False,46.22496014,0.49969348018000004,1.9987739207200002,4.0,3.0,1.0,0.0,0.99942541
2015-02-16,33796.44,33943.2,34031.8,33633.32,-0.43,47.71003747052157,34178.18835632721,33925.80192500003,252.38643132718423,428.0101804749388,-175.62374914775455,-0.0043236937000634,3.141656306076546e-05,0.0059166927456822,Bull,False,True,False,46.22496014,-0.2482362762702639,2.0116591203420007,23.0,11.0,9.0,3.0,0.9986498749999999
2015-02-17,33801.1,33827.23,34036.31,33721.84,0.01,47.8214877658296,34120.1747630461,33916.5647453704,203.6100176757027,383.1301479150916,-179.5201302393889,0.0001378843452148,-0.0002988363118255,0.0057028304720602,Bear,True,False,False,46.22496014,9.501194340000296e-05,0.0004750597170000148,5.0,2.0,2.0,1.0,0.99940919
2015-02-18,33718.86,33815.9,33912.83,33589.41,-0.24,45.95973388972547,34058.43403026978,33901.91994941704,156.51408085274306,337.8069345026219,-181.29285364987885,-0.0024330569123489,-0.0005778349294809,0.005661728024879,Bear,True,False,False,46.22496014,0.06740822175124997,0.5392657740099998,8.0,4.0,3.0,1.0,0.939591865
2015-02-19,33942.27,33749.34,33988.16,33641.99,0.66,51.48529936666224,34040.56264099751,33904.90884205281,135.65379894469515,297.37630739103656,-161.7225084463414,0.0066256688393377,-0.00055163951171,0.0056953714725145,Bear,True,False,False,46.22496014,0.00011456238425000069,0.0013747486110000083,12.0,5.0,5.0,2.0,0.9994431975000001
2015-02-20,33993.0,34028.78,34143.75,33912.96,0.15,52.66876067540871,34033.245311613275,33911.43411301186,121.81119860141187,262.26328563311165,-140.45208703169976,0.0014945965605719,-0.0002110596130425,0.0055982440040866,Bear,True,False,False,46.22496014,-0.09073236428727273,-0.9980560071600001,11.0,4.0,5.0,2.0,0.9994524890909091
2015-02-23,33926.7,34020.1,34063.24,33899.26,-0.2,50.92049794441037,34016.85372521123,33912.56491945543,104.28880575580116,230.6683896576496,-126.37958390184843,-0.001950401553261,-0.0001323122210003,0.0055601171572928,Bear,True,False,False,46.22496014,0.25224681769504376,7.9112918653660005,25.0,14.0,6.0,5.0,0.9976720416363637
2015-02-24,33895.46,33927.61,34024.05,33870.01,-0.09,50.07701899489408,33998.17776748643,33911.29788838466,86.87987910176889,201.91068754647344,-115.03080844470456,-0.0009208086846053,-0.0008248176697971,0.004632879532964,Bear,True,False,False,46.22496014,0.08319485537133334,0.998338264456,12.0,6.0,5.0,1.0,0.9992604116666667
2015-02-25,33845.3,33900.65,34017.97,33825.2,-0.15,48.68262101583616,33974.658110950055,33906.40915591172,68.2489550383325,175.17834104484527,-106.92938600651276,-0.0014798442033239,-0.0010031429822512,0.0045832890388343,Bear,True,False,False,46.22496014,0.05224508955733334,0.6269410746880001,12.0,5.0,4.0,3.0,0.9837401691666666
2015-02-26,33762.8,33845.05,33996.73,33701.79,-0.24,46.39441519807971,33942.06455541928,33895.771440659,46.29311476027942,149.4012957879321,-103.10818102765268,-0.0024375614930285,-0.0009055699813622,0.0045278506757757,Bear,True,False,False,46.22496014,0.24999434546375,1.99995476371,8.0,5.0,3.0,0.0,0.999444435
2015-02-27,33632.19,33802.83,33893.82,33580.07,-0.39,42.95237835837611,33894.39154689324,33876.246889499074,18.144657394164824,123.14996810917866,-105.00531071501383,-0.0038684587771156,-0.0011307928577523,0.0045590567588605,Bear,True,False,False,46.22496014,0.27238878417636364,2.9962766259399998,11.0,7.0,4.0,0.0,0.9992903945454544
2015-03-02,33213.58,33680.27,33717.15,33125.03,-1.24,34.195703811602485,33789.65130890966,33827.160453239885,-37.50914433022263,91.01814562129842,-128.52728995152103,-0.0124467065629684,-0.0018041908086711,0.0051771983890277,Bear,True,False,False,43.63186592,0.2276992561411597,4.642871800092999,34.0,14.0,9.0,11.0,0.9930434170833333
2015-03-03,33188.77,33213.58,33292.9,32811.75,-0.07,33.75645492208919,33697.20803061587,33779.87227151841,-82.6642409025444,56.28166831652986,-138.94590921907428,-0.0007469836133293,-0.0021789585198337,0.0047816900971372,Bear,True,False,False,43.63186592,0.0014206081883333204,0.008523649129999922,6.0,3.0,3.0,0.0,0.9987871083333334
2015-03-04,33242.94,33271.44,33464.7,33161.69,0.16,35.698576734595974,33627.320641290346,33740.0995106652,-112.77886937485164,22.46956077825357,-135.2484301531052,0.0016321785953503,-0.0023139239602919,0.0046237441543377,Bear,True,False,False,43.63186592,0.46116376154846156,5.99512890013,13.0,9.0,3.0,1.0,0.9993988953846155
2015-03-05,33368.83,33256.55,33406.29,33246.12,0.38,40.0941848199005,33587.5528503226,33712.59806543074,-125.04521510814084,-7.033394399025315,-118.01182070911553,0.0037869695039005,-0.0019031062652411,0.0047879865822317,Bear,True,False,False,43.63186592,-0.3329230943941667,-3.99507713273,12.0,4.0,8.0,0.0,0.9988123058333334
2015-03-06,33263.66,33382.69,33474.06,33239.43,-0.32,37.77120951176017,33537.7231810422,33679.34339391736,-141.6202128751538,-33.950758094251015,-107.6694547809028,-0.0031517437081252,-0.002038615275738,0.0047827938822755,Bear,True,False,False,43.63186592,0.30770876602636366,3.3847964262900003,11.0,7.0,3.0,1.0,0.9715370881818182
2015-03-09,32860.57,33273.62,33305.26,32832.55,-1.21,30.48171467487409,33433.54576857417,33618.69351288644,-185.14774431227124,-64.19015533785506,-120.95758897441618,-0.0121180291044341,-0.002519520121334,0.0052884362901691,Bear,True,False,False,43.63186592,0.01888398828657407,0.8853788706899999,18.0,8.0,7.0,3.0,0.9954822852314814
2015-03-10,32566.59,32899.31,32899.31,32531.13,-0.89,26.46951154365153,33300.1679580243,33540.759919339296,-240.5919613149963,-99.47051653328332,-141.12144478171297,-0.0089462842549596,-0.0027680943752156,0.0054740213564808,Bear,True,False,False,43.63186592,-0.097473894057,-0.97473894057,10.0,4.0,5.0,1.0,0.998300188
2015-03-11,32539.61,32437.92,32604.1,32198.87,-0.08,26.12958515772952,33183.159041405175,33466.6006660549,-283.4416246497276,-136.26473815657218,-147.17688649315542,-0.0008284564027121,-0.002477131502486,0.0054112497179263,Bear,True,False,False,43.63186592,-0.199353430748,-0.9967671537399999,5.0,2.0,3.0,0.0,0.999274754
2015-03-12,32582.68,32545.02,32715.79,32443.72,0.13,27.72525532565325,33090.77765041976,33401.12506116195,-310.3474107421862,-171.081272673695,-139.2661380684912,0.001323617584845,-0.0018005393817483,0.0049574336792884,Bear,True,False,False,43.63186592,0.002133744464909084,0.023471189113999924,11.0,4.0,4.0,3.0,0.9984700945454545
2015-03-13,32929.09,32622.08,32960.35,32622.08,1.06,39.11652762709876,33065.90262727826,33366.15950107588,-300.256873797618,-196.9163928984796,-103.3404808991384,0.0106317221296712,-0.0015009695705692,0.0055166177863041,Bear,True,False,False,43.63186592,0.3327284895,3.992741874,12.0,8.0,4.0,0.0,0.9989871566666667
2015-03-16,32454.91,32931.51,32961.84,32396.41,-1.44,31.74167972568836,32971.903761543144,33298.659538033215,-326.7557764900703,-222.88426961679772,-103.8715068732725,-0.0144000335265869,-0.0020047865618953,0.0062051329025099,Bear,True,False,False,43.63186592,0.018063714823672822,1.0008871117270006,30.0,10.0,9.0,11.0,0.9989979926695526
2015-03-17,32342.26,32471.39,32519.82,32104.5,-0.35,30.28106214420601,32875.03549053651,33227.815127808535,-352.77963727202587,-248.8633431478434,-103.91629412418246,-0.0034709694157217,-0.0021852292499422,0.0061920036494009,Bear,True,False,False,43.63186592,-0.199629443176,-1.9962944317600002,10.0,4.0,6.0,0.0,0.999260557
2015-03-18,31524.98,32349.63,32416.99,31338.29,-2.53,22.27324060815293,32667.334645838582,33101.67919241531,-434.34454657672177,-285.9595838336191,-148.38496274310268,-0.025269724502864,-0.0033270626294679,0.0080630218570877,Bear,True,False,False,43.63186592,-0.4610860293107692,-5.99411838104,13.0,3.0,9.0,1.0,0.9993854061538462
2015-03-19,31451.62,31514.89,31607.79,31395.07,-0.23,21.71805606554504,32480.30162340188,32979.45258556973,-499.1509621678488,-328.59785950046506,-170.5531026673837,-0.002327043506451,-0.0037746982467574,0.0077227269847153,Bear,True,False,False,43.63186592,0.197203718906,0.98601859453,5.0,3.0,2.0,0.0,0.9980556939999999
2015-03-20,31800.26,31478.67,31925.05,31478.67,1.11,30.574792440521364,32375.679835186205,32892.10498663864,-516.425151452433,-366.1633178908587,-150.26183356157435,0.0110849616013419,-0.0032951799947189,0.0083401848947145,Bear,True,False,False,43.63186592,0.33143058377888895,2.9828752540100005,9.0,6.0,3.0,0.0,0.9985096544444444
2015-03-24,31310.73,31944.02,32070.98,31259.41,-1.54,26.10820436548461,32211.84139900371,32774.96609873948,-563.1246997357703,-405.555594259841,-157.56910547592923,-0.0153938992951629,-0.003967354881814,0.0087574004661319,Bear,True,False,False,43.63186592,-0.22257449258170534,-3.9826663449829995,20.0,7.0,11.0,2.0,0.9992608404464286
2015-03-25,31086.51,31330.82,31405.77,31044.08,-0.72,24.35331331017821,32038.71349146468,32649.89527661063,-611.1817851459491,-446.6808324370627,-164.50095270888642,-0.0071611233593085,-0.0042793706155491,0.0087543097132486,Bear,True,False,False,43.63186592,0.21134421057961536,2.7474747375349997,13.0,7.0,4.0,2.0,0.9546852553846155
2015-03-26,30678.97,31187.39,31358.58,30172.93,-1.31,21.5217209659124,31829.5221850855,32503.90081167651,-674.3786265910094,-492.2203912678521,-182.15823532315733,-0.0131098666270352,-0.0048608717367347,0.0089427956100852,Bear,True,False,False,43.63186592,0.19992845702829998,1.9992845702829998,10.0,5.0,3.0,2.0,0.9994577400000001
2015-03-27,29957.83,30734.05,30828.2,29847.26,-2.35,17.618113759504666,31541.569541226192,32315.30297377455,-773.7334325483571,-548.5229995239531,-225.210433024404,-0.0235060042758932,-0.0059142938758779,0.0098383589879833,Bear,True,False,False,43.63186592,-0.49943832241350006,-0.9988766448270001,2.0,0.0,1.0,1.0,0.99950475
2015-03-30,28927.04,29879.63,29879.63,28648.23,-3.44,13.772697086301662,31139.3342271914,32064.32053127273,-924.986304081336,-623.8156604354298,-301.17064364590635,-0.0344080328915679,-0.0074412725816005,0.0116982843691321,Bear,True,False,False,43.63186592,-0.03503814540954816,-1.0879741400250003,23.0,8.0,9.0,6.0,0.9871398188148147
2015-03-31,30233.87,28921.76,30246.77,28921.76,4.52,33.56915019869709,31000.03203839272,31928.731603030305,-928.6995646375872,-684.7924412758613,-243.9071233617259,0.0451767619500647,-0.0045600991559489,0.0165079363192703,Bear,True,False,False,43.63186592,0.99904550614,0.99904550614,1.0,1.0,0.0,0.0,0.99947745
2015-04-01,30605.05,30269.74,30951.34,30025.84,1.23,37.92815542775615,30939.26557094769,31830.681113916948,-891.4155429692619,-726.1170616145414,-165.29848135472048,0.0122769595820846,-0.0039089019961782,0.0169180576384328,Bear,True,False,False,33.59374964,0.05152604669008334,0.618312560281,12.0,4.0,4.0,4.0,0.9737991716666666
2015-04-02,31132.25,30680.29,31169.72,30680.29,1.72,43.58989640584756,30968.95548310958,31778.945475849025,-809.9899927394436,-742.8916478395219,-67.0983448999217,0.0172259153309666,-0.0031292151593974,0.0175349448229743,Bear,True,False,False,33.59374964,0.343643005003875,2.749144040031,8.0,5.0,2.0,1.0,0.9834386399999999
2015-04-03,31413.96,31153.56,31460.55,31115.49,0.9,46.40313322476885,31037.41771647733,31751.909514675022,-714.4917981976869,-737.2116779111549,22.719879713468004,0.009048815938456,-0.0028661228376696,0.0176830248494197,Bear,True,False,False,33.59374964,0.26812719551090913,2.9493991506200006,11.0,7.0,4.0,0.0,0.9971002290909091
2015-04-06,31752.17,31442.78,31787.94,31341.88,1.08,49.64967178498014,31147.37960625005,31751.92880988428,-604.5492036342293,-710.6791830557698,106.1299794215405,0.0107662325921342,-0.0021702240226566,0.0179431441543719,Bear,True,False,False,33.59374964,0.06688078140879365,4.990688172402,23.0,12.0,7.0,4.0,0.9993279790109889
2015-04-07,31600.73,31758.79,31848.34,31516.99,-0.48,48.24060130681926,31217.12582067312,31740.728898041,-523.6030773678795,-673.2639619181917,149.6608845503123,-0.0047694378053531,-0.0018027944577026,0.0178034133589837,Bear,True,False,False,33.59374964,0.00010101438159995542,0.0010101438159995542,10.0,4.0,4.0,2.0,0.999496905
2015-04-08,31887.3,31676.27,32073.93,31676.27,0.91,51.0704447432294,31320.22954056957,31751.58601670463,-431.3564761350645,-624.8824647615663,193.52598862650188,0.0090684613931386,-0.0009020571752976,0.0178785334698797,Bear,True,False,False,33.59374964,-0.2495997534357273,-2.745597287793,11.0,3.0,6.0,2.0,0.9880196981818181
2015-04-09,32013.91,31902.46,32043.6,31710.15,0.4,52.31099236319842,31426.94961125117,31771.01742287466,-344.0678116234885,-568.7195341339508,224.65172251046224,0.0039705462676362,-0.0006621070417802,0.0179117464362671,Bear,True,False,False,33.59374964,0.0846797228732,1.270195843098,15.0,8.0,6.0,1.0,0.975077048
2015-04-10,32350.93,32032.02,32544.43,32032.02,1.05,55.54218350348614,31569.10044028945,31813.97391006913,-244.873469779679,-503.9503212630965,259.0768514834175,0.0105272989147529,-0.0002019229752848,0.0180828602526371,Bear,True,False,False,33.59374964,-0.13148134351592858,-1.8407388092230001,14.0,4.0,6.0,4.0,0.9937401685714286
2015-04-13,32248.45,32354.27,32396.32,32180.47,-0.32,54.33657921631997,31673.615757168,31846.157324138083,-172.54156697008875,-437.668570404495,265.1270034344062,-0.0031677605558788,-0.0008918971095623,0.0179101763245993,Bear,True,False,False,33.59374964,0.07541797913984262,1.3824790954530006,30.0,13.0,12.0,5.0,0.9927983729629629
2015-04-14,32109.87,32253.09,32286.65,32050.44,-0.43,52.67161615543207,31740.731794526764,31865.69159642416,-124.9598018973884,-375.1268167030737,250.1670148056853,-0.004297260798581,-0.000386758473162,0.0176497164956214,Bear,True,False,False,33.59374964,-0.11091748294033331,-0.9982573464629998,9.0,3.0,4.0,2.0,0.9994234499999999
2015-04-15,32248.86,32257.04,32430.5,32117.63,0.43,54.18783133805536,31818.90536459957,31894.074441133474,-75.16907653390444,-315.13526866923985,239.9661921353354,0.0043285756061921,3.2187779336112498e-06,0.0176641440693535,Bear,True,False,False,33.59374964,-0.592434987159,-5.9243498715900005,10.0,2.0,8.0,0.0,0.9950274610000001
2015-04-16,32736.43,32264.6,32760.56,32264.6,1.51,59.13370010367519,31960.06300081502,31956.471149197663,3.5918516173551325,-251.3898446119209,254.981696229276,0.0151189840509091,0.0020226542056222,0.0169156110351166,Bull,False,True,False,33.59374964,0.3997213284951,3.997213284951,10.0,6.0,2.0,2.0,0.9994806799999999
2015-04-17,33234.73,32762.35,33326.61,32707.34,1.52,63.47384554792552,32156.16561607425,32051.156989997835,105.00862607641102,-180.1101504742545,285.1187765506656,0.0152215742522934,0.0029000850935594,0.0171318631396614,Bull,False,True,False,33.59374964,0.7262772691583637,7.989049960742,11.0,9.0,1.0,1.0,0.9993302936363636
2015-04-20,33304.64,33264.54,33649.52,33229.93,0.21,64.05069510247299,32332.853982832057,32144.00758333133,188.846399500726,-106.31884047925844,295.1652399799844,0.0021035224296992,0.0024510131349773,0.0170233940493599,Bull,False,True,False,33.59374964,-0.25436963629130954,-4.631530289900001,21.0,7.0,13.0,1.0,0.9709409393452381
2015-04-21,33035.77,33299.7,33365.32,32826.45,-0.81,60.118334984557926,32440.9949085502,32210.06405864012,230.93084991008072,-38.868902401390606,269.7997523114713,-0.0080730492808209,0.0028170556356944,0.0166950326713973,Bull,False,True,False,33.59374964,-0.332685386875,-1.99611232125,6.0,2.0,4.0,0.0,0.9990241716666667
2015-04-22,33490.64,33070.13,33615.19,33061.24,1.38,64.13054655335839,32602.47876877325,32304.92153577789,297.55723299535384,28.416324677958286,269.14090831739554,0.0137690146165807,0.0038635625344889,0.0166926331336527,Bull,False,True,False,33.59374964,-0.39927978823480004,-1.9963989411740002,5.0,1.0,3.0,1.0,0.9992239640000001
2015-04-23,33456.74,33529.26,33711.84,33399.02,-0.1,63.61688151469271,32733.90357357736,32390.241422016567,343.6621515607949,91.46549005452562,252.1966615062693,-0.0010122231166678,0.0044684447100072,0.0162587536860499,Bull,False,True,False,33.59374964,0.49949909397750003,3.9959927518200002,8.0,6.0,2.0,0.0,0.99941447875
2015-04-24,33775.12,33459.01,33803.88,33459.01,0.95,66.34344428153358,32894.09071610392,32492.82502038571,401.2656957182117,153.42553118726283,247.8401645309488,0.0095161692382463,0.0061195533857142,0.0148872621050727,Bull,False,True,False,33.59374964,-0.02437490793735714,-0.341248711123,14.0,5.0,5.0,4.0,0.9872380907142857
2015-04-27,33844.29,33814.6,33970.73,33804.46,0.2,66.92339775057185,33040.275221318705,32592.93353739417,447.3416839245328,212.2087617347169,235.132922189816,0.0020479571945266,0.007942352890019,0.0115134282519455,Bull,False,True,False,33.59374964,0.0888765198174704,3.0031698972160004,22.0,8.0,5.0,9.0,0.999117277148148
2015-04-28,33575.94,33848.17,33968.22,33544.92,-0.79,62.42893375713557,33122.68518726967,32665.74883092053,456.9363563491424,261.154280657602,195.78207569154048,-0.0079289593606484,0.0052870668244833,0.0080886796295877,Bull,False,True,False,33.59374964,0.002354499791500005,0.01412699874900003,6.0,2.0,2.0,2.0,0.99828495
2015-04-29,33460.01,33572.99,33681.05,33435.21,-0.35,60.53744852193652,33174.581312305105,32724.58299159308,449.998320712024,298.9230886684864,151.0752320435376,-0.0034527700490292,0.0045005803429276,0.0081378354582048,Bull,False,True,False,33.59374964,-0.01973175510083333,-0.23678106120999998,12.0,5.0,5.0,2.0,0.9797974166666666
2015-04-30,33729.96,33475.95,33760.41,33475.95,0.81,63.32402451410841,33260.02418733509,32799.05536258619,460.968824748903,331.33223588456974,129.63658886433325,0.0080678397884519,0.0040426765658019,0.0076256513956902,Bull,False,True,False,33.59374964,-0.361719505108,-3.9789145561879997,11.0,2.0,6.0,3.0,0.9987453445454545
2015-05-04,33723.53,33823.49,34020.3,33627.57,-0.02,63.209531069228085,33331.33277389892,32867.53496535758,463.79780854133423,357.8253504159227,105.97245812541156,-0.0001906317113924,0.0035807041833094,0.0075861776065034,Bull,False,True,False,42.317006,-0.2702856624754531,-4.9865571732089995,28.0,8.0,13.0,7.0,0.9992070839583334
2015-05-05,33533.64,33731.91,33768.44,33384.83,-0.56,59.77245598101528,33362.45696252985,32916.8760790348,445.5808834950512,375.3764570317484,70.20442646330287,-0.0056307865754267,0.0027608532249314,0.0076544735955554,Bull,False,True,False,42.317006,0.45419198813636363,4.9961118695,11.0,7.0,2.0,2.0,0.999477490909091
2015-05-06,33839.28,33638.17,33925.9,33638.17,0.91,63.23746728315636,33435.814352909874,32985.2022954026,450.6120575072782,390.4235771268544,60.18848038042387,0.0091144295698288,0.0034550465936905,0.0075646439203119,Bull,False,True,False,42.317006,0.18859445763222224,1.6973501186900002,9.0,5.0,3.0,1.0,0.965317388888889
2015-05-07,33742.88,33839.55,33885.57,33619.82,-0.28,61.4399080099434,33483.05522169297,33041.32656981722,441.7286518757537,400.6845920766343,41.04405979911945,-0.0028487603755162,0.0028591855052577,0.0075685619264001,Bull,False,True,False,42.317006,0.00010574186399999047,0.001163160503999895,11.0,4.0,4.0,3.0,0.9995219227272727
2015-05-08,33530.3,33700.16,33700.16,33503.32,-0.63,57.55465538805151,33490.323649124824,33077.54682390483,412.7768252199967,403.1030387053068,9.67378651468988,-0.0062999957324328,0.0023456584052543,0.0078329961317267,Bull,False,True,False,42.317006,0.004647710649300002,0.04647710649300002,10.0,4.0,4.0,2.0,0.996639643
2015-05-11,32506.36,33528.38,33541.59,32416.79,-3.05,43.33856879515639,33338.94462618254,33035.23668880077,303.707937381776,383.2240184406007,-79.51608105882468,-0.0305377524209446,0.0002924058384694,0.0105026895895415,Bear,True,False,False,42.317006,0.3328581196312963,6.9907647140749996,13.0,8.0,1.0,4.0,0.9995929388888888
2015-05-12,33023.8,32489.87,33087.48,32354.01,1.59,50.05259053673991,33290.460837539074,33034.38952666738,256.07131087169546,357.7934769268196,-101.72216605512416,0.015918115716432,0.001246699652085,0.0110258065887802,Bull,False,True,False,42.317006,0.42820390867171426,2.997427360702,7.0,4.0,1.0,2.0,0.9995968957142857
2015-05-13,32915.44,33091.18,33230.46,32891.13,-0.33,48.74983760855344,33232.76532407152,33025.57845061794,207.186873453582,327.6721562321721,-120.48528277859016,-0.0032812698720317,0.0012974991984124,0.0110012324821148,Bull,False,True,False,42.317006,0.6661073629433333,3.99664417766,6.0,5.0,1.0,0.0,0.9994851233333333
2015-05-14,33103.73,32948.58,33226.02,32948.58,0.57,51.1300741627818,33212.91373575283,33031.36745427587,181.5462814769635,298.4469812811304,-116.90069980416688,0.0057204157076435,0.001367091203485,0.0110257906070498,Bull,False,True,False,42.317006,-0.44304892889333336,-3.9874403600400004,9.0,2.0,6.0,1.0,0.9983902433333333
2015-05-15,33039.19,33104.49,33133.9,32953.76,-0.19,50.268276603369166,33186.187007175475,33031.94690210729,154.2401050681874,269.6056060385418,-115.3655009703544,-0.0019496292411761,0.0005136605388807,0.0105558971079899,Bear,True,False,False,42.317006,0.16658247583833333,0.9994948550299999,6.0,3.0,2.0,1.0,0.9992672366666667
2015-05-18,32886.06,33054.61,33098.66,32843.66,-0.46,48.19275803375282,33140.01362145617,33021.140464914155,118.87315654201666,239.4591161392368,-120.58595959722012,-0.004634798855541,-0.0004791581165109,0.0100199339267174,Bear,True,False,False,42.317006,-0.12840932985336326,-4.962116324487,23.0,6.0,11.0,6.0,0.9978977042307692
2015-05-19,32729.55,32892.17,33049.83,32673.64,-0.48,46.097781583749295,33076.865372001375,32999.54117121681,77.32420078456198,207.03213306830185,-129.70793228373986,-0.0047591593520172,-0.0008222922055967,0.0100443118066898,Bear,True,False,False,42.317006,0.09095860752054546,1.000544682726,11.0,5.0,4.0,2.0,0.9994425054545455
2015-05-20,32599.0,32729.55,32729.55,32569.38,-0.4,44.36533214235834,33003.3476224627,32969.87145483038,33.47616763231781,172.32093998110506,-138.84477234878725,-0.0039887502272411,-0.0006180772529177,0.009930004232339,Bear,True,False,False,42.317006,-0.7458392164018571,-5.220874514813,7.0,0.0,6.0,1.0,0.9441013142857143
2015-05-21,32617.74,32611.65,32688.82,32556.73,0.06,44.68668901536735,32944.02337285306,32943.787643361466,0.2357294915927923,137.9038978832026,-137.6681683916098,0.0005748642596399,-0.0012777847707648,0.0093449257659186,Bear,True,False,False,42.317006,0.076616900608,0.9960197079040001,13.0,5.0,4.0,4.0,0.9993548846153846
2015-05-22,32605.62,32637.72,32750.02,32529.05,-0.04,44.50763078563101,32891.96131549105,32918.738188297655,-26.77687280660757,104.96774374524058,-131.74461655184814,-0.0003715769394201,-0.0012457524619024,0.0093469817309774,Bear,True,False,False,42.317006,0.5642759468644286,7.899863256102,14.0,10.0,3.0,1.0,0.9623350364285714
2015-05-25,32707.22,32657.32,32871.86,32477.98,0.31,46.44491178715057,32863.53957464627,32903.07017434968,-39.530599703415646,76.06807505550934,-115.598674758925,0.0031160272370223,-0.0015657595619636,0.0090644283202478,Bear,True,False,False,42.317006,-0.31048033848081746,-3.9683059288109996,22.0,5.0,9.0,8.0,0.9984297095714286
2015-05-26,32510.35,32739.8,32771.28,32419.14,-0.6,43.29114928915455,32809.20271700838,32873.97979106452,-64.7770740561391,47.899045233179656,-112.67611928931876,-0.0060191602954944,-0.0019691154364646,0.0090746415465026,Bear,True,False,False,42.317006,0.315063516954375,2.520508135635,8.0,4.0,2.0,2.0,0.96625764875
2015-05-27,32842.59,32680.18,32922.56,32649.06,1.02,49.520757467999125,32814.33922208402,32871.65462135604,-57.31539927201811,26.856156332140102,-84.17155560415821,0.0102195147083927,-0.0010616917330126,0.0093505076541287,Bear,True,False,False,42.317006,-0.35882824550672726,-3.947110700574,11.0,0.0,4.0,7.0,0.994811300909091
2015-05-28,32763.48,32850.07,32850.07,32671.91,-0.24,48.16401712804161,32806.51472637878,32863.64168644077,-57.12696006199258,10.059533053313569,-67.18649311530615,-0.0024087625245146,-0.0010094913567868,0.0093393641196449,Bear,True,False,False,42.317006,-0.33291503702175,-3.994980444261,12.0,2.0,6.0,4.0,0.9994426425
2015-05-29,33056.79,32763.48,33130.92,32763.48,0.9,53.27536612227769,32845.0186146282,32877.94896892664,-32.93035429844167,1.4615555829625198,-34.39190988140419,0.0089523457215168,-0.0009652660601336,0.0093865857834856,Bear,True,False,False,42.317006,0.12533022172087496,1.0026417737669997,8.0,4.0,3.0,1.0,0.9984814475
2015-06-01,33563.38,33109.46,33583.33,33108.35,1.53,60.516890141375775,32955.53575083925,32928.72163789504,26.81411294420832,6.53206705521168,20.28204588899664,0.0153248394656588,-0.000189492501281,0.0100702345347665,Bear,True,False,False,45.34824456,-0.129306636692,-0.6214284060559998,18.0,6.0,8.0,4.0,0.9090233956923077
2015-06-02,33895.34,33620.72,34016.12,33620.72,0.99,64.4094281440166,33100.1210199409,33000.322998050964,99.79802188993926,25.1852580221572,74.61276386778206,0.0098905414174614,0.0005865738983633,0.0102257072064978,Bear,True,False,False,45.34824456,-6.056550499996538e-05,-0.0006056550499996538,10.0,5.0,5.0,0.0,0.999296639
2015-06-03,33908.62,33946.27,34119.13,33859.16,0.04,64.55995458081394,33224.505478411535,33067.60425745459,156.90122095694096,51.52845060911395,105.372770347827,0.0003917942702449,0.0001504421333841,0.0100269270834748,Bear,True,False,False,45.34824456,0.36303503308636365,3.9933853639500003,11.0,7.0,3.0,1.0,0.9992617045454545
2015-06-04,34085.74,33931.66,34156.13,33926.54,0.52,66.58957149168535,33357.00309711746,33143.02171986536,213.9813772520938,84.01903593770993,129.96234131438388,0.00522345055623,0.0005540526799714,0.0100622489829734,Bear,True,False,False,45.34824456,0.0907579707890909,0.9983376786799999,11.0,4.0,3.0,4.0,0.999524499090909
2015-06-05,34012.49,34091.5,34148.43,33970.98,-0.21,64.93337266459969,33457.84723602246,33207.42677765311,250.42045836935,117.29932042403794,133.121137945312,-0.0021489925112377,0.0007616028410312,0.0099556785425009,Bull,False,True,False,45.34824456,-0.08233092409424998,-0.9879710891309998,12.0,4.0,5.0,3.0,0.9989838858333333
2015-06-08,34151.11,33928.37,34235.94,33137.3,0.41,66.62509557967297,33564.50304586516,33277.3292385677,287.1738072974622,151.27421779872282,135.89958949873937,0.0040755616539689,0.0024922685447768,0.0067067278759023,Bull,False,True,False,45.34824456,-0.08124885698663435,-1.9981341835460005,30.0,9.0,11.0,10.0,0.999447922979798
2015-06-09,34270.28,34240.98,34497.56,34224.45,0.35,68.05203067976088,33673.08411573206,33350.88114682194,322.2029689101182,185.45996802100188,136.74300088911633,0.0034894912639735,0.0018708373221539,0.0059278172196976,Bull,False,True,False,45.34824456,-0.0703859465426923,-0.9150173050549999,13.0,5.0,6.0,2.0,0.9343972469230769
2015-06-10,34323.84,34346.7,34531.6,34196.24,0.16,68.6997550522491,33773.200405619435,33422.95217298328,350.2482326361569,218.41762094403288,131.83061169212402,0.0015628702187433,0.0021130443266927,0.0058038946694539,Bull,False,True,False,45.34824456,0.008202913790916644,0.09843496549099973,12.0,4.0,4.0,4.0,0.9362994433333333
2015-06-11,34594.7,34328.6,34744.17,34328.6,0.79,71.8121707783959,33899.58495860106,33509.74830831785,389.8366502832069,252.7014268118677,137.13522347133917,0.0078913081986164,0.0022215889512413,0.0058945034152313,Bull,False,True,False,45.34824456,-0.27013344091499997,-2.1610675273199997,8.0,3.0,5.0,0.0,0.98906398625
2015-06-12,34651.29,34600.02,34727.37,34576.41,0.16,72.42902354281543,34015.23188804705,33594.30695214616,420.92493590089,286.34612862967214,134.57880727121784,0.0016357997034228,0.0024008603984713,0.0058149515205001,Bull,False,True,False,45.34824456,0.02032085334536362,0.2235293867989998,11.0,4.0,5.0,2.0,0.9237232245454545
2015-06-15,34710.29,34715.03,34869.06,34634.38,0.17,73.09021482023724,34122.16390527058,33676.9723630983,445.1915421722806,318.11521133819383,127.07633083408678,0.0017026783129863,0.0027177342568976,0.0055792771592385,Bull,False,True,False,45.34824456,-0.13888966388052779,1.995902179653,15.0,8.0,6.0,1.0,0.9993578068055555
2015-06-16,34516.3,34709.71,34739.17,34448.29,-0.56,67.36949989599208,34182.800227536645,33739.14478064657,443.6554468900722,343.2232584485695,100.43218844150272,-0.0055888325911421,0.0026762505949414,0.0056405441863732,Bull,False,True,False,45.34824456,0.24986769241275003,0.9994707696510001,4.0,2.0,1.0,1.0,0.9995401500000001
2015-06-17,34482.0,34516.07,34630.74,34429.08,-0.1,66.3801974824116,34228.83096176178,33794.17109319127,434.6598685705103,361.51058047295766,73.14928809755264,-0.0009937333955262,0.0028260014365271,0.0054920855778284,Bull,False,True,False,45.34824456,-1.5801413333337395e-06,-9.480848000002436e-06,6.0,2.0,2.0,2.0,0.99954205
2015-06-18,34674.61,34482.0,34763.69,34482.0,0.56,69.12227909843,34297.41235225997,33859.388789991914,438.0235622680557,376.8131768319773,61.210385436078354,0.0055858128878836,0.0030765488679393,0.0054982798086969,Bull,False,True,False,45.34824456,0.3179558236372727,3.49751406001,11.0,6.0,2.0,3.0,0.9584064636363636
2015-06-19,34526.7,34670.76,34710.47,34486.65,-0.43,64.75451981504204,34332.687374989204,33908.81924999251,423.8681249966903,386.2241664649199,37.64395853177041,-0.0042656572056615,0.0028818448546272,0.0056923344652796,Bull,False,True,False,45.34824456,0.35699424176744443,3.212948175907,9.0,5.0,1.0,3.0,0.94733551
2015-06-22,34278.42,34530.59,34534.26,34069.64,-0.72,58.11608247069912,34324.33854806779,33936.1970833264,388.1414647413913,386.6076261202142,1.5338386211770398,-0.0071909565640504,0.0023664956645736,0.0061204813747119,Bull,False,True,False,45.34824456,0.1070720539888,3.211630770465,32.0,13.0,10.0,9.0,0.9914477616666667
2015-06-23,34133.83,34277.76,34345.75,34129.88,-0.42,54.60524034466017,34295.029540672745,33950.83655863555,344.1929820371952,378.1246973036105,-33.93171526641527,-0.0042181057353284,0.0024565483925819,0.0060027235605543,Bull,False,True,False,45.34824456,-0.33280857524999996,-2.9952771772499998,9.0,3.0,6.0,0.0,0.99935638
2015-06-24,34331.94,34193.18,34400.67,34193.18,0.58,58.32050881176161,34300.708072876936,33979.066443181066,321.6416296958705,366.8280837820624,-45.18645408619193,0.0058039194546877,0.0022357686298966,0.0057792163267633,Bull,False,True,False,45.34824456,-0.3842973343584616,-4.9958653466600005,13.0,4.0,9.0,0.0,0.9993108830769231
2015-06-25,34077.92,34333.25,34370.12,34034.76,-0.74,52.39873910394847,34266.43298474202,33986.388928871354,280.04405587066867,349.4712781997837,-69.42722232911501,-0.0073989410444036,0.0019862597039022,0.0060896735391704,Bull,False,True,False,45.34824456,0.24149783646292308,3.139471874018,13.0,7.0,4.0,2.0,0.9927937146153846
2015-06-26,33885.13,34076.04,34114.32,33857.75,-0.57,48.38335184678052,34207.7709870894,33978.88826747348,228.88271961592545,325.35356648301206,-96.4708468670866,-0.0056573288510566,0.0012557759752735,0.0060863277083564,Bull,False,True,False,45.34824456,-0.17882419383090908,-1.96706613214,11.0,4.0,6.0,1.0,0.9952943427272728
2015-06-29,34093.55,33899.9,34141.54,33808.2,0.62,52.61122236312874,34190.198527537184,33987.38172914211,202.81679839507703,300.8462128654251,-98.02941447034806,0.0061507805931393,0.0007970730316475,0.0052597712047461,Bull,False,True,False,45.34824456,0.06764103054355357,3.829960417252001,36.0,16.0,12.0,8.0,0.9721830084565108
2015-06-30,34398.86,34104.6,34444.19,34104.6,0.9,58.0339334315831,34222.300292531465,34017.861601057506,204.4386914739589,281.5647085871319,-77.12601711317302,0.0089550662808652,0.0007502992748177,0.0051781758639565,Bull,False,True,False,45.34824456,0.2061253468507647,3.504130896463,17.0,9.0,5.0,3.0,0.9849638005882353
2015-07-01,34843.6,34432.55,34878.04,34432.55,1.29,64.42078927758037,34317.88486291124,34079.02740838658,238.8574545246593,273.0232577746374,-34.165803249978126,0.0129289168303832,0.0013771554028246,0.0058480218333579,Bull,False,True,False,42.04634049,0.07595826846746666,1.1393740270119999,15.0,7.0,6.0,2.0,0.9902268240000001
2015-07-02,35186.56,34849.64,35236.18,34849.64,0.98,68.41304680055974,34451.52719169413,34161.0668596172,290.4603320769238,276.5106726350947,13.949659441829112,0.0098428405790447,0.0016081249039654,0.0060939777381652,Bull,False,True,False,42.04634049,-0.5277383616637142,-7.388337063292,14.0,1.0,9.0,4.0,0.9776899099999999
2015-07-03,35456.35,35209.09,35543.48,35209.09,0.77,71.15499887456474,34606.11531604888,34257.01375890482,349.10155714405846,291.0288495368875,58.07270760717097,0.0076674161952745,0.002098945339291,0.006170284112193,Bull,False,True,False,42.04634049,0.2992005739547,2.992005739547,10.0,5.0,2.0,3.0,0.9990587740000001
2015-07-06,35502.28,35476.38,35544.21,35291.08,0.13,71.60687623048007,34743.98680588751,34349.25570268965,394.7311031978607,311.7693002690821,82.96180292877852,0.0012953956061467,0.0019599370368999,0.0061547069212107,Bull,False,True,False,42.04634049,-0.032548553908651266,-1.6765412533900004,41.0,16.0,18.0,7.0,0.9902785824789916
2015-07-07,35537.69,35529.92,35637.48,35431.43,0.1,71.97143292594748,34866.09498959712,34437.28787286078,428.8071167363378,335.1768635625333,93.63025317380448,0.0009974007303192,0.0018353325102172,0.0061473329376521,Bull,False,True,False,42.04634049,-0.129815034713125,-2.07704055541,16.0,5.0,7.0,4.0,0.9965173375
2015-07-08,35328.83,35550.79,35581.03,35250.33,-0.59,66.54422679570904,34937.284991197565,34503.32803042665,433.9569607709127,354.9328830042092,79.0240777667035,-0.0058771405794805,0.001463331970306,0.0063851994161896,Bull,False,True,False,42.04634049,-0.10528458209215791,-2.000407059751,19.0,6.0,8.0,5.0,0.9994532257894736
2015-07-09,35147.13,35333.39,35365.97,35126.7,-0.51,62.15321973185779,34969.56883870563,34551.01706520987,418.5517734957612,367.6566611025196,50.89511239324156,-0.0051431083339019,0.0008116111436801,0.0063597253933179,Bull,False,True,False,42.04634049,-0.35045785082135295,-5.957783463963,17.0,4.0,10.0,3.0,0.9972416905882353
2015-07-10,35112.29,35147.09,35371.22,35091.73,-0.1,61.31771746040605,34991.52594044323,34592.59283815729,398.93310228594055,373.91194933920383,25.02115294673672,-0.0009912615909178,0.000680258078963,0.0063689296186241,Bull,False,True,False,42.04634049,0.25871313656172223,4.656836458111,18.0,10.0,5.0,3.0,0.9891212127777779
2015-07-13,35496.62,35115.45,35559.95,35010.93,1.09,66.64447159308568,35069.23271883658,34659.5578131086,409.6749057279813,381.0645406169593,28.610365111021903,0.0109457400813219,0.0011424111673798,0.0067697667429144,Bull,False,True,False,42.04634049,0.14667218041480481,4.8845110294489995,44.0,20.0,15.0,9.0,0.9967353503638954
2015-07-14,35446.89,35523.94,35725.16,35371.58,-0.14,65.3897167757242,35127.33383901557,34717.878715841296,409.4551231742735,386.7426571284222,22.712466045851272,-0.0014009784593576,0.001351803873969,0.0066135720719283,Bull,False,True,False,42.04634049,0.31196462818849996,4.991434051015999,16.0,10.0,5.0,1.0,0.999173746875
2015-07-15,35699.75,35436.55,35722.76,35430.82,0.71,68.62440934496667,35215.397863782404,34790.60992207527,424.7879417071308,394.351714044164,30.43622766296687,0.0071334890028433,0.0017581649938875,0.0067108361943182,Bull,False,True,False,42.04634049,0.45462761163461535,5.91015895125,13.0,9.0,3.0,1.0,0.9961444776923076
2015-07-16,35887.66,35698.52,36030.92,35698.52,0.53,70.80788269440563,35318.82280781588,34871.87289081044,446.9499170054405,404.87135463641926,42.078562369021256,0.0052636222942739,0.001742055464207,0.0067015445126986,Bull,False,True,False,42.04634049,0.099818613247,0.99818613247,10.0,5.0,4.0,1.0,0.9972159489999999
2015-07-22,36056.68,35905.66,36110.76,35905.66,0.47,72.6514666277308,35432.33929892113,34959.636380380034,472.7029185410938,418.4376674173542,54.26525112373963,0.0047096968707349,0.0021908231680269,0.0065774323626206,Bull,False,True,False,42.04634049,-0.1455977337576212,-5.38080039387,43.0,15.0,20.0,8.0,0.9927833232500001
2015-07-23,35934.99,36056.68,36114.96,35876.78,-0.34,69.26004663648877,35509.670176010186,35031.88479664818,477.7853793620088,430.30720980628513,47.478169555723696,-0.003374964084325,0.0023816227920131,0.006342097528168,Bull,False,True,False,42.04634049,-0.18375795290925,-2.940127246548,16.0,5.0,8.0,3.0,0.99667766125
2015-07-24,35815.2,35936.31,35982.13,35759.99,-0.33,65.99421770375983,35556.67476431631,35089.90814504461,466.7666192717006,437.5990916993683,29.167527572332347,-0.0033335197811381,0.0024258520897226,0.0062965702170243,Bull,False,True,False,42.04634049,-0.02832260469530769,-0.368193861039,13.0,5.0,5.0,3.0,0.9842039076923077
2015-07-27,35175.49,35814.16,35889.53,35140.43,-1.79,51.9157078137813,35498.03095442149,35096.24754170797,401.7834127135211,430.4359559021989,-28.652543188677782,-0.0178614107976501,0.0012425855771057,0.0076963711100271,Bull,False,True,False,42.04634049,-0.1673804606443754,-3.1004827797190004,37.0,12.0,15.0,10.0,0.9974633509047619
2015-07-28,35274.66,35161.33,35443.17,35051.97,0.28,53.56933486138875,35463.6661922028,35109.46327935923,354.2029128435679,415.1893472904727,-60.98643444690481,0.0028192926381411,0.001753497261233,0.0074269702146917,Bull,False,True,False,42.04634049,-0.12932142240095237,-2.71574987042,21.0,8.0,11.0,2.0,0.9861611757142857
2015-07-29,35676.49,35287.89,35785.65,35287.89,1.14,59.62781055357554,35496.40831647929,35151.46525866596,344.9430578133324,401.1400893950447,-56.19703158171228,0.0113914634471314,0.0026059368761424,0.0075095547118007,Bull,False,True,False,42.04634049,-0.0002581842149000146,-0.0025818421490001464,10.0,4.0,4.0,2.0,0.999059789
2015-07-30,35730.01,35678.91,35996.36,35508.82,0.15,60.36954081808609,35532.34703702094,35194.320424690704,338.02661233023537,388.51739398208287,-50.4907816518475,0.0015001475761771,0.0023734052252943,0.0074658882541516,Bull,False,True,False,42.04634049,6.957184625000501e-05,0.0005565747700000401,8.0,3.0,3.0,2.0,0.99957687875
2015-07-31,35741.52,35739.83,35824.62,35626.9,0.03,60.537457045001645,35564.52749286387,35234.85372656547,329.67376629840146,376.7486684453466,-47.074902146945135,0.0003221381690068,0.0019417588197014,0.0073133379337909,Bull,False,True,False,42.04634049,-0.06661511351753334,-0.9992267027630001,15.0,4.0,5.0,6.0,0.9984650353333334
2015-08-03,35824.56,35782.17,35839.97,35703.25,0.23,61.79516158933857,35604.532493961735,35278.5356727458,325.9968212159365,366.5982989994646,-40.60147778352808,0.0023233483075146,0.0014114803935579,0.0068441961126641,Bull,False,True,False,40.09189127,-0.004213899028104179,0.5957101059669996,34.0,13.0,12.0,9.0,0.988383844236111
2015-08-04,35921.71,35827.37,35959.12,35653.16,0.27,63.27003329784457,35653.32903335224,35326.178215505366,327.1508178468721,358.7088027689461,-31.557984922074013,0.0027118267467904,0.0010549297019452,0.0065617627858225,Bull,False,True,False,40.09189127,0.4370350871550625,6.992561394481,16.0,10.0,3.0,3.0,0.999386615625
2015-08-05,36156.83,36011.77,36265.99,35965.73,0.65,66.62781158293939,35730.79072052882,35387.707977319784,343.0827432090373,355.58359085696435,-12.50084764792706,0.0065453454192465,0.0009988261631438,0.0065068167545708,Bull,False,True,False,40.09189127,4.788420327273002e-05,0.0005267262360000302,11.0,5.0,5.0,1.0,0.9994212081818182
2015-08-06,36228.88,36180.21,36471.59,36180.21,0.2,67.6051316068244,35807.41984044747,35450.01701603684,357.4028244106303,355.94743756769753,1.4553868429327397,0.0019927078784283,0.0010336917767579,0.0065103567550517,Bull,False,True,False,40.09189127,0.07726835655975002,0.9272202787170002,12.0,6.0,5.0,1.0,0.9964503916666666
2015-08-07,36222.63,36245.79,36327.24,36140.95,-0.02,67.42068274836444,35871.29832653247,35507.24760744152,364.0507190909557,357.56809387234915,6.482625218606529,-0.0001725143035059,0.0009751960250666,0.0065159534483959,Bull,False,True,False,40.09189127,0.164793296670375,2.636692746726,16.0,7.0,4.0,5.0,0.987172888125
2015-08-10,36084.67,36230.37,36332.67,36037.47,-0.38,63.31433068801863,35904.12473783517,35550.01963651992,354.10510131524643,356.87549536092865,-2.770394045682224,-0.0038086687797103,0.0010786196150551,0.0064171327186255,Bull,False,True,False,40.09189127,0.17233987573106924,6.72124636205,38.0,17.0,11.0,10.0,0.9902037408034188
2015-08-11,36205.94,36107.84,36271.99,36107.84,0.34,65.31419133408235,35950.5578550913,35598.60633011104,351.9515249802571,355.8907012847944,-3.939176304537284,0.0033607069151526,0.0015038103775079,0.0062630685867551,Bull,False,True,False,40.09189127,-0.1108652000645,-1.995573601161,18.0,6.0,8.0,4.0,0.9994770655555555
2015-08-12,35892.77,36230.51,36309.97,35868.41,-0.86,56.71577247986211,35941.66741584648,35620.3962315843,321.2711842621793,348.96679788027143,-27.695613618092125,-0.0086496856593145,0.001120889174088,0.0066460516929707,Bull,False,True,False,40.09189127,0.24959985305616664,2.9951982366739998,12.0,6.0,3.0,3.0,0.9994773625
2015-08-13,35937.33,35911.3,36052.49,35887.73,0.12,57.57166019833244,35941.00012110087,35643.872807022504,297.1273140783669,338.5989011198905,-41.471587041523605,0.001241475650946,0.0006356759525692,0.0062323783892517,Bull,False,True,False,40.09189127,-0.13318022515073336,-1.9977033772610002,15.0,6.0,8.0,1.0,0.9994376786666667
2015-08-17,35588.05,35941.23,36007.16,35580.94,-0.97,49.336554797694255,35886.70010246997,35639.73778428009,246.96231818987872,320.2715845338882,-73.30926634400947,-0.0097191416279395,0.0002197677941401,0.0066396851596112,Bull,False,True,False,40.09189127,-0.197800375634258,-8.994257480168999,45.0,14.0,23.0,8.0,0.9993486630849359
2015-08-18,35546.03,35593.79,35762.93,35408.02,-0.12,48.43887496294689,35834.28931747459,35632.79646692601,201.4928505485805,296.51583773682665,-95.0229871882462,-0.0011807334203476,-0.0001959433270193,0.0064413487854129,Bear,True,False,False,40.09189127,0.30345728289756246,4.855316526360999,16.0,7.0,3.0,6.0,0.9723527075
2015-08-19,35461.58,35598.32,35768.59,35438.05,-0.24,46.60360298608014,35776.9494224785,35620.113765672235,156.83565680626634,268.5798015507146,-111.74414474444823,-0.0023757927397235,-0.0005779140787192,0.00632603377413,Bear,True,False,False,40.09189127,-0.11240992260444443,-1.0116893034399999,9.0,4.0,5.0,0.0,0.9984849455555556
2015-08-20,35219.59,35446.17,35466.51,35137.45,-0.68,41.72510356335026,35691.201819020265,35590.4453385854,100.7564804348658,235.01513732754483,-134.25865689267903,-0.006824005021773,-0.0011545991733446,0.0063443255685114,Bear,True,False,False,40.09189127,0.0498544953025,0.99708990605,20.0,7.0,6.0,7.0,0.9993124345
2015-08-21,34519.77,35206.11,35278.88,34275.61,-1.99,31.466489846765867,35510.98153917099,35511.13605424574,-0.1545150747479056,187.9812068470863,-188.1357219218342,-0.0198701915610034,-0.0019793605471785,0.0075967362211946,Bear,True,False,False,40.09189127,-0.1333965181581333,-2.0009477723719997,15.0,6.0,8.0,1.0,0.9990534600000001
2015-08-24,33100.34,34211.36,34211.36,33027.82,-4.11,20.47218516950663,35140.11361006776,35332.558568746055,-192.44495867829391,111.89597374201028,-304.34093242030417,-0.0411193353837525,-0.0038686513273092,0.011596762508773,Bear,True,False,False,40.09189127,-0.2025272985251889,-8.74037118279,43.0,12.0,21.0,10.0,0.9970722997037037
2015-08-25,33798.8,33072.01,33834.88,32882.75,2.11,32.8966071034789,34933.75767005733,35218.946822913014,-285.18915285568073,32.47894842247208,-317.6681012781528,0.0211012938235681,-0.0019205160962483,0.0123693367449422,Bear,True,False,False,40.09189127,-0.016801825084285706,-0.23522555117999988,14.0,7.0,6.0,1.0,0.9519911164285714
2015-08-26,33537.42,33867.39,34020.98,33433.5,-0.77,30.94808042564792,34718.93649004851,35094.389280475014,-375.4527904265051,-49.107399347323366,-326.3453910791817,-0.0077334106536327,-0.002448151260837,0.0123815765462541,Bear,True,False,False,40.09189127,-0.36806120989110525,-6.993162987931,19.0,3.0,10.0,6.0,0.9994127326315789
2015-08-27,33961.29,33547.12,34003.98,33547.12,1.26,37.42138720889413,34602.37549157951,35010.45600043983,-408.0805088603229,-120.90202124992328,-287.1784876103996,0.0126387181840463,-0.0023857885239913,0.0124578578664806,Bear,True,False,False,40.09189127,-0.33084210524783336,-5.955157894461,18.0,4.0,10.0,4.0,0.99731017
2015-08-28,34447.47,34021.04,34496.13,34021.04,1.43,43.91580223021044,34578.54387749035,34968.753333740584,-390.2094562502316,-174.76350824998497,-215.44594800024663,0.0143157106222997,-0.0017450103716851,0.0129866203847951,Bear,True,False,False,40.09189127,0.5328075588933333,7.9921133833999995,15.0,11.0,3.0,1.0,0.9993948273333333
2015-08-31,34726.51,34558.3,34810.75,34316.17,0.81,47.2965093219021,34601.307896338,34950.80938309313,-349.5014867551363,-209.71110395101525,-139.79038280412104,0.008100449757268,-0.0013560947922721,0.0131670017105363,Bear,True,False,False,40.09189127,-0.2079442445675704,-7.004045045656,33.0,7.0,14.0,12.0,0.9984414781851852
2015-09-01,34456.34,34713.76,34912.45,34335.03,-0.78,44.49959941699856,34579.00514305523,34914.18202138253,-335.1768783273001,-234.80425882627225,-100.37261950102784,-0.0077799352713533,-0.0018612589712155,0.0132121402602671,Bear,True,False,False,37.74714098,-0.23500015294805882,-3.995002600117,17.0,4.0,8.0,5.0,0.9995157376470589
2015-09-02,34309.76,34309.07,34402.92,34122.48,-0.43,43.01340545170144,34537.58281335442,34869.41001979863,-331.8272064442135,-254.2088483498605,-77.618358094353,-0.0042540792202536,-0.0022095542695677,0.0131770107590641,Bear,True,False,False,37.74714098,-0.0009493329403846157,-0.012341328225000003,13.0,6.0,6.0,1.0,0.9989229838461539
2015-09-03,34397.33,34389.15,34610.75,34323.25,0.26,44.212143750419365,34516.00545745374,34834.44112944318,-318.4356719894349,-267.05421307777544,-51.38145891165948,0.002552334962413,-0.0024092047924093,0.0130671721102447,Bear,True,False,False,37.74714098,-0.17937458501876924,-2.331869605244,13.0,4.0,6.0,3.0,0.9636324707692308
2015-09-04,33891.08,34437.55,34629.64,33590.19,-1.47,39.09250261530758,34419.86307938394,34764.5625272622,-344.69944787825807,-282.583260037872,-62.11618784038609,-0.0147177121014916,-0.0032447257914053,0.0133030059176135,Bear,True,False,False,37.74714098,-0.39964611355,-3.9964611355,10.0,2.0,6.0,2.0,0.999488479
2015-09-07,32944.48,33876.81,33876.81,32760.76,-2.79,31.70066432698813,34192.88106717102,34629.74159931685,-436.8605321458235,-313.4387144594623,-123.42181768636124,-0.0279306531394101,-0.0046326327332006,0.0143707674308135,Bear,True,False,False,37.74714098,-0.023370998448018526,-2.465568250193,38.0,13.0,16.0,9.0,0.9689740016243386
2015-09-08,33474.17,32923.11,33503.75,32646.78,1.61,38.68702972759934,34082.3101337601,34544.14370307115,-461.83356931105664,-343.1176854297812,-118.71588388127545,0.0160782625799524,-0.0036382861652174,0.0151002752512218,Bear,True,False,False,37.74714098,0.394737381775,3.94737381775,10.0,7.0,3.0,0.0,0.9943894529999999
2015-09-09,33830.36,33644.81,33865.55,33546.79,1.06,42.915630251929954,34043.54857472008,34491.270836177,-447.7222614569182,-364.03860063520864,-83.68366082170957,0.0106407418018132,-0.0032742844208844,0.0153633239460209,Bear,True,False,False,37.74714098,0.23501869908864706,3.995317884507,17.0,9.0,5.0,3.0,0.9992463111764707
2015-09-10,33792.37,33833.02,33853.35,33508.38,-0.11,42.57833884899895,34004.90571707084,34439.50040386759,-434.59468679675047,-378.149817867517,-56.44486892923345,-0.0011229558302069,-0.002897947929429,0.0153168352919816,Bear,True,False,False,37.74714098,0.3903948360856923,5.075132869114,13.0,7.0,2.0,4.0,0.9915421584615385
2015-09-11,33672.72,33797.02,34017.8,33636.76,-0.35,41.47278210131113,33953.800222136866,34382.701855432955,-428.90163329608913,-388.30018095323146,-40.60145234285767,-0.0035407401138186,-0.0031370587176672,0.0152861104803049,Bear,True,False,False,37.74714098,0.1957370586555,2.740318821177,14.0,7.0,4.0,3.0,0.9902795757142856
2015-09-14,33384.73,33674.48,33850.4,33333.38,-0.86,38.85751112568224,33866.25095719274,34308.77801428977,-442.5270570970315,-399.1455561819915,-43.38150091504002,-0.008552620637715,-0.003078732668156,0.0152618801966772,Bear,True,False,False,37.74714098,-0.12164791440585543,-5.595938706497999,36.0,11.0,16.0,9.0,0.9588541468963586
2015-09-15,33191.46,33379.99,33417.63,33107.5,-0.58,37.16377754512296,33762.43696377847,34226.01371693497,-463.57675315649976,-412.0317955768932,-51.5449575796066,-0.0057891736731136,-0.0033091546807943,0.015266504371603,Bear,True,False,False,37.74714098,0.16625369665733333,1.995044359888,12.0,5.0,3.0,4.0,0.9993976183333334
2015-09-16,33345.56,33193.56,33398.04,33193.56,0.46,39.43074469835621,33698.30204627409,34160.79492308793,-462.4928768138416,-422.1240118242829,-40.36886498955869,0.0046427605173138,-0.0029582270179424,0.0153694086883295,Bear,True,False,False,37.74714098,-0.14283529870214287,-1.99969418183,14.0,4.0,6.0,4.0,0.9992907485714285
2015-09-17,33152.06,33483.42,33737.08,33093.61,-0.58,37.5965470462923,33614.264808385764,34086.07381767401,-471.8090092882485,-432.06101131707607,-39.74799797117242,-0.0058028715067313,-0.0029071703421904,0.0153575823415273,Bear,True,False,False,37.74714098,0.28535651641642856,3.99499122983,14.0,9.0,5.0,0.0,0.99932204
2015-09-18,32760.95,33199.82,33243.25,32728.2,-1.18,34.139748247968384,33482.985607095645,33987.91649784631,-504.9308907506638,-446.6349872037937,-58.295903546870136,-0.0117974569302781,-0.0025035336106541,0.0149899721334781,Bear,True,False,False,37.74714098,0.07192364759064705,1.222702009041,17.0,7.0,6.0,4.0,0.9928550399999999
2015-09-21,32826.24,32735.5,32842.89,32474.71,0.2,35.21068048654894,33381.947821388625,33901.866386894726,-519.918565506101,-461.2917028642552,-58.62686264184583,0.0019929214506904,-0.0003479207689319,0.0119326854386068,Bear,True,False,False,37.74714098,-0.1952313743033974,-5.402184878693999,40.0,14.0,19.0,7.0,0.984018519047619
2015-09-22,32882.02,32853.17,33160.57,32842.38,0.17,36.16569346900222,33305.0358488673,33826.32221008771,-521.2863612204092,-473.290634535486,-47.99572668492317,0.0016992503558128,-0.0013180229423197,0.0108353485655459,Bear,True,False,False,37.74714098,-0.21487456772714286,-3.00824394818,14.0,5.0,8.0,1.0,0.9988301607142857
2015-09-23,32822.84,32866.54,32874.26,32725.71,-0.18,35.5666885035408,33230.85187211848,33751.99019452566,-521.138322407176,-482.860172109824,-38.278150297352,-0.001799767775824,-0.0010213407984293,0.0107311775606083,Bear,True,False,False,37.74714098,0.21409600683914284,2.9973440957479998,14.0,7.0,4.0,3.0,0.9994990107142857
2015-09-28,32690.02,32872.89,32975.8,32647.42,-0.4,34.19768811578167,33147.64696871564,33673.325735671904,-525.6787669562618,-491.4238910791116,-34.2548758771502,-0.0040465724477222,-0.0018556053300177,0.0102511620236378,Bear,True,False,False,37.74714098,0.00522184600164846,0.025042598440999986,49.0,15.0,14.0,20.0,0.9794559657916666
2015-09-29,32214.58,32644.63,32644.63,32025.25,-1.45,29.779054705089266,33004.09820429785,33565.2704959925,-561.1722916946528,-505.3735712022199,-55.79872049243295,-0.0145438883182084,-0.0032985852770431,0.0098794773377388,Bear,True,False,False,37.74714098,-0.1734332833385,-3.46866566677,20.0,6.0,10.0,4.0,0.9757709225
2015-09-30,32287.41,32285.82,32560.52,32050.87,0.23,31.244593617924423,32893.83848055972,33470.61416295602,-576.7756823963064,-519.6539934410372,-57.12168895526918,0.0022607775733844,-0.0035905688862373,0.0096074006668639,Bear,True,False,False,37.74714098,-0.15789162431273684,-2.999940861942,19.0,7.0,10.0,2.0,0.9988053905263158
2015-10-01,32750.31,32287.41,32771.02,32287.41,1.43,39.83885105568195,32871.75717585822,33417.258299033354,-545.5011231751341,-524.8234193878566,-20.67770378727755,0.0143368576172571,-0.0024847292418068,0.0103443984532821,Bear,True,False,False,39.2149226,0.199592989272,2.99389483908,15.0,9.0,6.0,0.0,0.9993292553333333
2015-10-02,32969.73,32775.1,33023.65,32710.71,0.67,43.447362468773925,32886.82991803388,33384.10805466051,-497.2781366266281,-519.3143628356108,22.036226208982725,0.0066997839104423,-0.001937036085272,0.0105340309035659,Bear,True,False,False,39.2149226,0.0005310155810000261,0.005841171391000287,11.0,5.0,5.0,1.0,0.9990363345454546
2015-10-05,32784.94,32988.93,33056.68,32739.4,-0.56,41.20576865435398,32871.15454602867,33339.725235796766,-468.5706897680938,-509.1656282221074,40.59493845401357,-0.0056048381348589,-0.0023448947401356,0.0105089477671788,Bear,True,False,False,39.2149226,-0.09708508435966919,-3.7602579985540006,30.0,9.0,13.0,8.0,0.9964463356944444
2015-10-06,33202.87,32887.5,33237.34,32887.5,1.27,47.76918655037714,32922.18769279349,33329.58781092293,-407.400118129437,-488.8125262035734,81.41240807413635,0.0127476213163726,-0.0009716280692423,0.0106011466230963,Bear,True,False,False,39.2149226,-0.3569893311271429,-4.99785063578,14.0,4.0,9.0,1.0,0.9993410735714285
2015-10-07,33376.2,33328.59,33407.48,33204.3,0.52,50.24972356307144,32992.03574005603,33333.040565669384,-341.0048256133523,-459.2509860855292,118.24616047217694,0.0052203318568544,0.0006859211805708,0.008559094361354,Bull,False,True,False,39.2149226,-0.27724911781055556,-4.99048412059,18.0,4.0,9.0,5.0,0.9992644327777778
2015-10-08,33469.15,33370.44,33493.08,33257.41,0.28,51.57780210788387,33065.43793389357,33343.12274599017,-277.6848120966024,-422.937751287744,145.25293919114154,0.0027849185946873,2.125398130757849e-05,0.0077817255430456,Bear,True,False,False,39.2149226,0.09151491285621427,1.2812087799869998,14.0,6.0,6.0,2.0,0.9530432285714285
2015-10-09,33843.18,33588.34,33959.98,33584.79,1.12,56.59861023975418,33185.09055944841,33380.16402406497,-195.0734646165656,-377.36489395350833,182.2914293369427,0.0111753659713496,4.798518978439414e-05,0.0078209442076519,Bear,True,False,False,39.2149226,0.1807931621491818,1.988724783641,11.0,6.0,4.0,1.0,0.9987007445454545
2015-10-12,34183.85,33851.35,34252.47,33851.35,1.01,60.60524427210831,33338.74585799481,33439.69631857868,-100.9504605838738,-322.08200727958143,221.13154669570764,0.0100661344471766,0.0006074397036535,0.0081269811262246,Bull,False,True,False,39.2149226,-0.08438047959866851,-5.062348862491,38.0,13.0,18.0,7.0,0.9983428381296298
2015-10-13,34031.78,34095.52,34279.42,34010.35,-0.44,58.029974343455606,33445.36649522637,33483.554369054335,-38.1878738279629,-265.3031805892577,227.11530676129485,-0.0044485919520474,0.0005620471117421,0.0081538607996185,Bull,False,True,False,39.2149226,-0.00020273708407692048,-0.0026355820929999663,13.0,5.0,5.0,3.0,0.9991693784615384
2015-10-14,33974.85,34031.48,34127.44,33896.4,-0.17,57.05257924946609,33526.82549596077,33519.94663801327,6.878857947500364,-210.8667728819061,217.7456308294065,-0.0016728481437057,0.0009060357364425,0.0078899486289867,Bull,False,True,False,39.2149226,0.23055427626707692,2.997205591472,13.0,7.0,4.0,2.0,0.9994646576923076
2015-10-15,33921.96,34013.68,34159.82,33920.47,-0.16,56.10709858057984,33587.61541965912,33549.72540556784,37.89001409127377,-161.11541548727016,199.00542957854395,-0.0015567397648554,0.0011176574318555,0.0077565532812262,Bull,False,True,False,39.2149226,-0.20171234811555555,-3.63082226608,18.0,6.0,10.0,2.0,0.9791945266666667
2015-10-16,33954.98,33946.8,34015.18,33800.55,0.1,56.59076693053096,33644.13304740387,33579.744264414665,64.38878298920463,-116.0145757919752,180.4033587811798,0.0009734107345213,0.0009341899427158,0.0077120531304155,Bull,False,True,False,39.2149226,0.17623251760564704,2.9959527992959996,17.0,8.0,5.0,4.0,0.9994580647058823
2015-10-19,33966.75,33972.0,34077.14,33953.22,0.03,56.77361332078193,33693.76642472635,33608.411355939505,85.35506878684828,-75.7406468762105,161.0957156630588,0.0003466354567134,0.0012416652908881,0.0075502035795014,Bull,False,True,False,39.2149226,-0.14996780529541845,-6.878251728193002,49.0,15.0,22.0,12.0,0.983319170263158
2015-10-20,33910.17,33974.07,34040.2,33898.47,-0.17,55.56202928967133,33727.05928246076,33630.76384809214,96.2954343686215,-41.333430627244105,137.6288649958656,-0.0016657466492967,0.0017482508049371,0.0069449249398275,Bull,False,True,False,39.2149226,-0.4976384616040625,-7.962215385665,16.0,3.0,11.0,2.0,0.996832165
2015-10-21,33943.74,33950.89,34036.16,33859.41,0.1,56.15982441798382,33760.3947774668,33653.94726675198,106.44751071481733,-11.777242358831815,118.22475307364914,0.0009899684961767,0.0016981031572115,0.0069466860655786,Bull,False,True,False,39.2149226,0.14282751847564285,1.9995852586589997,14.0,6.0,4.0,4.0,0.99951483
2015-10-22,33945.32,33971.62,34041.24,33923.2,0.0,56.189696455388855,33788.84481170267,33675.53043217776,113.31437952491252,13.24108201791705,100.07329750699546,4.654761084088577e-05,0.0016154680199629,0.0069564947376682,Bull,False,True,False,39.2149226,0.055709831444222244,1.0027769659960004,18.0,8.0,7.0,3.0,0.9993279333333334
2015-10-26,33860.64,33946.33,34090.16,33849.71,-0.25,54.06349164609733,33799.89022528687,33689.24225201644,110.64797327043198,32.72246026842004,77.92551300201194,-0.0024946001392828,0.0015807264017899,0.0069761558061467,Bull,False,True,False,39.2149226,0.3224801194691107,2.562058222657999,30.0,13.0,10.0,7.0,0.9845215759285715
2015-10-27,33843.83,33863.08,33925.08,33740.31,-0.05,53.62965626166199,33806.650190627355,33700.69319631152,105.95699431583488,47.36936707790301,58.58762723793188,-0.0004964466117591,0.0017582326935881,0.0068697898248513,Bull,False,True,False,39.2149226,0.06631204360053333,0.994680654008,15.0,6.0,5.0,4.0,0.9992464666666667
2015-10-28,34061.42,33852.97,34111.5,33852.97,0.64,58.29481894686834,33845.84554591545,33727.413700288445,118.4318456270048,61.58186278772337,56.84998283928144,0.0064292368801048,0.0028068889535037,0.0057617238105539,Bull,False,True,False,39.2149226,0.49788008540092854,6.970321195613,14.0,10.0,3.0,1.0,0.998292135
2015-10-29,34332.43,34178.08,34359.2,34178.08,0.8,63.25357394742608,33920.70469269769,33772.2297224893,148.47497020839364,78.96048427185742,69.51448593653622,0.007956509153171,0.0030916755324931,0.0058729981886904,Bull,False,True,False,39.2149226,0.44081224080299997,7.0529958528479995,16.0,9.0,2.0,5.0,0.995546601875
2015-10-30,34261.6,34430.08,34464.25,34239.0,-0.21,61.2052989077182,33973.15012459035,33808.47937267528,164.6707519150732,96.10253780050058,68.56821411457261,-0.0020630639893535,0.0022716794521625,0.0053410988163106,Bull,False,True,False,39.2149226,0.4268356216511428,5.975698703116,14.0,9.0,3.0,2.0,0.9980345257142857
2015-11-02,34226.12,34303.52,34396.26,34198.0,-0.1,60.154493424561565,34012.06856696106,33839.41571544007,172.65285152099386,111.41260054459924,61.24025097639462,-0.0010355616783803,0.0018849121727214,0.0052833270567318,Bull,False,True,False,42.3111148,0.018126852843131907,-1.9982722353279998,40.0,16.0,18.0,6.0,0.9988280842009569
2015-11-03,34275.75,34245.11,34332.55,34233.84,0.15,61.15903669111473,34052.634941274744,33871.73677355562,180.89816771912592,125.30971397950458,55.58845373962134,0.0014500621163018,0.0022376571852794,0.0049839822642852,Bull,False,True,False,42.3111148,-0.0335995058938,-0.503992588407,15.0,5.0,5.0,5.0,0.9506589926666666
2015-11-04,34522.95,34280.31,34565.17,34280.31,0.72,65.78586827963164,34124.99110415555,33919.974790329274,205.01631382627968,141.2510339488596,63.765279877420056,0.0072120960154042,0.001960880920231,0.0044997958937535,Bull,False,True,False,42.3111148,0.5369757591050001,6.44370910926,12.0,9.0,2.0,1.0,0.9756226791666666
2015-11-05,34454.59,34544.05,34562.01,34434.15,-0.2,63.53202021665455,34175.69862659316,33959.57591697155,216.12270962160983,156.22536908340965,59.89734053820018,-0.0019801320570809,0.0016008577245342,0.0045133155479599,Bull,False,True,False,42.3111148,-0.15308174514384612,-1.9900626868699995,13.0,4.0,6.0,3.0,0.9956281384615384
2015-11-06,34426.75,34477.15,34517.71,34404.87,-0.08,62.59151896866226,34214.3219148096,33994.18140460329,220.14051020630723,169.00839730798918,51.13211289831804,-0.0008080200635095,0.0014212107916244,0.0045351583220614,Bull,False,True,False,42.3111148,-0.36339340170072726,-3.997327418708,11.0,3.0,7.0,1.0,0.9990393890909091
2015-11-09,34336.47,34437.37,34459.34,34310.74,-0.26,59.51472682409795,34233.11392791581,34019.53611537341,213.5778125423967,177.92228035487068,35.655532187526035,-0.0026223793997399,0.0007313235230699,0.003989946237709,Bull,False,True,False,42.3111148,0.09385507327460187,3.0039637692840007,42.0,15.0,12.0,15.0,0.9900384776851853
2015-11-10,33958.12,34350.32,34359.05,33945.46,-1.1,48.70849563139459,34190.80716977492,34014.9867734939,175.82039628101484,177.5019035400995,-1.6815072590846682,-0.0110188962348196,-0.0003229280110298,0.0041749490513324,Bear,True,False,False,42.3111148,0.13147881589819999,1.9721822384729997,15.0,8.0,6.0,1.0,0.998361066
2015-11-11,33934.04,33917.85,33969.68,33687.98,-0.07,48.10976636715372,34151.30452827108,34008.99071619806,142.31381207302184,170.46428524668397,-28.15047317366213,-0.0007091087492476,-0.0001359538508898,0.0040626840876209,Bull,False,True,False,42.3111148,0.384491093488923,4.998384215355999,13.0,8.0,3.0,2.0,0.9994508323076924
2015-11-12,34264.56,33975.71,34306.53,33975.71,0.97,56.08843812782081,34168.728446998604,34027.92177425746,140.8066727411424,164.53276274557567,-23.726090004433274,0.0097400722106768,0.0004346921668292,0.0046012798395266,Bull,False,True,False,42.3111148,0.08947174523272726,0.9841891975599998,11.0,6.0,5.0,0.0,0.9980549381818182
2015-11-13,34144.78,34275.77,34275.77,34133.08,-0.35,52.91317277805018,34165.04407053728,34036.57793912728,128.46613141000125,157.31943647846077,-28.85330506845952,-0.0034957402050398,0.00033774214482,0.0046654286113643,Bull,False,True,False,42.3111148,0.1192439041047647,2.0271463697809997,17.0,8.0,6.0,3.0,0.9983225117647059
2015-11-16,33946.41,34086.94,34086.94,33887.07,-0.58,48.0605982107345,34131.40805968539,34029.89883252526,101.50922716013156,146.15739461479495,-44.648167454663394,-0.005809672810895,-1.412032450770484e-06,0.0048593067698658,Bull,False,True,False,42.3111148,0.05088564909983334,2.280389019059,26.0,11.0,9.0,6.0,0.9925707444444445
2015-11-17,34065.87,33970.47,34168.76,33970.47,0.35,50.97631645865489,34121.32528127225,34032.56336344931,88.76191782293608,134.67829925642317,-45.91638143348709,0.0035190760967065,0.0001572099995488,0.0049226322869702,Bull,False,True,False,42.3111148,0.07768524029481817,0.8545376432429999,11.0,5.0,5.0,1.0,0.9606284554545454
2015-11-18,33949.26,34092.66,34202.32,33936.05,-0.34,48.13569214006006,34094.85369953806,34026.39274393455,68.46095560350659,121.43483052583989,-52.97387492233328,-0.0034230741795233,6.934362303755437e-05,0.0049723166150124,Bull,False,True,False,42.3111148,-0.2304918999566923,-2.996394699437,13.0,4.0,7.0,2.0,0.999466073076923
2015-11-19,33908.44,33956.64,34003.29,33900.22,-0.12,47.14530344523324,34066.17466883989,34017.6555036431,48.51916519679071,106.85169746003004,-58.332532263239344,-0.0012023826145253,-4.027393249754763e-05,0.0049751177461616,Bull,False,True,False,42.3111148,-0.5045962517691667,-6.05515502123,12.0,2.0,8.0,2.0,0.9937975200000001
2015-11-20,33857.0,33921.65,34008.12,33835.88,-0.15,45.86465700592838,34033.99395055683,34005.75509596583,28.23885459099984,91.129128886224,-62.890274295224174,-0.0015170264394351,-0.0001184526350113,0.0049859547835637,Bull,False,True,False,42.3111148,0.3564712866580715,4.990598013213001,14.0,8.0,3.0,3.0,0.9992990414285714
2015-11-23,33732.91,33875.41,33908.4,33719.25,-0.37,42.841400613942106,33987.67334277886,33985.54434811651,2.128994662343757,73.32910204144797,-71.20010737910421,-0.0036651209498773,-0.000176978675541,0.0050220536279406,Bear,True,False,False,42.3111148,-0.14557593622335832,-3.9933200926400003,34.0,11.0,15.0,8.0,0.9994281981666666
2015-11-24,33571.59,33752.97,33872.33,33567.09,-0.48,39.22180145378373,33923.660520812875,33954.88106307085,-31.22054225797183,52.41917318156401,-83.63971543953585,-0.0047822734534318,-0.0003912700176247,0.0051267497389952,Bear,True,False,False,42.3111148,-0.23044096401130768,-2.9957325321469996,13.0,3.0,6.0,4.0,0.9994507515384614
2015-11-25,33199.86,33602.98,33616.52,33125.55,-1.11,32.423753953224505,33812.30659453397,33898.953576917454,-86.64698238348501,24.60594206855421,-111.25292445203922,-0.0110727552671766,-0.0012663696249887,0.0053883232485074,Bear,True,False,False,42.3111148,-0.08345694920675002,-1.0014833904810003,12.0,4.0,5.0,3.0,0.9993697699999999
2015-11-26,33079.37,33252.84,33437.8,33055.96,-0.36,30.573987826425565,33699.547118451825,33838.243682330976,-138.69656387915165,-8.054559120986962,-130.6420047581647,-0.0036292321714609,-0.0018456566912203,0.004949517135048,Bear,True,False,False,42.3111148,-0.08326674992024999,-0.9992009990429999,12.0,4.0,5.0,3.0,0.9994969933333334
2015-11-27,32960.27,33079.53,33132.67,32820.28,-0.36,28.82355096206004,33585.81217715154,33773.208594750904,-187.39641759936052,-43.92293081666169,-143.4734867826989,-0.0036004313262315,-0.0019225250580642,0.0049649851364727,Bear,True,False,False,42.3111148,-0.20036538668486667,-3.0054808002730002,15.0,5.0,8.0,2.0,0.9961668199999999
2015-11-30,32255.2,32978.57,32993.99,32195.31,-2.14,21.11606800756681,33381.10261143592,33660.76351365825,-279.6609022223274,-91.07052509779484,-188.59037712453252,-0.02139151165934,-0.0029403225571122,0.006593086374796,Bear,True,False,False,42.3111148,-0.238707033109563,-7.339616557766,35.0,9.0,16.0,10.0,0.9926310392258721
2015-12-01,31709.36,32263.56,32464.52,31666.11,-1.69,17.266679664079916,33123.91144044578,33516.21510523912,-392.3036647933404,-151.31715303690396,-240.98651175643647,-0.0169225427217937,-0.003858952799017,0.0072010830460685,Bear,True,False,False,44.32942877,0.14243380130307146,1.9940732182430003,14.0,6.0,4.0,4.0,0.999237445
2015-12-02,32392.92,31796.08,32440.16,31672.23,2.16,33.59300569030165,33011.45121883874,33433.008060406595,-421.5568415678572,-205.36509074309464,-216.1917508247625,0.0215570418324431,-0.0031417055081651,0.0088804105269661,Bear,True,False,False,44.32942877,-0.1991142014001,-1.9911420140009999,10.0,2.0,4.0,4.0,0.9982753109999999
2015-12-03,32565.14,32412.83,32630.11,32288.98,0.53,36.967909127953625,32942.78795440201,33368.72153741351,-425.9335830115015,-249.478789196776,-176.45479381472546,0.0053165938729822,-0.0027768692116619,0.0090783246671905,Bear,True,False,False,44.32942877,-0.1415055180005,-1.9810772520070001,14.0,5.0,7.0,2.0,0.99885872
2015-12-04,32707.91,32593.64,32771.74,32571.77,0.44,39.70365994218832,32906.65288449401,33319.77253464214,-413.11965014813177,-282.2069613870472,-130.9126887610846,0.0043841359195753,-0.0025172614125077,0.0092108611513207,Bear,True,False,False,44.32942877,-0.01649733536384617,-0.21446535973000022,13.0,5.0,5.0,3.0,0.9824917130769231
2015-12-07,32853.54,32717.03,33010.22,32595.0,0.45,42.447613363911024,32898.481671494934,33285.23679133532,-386.75511984038894,-303.11659307771555,-83.6385267626734,0.004452439792087,-0.0021635204529163,0.0093415380554571,Bear,True,False,False,44.32942877,0.06820512701295853,0.982951596495,31.0,12.0,11.0,8.0,0.9993545580223286
2015-12-08,32791.71,32813.33,33043.34,32747.59,-0.19,41.58238985796871,32882.05526049571,33248.67925123641,-366.6239907406998,-315.8180726103124,-50.8059181303874,-0.0018819889728778,-0.0017066750898192,0.0091061279471555,Bear,True,False,False,44.32942877,0.1873532291758125,2.997651666813,16.0,7.0,4.0,5.0,0.999500051875
2015-12-09,33020.26,32791.87,33070.85,32791.87,0.7,45.96671792172853,32903.31752811176,33231.75930670038,-328.4417785886253,-318.342813805975,-10.098964782650285,0.0069697493665321,-0.0013227321840302,0.009310002310063,Bear,True,False,False,44.32942877,0.07147684919985713,1.0006758887979998,14.0,7.0,6.0,1.0,0.9992924121428571
2015-12-10,33211.92,33039.28,33320.92,33039.28,0.58,49.39656085656912,32950.79483147918,33230.28972842628,-279.49489694710064,-310.5732304342001,31.078333487099485,0.0058043152900673,-0.0015195200300607,0.0091031555337169,Bear,True,False,False,44.32942877,0.23400901362692306,3.0421171771499997,13.0,6.0,3.0,4.0,0.9959811015384615
2015-12-11,33048.51,33225.98,33247.99,33033.37,-0.49,46.676118975844965,32965.82793432854,33216.824563357666,-250.9966290291268,-298.65791015318547,47.66128112405869,-0.00492022141448,-0.0015907440905327,0.0091249779787477,Bear,True,False,False,44.32942877,0.027256713510538454,0.3543372756369999,13.0,6.0,5.0,2.0,0.9498828061538462
2015-12-14,32757.82,33033.92,33033.92,32497.42,-0.88,42.2214816290019,32933.82671366261,33182.82422533117,-248.99751166856004,-288.7258304562604,39.728318787700346,-0.0087958579675756,-0.0017400533483667,0.0092215642025239,Bear,True,False,False,44.32942877,-0.4126974478896753,-6.0074732145950005,33.0,9.0,15.0,9.0,0.9992205565512265
2015-12-15,32467.04,32846.55,32994.15,32420.44,-0.89,38.28535207367885,32862.01337309913,33129.803171602936,-267.7897985038071,-284.53862406576974,16.748825561962633,-0.0088766590694985,-0.002359840106677,0.0092659468987182,Bear,True,False,False,44.32942877,-0.28534818460864286,-3.994874584521,14.0,4.0,8.0,2.0,0.9994140785714285
2015-12-16,32714.6,32535.11,32746.07,32535.11,0.76,43.14500409964391,32839.33439262234,33099.04738111383,-259.71298849149025,-279.57349695091386,19.860508459423613,0.0076249636554486,-0.0018074382149284,0.009524927266311,Bear,True,False,False,44.32942877,0.25230189665937497,4.0368303465499995,16.0,9.0,5.0,2.0,0.9954009418750001
2015-12-17,33109.54,32750.19,33162.05,32750.19,1.21,49.92010349472473,32880.904486065054,33099.82461214243,-218.92012607737703,-267.4428227762065,48.52269669882946,0.0120722857684336,-0.0011437047957804,0.0100190091790888,Bear,True,False,False,44.32942877,-0.0624830053221818,-0.6873130585439998,11.0,3.0,4.0,4.0,0.9848911863636364
2015-12-18,32777.04,33157.73,33176.72,32745.32,-1.0,45.05254095930497,32864.925334362735,33075.91464087262,-210.98930650988768,-256.1521195229428,45.162813013055086,-0.0100424228183175,-0.0015699746147246,0.010215169442155,Bear,True,False,False,44.32942877,0.14251388068628573,1.9951943296080001,14.0,7.0,5.0,2.0,0.9993711078571429
2015-12-21,32658.97,32743.49,32753.2,32490.25,-0.36,43.43301239742712,32833.23989830693,33045.029852659834,-211.7899543529056,-247.2796864889353,35.48973213602972,-0.0036022166736227,-0.0015668294009118,0.0102145000642267,Bear,True,False,False,44.32942877,-0.17257158611825937,-4.929553917423,36.0,12.0,17.0,7.0,0.9964373271969696
2015-12-22,32641.09,32771.32,32835.48,32617.47,-0.05,43.179870928532274,32803.678375490475,33015.10838209244,-211.43000660196407,-240.1097505115411,28.679743909576985,-0.0005474759308086,-0.0013550895247807,0.0101881963313044,Bear,True,False,False,44.32942877,0.27272040631454547,2.9999244694600002,11.0,6.0,3.0,2.0,0.9992803899999999
2015-12-23,32500.75,32682.49,32706.1,32489.58,-0.43,41.15247778159911,32757.074010030403,32977.0077611967,-219.93375116629613,-236.0745506424921,16.14079947619598,-0.0042994887731996,-0.0010164262000818,0.0099581496582927,Bear,True,False,False,44.32942877,-0.010446460800124985,-0.16714337280199976,16.0,5.0,5.0,6.0,0.985807723125
2015-12-28,32674.04,32561.2,32763.33,32560.26,0.53,44.610747421628346,32744.2995469488,32954.56570481176,-210.26615786295588,-230.91287208658488,20.646714223629004,0.0053318769566856,-0.0005683707436745,0.010035697525932,Bear,True,False,False,44.32942877,-0.35861114752848366,-9.678962706137,42.0,12.0,21.0,9.0,0.9905164156696429
2015-12-29,32811.89,32671.46,32952.42,32671.46,0.42,47.26561292956986,32754.698078187444,32943.99713408496,-189.2990558975144,-222.5901088487708,33.29105295125646,0.0042189456828722,-0.0001774018932193,0.0100636321426762,Bear,True,False,False,44.32942877,0.33274630373755554,2.994716733638,9.0,5.0,2.0,2.0,0.9993505422222222
2015-12-30,32825.03,32864.12,32961.78,32734.06,0.04,47.52381075963117,32765.518373850915,32935.18475378237,-169.6663799314556,-212.0053630653078,42.3389831338522,0.0004004645876845,0.0009121969191318,0.008738324876272,Bull,False,True,False,44.32942877,-0.24897393612333332,-2.98768723348,12.0,4.0,7.0,1.0,0.9989641541666666
2015-12-31,32816.31,32835.27,32856.02,32735.83,-0.03,47.358096938860506,32773.33247018154,32926.37921646516,-153.0467462836168,-200.2136397089696,47.16689342535278,-0.0002656509377143,0.0017450415083358,0.0076785583095196,Bull,False,True,False,44.32942877,0.4525413468862,4.525413468862,10.0,6.0,1.0,3.0,0.953707739
2016-01-01,33228.95,32841.49,33256.85,32828.36,1.26,55.30108605179991,32843.427474769,32948.791867097374,-105.36439232837438,-181.24379023285056,75.87939790447618,0.0125742351897577,0.0012959011762015,0.0066529235153842,Bull,False,True,False,32.97007821,-0.11424165988533333,-1.71362489828,15.0,6.0,8.0,1.0,0.9796087773333333
2016-01-04,33009.13,33265.58,33304.4,32968.63,-0.66,50.89541928827492,32868.92017095839,32953.26135842349,-84.34118746510649,-161.86326967930174,77.52208221419525,-0.0066153158616206,0.0006993056894714,0.0068066117101851,Bull,False,True,False,32.97007821,-0.24974645482723334,-3.996280279707,19.0,3.0,7.0,9.0,0.9995217295555555
2016-01-05,32983.47,32804.32,33027.33,32515.05,-0.08,50.390754530640265,32886.54322158017,32955.49903557731,-68.95581399714138,-143.28177854286966,74.32596454572828,-0.0007773606877853,0.0004412308591034,0.0067572176378299,Bull,False,True,False,32.97007821,-0.4565773208916667,-6.848659813375001,15.0,3.0,10.0,2.0,0.9846669366666667
2016-01-06,32968.26,33036.63,33123.53,32930.37,-0.05,50.07380354432399,32899.11503364476,32956.44429220122,-57.3292585564559,-126.09127454558693,68.76201598913102,-0.0004611400801673,0.0001955518654906,0.0066927184577716,Bull,False,True,False,32.97007821,-0.14256435126714287,-1.9959009177400002,14.0,5.0,7.0,2.0,0.9988390657142857
2016-01-07,32682.5,32964.65,32964.65,32652.39,-0.87,44.42073913814191,32865.78964385326,32936.15212240853,-70.36247855526744,-114.94551534752304,44.583036792255584,-0.0086677307203959,-0.0001437352218852,0.0069698463867914,Bear,True,False,False,32.97007821,-0.09074353498790912,-0.9981788848670002,11.0,4.0,5.0,2.0,0.9994366845454544
2016-01-08,32534.85,32716.16,32775.4,32476.63,-0.45,41.795211598154914,32814.87585249122,32906.42603926716,-91.55018677593762,-110.26644963320597,18.716262857268333,-0.0045177082536526,-0.0007181081028944,0.0068246006531253,Bear,True,False,False,32.97007821,0.35061217177454546,3.85673388952,11.0,7.0,3.0,1.0,0.99303331
2016-01-11,32320.05,32535.57,32555.21,32290.4,-0.66,38.25294545864478,32738.7487982618,32862.99077709922,-124.2419788374209,-113.06155547404894,-11.180423363371958,-0.0066021512316792,-0.0013384314289817,0.0067641167917051,Bear,True,False,False,32.97007821,-0.1249989468566549,-1.745552661403,35.0,10.0,12.0,13.0,0.9937124713464053
2016-01-12,32265.65,32275.02,32330.19,32005.46,-0.17,37.388685948128064,32665.964367759985,32818.74331212891,-152.77894436892166,-121.0050332530235,-31.77391111589816,-0.0016831657129242,-0.001176578643904,0.0067124312765678,Bear,True,False,False,32.97007821,-0.00043462293735292413,-0.0073885899349997106,17.0,7.0,7.0,3.0,0.9990435670588236
2016-01-13,32154.17,32323.39,32484.31,32059.54,-0.35,35.61298274121641,32587.226772719987,32769.515659378616,-182.28888665862905,-133.2618039341446,-49.02708272448445,-0.0034550675408678,-0.0009095391225686,0.0064961115143584,Bear,True,False,False,32.97007821,-0.3134611628311765,-5.32883976813,17.0,4.0,10.0,3.0,0.9798260641176469
2016-01-14,31441.02,32093.21,32093.21,31364.13,-2.22,26.833390623131848,32410.8872692246,32671.10857349872,-260.2213042741205,-158.6537040021398,-101.5676002719807,-0.022179082837467,-0.001574660310967,0.007886899854618,Bear,True,False,False,32.97007821,0.0708853930466875,1.134166288747,16.0,7.0,6.0,3.0,0.99509964625
2016-01-15,31001.49,31433.49,31637.22,30887.74,-1.4,23.060105670573748,32194.05692011312,32547.433123609928,-353.37620349680583,-197.59820390107305,-155.7779995957328,-0.0139795082983948,-0.0026548839086592,0.0080386242246132,Bear,True,False,False,32.97007821,0.2379742715143333,4.997459701801,21.0,12.0,7.0,2.0,0.9993984261904761
2016-01-18,30628.4,30901.0,30901.0,29785.0,-1.2,20.433490865667903,31953.186624711103,32405.282521861045,-452.0958971499422,-248.49774255084688,-203.5981545990953,-0.0120345828539208,-0.0038602273397769,0.0075036912984046,Bear,True,False,False,32.97007821,0.08174192442636775,2.0079173322379997,47.0,18.0,16.0,13.0,0.9991666248021979
2016-01-19,31092.61,30642.82,31136.3,30549.86,1.52,30.9691956931498,31820.790220909395,32308.047520241707,-487.257299332312,-296.24965390714,-191.00764542517203,0.0151561949040759,-0.0026002964536572,0.0084649697241942,Bear,True,False,False,32.97007821,-0.12479607911193749,-1.9967372657909999,16.0,6.0,8.0,2.0,0.999388401875
2016-01-20,30766.01,31079.31,31079.31,30689.84,-1.05,28.14543654208676,31658.516340769485,32193.82251874232,-535.3061779728341,-344.0609587202788,-191.24521925255533,-0.0105041037082446,-0.0029453908053883,0.0086467001888384,Bear,True,False,False,32.97007821,-0.2632104273526316,-5.0009981197,19.0,6.0,11.0,2.0,0.9961483921052632
2016-01-21,30751.8,30808.38,31029.17,30705.53,-0.05,28.025702728017933,31519.02151911264,32087.00603587252,-567.9845167598796,-388.845670328199,-179.13884643168063,-0.0004618733465925,-0.0029411106761775,0.0086479707257337,Bear,True,False,False,32.97007821,-0.12654640560653332,-1.898196084098,15.0,6.0,8.0,1.0,0.995950018
2016-01-22,30949.02,30771.42,30998.3,30771.42,0.64,32.32854943034785,31431.3289777107,32002.71077395604,-571.3817962453395,-425.3528955116272,-146.02890073371236,0.0064132831248902,-0.002405472081273,0.008887844668078,Bear,True,False,False,32.97007821,-0.29398335878882353,-4.99771709941,17.0,4.0,9.0,4.0,0.9992215835294118
2016-01-25,31065.13,31089.65,31322.59,30978.4,0.38,34.79987642612939,31374.990673447515,31933.2603462556,-558.2696728080773,-451.9362509709172,-106.33342183716007,0.0037516535257013,-0.0024844832528222,0.0088222226711689,Bear,True,False,False,32.97007821,0.3458780068524972,11.926311543212,41.0,21.0,10.0,10.0,0.981894819448193
2016-01-26,31074.38,30962.95,31140.11,30886.29,0.03,35.003520301763345,31328.74287753251,31869.63957986629,-540.8967023337791,-469.7283412434896,-71.16836109028947,0.0002977615094481,-0.0026805424614934,0.0087082440869775,Bear,True,False,False,32.97007821,-0.05478298286542107,-1.0408766744430002,19.0,7.0,9.0,3.0,0.9508035842105264
2016-01-27,31101.38,31146.57,31386.21,31065.72,0.09,35.6354609812326,31293.76397329674,31812.73146283916,-518.9674895424141,-479.57617090327454,-39.39131863913957,0.0008688829833451,-0.0026571215417104,0.0087175915078316,Bear,True,False,False,32.97007821,-0.39225923535176926,-5.099370059573,13.0,2.0,7.0,4.0,0.9906158207692308
2016-01-28,31193.73,31119.17,31247.85,31052.13,0.3,37.860868126226016,31278.374131251087,31766.879502628846,-488.5053713777597,-481.3620109981716,-7.143360379588103,0.0029693216185262,-0.0024953729138984,0.0087939755420956,Bear,True,False,False,32.97007821,0.22982057800692307,2.98766751409,13.0,8.0,5.0,0.0,0.9985855546153846
2016-01-29,31298.6,31267.6,31461.52,31261.36,0.34,40.38168648478446,31281.485803366304,31732.19213206375,-450.7063286974444,-475.2308745380262,24.524545840581823,0.0033618935600199,-0.0029559899953853,0.0081831573854251,Bear,True,False,False,32.97007821,0.4201580424182667,6.302370636274,15.0,8.0,2.0,5.0,0.9781205213333333
2016-02-01,31878.15,31417.13,31889.51,31416.82,1.85,51.97630080743178,31373.280295156103,31743.00382598495,-369.7235308288473,-454.1294057961904,84.40587496734315,0.01851680266849,-0.0016993840688797,0.0094267989236677,Bear,True,False,False,40.15397179,-0.025464627348925115,-0.7761217006350001,40.0,16.0,17.0,7.0,0.9943587614102564
2016-02-02,31960.61,31866.77,32172.53,31866.77,0.26,53.36598628873431,31463.63871128593,31759.122801837915,-295.4840905519813,-422.4003427473487,126.91625219536728,0.0025867247628861,-0.0015311797963462,0.0094740114586513,Bear,True,False,False,40.15397179,0.1369978295758333,1.6439739549099999,12.0,7.0,5.0,0.0,0.9701230933333332
2016-02-03,32084.06,31886.11,32183.73,31778.81,0.39,55.444691077545485,31559.08814031887,31783.192223924,-224.10408360512884,-382.7410909189047,158.63700731377588,0.0038625670786633,-0.0013149944384046,0.0095487496217325,Bear,True,False,False,40.15397179,0.3784020825235333,5.676031237853,15.0,10.0,4.0,1.0,0.9785771706666666
2016-02-04,32478.98,32134.78,32504.12,32134.78,1.23,61.37599339638752,31700.6099648852,31834.73205918889,-134.12209430368966,-333.0172915958617,198.89519729217204,0.0123089160162397,-0.0002661621015728,0.0098460277517066,Bear,True,False,False,40.15397179,-0.13332086055666667,-1.99981290835,15.0,6.0,8.0,1.0,0.9993448753333334
2016-02-08,32706.22,32474.6,32851.23,32463.44,0.7,64.3193550840655,31855.319201056704,31899.286721471188,-43.96752041448417,-275.20733735958623,231.2398169451021,0.006996525137181,0.0003095495679688,0.0099206936567113,Bear,True,False,False,40.15397179,-0.028519955329765624,-0.21948816290099948,48.0,17.0,18.0,13.0,0.9874532677604166
2016-02-09,32444.2,32710.82,32716.32,32421.02,-0.8,58.75908743500119,31945.916247047982,31939.65066802888,6.265579019105644,-218.9127540838479,225.1783331029536,-0.0080113201709033,0.0002390911210076,0.009977208415047,Bear,True,False,False,40.15397179,0.6661280798826666,9.99192119824,15.0,11.0,1.0,3.0,0.9995605160000001
2016-02-10,32144.59,32401.41,32464.18,32104.55,-0.92,53.10578294009929,31976.48143980983,31954.831359286,21.65008052383564,-170.80018716231118,192.4502676861468,-0.0092346243704576,-0.000138481811869,0.0101943071184316,Bear,True,False,False,40.15397179,0.2996064000507692,3.89488320066,13.0,8.0,4.0,1.0,0.9940617753846154
2016-02-11,31820.54,32150.97,32204.38,31782.57,-1.01,47.75423265027343,31952.49044906986,31944.88385119073,7.606597879123001,-135.11883015402435,142.72542803314735,-0.0100810120769933,-0.0004697790386753,0.0104130815121591,Bear,True,False,False,40.15397179,0.3002156764923529,5.10366650037,17.0,11.0,5.0,1.0,0.97317552
2016-02-12,31464.16,31838.37,31911.96,31389.2,-1.12,42.66245302314802,31877.362687674497,31909.27467702846,-31.9119893539646,-114.4774619940124,82.5654726400478,-0.0111996842291174,7.919089174214244e-05,0.0094535504309955,Bear,True,False,False,40.15397179,-1.1840864846154234e-05,-0.00015393124300000505,13.0,5.0,5.0,3.0,0.9993729930769231
2016-02-15,31928.15,31604.18,31970.85,31604.18,1.47,50.11952431619457,31885.17612033996,31910.672849100425,-25.496728760466794,-96.68131534730328,71.18458658683649,0.0147466196459717,0.0015154972889604,0.0093871401992411,Bull,False,True,False,40.15397179,0.3331538498941667,1.0068705164599998,29.0,13.0,12.0,4.0,0.9991384258333333
2016-02-16,31673.16,32026.39,32159.26,31608.7,-0.8,46.537477657168296,31852.55825567228,31893.07930472261,-40.52104905034139,-85.44926208791091,44.92821303756952,-0.0079863693950322,0.0017179079619049,0.0091194154310442,Bull,False,True,False,40.15397179,-0.28540191166421425,-3.9956267632989997,14.0,3.0,7.0,4.0,0.9995224328571428
2016-02-17,31469.7,31705.86,31705.86,31334.41,-0.64,43.84480818181154,31793.656985568847,31861.71787474316,-68.06088917431407,-81.97158750519155,13.91069833087748,-0.0064237354277248,0.0006389114453148,0.0087133447253802,Bull,False,True,False,40.15397179,0.12842440370384614,1.6695172481499998,13.0,7.0,5.0,1.0,0.9660960384615385
2016-02-18,31282.44,31577.75,31707.89,31249.36,-0.6,41.466706544362125,31715.00821855825,31818.80840253996,-103.80018398170796,-86.33730680049484,-17.462877181213116,-0.0059504857052975,0.0008665923454622,0.0084627410826675,Bull,False,True,False,40.15397179,0.5449975678654545,5.99497324652,11.0,8.0,2.0,1.0,0.9994242290909091
2016-02-19,31011.77,31295.0,31295.0,30946.36,-0.87,38.23828367184903,31606.81772339545,31759.0277801296,-152.21005673414766,-99.5118567872254,-52.69819994692224,-0.0086524580563408,0.0004570631099748,0.0087245417963709,Bull,False,True,False,40.15397179,0.1668770153075,2.00252418369,12.0,7.0,5.0,0.0,0.99909269
2016-02-22,30677.68,31027.35,31062.84,30599.74,-1.08,34.65213038608924,31463.873458257687,31678.92794456444,-215.05448630675528,-122.6203826911314,-92.43410361562388,-0.0107730065068842,-0.0004022513716139,0.0089504614428057,Bear,True,False,False,40.15397179,-0.10627316354514733,-5.950744498868,45.0,15.0,21.0,9.0,0.9951118272690272
2016-02-23,30564.5,30731.01,30841.53,30275.61,-0.37,33.50571949545753,31325.50831083343,31596.37772644856,-270.8694156151287,-152.27018927593087,-118.5992263391978,-0.0036893272242229,-0.0007743004091101,0.0089233165087247,Bear,True,False,False,40.15397179,-0.1925988449133846,-2.503784983874,13.0,4.0,7.0,2.0,0.9575108353846153
2016-02-24,30786.6,30506.85,30897.44,30474.37,0.73,37.850908763286206,31242.59933993598,31536.394191156072,-293.7948512200928,-180.5751216647633,-113.21972955532954,0.007266600140686,-0.0004258584775482,0.0091016612193477,Bear,True,False,False,40.15397179,-0.33283907575759997,-4.992586136363999,15.0,4.0,9.0,2.0,0.9993487333333333
2016-02-25,30802.53,30828.91,30936.71,30712.85,0.05,38.16303085074794,31174.896364561213,31482.033880700063,-307.13751613885324,-205.88760055958127,-101.24991557927196,0.0005174329091228,-0.0004434309812593,0.0090993688890918,Bear,True,False,False,40.15397179,-0.39550206209757144,-5.537028869366,14.0,2.0,8.0,4.0,0.9668522857142857
2016-02-26,31294.08,30856.24,31329.74,30856.24,1.6,47.00695838506632,31193.232308474875,31468.111371018585,-274.8790625437068,-219.6858929564064,-55.19316958730042,0.0159581047400978,0.0002060081748192,0.0097928541046341,Bear,True,False,False,40.15397179,0.4413199066996875,7.061118507195,16.0,11.0,4.0,1.0,0.99701224375
2016-02-29,31369.51,31303.18,31434.61,31219.14,0.24,48.2305365954755,31220.35195332489,31460.807565757947,-240.455612433052,-223.8398368517356,-16.615775581316484,0.0024103600425382,0.0001584314989451,0.009779016532644,Bear,True,False,False,40.15397179,-0.3870070187431324,-13.757626939324,41.0,8.0,23.0,10.0,0.9765224838131655
2016-03-01,31509.11,31384.67,31538.65,31321.7,0.45,50.50811269375836,31264.776268197988,31464.38552384995,-199.6092556519616,-218.9937206117808,19.384464959819184,0.0044501810834789,-0.0005448995803054,0.0088509587732972,Bear,True,False,False,36.17503303,-0.016402316837571443,-0.2296324357260002,14.0,5.0,6.0,3.0,0.9714266221428571
2016-03-02,31772.9,31532.79,31876.16,31532.79,0.84,54.574910818233846,31342.949150013683,31487.23844800921,-144.2892979955286,-204.0528360885304,59.76353809300173,0.0083718645179124,-0.0002556425925541,0.0090509614836235,Bear,True,False,False,36.17503303,0.06781409179533335,1.0172113769300002,15.0,8.0,7.0,0.0,0.9987836506666666
2016-03-03,32146.58,31849.86,32233.43,31849.86,1.18,59.63491297701108,31466.5846653962,31536.07856297149,-69.49389757529934,-177.14104838588415,107.6471508105848,0.0117609661063358,0.0001392773588295,0.0094054804017008,Bear,True,False,False,36.17503303,-0.20479571972714283,-2.8671400761799997,14.0,5.0,8.0,1.0,0.9903267892857143
2016-03-04,32441.74,32236.49,32480.39,32236.49,0.92,63.12862113019256,31616.60856302755,31603.164595343973,13.443967683575464,-139.02404517199224,152.4680128555677,0.0091816921115714,-1.708383640389721e-05,0.0092166164392875,Bear,True,False,False,36.17503303,0.48711265408675003,5.845351849041,12.0,8.0,2.0,2.0,0.9872874083333333
2016-03-07,33022.6,32463.9,33029.62,32463.9,1.79,68.84373370689826,31832.914937946385,31708.307958651825,124.60697929456,-86.29784027868179,210.9048195732418,0.0179047116461692,0.0005283254890455,0.0099472952394345,Bear,True,False,False,36.17503303,0.2122241167823368,4.016731386969,31.0,16.0,12.0,3.0,0.9990521236752136
2016-03-08,33032.85,33083.69,33210.52,32933.29,0.03,68.93523780022926,32017.52033210848,31806.42218393688,211.0981481716044,-26.81864258862456,237.91679076022896,0.0003103934880961,0.0009444111719954,0.0097432415698416,Bull,False,True,False,36.17503303,0.020005906969199995,0.10002953484599997,5.0,2.0,2.0,1.0,0.9680944800000001
2016-03-09,32957.98,32984.48,33086.51,32893.07,-0.23,67.37860638741624,32162.206434861026,31891.72276290452,270.48367195650644,32.64182032040164,237.8418516361048,-0.0022665316495548,0.0012928158080406,0.0094811559446755,Bull,False,True,False,36.17503303,0.3331514946233333,0.99945448387,3.0,2.0,1.0,0.0,0.99882273
2016-03-10,32710.56,33030.94,33080.36,32671.23,-0.75,62.36663612963629,32246.56852180548,31952.37737305973,294.1911487457437,84.95168600547007,209.23946274027364,-0.0075071348426087,0.0014215096697598,0.0093349878679268,Bull,False,True,False,36.17503303,0.19008267100215384,2.471074723028,13.0,6.0,4.0,3.0,0.9811016976923077
2016-03-11,32669.16,32716.67,32757.62,32523.19,-0.13,61.54172652735996,32311.582595373868,32005.47238246272,306.1102129111496,129.183391386606,176.92682152454358,-0.0012656463233892,0.0019182115650462,0.0088813523977143,Bull,False,True,False,36.17503303,0.14264777485878571,1.997068848023,14.0,7.0,5.0,2.0,0.9994198385714286
2016-03-14,32738.56,32708.3,32878.66,32708.3,0.21,62.43861703102554,32377.271426854808,32059.77516894696,317.4962579078456,166.84596469085392,150.65029321699166,0.0021243276533586,0.0012870969654156,0.0083546340907908,Bull,False,True,False,36.17503303,-0.05635180780492308,-3.6906158893450005,37.0,12.0,16.0,9.0,0.9915114771634616
2016-03-15,32623.02,32749.23,32769.18,32585.79,-0.35,59.93267577397493,32415.07889964637,32101.497008284223,313.58189136214787,196.19315002511271,117.38874133703516,-0.0035291717167768,0.0015099568493283,0.0081512163772707,Bull,False,True,False,36.17503303,0.3329337694964167,3.995205233957,12.0,7.0,3.0,2.0,0.9993784925
2016-03-16,32891.08,32661.76,32941.44,32654.82,0.82,63.58433459817233,32488.30983816232,32159.98463730021,328.32520086210207,222.6195601925106,105.70564066959147,0.0082168971480875,0.002241988478119,0.008058099583537,Bull,False,True,False,36.17503303,0.128703533775,1.6731459390749999,13.0,6.0,4.0,3.0,0.9869568215384615
2016-03-17,32957.75,32994.52,33116.26,32937.76,0.2,64.45208946446728,32560.53140152196,32219.078367870567,341.4530336513926,246.38625488428696,95.06677876710565,0.0020269933367951,0.0026408624302236,0.0078253097807767,Bull,False,True,False,36.17503303,0.18194875948854544,2.001436354374,11.0,5.0,3.0,3.0,0.9990746918181818
2016-03-18,33080.4,32968.58,33145.62,32942.26,0.37,66.05463744135344,32640.5111859032,32282.879970250528,357.6312156526692,268.63524703796344,88.99596861470576,0.0037214312263429,0.0032595568943578,0.007360802568689,Bull,False,True,False,36.17503303,0.3679546378386,5.519319567579,15.0,9.0,3.0,3.0,0.980151978
2016-03-21,33022.87,33081.69,33164.99,33000.46,-0.17,64.58390799628869,32699.335618841167,32337.694046528264,361.641572312903,287.23651209295133,74.40506021995168,-0.0017390962624393,0.00371125240658,0.0067020813566267,Bull,False,True,False,36.17503303,0.1097224109899841,3.734027982996,28.0,11.0,6.0,11.0,0.9830838205952381
2016-03-22,32928.3,33084.45,33191.08,32868.07,-0.29,62.1347992344218,32734.56090825022,32381.44263567432,353.118272575899,300.41286418954087,52.70540838635816,-0.0028637728943607,0.0037525301230731,0.00665648989825,Bull,False,True,False,36.17503303,0.17715683355909093,1.9487251691500003,11.0,6.0,4.0,1.0,0.9963741418181818
2016-03-24,32801.88,32883.44,32941.17,32778.41,-0.38,58.91831694879386,32744.91769159634,32412.58614414289,332.3315474534502,306.79660084232273,25.53494661112745,-0.0038392507356895,0.0031972375792544,0.0068093888352347,Bull,False,True,False,36.17503303,0.13727215004403848,3.566898511225,20.0,11.0,7.0,2.0,0.9819800302747252
2016-03-25,32876.55,32807.29,32905.67,32777.11,0.23,60.22791982271053,32765.16881596613,32446.95383716934,318.21497879679373,309.08027643321697,9.134702363576764,0.0022763939140075,0.0032851856294986,0.0067842683842219,Bull,False,True,False,36.17503303,-0.06664499234335713,-0.9330298928069999,14.0,6.0,7.0,1.0,0.9946983435714286
2016-03-28,32904.32,32835.0,32986.89,32736.74,0.08,60.72930830627411,32786.576690432885,32480.83281219384,305.7438782390491,308.4129967943834,-2.6691185553343075,0.0008446750039161,0.0025295141426895,0.0061062180477391,Bull,False,True,False,36.17503303,0.2283291389814114,7.908173588226001,35.0,18.0,10.0,7.0,0.9872831597619047
2016-03-29,32879.67,32921.06,33000.68,32854.33,-0.07,60.00617606159458,32800.8987380586,32510.376307586885,290.52243047171214,304.83488352984915,-14.31245305813701,-0.0007491417540311,0.002371539052861,0.0061501747612891,Bull,False,True,False,36.17503303,0.07564888053880002,1.1347332080820003,15.0,7.0,5.0,3.0,0.970614854
2016-03-30,32922.4,32880.99,32998.54,32863.62,0.13,60.87586666066517,32819.59123989574,32540.89658109897,278.69465879676864,299.60683858323307,-20.912179786464435,0.0012995872525485,0.0022140093613145,0.0061344598620799,Bull,False,True,False,36.17503303,0.06696071038553332,1.0044106557829997,15.0,7.0,6.0,2.0,0.9989610146666668
2016-03-31,33139.0,32910.47,33188.35,32910.47,0.66,65.02741263587413,32868.731049142545,32585.2005380546,283.53051108794534,296.39157308417555,-12.861061996230204,0.0065791072339804,0.0021243714971179,0.0060522921215384,Bull,False,True,False,36.17503303,0.328055815528,3.28055815528,10.0,7.0,3.0,0.0,0.956256117
2016-04-01,33449.62,33129.75,33467.47,33121.92,0.94,69.95167355545892,32958.09858004369,32649.231609309816,308.86697073387404,298.88665261411523,9.980318119758806,0.0093732460243218,0.0020049854930172,0.005873095321502,Bull,False,True,False,30.02175999,0.4488985660445455,4.9378842264900005,11.0,8.0,3.0,0.0,0.9946116063636363
2016-04-04,33808.42,33476.49,33829.32,33372.95,1.07,74.43031568857582,33088.91726003697,32735.09741602761,353.8198440093656,309.87329089316535,43.94655311620028,0.0107265792556088,0.0020822298502191,0.0059816098454038,Bull,False,True,False,30.02175999,-0.054718307094928566,-1.8388909105219997,25.0,8.0,10.0,7.0,0.9926278844805194
2016-04-05,33766.49,33815.77,33951.41,33714.06,-0.12,73.0598692248568,33193.15922003128,32811.49686669223,381.66235333905206,324.23110338234267,57.431249956709394,-0.0012402235892715,0.001124983088447,0.0047137805250359,Bull,False,True,False,30.02175999,0.2511124968555,3.013349962266,12.0,7.0,4.0,1.0,0.9977227691666667
2016-04-06,33946.37,33815.86,34032.65,33815.86,0.53,75.17189174067563,33309.03780156493,32895.56154323355,413.4762583313859,342.0801343721513,71.39612395923461,0.0053271749595531,0.0013758221620199,0.0048008292343693,Bull,False,True,False,30.02175999,-0.08297613060233333,-0.995713567228,12.0,5.0,6.0,1.0,0.9992741866666667
2016-04-07,33896.03,34034.94,34058.06,33870.8,-0.15,73.43677985384232,33399.34429363187,32969.67031780884,429.6739758230251,359.59890266232605,70.07507316069905,-0.0014829273350878,0.0014150023777432,0.0047726538519844,Bull,False,True,False,30.02175999,0.28581641189275003,3.429796942713,12.0,7.0,3.0,2.0,0.9556548791666667
2016-04-08,33967.54,33893.72,33993.98,33877.24,0.21,74.3427630459721,33486.759017688506,33043.58659056375,443.17242712475854,376.31360755481256,66.85881956994598,0.0021096865916157,0.0018958434494545,0.0042860861908941,Bull,False,True,False,30.02175999,0.08329148141625,0.9994977769949999,12.0,6.0,5.0,1.0,0.9994726608333333
2016-04-11,33566.22,34015.06,34154.7,33547.87,-1.18,61.63726999583901,33498.98378419797,33082.30017644791,416.68360775005567,384.3876075938612,32.29600015619445,-0.0118148090794917,0.0013683853116493,0.0052388372319912,Bull,False,True,False,30.02175999,0.15839598700521765,1.9932764105420007,29.0,10.0,8.0,11.0,0.9993067789607842
2016-04-12,33616.9,33578.03,33675.59,33415.93,0.15,62.50866333368194,33517.12474047521,33121.90016337769,395.2245770975133,386.5550014945917,8.669575602921554,0.0015098512730953,0.0013376614926362,0.0052359716338332,Bull,False,True,False,30.02175999,0.4277526449805714,5.988537029728,14.0,9.0,3.0,2.0,0.9990580321428572
2016-04-13,33646.1,33676.66,33785.64,33471.92,0.09,63.02972407203483,33536.9670880944,33160.72978090528,376.237307189127,384.4914626334988,-8.254155444371747,0.0008686107285322,0.0015575506149016,0.0051116971054789,Bull,False,True,False,30.02175999,0.2141595563057143,2.99823378828,14.0,8.0,5.0,1.0,0.9994864921428571
2016-04-14,33767.59,33672.92,33814.8,33605.63,0.36,65.19701063721689,33572.44753607988,33205.68238972711,366.7651463527727,380.9461993773536,-14.181053024580876,0.0036108196789523,0.0013272467414449,0.0048950443188296,Bull,False,True,False,30.02175999,0.325524306253,2.929718756277,9.0,5.0,2.0,2.0,0.9955907988888888
2016-04-15,33767.12,33793.61,33917.46,33736.75,0.0,65.1810912156717,33602.39714591375,33247.270360858434,355.1267850553122,375.7823165129453,-20.65553145763312,-1.3918671720292153e-05,0.0012252011410191,0.0049009587250018,Bull,False,True,False,30.02175999,0.0908891066398182,0.9997801730380002,11.0,5.0,4.0,2.0,0.9990477081818182
2016-04-18,33759.97,33700.47,33832.85,33632.83,-0.02,64.92138625119426,33626.63912346548,33285.24811190596,341.39101155952085,368.9040555222605,-27.51304396273963,-0.0002117444425228,0.0010285423575758,0.0048743619635823,Bull,False,True,False,30.02175999,-0.14671410312917085,-6.126775576582,34.0,10.0,16.0,8.0,0.9953259278333334
2016-04-19,33729.62,33763.08,33886.44,33676.66,-0.09,63.76008511776561,33642.48233524003,33318.164548061075,324.31778717895213,359.9868018535988,-35.66901467464669,-0.000898993689864,0.0010705474862046,0.0048528286355534,Bull,False,True,False,30.02175999,-0.27234011677545455,-2.99574128453,11.0,4.0,7.0,0.0,0.9993876563636364
2016-04-20,33619.84,33755.82,33757.29,33599.45,-0.33,59.60670754633847,33638.99889904926,33340.51087783433,298.4880212149292,347.6870457258649,-49.19902451093572,-0.0032547061010472,0.0010510008258703,0.0048702656895718,Bull,False,True,False,30.02175999,-0.36260076314546663,-5.439011447182,15.0,4.0,9.0,2.0,0.9699685473333334
2016-04-21,33572.13,33619.81,33916.69,33495.37,-0.14,57.84320635509916,33628.711376118605,33357.6678498466,271.0435262720057,332.3583418350931,-61.31481556308739,-0.0014191025299347,0.001172008236158,0.0047714295785574,Bull,False,True,False,30.02175999,0.38444796873,4.99782359349,13.0,8.0,3.0,2.0,0.9993306507692308
2016-04-22,33739.54,33603.67,33848.39,33599.3,0.5,62.08235498102709,33645.76193363882,33385.95467578389,259.8072578549327,317.848125039061,-58.04086718412833,0.0049865766634409,0.0013075173736297,0.0048424019391954,Bull,False,True,False,30.02175999,-0.14329395135928572,-2.00611531903,14.0,5.0,7.0,2.0,0.9988880421428571
2016-04-25,33684.56,33764.95,33785.74,33498.75,-0.16,59.950242852824445,33651.73086692516,33408.073588688785,243.6572782363728,303.0099556785234,-59.35267744215059,-0.0016295420743733,0.0011838065197152,0.0048862550610339,Bull,False,True,False,30.02175999,-0.11530318741206554,0.9989411202750001,33.0,14.0,13.0,6.0,0.9995016016524216
2016-04-26,33847.74,33711.98,34027.17,33702.78,0.48,63.91170161551317,33681.88611816744,33440.64147100814,241.2446471592993,290.6568939746786,-49.41224681537926,0.0048443559898065,0.0014634814069071,0.0049296805407952,Bull,False,True,False,30.02175999,0.23041402418307694,2.99538231438,13.0,8.0,5.0,0.0,0.999218313076923
2016-04-27,34269.28,33933.82,34307.3,33917.55,1.25,71.69937635114898,33772.254407680135,33502.02210278531,270.23230489482376,286.5719761587077,-16.33967126388393,0.0124540072690229,0.0020212024077308,0.0055073013622034,Bull,False,True,False,30.02175999,0.22793514452207692,2.9631568787869997,13.0,6.0,3.0,4.0,0.9974529353846153
2016-04-28,34503.64,34323.31,34580.97,34323.31,0.68,74.93751150482947,33884.77526803704,33576.21602109751,308.55924693952693,290.96943031487154,17.589816624655384,0.0068387780542806,0.0020341859487458,0.0055189060932053,Bull,False,True,False,30.02175999,0.5708587320054286,7.992022248076,14.0,10.0,2.0,2.0,0.9994938435714286
2016-04-29,34719.29,34591.87,34881.67,34458.79,0.63,77.4897958448062,34013.1621498775,33660.88816768288,352.2739821946161,303.23034069082047,49.04364150379564,0.006250065210511,0.0018780269080553,0.0053416550120323,Bull,False,True,False,30.02175999,0.09788732561368753,1.5661972098190005,16.0,7.0,5.0,4.0,0.97282542375
2016-05-02,34567.52,34727.2,34806.66,34489.97,-0.44,71.93739600110061,34098.44797297327,33728.04608118785,370.4018917854192,316.6646509097402,53.737240875678935,-0.0043713451513555,0.001123130687707,0.0050860629665963,Bull,False,True,False,44.15577997,0.21496081632635067,7.883039302477,37.0,18.0,10.0,9.0,0.9978058738437001
2016-05-03,34897.3,34557.37,34923.19,34474.49,0.95,75.96703891382847,34221.348284823536,33814.657482581344,406.69080224219215,334.6698811762306,72.02092106596155,0.0095401695001551,0.0016621503421784,0.0053848860061094,Bull,False,True,False,44.15577997,-0.07157258064253336,-1.0735887096380003,15.0,4.0,6.0,5.0,0.9686593086666666
2016-05-04,35317.56,34919.15,35440.37,34919.15,1.2,79.92348573374352,34389.996241004534,33925.983594982725,464.0126460218089,360.5384341453463,103.47421187646262,0.012042765486155,0.0019979298685085,0.005817454481275,Bull,False,True,False,44.15577997,-0.28246083089714286,-3.9544516325599997,14.0,5.0,9.0,0.0,0.997933525
2016-05-05,35941.47,35351.68,35961.99,35351.68,1.77,84.10662828003137,34628.68451161922,34075.278884243264,553.4056273759561,399.1118727914683,154.29375458448783,0.0176657164311464,0.0029553620568202,0.0067201284338786,Bull,False,True,False,44.15577997,-0.00538015035584615,-0.06994195462599995,13.0,5.0,5.0,3.0,0.9966583592307692
2016-05-06,35973.68,35983.78,36203.51,35832.32,0.09,84.28863264227115,34835.60689444703,34215.901189114134,619.7057053328972,443.2306392997541,176.4750660331431,0.0008961792603363,0.0028946866902562,0.006733630576143,Bull,False,True,False,44.15577997,0.18737685831475,2.998029733036,16.0,8.0,5.0,3.0,0.999530565625
2016-05-09,36234.99,36089.7,36303.86,36089.7,0.73,85.71758393359997,35050.89660299364,34365.463323253825,685.4332797398165,491.67116738776656,193.76211235205,0.0072639218450822,0.0038486232364849,0.005831019073779,Bull,False,True,False,44.15577997,0.19501495506486244,8.828749560443,41.0,19.0,10.0,12.0,0.9937890518518518
2016-05-10,36265.12,36179.68,36339.42,36037.8,0.08,85.87708208794274,35237.70020253308,34506.17863264243,731.5215698906468,539.6412478883426,191.88032200230413,0.0008315167190608,0.0038147065087832,0.0058472888719523,Bull,False,True,False,44.15577997,-0.14270107822935715,-1.997815095211,14.0,4.0,6.0,4.0,0.9994233678571429
2016-05-11,36266.23,36358.2,36412.23,36231.58,0.0,85.88333661637103,35395.93555598953,34636.552808002256,759.3827479872707,583.5895479081282,175.79320007914248,3.060792298503756e-05,0.0037728063685058,0.0058724592051847,Bull,False,True,False,44.15577997,0.3842704434071538,4.995515764293,13.0,8.0,3.0,2.0,0.9995175792307692
2016-05-12,36048.76,36260.2,36448.43,36016.66,-0.6,78.5441946896352,35496.37008583729,34741.16074815024,755.2093376870544,617.9135058639134,137.29583182314093,-0.0059964876415332,0.0032924410024816,0.0062661480373096,Bull,False,True,False,44.15577997,0.1658015548336154,2.155420212837,13.0,6.0,4.0,3.0,0.9605108207692308
2016-05-13,36122.49,36052.38,36123.37,35957.21,0.2,79.19337824868055,35592.6962264777,34843.48143347244,749.2147930052597,644.1737632921827,105.04102971307702,0.0020452853302026,0.0033954012025777,0.0062257486559057,Bull,False,True,False,44.15577997,-0.21990348012599997,-2.19903480126,10.0,3.0,5.0,2.0,0.989258925
2016-05-16,36125.37,36173.3,36241.57,36090.5,0.01,79.21982697662087,35674.64603778883,34938.43614210411,736.2098956847185,662.5809897706899,73.62890591402856,7.972872302008938e-05,0.0034099748608548,0.0062171956644038,Bull,False,True,False,44.15577997,-0.07531277744653922,-5.275318988799,29.0,7.0,13.0,9.0,0.9737946544117647
2016-05-17,36137.12,36215.94,36390.41,36100.02,0.03,79.33524233280917,35745.79587812901,35027.22753898529,718.5683391437196,673.7784596452959,44.78987949842372,0.0003252561842272,0.0034711873545594,0.0061784440922294,Bull,False,True,False,44.15577997,-0.06828135666399998,-0.6145322099759999,9.0,2.0,3.0,4.0,0.9553894511111112
2016-05-18,36318.21,36197.15,36366.2,36180.5,0.5,81.07941796397225,35833.85958918608,35122.85586943082,711.0037197552592,681.2235116672887,29.78020808797055,0.0050111907091654,0.00388448219507,0.0059780650437,Bull,False,True,False,44.15577997,-0.08770329396141667,-1.052439527537,12.0,4.0,5.0,3.0,0.996608735
2016-05-19,36685.05,36321.76,36809.31,36321.76,1.01,84.02154591604668,35964.81196008053,35238.57395317669,726.2380069038409,690.2264107145992,36.011596189241686,0.0101007180695305,0.0044604732250433,0.0059951130793378,Bull,False,True,False,44.15577997,-0.24344653652363635,-2.67791190176,11.0,4.0,7.0,0.0,0.9848436281818181
2016-05-20,36693.5,36721.78,36848.02,36646.97,0.02,84.08294395739563,36076.91781237583,35346.34625294138,730.571559434451,698.2954404585696,32.276118975881445,0.0002303390618247,0.0042226613449625,0.0060670481691618,Bull,False,True,False,44.15577997,-0.22140894209999998,-1.9926804788999999,9.0,3.0,5.0,1.0,0.9989279922222222
2016-05-23,36723.35,36725.57,36751.43,36433.48,0.08,84.3122693740967,36176.36891816417,35448.34653050128,728.0223876628879,704.2408298994333,23.781557763454657,0.0008134955782359,0.004344813227593,0.0059667857033609,Bull,False,True,False,44.15577997,0.055477100236111104,0.9972926491200002,30.0,11.0,10.0,9.0,0.9991245138888889
2016-05-24,36582.35,36740.33,36794.07,36553.78,-0.38,78.55492355039414,36238.82754613891,35532.346787501185,706.4807586377283,704.6888156470923,1.7919429906360165,-0.0038395189981306,0.0039106194781961,0.0062383000709802,Bull,False,True,False,44.15577997,-0.3633153939434546,-3.996469333378,11.0,3.0,7.0,1.0,0.9993413318181819
2016-05-25,36499.43,36583.53,36767.24,36483.21,-0.23,75.29848677657304,36278.92023134831,35603.98258101962,674.9376503286912,698.7385825834122,-23.80093225472092,-0.0022666668489038,0.0031745857722998,0.0060425937565814,Bull,False,True,False,44.15577997,-0.33254639103775,-2.660371128302,8.0,1.0,4.0,3.0,0.95746812125
2016-05-26,36540.97,36565.77,36683.09,36461.95,0.11,75.83884140813922,36319.23558037165,35673.38905649965,645.8465238720019,688.1601708411301,-42.313646969128285,0.0011380999648487,0.0028895518678282,0.00599491859242,Bull,False,True,False,44.15577997,-0.16633978186366669,-0.9980386911820001,6.0,2.0,3.0,1.0,0.9993964133333333
2016-05-27,36694.26,36549.96,36775.8,36531.41,0.42,77.77126398526286,36376.93164492986,35749.00912638856,627.9225185412943,676.1126403811629,-48.19012183986865,0.0041950172641831,0.0027867994705118,0.0059517443641019,Bull,False,True,False,44.15577997,0.796299380202,7.96299380202,10.0,9.0,1.0,0.0,0.9979392020000001
2016-05-30,36234.69,36666.05,36684.26,36183.8,-1.25,61.81004848895734,36355.04831494065,35784.98548739682,570.0628275438285,654.9026778136961,-84.83985026986761,-0.0125243021660608,0.0023791516197765,0.0066999969443452,Bull,False,True,False,44.15577997,-0.030664766743449496,-0.9099037647429998,27.0,11.0,13.0,3.0,0.9699918981616161
2016-05-31,36061.56,36199.51,36414.38,35947.74,-0.48,57.05913291405764,36309.89626648824,35805.47248833039,504.4237781578486,624.8068978825266,-120.38311972467808,-0.0047780179711763,0.0016632422462099,0.0066593961986363,Bull,False,True,False,44.15577997,0.2844756556967143,1.991329589877,7.0,4.0,2.0,1.0,0.9990046885714285
2016-06-01,36496.16,36046.97,36518.58,36044.6,1.21,64.44668288428059,36338.55222549005,35856.63452623184,481.917699258207,596.2290581576627,-114.31135889945574,0.0120516139623467,0.0016636846700195,0.0066601223206212,Bull,False,True,False,55.66437913,0.6985425180056,6.985425180056,10.0,8.0,1.0,1.0,0.99903473
2016-06-02,36839.14,36483.2,36880.86,36483.2,0.94,68.98199555314613,36415.56572926081,35929.41270947392,486.1530197868851,574.2138504835073,-88.06083069662213,0.0093977010184083,0.0012502838993826,0.0058179366103405,Bull,False,True,False,55.66437913,0.49894472650183336,2.993668359011,6.0,4.0,1.0,1.0,0.9991849066666667
2016-06-03,37223.0,36893.32,37360.88,36893.32,1.04,73.11549511289778,36539.78638629761,36025.23399025363,514.552396043975,562.2815595956008,-47.72916355162579,0.0104198957956129,0.0017264697261464,0.0061667217045106,Bull,False,True,False,55.66437913,0.10086920056089999,1.0086920056089999,10.0,5.0,4.0,1.0,0.9990257100000001
2016-06-06,37352.27,37260.36,37481.11,37208.27,0.35,74.35491308769707,36664.78386532875,36123.53295393855,541.2509113901979,558.0754299545202,-16.824518564322375,0.0034728528060605,0.0015369162741954,0.006044608483713,Bull,False,True,False,55.66437913,0.17107618370816943,5.5736559994779995,30.0,15.0,10.0,5.0,0.9878809225555556
2016-06-07,37392.29,37389.62,37539.0,37331.39,0.11,74.7431166574387,36776.7078860474,36217.5149573505,559.1929286968953,558.2989297029952,0.893998993900027,0.0010714208266326,0.001548911479574,0.0060433728927096,Bull,False,True,False,55.66437913,0.4203666104045,5.044399324854,12.0,8.0,3.0,1.0,0.9967621316666667
2016-06-08,37426.39,37502.21,37614.45,37411.44,0.09,75.08914051187284,36876.65898050164,36307.06125680602,569.5977236956242,560.558688501521,9.03903519410312,0.0009119527046885,0.0015929787186591,0.0060349263931592,Bull,False,True,False,55.66437913,0.1998276314011,1.998276314011,10.0,3.0,1.0,6.0,0.999514963
2016-06-09,37414.26,37479.2,37536.32,37392.24,-0.03,74.69710881800083,36959.36682965524,36389.07597852409,570.2908511311471,562.5051210274463,7.785730103700757,-0.0003241028589718,0.0018765979577872,0.0057877038421889,Bull,False,True,False,55.66437913,-0.001625181169230776,-0.021127355200000086,13.0,6.0,6.0,1.0,0.9976469876923078
2016-06-10,36940.88,37456.21,37459.92,36828.82,-1.27,61.25621901660437,36956.522702015965,36429.95035048526,526.5723515307036,555.3185671280978,-28.74621559739421,-0.0126523951028298,0.0011417139361356,0.006636085136954,Bull,False,True,False,55.66437913,-0.23051849862192306,-2.996740482085,13.0,3.0,6.0,4.0,0.9993770623076923
2016-06-13,36979.96,36883.71,37081.97,36637.81,0.11,61.86626546058268,36960.12844016736,36470.69180600488,489.4366341624773,542.1421805349737,-52.70554637249643,0.0010579065793776,0.0011906228289534,0.0066314492439927,Bull,False,True,False,55.66437913,0.09657332929115829,3.002864383625,41.0,18.0,14.0,9.0,0.9697937614123378
2016-06-14,37517.75,37051.06,37594.39,37051.06,1.45,69.08111897361405,37045.9163724493,36548.25167222674,497.66470022255817,533.2466844724906,-35.581984249932475,0.014542741528114,0.0019014970961478,0.007265526504227,Bull,False,True,False,55.66437913,0.5315152282972307,6.909697967864,13.0,9.0,2.0,2.0,0.9962203046153846
2016-06-15,38559.87,37625.37,38609.01,37625.37,2.78,77.83319340830286,37278.83231514941,36697.26043724698,581.5718779024246,542.9117231584775,38.660154743947146,0.027776719019664,0.0030397735116727,0.0092818812848939,Bull,False,True,False,55.66437913,0.42807418181214285,5.99303854537,14.0,9.0,3.0,2.0,0.9978656685714286
2016-06-16,38751.6,38596.27,39039.67,38392.0,0.5,79.01038905664456,37505.411958972574,36849.43373819165,655.9782207809258,565.5250226829671,90.45319809795863,0.0049722678006953,0.002783350998231,0.0091463988587122,Bull,False,True,False,55.66437913,0.19988890150449998,1.9988890150449998,10.0,4.0,2.0,4.0,0.9995949740000001
2016-06-17,38776.94,38774.78,38963.03,38640.0,0.07,79.16785287255823,37701.03165759218,36992.211979807085,708.8196777850972,594.1839537033932,114.63572408170398,0.0006539084837788,0.0028045294693287,0.009140664822339,Bull,False,True,False,55.66437913,0.4167512382474167,5.001014858969,12.0,7.0,2.0,3.0,0.9994145975
2016-06-20,38469.82,38888.55,38981.56,38469.82,-0.79,72.10725440046045,37819.30678719339,37101.6644257473,717.6423614460873,618.875635251932,98.76672619415535,-0.0079201711120063,0.0023678461348165,0.0094443646644958,Bull,False,True,False,55.66437913,0.1913265885605303,7.016386799629,36.0,19.0,12.0,5.0,0.9978101118539562
2016-06-21,38415.31,38492.44,38605.82,38337.93,-0.14,70.89865216507118,37910.99958916364,37198.97150532158,712.0280838420585,637.5061249699573,74.52195887210121,-0.0014169549012706,0.0024889743396595,0.0093758490157381,Bull,False,True,False,55.66437913,-0.07913269377508332,-0.9495923253009998,12.0,4.0,5.0,3.0,0.9975158949999999
2016-06-22,38149.26,38442.55,38620.05,38123.12,-0.69,65.15821002904846,37947.655036984615,37269.36324566813,678.2917913164856,645.663258239263,32.62853307722264,-0.0069256241847325,0.0022560264728681,0.0095563635415876,Bull,False,True,False,55.66437913,-0.3347506965516,-5.021260448274,15.0,4.0,9.0,2.0,0.9972589206666667
2016-06-23,38237.89,38145.04,38264.58,38014.52,0.23,66.14171044677695,37992.30656975621,37341.10596821123,651.2006015449806,646.7707269004065,4.429874644574056,0.002323242967229,0.0023152836229871,0.0095527403861644,Bull,False,True,False,55.66437913,-0.05447658437357144,-0.7626721812300001,14.0,6.0,7.0,1.0,0.9907440242857143
2016-06-24,37389.88,38229.62,38229.62,36826.08,-2.22,51.23861773477367,37899.62555902448,37344.71885945484,554.9066995696412,628.3979214342535,-73.49122186461227,-0.0221772174144546,0.0009966718890552,0.0109914239277569,Bull,False,True,False,55.66437913,-0.07133035466278573,-0.9986249652790001,14.0,5.0,6.0,3.0,0.9994721328571429
2016-06-27,37039.57,37399.42,37503.96,36957.05,-0.94,46.570438197894624,37767.309319174565,37322.115240235966,445.194078938599,591.7571529351226,-146.5630739965236,-0.0093691127117818,0.0011544313617692,0.0108082609468306,Bull,False,True,False,55.66437913,0.29920222663003665,6.364068927828001,32.0,15.0,8.0,9.0,0.9890079960470085
2016-06-28,37076.63,37056.9,37267.3,36863.64,0.1,47.11932738972902,37661.05096237848,37303.93114836663,357.1198140118504,544.8296851504682,-187.7098711386178,0.0010005515722779,0.0014433598389419,0.0107181884756807,Bull,False,True,False,55.66437913,-0.0009140864871538449,-0.011883124332999984,13.0,6.0,6.0,1.0,0.9982178230769231
2016-06-29,37786.57,37240.53,37801.92,37240.53,1.91,56.36676472905192,37680.36158355102,37339.682174413545,340.6794091374759,503.9996299478697,-163.32022081039383,0.0191479106919911,0.0017981746754241,0.011194711894936,Bull,False,True,False,55.66437913,-0.24924158227391668,-2.990898987287,12.0,3.0,6.0,3.0,0.9990256916666667
2016-06-30,37783.54,37800.74,37993.74,37730.31,-0.01,56.32149537792662,37696.235186081634,37372.5605318644,323.67465421724046,467.9346348017439,-144.2599805845034,-8.018721995672884e-05,0.0013242802635059,0.0110558244671046,Bull,False,True,False,55.66437913,0.2576459892313,2.576459892313,10.0,5.0,3.0,2.0,0.97057635
2016-07-04,37966.76,37887.84,38007.51,37691.13,0.48,58.49231912532662,37737.85438822292,37416.57530728185,321.2790809410726,438.6035240296096,-117.324443088537,0.0048492015306136,0.0010457455502559,0.0108834424086917,Bull,False,True,False,66.26226163,0.08352643915679284,2.0939247175319995,44.0,19.0,18.0,7.0,0.9889826074642858
2016-07-11,38367.96,37881.41,38427.78,37814.6,1.06,62.84670459372823,37834.7937131117,37487.04824748319,347.74546562851174,420.4319123493901,-72.68644672087834,0.0105671382019429,0.00140045982005,0.0110805345651385,Bull,False,True,False,66.26226163,0.12274080967607584,6.5774510755360005,43.0,22.0,16.0,5.0,0.9857937384230769
2016-07-12,39031.62,38404.14,39067.29,38404.14,1.73,68.69672727153788,38018.92083417144,37601.46096989184,417.4598642795973,419.83750273543154,-2.377638455834301,0.0172972448887041,0.0022117510231536,0.0116352963893004,Bull,False,True,False,66.26226163,0.29921802759030003,2.9921802759030003,10.0,5.0,2.0,3.0,0.9993081610000001
2016-07-13,39049.46,39116.5,39289.11,39017.96,0.05,68.83876664185922,38177.46532122199,37708.72015730726,468.7451639147257,429.6190349712904,39.12612894343528,0.0004570653229354,0.0021890066540659,0.0116384151104545,Bull,False,True,False,66.26226163,-0.22389544344521428,-3.134536208233,14.0,5.0,8.0,1.0,0.9888667142857143
2016-07-14,39257.0,39053.07,39295.46,38948.17,0.53,70.51491707131876,38343.54757949553,37823.40755306228,520.1400264332478,447.7232332636819,72.41679316956595,0.0053147982071968,0.0024709517073744,0.0116426313098599,Bull,False,True,False,66.26226163,0.19472291255142857,2.72612077572,14.0,8.0,5.0,1.0,0.9646064921428571
2016-07-15,39188.47,39249.57,39415.25,39148.66,-0.17,69.19144626685417,38473.53564418852,37924.52328987248,549.0123543160444,467.98105747415445,81.03129684188991,-0.0017456759304073,0.0030162876659955,0.0111416310727591,Bull,False,True,False,66.26226163,-0.10762711874036364,-1.183898306144,11.0,3.0,4.0,4.0,0.9911243727272727
2016-07-18,39253.25,39188.89,39269.14,38905.82,0.17,69.7690500841982,38593.49169892875,38022.94749062266,570.5442083060916,488.4936876405419,82.0505206655497,0.0016530372326348,0.0030460441986584,0.0111369191679294,Bull,False,True,False,66.26226163,0.1542733309506926,4.875831087957,32.0,16.0,11.0,5.0,0.9973753704330485
2016-07-19,39208.88,39225.34,39322.25,39164.3,-0.11,68.8173721571264,38688.16682217048,38110.79434316913,577.3724790013512,506.26944591270376,71.10303308864741,-0.0011303522638254,0.0022623895090614,0.0108326367179125,Bull,False,True,False,66.26226163,0.07646679646615383,0.9940683540599998,13.0,7.0,6.0,0.0,0.9990894346153846
2016-07-20,39098.79,39216.44,39288.42,38945.96,-0.28,66.39734076840952,38751.33961875964,38183.97920663808,567.360412121554,518.4876391544739,48.872772967080095,-0.0028077823186991,0.0007331644421432,0.0090540174068422,Bull,False,True,False,66.26226163,-0.0005002412445454439,-0.0055026536899998825,11.0,5.0,5.0,1.0,0.9988852172727273
2016-07-21,39306.79,39063.77,39390.42,39063.77,0.53,68.64113677981561,38836.79352356585,38267.15037651674,569.6431470491079,528.7187407334008,40.92440631570719,0.0053198577244972,0.0007505439383333,0.0090629120157776,Bull,False,True,False,66.26226163,-0.12385010402635713,-1.7339014563689998,14.0,5.0,7.0,2.0,0.9900115507142857
2016-07-22,39151.78,39307.31,39420.65,39114.31,-0.39,65.14970743012599,38885.2529814788,38332.678496774766,552.5744847040332,533.4898895275273,19.0845951765059,-0.00394359346057,0.0005206688411159,0.0091235953387821,Bull,False,True,False,66.26226163,-0.34999597366999996,-4.54994765771,13.0,4.0,8.0,1.0,0.9771722130769231
2016-07-25,39017.32,39144.56,39159.54,38996.97,-0.34,62.194494311001264,38905.57098432822,38383.39268219886,522.1783021293595,531.2275720478938,-9.049269918534264,-0.0034343266129918,0.0007449610660666,0.0089588178146784,Bull,False,True,False,66.26226163,-0.2187806178291588,-6.202925697752001,28.0,7.0,13.0,8.0,0.9498986210980392
2016-07-26,39147.33,38996.44,39195.92,38996.44,0.33,63.89962017636809,38942.76467904695,38439.98063166561,502.7840473813412,525.5388671145834,-22.75481973324213,0.0033321099450194,0.0009824143083811,0.0089614369557382,Bull,False,True,False,66.26226163,-0.4964070284035714,-6.94969839765,14.0,3.0,10.0,1.0,0.996660795
2016-07-27,39434.97,39185.95,39592.03,39130.07,0.73,67.40262856300323,39018.488574578194,38513.68354783853,504.8050267396611,521.392099039599,-16.58707229993786,0.0073476275393493,0.0016960768945852,0.0088663535341255,Bull,False,True,False,66.26226163,0.5379009067368462,6.992711787579,13.0,9.0,2.0,2.0,0.9994717107692307
2016-07-28,39468.98,39461.12,39716.14,39325.11,0.09,67.80047991646205,39087.79494772001,38584.44624799864,503.3486997213695,517.7834191759531,-14.434719454583616,0.0008624325059711,0.0016230363715223,0.008866932069489,Bull,False,True,False,66.26226163,-0.001468223856133329,-0.022023357841999935,15.0,6.0,6.0,3.0,0.997699918
2016-07-29,39505.28,39426.23,39562.18,39280.69,0.09,68.2459535566252,39152.02341730155,38652.65615555429,499.3672617472548,514.1001876902135,-14.732925942958673,0.0009197096048592,0.002777882722488,0.0068870450028362,Bull,False,True,False,66.26226163,-0.34103687414428574,-4.77451623802,14.0,4.0,9.0,1.0,0.9816119964285714
2016-08-01,39800.64,39567.45,39917.13,39559.88,0.75,71.67922036138944,39251.81058387055,38737.69199588361,514.1185879869372,514.1038677495583,0.0147202373789241,0.0074764689681987,0.003620161806487,0.006330938743363,Bull,False,True,False,28.22070331,0.03453583522586633,1.8979662572729998,44.0,16.0,14.0,14.0,0.9866296023131312
2016-08-02,39786.93,39820.62,39860.57,39675.28,-0.03,71.29389174769886,39334.13664789047,38815.413329521856,518.7233183686112,515.027757873369,3.695560495242262,-0.0003444668226439,0.0035529108867409,0.0063672698881228,Bull,False,True,False,28.22070331,-0.2768346504392778,-4.983023707907,18.0,4.0,9.0,5.0,0.9991517944444445
2016-08-03,39615.76,39794.98,39833.66,39594.08,-0.43,66.48818419399102,39377.46331744578,38874.698268075794,502.7650493699839,512.575216172692,-9.810166802708068,-0.0043021665657541,0.0023804070238537,0.0054352809806076,Bull,False,True,False,28.22070331,0.04823788304713335,0.7235682457070002,15.0,7.0,6.0,2.0,0.990011078
2016-08-04,39446.7,39631.22,39824.14,39395.79,-0.43,62.040077026708495,39388.11511476181,38917.06876673685,471.04634802496,504.2694425431456,-33.223094518185576,-0.0042674935429739,0.0021710417077028,0.0056127987606642,Bull,False,True,False,28.22070331,0.15339934810500003,1.9941915253650002,13.0,7.0,5.0,1.0,0.9990721869230769
2016-08-05,39390.21,39399.9,39507.8,39330.02,-0.14,60.58164161546926,39388.43740479845,38952.11626549708,436.3211393013698,490.6797818947905,-54.358642593420655,-0.0014320589555019,0.001856978683397,0.0056307603081736,Bull,False,True,False,28.22070331,-0.3025828583413333,-4.53874287512,15.0,4.0,9.0,2.0,0.9832487593333333
2016-08-08,39476.17,39386.24,39500.56,39379.48,0.22,62.04384115613577,39401.93472713715,38990.935060645446,410.9996664917053,474.7437588141735,-63.74409232246819,0.0021822681321068,0.0014377351799052,0.0052471917471533,Bull,False,True,False,28.22070331,0.1085006315599155,3.981612659385,36.0,17.0,13.0,6.0,0.9991567985703186
2016-08-09,39663.71,39475.71,39737.57,39475.71,0.48,65.08669607939106,39442.20784603913,39040.77024133837,401.4376047007536,460.0825279914896,-58.64492329073596,0.0047507141650267,0.0008104086437214,0.003802412068874,Bull,False,True,False,28.22070331,-0.0017482814948750205,-0.027972503918000328,16.0,5.0,5.0,6.0,0.99783019125
2016-08-10,39805.88,39709.92,39862.94,39709.92,0.36,67.23134562117441,39498.15740818695,39097.44503827627,400.71236991067417,448.2084963753265,-47.49612646465232,0.0035843848192718,0.0009667746185382,0.0038511071494027,Bull,False,True,False,28.22070331,-0.06270437127499999,-0.7524524552999999,12.0,6.0,6.0,0.0,0.9655720016666667
2016-08-11,39861.6,39815.76,39907.52,39743.26,0.14,68.05946955612244,39554.071653081264,39154.049109515065,400.0225435661996,438.5713058135012,-38.54876224730157,0.001399793196382,0.0007710243679974,0.0037155812182364,Bull,False,True,False,28.22070331,0.21023868560473685,3.9945350264900004,19.0,10.0,6.0,3.0,0.9994201410526315
2016-08-12,39907.64,39982.2,40083.06,39866.38,0.12,68.76194256019852,39608.46678337645,39209.8706569584,398.5961264180587,430.5762699344127,-31.98014351635402,0.0011549962871535,0.0009160579788755,0.0036684880800359,Bull,False,True,False,28.22070331,0.15408172552726315,2.927552785018,19.0,9.0,6.0,4.0,0.9973970563157895
2016-08-15,40030.52,39998.82,40104.15,39977.85,0.31,70.61923859771181,39673.39804747239,39270.6594971837,402.7385502886828,425.00872600526674,-22.270175716583992,0.0030791096642146,0.0009873616004545,0.003697312403112,Bull,False,True,False,28.22070331,0.10601072835358971,4.0578243717780005,45.0,18.0,14.0,13.0,0.9970966948027898
2016-08-16,40050.17,40115.03,40211.35,40027.76,0.05,70.91702304225768,39731.36296324587,39328.40101591084,402.96194733503216,420.5993702712199,-17.637422936187704,0.0004908754620225,0.0010684229867469,0.0036660794247695,Bull,False,True,False,28.22070331,0.3903570000102222,7.026426000184,18.0,10.0,3.0,5.0,0.9973757161111111
2016-08-17,40057.52,40076.41,40205.07,40018.36,0.02,71.03527757596497,39781.54096890035,39382.40982954708,399.1311393532742,416.3057240876308,-17.174584734356586,0.0001835198202653,0.0012179880936951,0.003559075280887,Bull,False,True,False,28.22070331,0.12521829715587499,2.0034927544939998,16.0,8.0,6.0,2.0,0.9993452875
2016-08-18,39771.2,40113.31,40213.89,39742.78,-0.71,60.68383271953586,39779.95005060799,39411.20910143248,368.74094917550974,406.7927691052066,-38.05181992969688,-0.0071477215763732,0.0005946091286516,0.0038801862230135,Bull,False,True,False,28.22070331,-0.003150531740071427,-0.04410744436099998,14.0,5.0,5.0,4.0,0.996271185
2016-08-19,39499.08,39802.66,39839.19,39465.2,-0.68,52.80762774921561,39736.739273591375,39417.71805688192,319.0212167094578,389.23845862605685,-70.21724191659905,-0.0068421370237758,0.0004496819504913,0.0041061628280289,Bull,False,True,False,28.22070331,0.35524929472035294,6.039238010246,17.0,9.0,3.0,5.0,0.9979060129411765
2016-08-22,39457.95,39531.84,39543.18,39254.05,-0.1,51.71507085505563,39693.84861611578,39420.698200816594,273.1504152991838,366.0208499606823,-92.87043466149844,-0.001041290075617,0.00056933377736,0.0040210108319558,Bull,False,True,False,28.22070331,-0.20079006837366994,-3.7553092251099995,29.0,8.0,11.0,10.0,0.9853273409743589
2016-08-23,39400.19,39404.45,39617.75,39362.61,-0.15,50.14601995944585,39648.67036748258,39419.17907483018,229.4912926523976,338.7149384990253,-109.2236458466278,-0.0014638368186891,0.0003295364391746,0.0039904677826003,Bull,False,True,False,28.22070331,-0.24980395907374997,-2.9976475088849996,12.0,4.0,7.0,1.0,0.9993657358333333
2016-08-24,39506.58,39418.39,39544.68,39362.25,0.27,52.97608857648485,39626.81031094679,39425.65321743535,201.15709351144324,311.2033695015089,-110.04627599006568,0.0027002407856409,9.716710148921504e-05,0.0036838163533682,Bull,False,True,False,28.22070331,0.43771312679984614,5.690270648398,13.0,8.0,2.0,3.0,0.9878262615384615
2016-08-25,39792.1,39525.37,39867.09,39511.55,0.72,59.60372740400548,39652.239493878056,39452.797423551245,199.44207032681152,288.85110966656947,-89.40903933975795,0.0072271505151799,0.0004154030019496,0.0040135632295537,Bull,False,True,False,28.22070331,0.066231537965,0.993473069475,15.0,6.0,5.0,4.0,0.9990906406666666
2016-08-26,39926.7,39823.66,39950.24,39800.81,0.34,62.30122188830996,39694.46418712758,39487.901318103,206.5628690245794,272.3934615381715,-65.83059251359208,0.0033825809645633,0.0005385465699348,0.0040672740082158,Bull,False,True,False,28.22070331,-0.003354328166500006,-0.04696059433100008,14.0,5.0,5.0,4.0,0.9973665392857143
2016-08-29,40023.02,39991.94,40102.51,39991.94,0.24,64.14627814904489,39745.011235261794,39527.53973898426,217.4714962775324,261.4090684860437,-43.937572208511256,0.0024124207610445,0.0002853441595771,0.00375854148201,Bull,False,True,False,28.22070331,0.28640942223806615,6.262680611755,39.0,17.0,11.0,11.0,0.9831846792592592
2016-08-30,39991.79,40040.24,40084.11,39943.49,-0.08,63.06848618808861,39782.97719906767,39561.92864720765,221.04855186001805,253.3369651608386,-32.28841330082054,-0.0007803009368108,0.0002635524538688,0.0037636452612438,Bull,False,True,False,28.22070331,0.0030452612661176492,0.05176944152400004,17.0,6.0,7.0,4.0,0.9618802111764706
2016-08-31,39809.58,39996.38,40022.76,39772.7,-0.46,57.04602798310561,39787.06993767265,39580.27319185893,206.79674581371364,244.0289212914136,-37.23217547769997,-0.0045561851570034,0.0002508515243063,0.0037802557807951,Bull,False,True,False,28.22070331,0.35875793942712497,5.7401270308339996,16.0,9.0,3.0,4.0,0.9869569175
2016-09-01,39738.67,39813.6,39899.74,39722.78,-0.18,54.85087443496874,39779.62379341532,39592.00628875828,187.61750465704245,232.7466379645394,-45.12913330749694,-0.0017812295432406,0.000375164724293,0.0036629092369225,Bull,False,True,False,42.47059705,-0.028461366804647052,-0.4838432356789999,17.0,6.0,6.0,5.0,0.9712824682352941
2016-09-02,39464.65,39754.84,39755.63,39432.18,-0.69,47.27954351788513,39731.16628673604,39582.572489591,148.5937971450403,215.9160698006396,-67.32227265559928,-0.0068955503543525,0.0001019901543504,0.0039935865090066,Bull,False,True,False,42.47059705,-0.3837329157876923,-4.98852790524,13.0,4.0,9.0,0.0,0.9990707923076924
2016-09-05,39278.11,39470.79,39595.11,39248.68,-0.47,42.93472398966266,39661.465319545874,39560.01971258425,101.4456069616208,193.0219772328358,-91.576370271215,-0.0047267617982169,-0.0002434613421657,0.0041015304275821,Bull,False,True,False,42.47059705,0.04317715536308686,0.9913403845539999,38.0,14.0,13.0,11.0,0.9993097583686869
2016-09-06,39688.97,39331.36,39769.76,39250.16,1.05,53.14738419820748,39665.69680884652,39569.57158572616,96.12522312035436,173.64262641033957,-77.5174032899852,0.0104602792751484,4.201691334037583e-05,0.0046318508443284,Bull,False,True,False,42.47059705,0.14284241721935714,1.9997938410710001,14.0,6.0,4.0,4.0,0.9995163614285715
2016-09-07,40084.87,39775.08,40110.45,39775.08,1.0,60.48571679930932,39730.1849921009,39607.74183863533,122.44315346556688,163.40273182138503,-40.95957835581817,0.0099750636007938,0.0003615508524164,0.0050871448407662,Bull,False,True,False,42.47059705,0.7336525852081875,11.738441363331,16.0,13.0,1.0,2.0,0.98445022625
2016-09-08,40136.93,40247.91,40289.87,40053.18,0.13,61.34313659700769,39792.761147162295,39646.94096169938,145.8201854629151,159.88622254969104,-14.066037086775935,0.0012987443890923,0.0003564984120519,0.0050861094841221,Bull,False,True,False,42.47059705,0.14215553821250002,1.9901775349750004,14.0,6.0,4.0,4.0,0.9988810407142857
2016-09-09,40340.23,40191.19,40420.19,40183.16,0.51,64.57577859406295,39876.98712452194,39698.2957052772,178.6914192447366,163.64726188870017,15.044157356036436,0.0050651606886724,0.0005520066321279,0.0051924596965288,Bull,False,True,False,42.47059705,-0.07095910557314285,-0.9934274780239999,14.0,3.0,4.0,7.0,0.9992045
2016-09-15,40216.35,40347.36,40347.72,40133.51,-0.31,61.21648553617983,39929.19679767241,39736.67009747889,192.5267001935208,169.42314954966432,23.103550643856494,-0.0030708798636003,0.0002445071557371,0.0052169715684181,Bull,False,True,False,42.47059705,-0.10183090715608131,-5.445665559013,54.0,18.0,24.0,12.0,0.9702231825555556
2016-09-16,40363.68,40298.02,40473.43,40286.86,0.37,63.63911692017105,39996.04036726128,39783.115275443415,212.92509181785863,178.12353800330317,34.80155381455546,0.0036634353938138,0.0004031351523267,0.0052727909851909,Bull,False,True,False,42.47059705,-0.24962153626975003,-2.9954584352370004,12.0,4.0,7.0,1.0,0.9993711166666667
2016-09-19,40414.72,40426.67,40542.64,40392.47,0.13,64.46719973661106,40060.45261845185,39829.90081059576,230.55180785609264,188.60919197386107,41.94261588223157,0.001264503137474,0.0004571843181871,0.005275960717512,Bull,False,True,False,42.47059705,-0.36300030465156513,-8.89477689931,27.0,6.0,15.0,6.0,0.9942598375961538
2016-09-20,40340.46,40414.72,40508.95,40129.7,-0.18,62.246038774363726,40103.53067715156,39867.72000981089,235.8106673406728,198.0494870472234,37.7611802934494,-0.0018374493253943,0.0007226979307361,0.0049994750707924,Bull,False,True,False,42.47059705,0.5710154144641428,3.997107901249,7.0,5.0,1.0,1.0,0.9995768014285714
2016-09-21,39771.42,40353.05,40356.16,39646.77,-1.41,48.46598768767893,40052.43672682055,39860.58667575082,191.85005106973404,196.80959985172555,-4.959548781991515,-0.0141059373145472,0.0003595079161975,0.0057807476492481,Bull,False,True,False,42.47059705,-0.4262926386028572,-2.9840484702200003,7.0,2.0,5.0,0.0,0.9984842171428571
2016-09-22,40135.31,39899.07,40319.0,39899.07,0.91,55.283404516094976,40065.18646115585,39880.936551621126,184.24990953472297,194.29766178832503,-10.047752253602084,0.0091495350178596,0.0008690491708714,0.0060915537726267,Bull,False,True,False,42.47059705,0.2305655496726154,2.997352145744,13.0,7.0,4.0,2.0,0.9993385838461539
2016-09-23,39781.95,40166.4,40180.33,39739.17,-0.88,48.56479501112204,40021.61162097803,39873.60421446401,148.00740651402157,185.0396107334644,-37.0322042194428,-0.0088042175331397,0.0005020301351488,0.0064500885027231,Bull,False,True,False,42.47059705,0.33248720142044447,2.992384812784,9.0,5.0,2.0,2.0,0.9988452266666665
2016-09-26,40220.76,39866.43,40275.84,39866.43,1.1,55.75573148713378,40052.24983313525,39899.319457837046,152.93037529820867,178.61776364641324,-25.687388348204564,0.0110303793554615,0.0009185370636399,0.0068557069541312,Bull,False,True,False,42.47059705,-0.33832905304223077,-11.942582874522,34.0,7.0,19.0,8.0,0.9956827750320513
2016-09-27,40294.38,40304.42,40406.91,40156.84,0.18,56.84579567315401,40089.50062803752,39928.58320170097,160.91742633655667,175.07769618444195,-14.160269847885274,0.0018303980332543,0.0006486994395436,0.0066987441040405,Bull,False,True,False,42.47059705,0.3868944837350556,6.964100707231,18.0,10.0,3.0,5.0,0.9979596194444444
2016-09-28,40355.02,40344.79,40467.91,40207.26,0.15,57.76874342982664,40130.34976218559,39960.17111268608,170.17864949951036,174.09788684745564,-3.919237347945284,0.0015049245080827,0.0005548166167195,0.0066715145141732,Bull,False,True,False,42.47059705,-0.1251400317583125,-2.002240508133,16.0,5.0,7.0,4.0,0.99901786125
2016-09-29,40295.52,40644.22,40861.27,40144.0,-0.15,56.49205812710539,40155.76056800319,39985.01177100563,170.74879699756275,173.42806887747707,-2.6792718799143245,-0.0014744138399633,0.0003604748866691,0.0066711662409452,Bull,False,True,False,42.47059705,0.05546099000416666,0.9982978200749999,18.0,7.0,6.0,5.0,0.9994657038888888
2016-09-30,40541.81,40346.92,40580.33,40245.47,0.61,60.39388240600274,40215.15278831039,40026.25608426447,188.8967040459247,176.52179591116663,12.374908134758073,0.0061120938506316,0.0007050946260413,0.006786167111365,Bull,False,True,False,42.47059705,0.0999063831396,0.999063831396,10.0,3.0,2.0,5.0,0.999613832
2016-10-03,40986.31,40652.88,41131.35,40650.76,1.1,66.27270492744933,40333.79235933956,40097.371189133766,236.42117020579465,188.50167077009223,47.91949943570239,0.0109639900142592,0.0014811033846044,0.0070356584062065,Bull,False,True,False,58.68064956,-0.16878698365950795,-5.982747905208999,25.0,5.0,11.0,9.0,0.9993021488359788
2016-10-04,41123.97,41119.98,41197.34,41014.01,0.34,67.86361552404007,40455.3581502104,40173.41554549423,281.9426047161687,207.1898575593076,74.75274715686118,0.003358682447871,0.00173809898416,0.0070040245844445,Bull,False,True,False,58.68064956,-0.13262787538933332,-1.9894181308399999,15.0,6.0,8.0,1.0,0.9988745033333333
2016-10-05,41253.46,41277.17,41425.09,41240.13,0.31,69.3291731370154,40578.14305017803,40253.418838420585,324.7242117574424,230.6967283989345,94.02748335850788,0.0031487718719762,0.0022403150954764,0.0067061500597636,Bull,False,True,False,58.68064956,0.13329697014681818,1.466266671615,11.0,6.0,4.0,1.0,0.9408645445454545
2016-10-06,41252.17,41327.43,41446.7,41231.81,0.0,69.29526939525088,40681.8395039968,40327.40040594499,354.4390980518074,255.4452023295091,98.99389572229828,-3.1270104374314656e-05,0.0024750896801686,0.0065292623933475,Bull,False,True,False,58.68064956,0.24673140713575004,2.9607768856290004,12.0,7.0,4.0,1.0,0.9978095475000001
2016-10-07,41200.48,41309.5,41372.21,41124.13,-0.13,67.86318906227166,40761.63034953575,40392.072968467575,369.5573810681744,278.26763807724217,91.28974299093228,-0.0012530249923821,0.001889424466792,0.0062964885448921,Bull,False,True,False,58.68064956,0.5326317023565333,7.989475535348,15.0,11.0,3.0,1.0,0.99932031
2016-10-10,41403.97,41295.15,41431.57,41199.85,0.49,70.45206999877436,40860.45183422256,40467.02830413664,393.42353008591454,301.2988164789767,92.12471360693786,0.0049390201279206,0.0016376222931484,0.0060520721928471,Bull,False,True,False,58.68064956,0.005509580149506532,-1.8056352929,38.0,15.0,17.0,6.0,0.9821006151307191
2016-10-13,41412.04,41527.71,41631.55,41344.17,0.02,70.5533817615649,40945.31155203447,40537.02917049689,408.2823815375741,322.6955294906962,85.58685204687794,0.0001949088456976,0.0015824305159786,0.0060603527773532,Bull,False,True,False,58.68064956,0.2833120597996357,6.237397503344999,24.0,13.0,7.0,4.0,0.9874064139285714
2016-10-14,41464.31,41435.56,41512.44,41170.43,0.13,71.24118999597268,41025.15746710609,40605.716639348975,419.44082775711286,342.0445891439795,77.39623861313333,0.0012621933138283,0.0013922821472364,0.006004733458744,Bull,False,True,False,58.68064956,0.34966086190619994,6.993217238123999,20.0,13.0,6.0,1.0,0.9993219805000001
2016-10-17,41282.72,41509.75,41604.6,41256.36,-0.44,65.51583600170667,41064.78247216669,40655.86503643423,408.9174357324591,355.41915846167547,53.49827727078366,-0.0043794289595074,0.0013268546924411,0.0060627719612512,Bull,False,True,False,58.68064956,0.09913507544198719,1.9969485506449995,34.0,13.0,11.0,10.0,0.999195114326923
2016-10-18,40954.22,41279.83,41280.12,40759.96,-0.8,56.64683052954646,41047.77286106412,40677.96540410577,369.80745695834776,358.2968181610099,11.510638797337831,-0.0079573245173767,0.0007458166968815,0.0063758225244767,Bull,False,True,False,58.68064956,-0.24961099492949998,-0.9984439797179999,4.0,1.0,2.0,1.0,0.9994918225
2016-10-19,40924.14,41011.96,41063.88,40668.82,-0.07,55.9006012993788,41028.7524209004,40696.2005593572,332.5518615432011,353.1478268374482,-20.59596529424709,-0.0007344786446915,0.0006458676077733,0.0063829278328795,Bull,False,True,False,58.68064956,-0.49946825728500005,-4.99468257285,10.0,2.0,7.0,1.0,0.9994081400000001
2016-10-20,41545.95,41022.85,41688.57,41019.05,1.52,65.90074223133983,41108.32127922342,40759.14496236778,349.1763168556354,352.35352484108563,-3.177207985450252,0.01519421055641,0.0014974506018635,0.007126958214079,Bull,False,True,False,58.68064956,0.13311212828113334,1.996681924217,15.0,7.0,5.0,3.0,0.999246166
2016-10-21,41291.43,41577.36,41600.97,41257.67,-0.61,59.911993160267855,41136.491851650586,40798.57348367388,337.9183679767084,349.4664934682102,-11.54812549150182,-0.0061262289103991,0.0018964360220709,0.0063930394790958,Bull,False,True,False,58.68064956,-0.06406629378875002,-0.5125303503100002,8.0,4.0,4.0,0.0,0.96701495
2016-10-24,40852.03,41264.0,41264.0,40793.56,-1.06,51.252649887044335,41092.728489858186,40802.53322562396,290.1952642342221,337.6122476214126,-47.4169833871905,-0.0106414333434323,0.0009068876040063,0.0067338685354201,Bull,False,True,False,58.68064956,-0.4388811126806324,-12.012569648758,30.0,6.0,18.0,6.0,0.9982549603611112
2016-10-25,40764.76,40722.99,40812.15,40176.81,-0.21,49.71571837809613,41042.27179911077,40799.73520891107,242.53659019969928,318.59711613707,-76.0605259373707,-0.0021362463505484,0.0012402861631359,0.0063837240941326,Bull,False,True,False,58.68064956,-0.4259792148797143,-2.981854504158,7.0,1.0,4.0,2.0,0.99665797
2016-10-26,40526.81,40774.87,40921.37,40427.13,-0.58,45.69237296366556,40962.96998386296,40779.51852676951,183.451457093448,291.5679843283456,-108.1165272348976,-0.0058371495379834,0.0003969097184636,0.0061314771455029,Bull,False,True,False,58.68064956,-0.004857375449714286,-0.06800325629600001,14.0,6.0,6.0,2.0,0.996546675
2016-10-27,39987.31,40553.48,40583.26,39929.05,-1.33,38.15332631669311,40812.86844788405,40720.83641367548,92.0320342085688,251.66079430439024,-159.62876009582143,-0.0133121753229529,-0.0003602189493467,0.0068392230832334,Bear,True,False,False,58.68064956,0.2725763507206364,2.998339857927,11.0,6.0,3.0,2.0,0.9994859336363636
2016-10-28,39872.88,39792.57,40061.01,39538.04,-0.29,36.76761947257757,40668.25484051727,40658.0248274773,10.230013039974438,203.3746380515071,-193.14462501153267,-0.0028616578609563,-0.0005785480677986,0.0068462419952572,Bear,True,False,False,58.68064956,-0.14268954307685713,-1.997653603076,14.0,4.0,6.0,4.0,0.9994665928571429
2016-10-31,39893.84,39883.94,40173.83,39789.7,0.05,37.21741405329382,40549.114095822304,40601.41854396046,-52.30444813815848,152.238820813574,-204.54326895173247,0.0005256705811067,-0.0004785438467451,0.0068470749273461,Bear,True,False,False,58.68064956,0.27004418139282593,5.99321701365,32.0,16.0,10.0,6.0,0.9994117716666667
2016-11-01,41299.87,39894.1,41340.68,39855.42,3.52,58.52872177548801,40664.615004157335,40653.15568885228,11.45931530505186,124.08291971186958,-112.62360440681772,0.0352442883412578,0.0009780658777861,0.0104655230025855,Bull,False,True,False,57.66794524,-0.14337374581035714,-2.007232441345,14.0,5.0,7.0,2.0,0.9986985414285714
2016-11-02,41742.75,41563.86,41962.62,41375.82,1.07,62.81088226690639,40830.48192659466,40733.86637856693,96.61554802773752,118.58944537504316,-21.97389734730564,0.0107235204372313,0.0009660423989347,0.0104535780202037,Bull,False,True,False,57.66794524,0.16634065327216666,1.996087839266,12.0,5.0,3.0,4.0,0.9994281291666667
2016-11-03,41974.46,41855.47,42107.99,41702.88,0.56,64.85551849425897,41006.478553272405,40825.76220237678,180.71635089562187,131.01482647915893,49.70152441646295,0.0055509040492061,0.0010756534790015,0.0104914113074911,Bull,False,True,False,57.66794524,0.18290618430509087,2.0119680273559997,11.0,4.0,2.0,5.0,0.998533900909091
2016-11-04,41841.56,41959.89,42121.47,41799.26,-0.32,62.72537751654606,41134.95262199973,40901.006483682206,233.94613831752213,151.60108884683157,82.34504947069055,-0.0031662110721615,0.0007599043317946,0.0105207218027242,Bull,False,True,False,57.66794524,0.33319376725166666,4.997906508775,15.0,8.0,3.0,4.0,0.99939187
2016-11-07,42133.54,41853.0,42204.53,41804.14,0.7,65.41310822275597,41288.58144938438,40992.30526266871,296.276186715666,180.53610842059845,115.74007829506752,0.0069782293012019,0.0011103793020734,0.0106093581136676,Bull,False,True,False,57.66794524,0.304780005599752,7.201663490779,30.0,15.0,8.0,7.0,0.9904873475457876
2016-11-08,42113.91,42261.03,42413.46,42009.91,-0.05,65.07338302241119,41415.55507255601,41075.38709506362,340.1679774923905,212.4624822349569,127.7054952574336,-0.0004658996134669,0.0011497355710191,0.0106015865474522,Bull,False,True,False,57.66794524,0.3070157686561539,3.99120499253,13.0,7.0,3.0,3.0,0.9992158723076923
2016-11-09,42203.63,41842.26,42227.74,41352.52,0.21,65.94396702764908,41536.797369085856,41158.96064357743,377.8367255084304,245.53733088965163,132.29939461877876,0.0021304124931642,0.0010093051892813,0.0105672974812052,Bull,False,True,False,57.66794524,-0.19966597084666668,-2.9949895627000003,15.0,5.0,8.0,2.0,0.998371902
2016-11-10,42703.99,42309.03,42772.21,42309.03,1.19,70.37842293900624,41716.36546614957,41273.40726257169,442.95820357788034,285.02150542729737,157.93669815058297,0.011855852209869,0.0015923523574899,0.0108382199109586,Bull,False,True,False,57.66794524,0.24999173555258333,2.999900826631,12.0,6.0,3.0,3.0,0.9994730583333333
2016-11-11,42849.12,42719.34,42949.16,42497.73,0.34,71.53613216101265,41890.63539443425,41390.12672460341,500.5086698308369,328.1189383080053,172.3897315228316,0.0033985114739865,0.0016991682654978,0.0108453196767415,Bull,False,True,False,57.66794524,-0.399359799402,-3.99359799402,10.0,3.0,7.0,0.0,0.9992953589999999
2016-11-14,42525.93,42946.85,43084.67,42400.3,-0.75,65.40568417952815,41988.373026059744,41474.26030055872,514.1127255010288,365.31769574661,148.7950297544188,-0.0075425119582386,0.0015410141155612,0.0109610729242282,Bull,False,True,False,57.66794524,0.06884434415117459,3.0423528975149994,28.0,12.0,9.0,7.0,0.9981757550952381
2016-11-15,42292.67,42546.24,42641.53,42251.55,-0.55,61.32113630443492,42035.18794512748,41534.88324125807,500.30470386941306,392.3150973711706,107.98960649824244,-0.005485124017276,0.0016646241405663,0.0108618110946584,Bull,False,True,False,57.66794524,-0.453891208185,-4.992803290035,11.0,2.0,7.0,2.0,0.9985125036363637
2016-11-16,42404.47,42364.15,42481.07,42213.5,0.26,62.52897863086044,42092.00056895402,41599.29707523895,492.70349371506745,412.39277663995,80.31071707511745,0.0026434840836486,0.0018335222769833,0.010848797667724,Bull,False,True,False,57.66794524,0.015557589639466674,0.2333638445920001,15.0,5.0,5.0,5.0,0.98821313
2016-11-17,42411.8,42441.91,42526.93,42326.98,0.02,62.6114156754038,42141.20048142263,41659.4824770731,481.71800434953184,426.2578221818664,55.46018216766544,0.0001728591348979,0.0010824547059077,0.0103852110606587,Bull,False,True,False,57.66794524,0.07724428382123076,1.004175689676,13.0,6.0,5.0,2.0,0.9989819646153847
2016-11-18,42324.94,42436.4,42505.7,42253.88,-0.2,60.90157386610991,42169.4680996653,41708.77562691954,460.6924727457663,433.1447522946464,27.54772045111985,-0.0020480149392386,0.0012863654044657,0.0102756807841406,Bull,False,True,False,57.66794524,0.2717318613579091,2.989050474937,11.0,6.0,3.0,2.0,0.9987204209090909
2016-11-21,42439.04,42369.53,42546.53,42336.45,0.27,62.35586138044845,42210.94069971679,41762.86928418476,448.0714155320311,436.1300849421234,11.941330589907691,0.0026958100826603,0.0019532275757703,0.0098862550628685,Bull,False,True,False,57.66794524,-0.18179594752745787,-5.600724993011999,34.0,9.0,15.0,10.0,0.9904154143772894
2016-11-22,42631.58,42535.56,42748.4,42535.56,0.45,64.73928953348484,42275.6544382219,41827.21822609699,448.4362121249069,438.5913103786801,9.844901746226752,0.0045368604002353,0.0022868829133095,0.0098535261871229,Bull,False,True,False,57.66794524,0.186569542045875,1.492556336367,8.0,4.0,3.0,1.0,0.96790818
2016-11-23,42901.02,42706.01,42923.42,42582.41,0.63,67.81072685273244,42371.8645246493,41906.75909823796,465.10542641134816,443.8941335852138,21.21129282613436,0.0063201973748099,0.0028947502589492,0.0096997700899606,Bull,False,True,False,57.66794524,-0.06175910819749998,-0.9881457311599997,16.0,7.0,8.0,1.0,0.996499729375
2016-11-24,42949.73,42905.54,43206.33,42905.53,0.11,68.34751042442798,42460.76690547249,41984.01620207218,476.7507034003065,450.4654475482324,26.28525585207416,0.0011354042398061,0.0036171292370872,0.0089372652416734,Bull,False,True,False,57.66794524,0.1395729997243846,1.814448996417,13.0,5.0,4.0,4.0,0.9678894407692307
2016-11-25,42999.66,42973.72,43066.84,42907.07,0.12,68.91965009930445,42543.6735353998,42059.24907599277,484.4244594070333,457.25724991999255,27.167209487040736,0.0011625218598581,0.0038183382231279,0.0088283639898065,Bull,False,True,False,57.66794524,0.1130491030033333,0.6782946180199998,6.0,2.0,2.0,2.0,0.8987785466666667
2016-11-28,43060.71,43039.77,43184.92,43011.43,0.14,69.64220881727512,42623.21760687675,42133.43136665996,489.7862402167884,463.76304797935177,26.02319223743666,0.0014197786680172,0.0038630436274734,0.0088130634505016,Bull,False,True,False,57.66794524,0.16081779787187145,2.0340900949909995,32.0,14.0,13.0,5.0,0.9757655445424837
2016-11-29,42811.27,43085.95,43297.41,42772.56,-0.58,63.17931161046901,42652.148744280326,42183.641635796266,468.50710848406015,464.71186008029343,3.795248403766721,-0.0057927516754833,0.0018111916266363,0.0051297973220873,Bull,False,True,False,57.66794524,-0.5703874271874286,-3.9927119903120003,7.0,1.0,5.0,1.0,0.9991950714285714
2016-11-30,42622.37,42839.5,42865.59,42583.1,-0.44,58.73407018656077,42647.56739900643,42216.14003314469,431.4273658617385,458.05496123658247,-26.627595374843963,-0.0044123895413519,0.0010543961277072,0.0048548953044735,Bull,False,True,False,57.66794524,0.00011130562000000177,0.0008904449600000142,8.0,4.0,4.0,0.0,0.99930904875
2016-12-01,42907.36,43032.81,43280.43,42860.97,0.67,62.96744294275999,42687.53549146698,42267.34151217101,420.1939792959674,450.4827648484595,-30.288785552492072,0.0066863949611435,0.0011111706733041,0.0049164949020819,Bull,False,True,False,39.70024444,-0.599119983218,-2.9955999160899998,5.0,1.0,4.0,0.0,0.9991660259999999
2016-12-02,43270.9,43002.62,43308.14,42913.21,0.85,67.54176779276678,42777.28387739514,42341.67917793612,435.6046994590142,447.5071517705705,-11.90245231155626,0.0084726722874584,0.001693114841285,0.0050699789859814,Bull,False,True,False,39.70024444,0.14244686230428572,0.99712803613,7.0,4.0,3.0,0.0,0.9992381085714286
2016-12-05,43739.97,43359.62,43797.69,43346.55,1.08,72.29670576206811,42925.38943471896,42445.25627586678,480.13315885218617,454.03235318689366,26.100805665292512,0.0108403106937919,0.0018862189109145,0.0053478083308325,Bull,False,True,False,39.70024444,-0.02339866102170372,-0.006676239708000242,23.0,9.0,9.0,5.0,0.9988016831944444
2016-12-06,44199.4,43807.15,44236.89,43807.15,1.05,76.00450404781819,43121.391060146816,42575.1928480248,546.1982121220208,472.4655249739191,73.73268714810166,0.0105036651831265,0.0024346971507442,0.0056479776354182,Bull,False,True,False,39.70024444,0.43722756907328575,3.060592983513,7.0,4.0,1.0,2.0,0.9900733300000001
2016-12-07,44494.99,44273.58,44539.28,44107.82,0.67,78.04086595673515,43332.71397397039,42717.40004446741,615.313929502976,501.03520587973054,114.2787236232454,0.006687647343629,0.0026625588932675,0.00572643892627,Bull,False,True,False,39.70024444,0.12492711913062501,0.9994169530450001,8.0,4.0,3.0,1.0,0.99949388625
2016-12-08,44741.98,44653.09,44836.1,44447.89,0.56,79.59882065044059,43549.52413182109,42867.36893006242,682.1552017586728,537.259205055519,144.89599670315374,0.0055509620296578,0.0023473143842569,0.0053552168436794,Bull,False,True,False,39.70024444,0.14275041934342858,0.9992529354040001,7.0,3.0,2.0,2.0,0.9995547499999999
2016-12-09,45387.23,44901.14,45489.59,44898.85,1.44,82.9934291440568,43832.248111540925,43054.02530561335,778.2228059275731,585.4519252299299,192.7708806976432,0.0144215790181838,0.0028984677614668,0.0059977892928985,Bull,False,True,False,39.70024444,0.3996376696196,1.998188348098,5.0,2.0,0.0,3.0,0.9997312600000001
2016-12-13,45857.89,45788.21,46126.21,45735.8,1.04,84.95934581866342,44143.88532515001,43261.71898667903,882.1663384709827,644.7948078781405,237.3715305928422,0.0103698771658899,0.0037940872176732,0.0056859071785223,Bull,False,True,False,39.70024444,-0.08300866878520832,2.0008976207050004,16.0,8.0,6.0,2.0,0.9990375408333333
2016-12-14,46185.27,45957.68,46268.44,45602.64,0.71,86.15795639046732,44457.94450589616,43478.2783209991,979.6661848970544,711.7690832819233,267.8971016151311,0.0071390114111224,0.0044252939890931,0.0052884063133376,Bull,False,True,False,39.70024444,-0.28262555447455556,-2.543629990271,9.0,2.0,4.0,3.0,0.9683106388888889
2016-12-15,46358.35,46165.17,46635.31,46141.79,0.37,86.75874270076966,44750.314581912135,43691.61696388806,1058.6976180240745,781.1547902303535,277.542827793721,0.0037475151709625,0.0044804955434588,0.0052745724631886,Bull,False,True,False,39.70024444,0.5643929842254445,5.079536858029,9.0,6.0,1.0,2.0,0.9947908855555556
2016-12-16,46584.53,46419.06,46661.74,46229.89,0.49,87.52098346638279,45032.50156931027,43905.90681841487,1126.5947508953975,850.2427823633624,276.35196853203536,0.0048789484526519,0.0047158000093465,0.005176347260062,Bull,False,True,False,39.70024444,-0.06593991822000002,-0.3296995911000001,5.0,2.0,2.0,1.0,0.966409302
2016-12-19,46938.59,46813.27,47070.56,46813.27,0.76,88.6248751643132,45325.74594326253,44130.55001705081,1195.1959262117234,919.2334111330348,275.96251507868874,0.0076003772067678,0.0051982196166468,0.0049577895518981,Bull,False,True,False,39.70024444,0.0005009462306666768,-1.0987538657779996,23.0,8.0,9.0,6.0,0.9938713160833332
2016-12-20,47210.06,47027.18,47380.88,46810.02,0.58,89.399185411842,45615.64041352984,44358.66186763964,1256.978545890197,986.7824380844672,270.1961078057297,0.0057835141618016,0.0053526048206039,0.0049237217843399,Bull,False,True,False,39.70024444,0.14275125684057147,0.9992587978840002,7.0,3.0,2.0,2.0,0.999553812857143
2016-12-21,46993.31,47303.45,47325.91,46344.88,-0.46,84.45595279488775,45827.58958067909,44553.82098855522,1273.7685921238665,1044.179668892347,229.5889232315192,-0.0045911824725493,0.0048962026769647,0.0054030454200913,Bull,False,True,False,39.70024444,0.0057394042044285635,0.04017582943099995,7.0,2.0,2.0,3.0,0.9967852928571429
2016-12-22,46699.78,47067.86,47202.02,46665.52,-0.62,78.15357535517941,45961.77272211308,44712.780915328905,1248.9918067841718,1085.1420964707122,163.84971031345958,-0.0062462082368744,0.0042678823963805,0.0059333798346984,Bull,False,True,False,39.70024444,-0.02176693590091669,-0.2612032308110003,12.0,4.0,4.0,4.0,0.9508182708333334
2016-12-23,46633.99,46730.56,46826.71,46443.22,-0.14,76.77076667834467,46065.19076486491,44855.09269937861,1210.0980654862942,1110.1332902738286,99.9647752124656,-0.0014087860799344,0.0041406728803934,0.0060305512943534,Bull,False,True,False,39.70024444,0.5994860691280001,2.99743034564,5.0,4.0,1.0,0.0,0.99935963
2016-12-26,46689.73,46660.53,46898.59,46622.42,0.12,77.13981626492156,46161.27372411647,44990.9917586839,1170.281965432565,1122.163025305576,48.11894012698895,0.0011952655134164,0.0041423100630713,0.006029704613572,Bull,False,True,False,39.70024444,0.0009501025787407256,1.0690860629849996,24.0,12.0,11.0,1.0,0.9393003777037037
2016-12-27,46920.47,46687.53,46985.65,46685.76,0.49,78.65181494824233,46278.07315117547,45133.91607285546,1144.1570783200077,1126.5618359084624,17.595242411545314,0.0049419861712629,0.0043184204382336,0.0059973521534962,Bull,False,True,False,39.70024444,0.00011040365566665027,0.0003312109669999508,3.0,1.0,1.0,1.0,0.9995105466666666
2016-12-28,47424.63,46986.12,47563.46,46986.12,1.07,81.52684822435961,46454.46651253309,45303.59858597728,1150.867926555817,1131.4230540379333,19.44487251788337,0.0107449904061063,0.0051453075423131,0.0056605122447613,Bull,False,True,False,39.70024444,-0.199294512764,-0.99647256382,5.0,1.0,2.0,2.0,0.999367926
2016-12-29,47666.66,47509.57,47713.34,47495.66,0.51,82.72932507685906,46640.95781829724,45478.64017220119,1162.317646096053,1137.6019724495573,24.715673646495816,0.0051034662790201,0.0056211003333317,0.0051957025771673,Bull,False,True,False,39.70024444,0.33319629108,0.9995888732399999,3.0,2.0,1.0,0.0,0.9994270933333333
2016-12-30,47806.97,47675.89,47933.8,47634.81,0.29,83.40377416182409,46820.34430778997,45651.10904833443,1169.2352594555414,1143.928629850754,25.306629604787304,0.0029435668452539,0.0054339589275372,0.0052226484255331,Bull,False,True,False,39.70024444,8.023231157141775e-05,0.0005616261809999243,7.0,2.0,2.0,3.0,0.9996039999999999
2017-01-02,48240.28,47881.53,48357.57,47878.33,0.91,85.3114849016659,47038.79595274536,45842.89948919854,1195.896463546822,1154.3221965899677,41.57426695685422,0.0090637411239407,0.0054635123693614,0.0052423836821613,Bull,False,True,False,48.2064383,0.36078589843137504,6.686443937205,20.0,11.0,4.0,5.0,0.9878827637500001
2017-01-03,48827.55,48278.62,48924.08,47906.38,1.22,87.42179236856873,47313.98888309223,46063.98471222088,1250.0041708713543,1173.458591446245,76.54557942510928,0.0121738513955558,0.0055301894044495,0.005322241909065,Bull,False,True,False,48.2064383,-0.14044951363285713,-0.9831465954299998,7.0,3.0,4.0,0.0,0.9983008942857143
2017-01-04,48704.99,48814.47,49069.05,48635.87,-0.25,84.68726930429315,47527.98905492419,46259.61473353784,1268.374321386349,1192.441737434266,75.93258395208318,-0.0025100583584473,0.0048795032273709,0.0054755013833409,Bull,False,True,False,48.2064383,0.4991781294216666,2.9950687765299997,6.0,4.0,1.0,1.0,0.9989905499999999
2017-01-05,48713.63,48743.07,48934.0,48642.09,0.02,84.72354653270574,47710.39535416662,46441.393642164665,1269.0017120019547,1207.7537323478036,61.247979654151095,0.0001773945544387,0.0045539905879113,0.005555284178805,Bull,False,True,False,48.2064383,-0.2853400488925714,-1.9973803422479999,7.0,2.0,4.0,1.0,0.9994533285714285
2017-01-06,49038.23,48769.07,49104.04,48769.07,0.67,86.059746853097,47914.67760737176,46633.75189089321,1280.925716478545,1222.388129173952,58.53758730459299,0.0066634328010457,0.0046096141264807,0.0055713382058362,Bull,False,True,False,48.2064383,0.4994526966375,1.99781078655,4.0,3.0,1.0,0.0,0.9992317075
2017-01-09,49039.41,49082.86,49439.26,48998.17,0.0,86.0645187293982,48087.71336008379,46811.94878786408,1275.764572219712,1233.063417783104,42.70115443660825,2.406285871248137e-05,0.0038897383185072,0.0051511091319075,Bull,False,True,False,48.2064383,0.23870492426498813,4.98709320835,20.0,12.0,7.0,1.0,0.9991647570595238
2017-01-10,48865.79,48957.32,49001.38,48687.26,-0.35,81.63653991797463,48207.41745853244,46964.085173948224,1243.3322845842122,1235.1171911433255,8.215093440886449,-0.0035404177986644,0.0031942235702794,0.0051691635566457,Bull,False,True,False,48.2064383,-0.6646126151666666,-3.9876756909999997,6.0,1.0,5.0,0.0,0.99864776
2017-01-11,49371.6,48872.02,49389.89,48867.86,1.04,84.18876780014152,48386.52246491206,47142.41960550761,1244.1028594044474,1236.91432479555,7.188534608897271,0.0103510042506218,0.0033548232122544,0.0053450769249003,Bull,False,True,False,48.2064383,-0.16606822000216667,-0.996409320013,6.0,2.0,3.0,1.0,0.9989610716666667
2017-01-12,49517.02,49590.63,49804.55,49454.61,0.29,84.84107871275229,48560.4451626179,47318.315931025565,1242.1292315923347,1237.9573061549072,4.17192543742749,0.0029454180135948,0.003314718354386,0.0053449845501165,Bull,False,True,False,48.2064383,0.2853902835261429,1.997731984683,7.0,4.0,2.0,1.0,0.9994571142857144
2017-01-13,49210.5,49610.05,49673.17,49155.68,-0.62,77.57607118905432,48660.45359913822,47458.47771391256,1201.9758852256637,1230.761021969059,-28.78513674339501,-0.0061901948057455,0.0027612611914662,0.0057334594991353,Bull,False,True,False,48.2064383,0.3331929335333333,1.9991576011999999,6.0,4.0,2.0,0.0,0.9995247283333333
2017-01-16,48888.54,49392.83,49395.11,48821.75,-0.65,70.72540056072006,48695.54381465542,47564.408253622736,1131.1355610326864,1210.8359297817842,-79.70036874909783,-0.0065425061724632,0.0020541170225046,0.0059723952022042,Bull,False,True,False,48.2064383,0.1996820228043111,4.991313345336,21.0,12.0,7.0,2.0,0.9992349672222223
2017-01-17,48678.65,48961.63,49003.96,48108.93,-0.43,66.59652864260674,48692.944766246896,47646.94467928032,1046.000086966582,1177.868761218744,-131.868674252162,-0.0042932351835419,0.0015502795552374,0.0060655368908522,Bull,False,True,False,48.2064383,0.29982446630200005,2.9982446630200004,10.0,6.0,3.0,1.0,0.999469027
2017-01-18,48642.21,48731.5,48971.01,48501.42,-0.07,65.8774701630392,48685.13941759353,47720.668036370655,964.4713812228728,1135.1892852195697,-170.7179039966968,-0.000748582797592,0.0017424095389853,0.0059198726487764,Bull,False,True,False,48.2064383,-0.14275598577071427,-0.9992919003949999,7.0,2.0,3.0,2.0,0.9994370071428572
2017-01-19,49013.82,48742.25,49065.33,48693.89,0.76,69.49474112685422,48735.70566104068,47816.45707071357,919.248590327108,1092.0011462410775,-172.75255591396945,0.0076396611091478,0.0024367030062864,0.0057453488974499,Bull,False,True,False,48.2064383,-0.00035792382944445215,-0.003221314465000069,9.0,4.0,4.0,1.0,0.9991237255555556
2017-01-20,49364.83,49027.96,49464.06,49027.96,0.72,72.46405795389849,48832.49402088058,47931.15136177183,901.3426591087482,1053.8694488146116,-152.5267897058634,0.0071614495666731,0.0028652147886168,0.0057630156666676,Bull,False,True,False,48.2064383,-0.04488981314250001,-0.3591185051400001,8.0,3.0,3.0,2.0,0.9769152825
2017-01-23,49876.18,49532.13,49937.25,49532.13,1.04,76.11197915276553,48993.061094591256,48075.22755719614,917.8335373951122,1026.6622665307118,-108.8287291355996,0.0103585893033562,0.0033233809781138,0.0059833024141457,Bull,False,True,False,48.2064383,0.054090351219161614,1.427573918062,22.0,10.0,9.0,3.0,0.9606992987979798
2017-01-24,49968.92,49942.88,50055.36,49621.84,0.19,76.71448987585701,49143.19323388491,48215.50107147791,927.6921624069946,1006.8682457059684,-79.17608329897382,0.0018594046296247,0.0031692519010319,0.0059791148629072,Bull,False,True,False,48.2064383,0.6659857507966667,3.99591450478,6.0,5.0,1.0,0.0,0.99927251
2017-01-25,49756.77,50094.26,50267.24,49721.46,-0.42,72.22659787098388,49237.58965944107,48329.66914025733,907.9205191837464,987.078700401524,-79.15818121777772,-0.0042456390892579,0.0024197204262636,0.0059187450759171,Bull,False,True,False,48.2064383,-0.5994760611496,-2.997380305748,5.0,0.0,3.0,2.0,0.999529692
2017-01-26,50192.36,49771.18,50286.02,49668.64,0.88,75.4077394350612,49384.477404142446,48467.64624097901,916.8311631634424,973.0291929539078,-56.1980297904654,0.0087543865890009,0.0026022664417627,0.006060477507832,Bull,False,True,False,48.2064383,1.5589853333349463e-05,4.6769560000048394e-05,3.0,1.0,1.0,1.0,0.9994448333333333
2017-01-27,49963.77,50230.54,50886.8,49900.63,-0.46,70.8232222418898,49473.599341966685,48578.4702231287,895.1291188379837,957.449178130723,-62.3200592927393,-0.0045542787786827,0.0022273741605658,0.0062666499650831,Bull,False,True,False,48.2064383,0.37462313649,2.99698509192,8.0,5.0,2.0,1.0,0.99947126875
2017-01-30,48972.24,50086.6,50339.93,48836.5,-1.98,55.1584790062831,49396.46713551028,48607.6383547488,788.8287807614761,923.7250986568736,-134.8963178953976,-0.0198449796722705,0.0007819381207553,0.0077623054004695,Bull,False,True,False,48.2064383,-0.00570360724138889,-1.6544234322000002,22.0,8.0,10.0,4.0,0.9764823799074073
2017-01-31,48757.67,48909.78,49142.77,48349.36,-0.44,52.45464884430663,49298.19065312408,48618.75180995259,679.4388431714906,874.8678475597972,-195.42900438830657,-0.0043814618240864,-4.582754022677826e-05,0.0073556115657324,Bear,True,False,False,48.2064383,-0.4995918861713333,-2.997551317028,6.0,1.0,4.0,1.0,0.9994997933333334
2017-02-01,49455.86,48963.6,49514.1,48963.6,1.43,59.42445630117729,49322.44747572038,48680.759824030174,641.6876516902048,828.2318083858788,-186.544156695674,0.0143195932045152,0.0007956550379213,0.0079938345639303,Bull,False,True,False,34.35003469,0.3135870284895,1.881522170937,6.0,3.0,1.0,2.0,0.9800225283333334
2017-02-02,49665.97,49594.14,49933.91,49426.87,0.42,61.26470844570356,49375.29709484032,48753.73835558349,621.5587392568341,786.8971945600699,-165.33845530323583,0.0042484348669702,0.0009992070535479,0.0080290171245348,Bull,False,True,False,34.35003469,0.0012929658194285839,0.009050760736000087,7.0,3.0,3.0,1.0,0.9982747028571428
2017-02-03,49555.83,49697.22,49780.53,49430.9,-0.22,59.73528769937342,49403.07138794182,48813.15255146619,589.9188364756264,747.5015229431813,-157.58268646755482,-0.0022176149987607,0.0005551546635575,0.0079444056583759,Bull,False,True,False,34.35003469,0.24979564172375002,1.9983651337900001,8.0,5.0,3.0,0.0,0.9992430175
2017-02-06,49630.04,49643.0,49739.89,49534.07,0.15,60.451673160565605,49437.98963595077,48873.66273283906,564.3269031117088,710.8665989768867,-146.53969586517792,0.0014975029174164,0.0006288266664927,0.0079460531562528,Bull,False,True,False,34.35003469,-0.18170463365161113,-2.4090696775560003,22.0,8.0,10.0,4.0,0.9914953428703703
2017-02-07,49859.39,49706.37,49920.26,49705.76,0.46,62.6626618089912,49502.82046118911,48946.67956744357,556.1408937455417,679.9214579306177,-123.78056418507606,0.0046211931322239,0.0010369072130372,0.0079302261546533,Bull,False,True,False,34.35003469,0.5994721853739999,2.99736092687,5.0,4.0,1.0,0.0,0.999479008
2017-02-08,49874.96,49967.34,50034.94,49742.74,0.03,62.8146482493768,49560.07269792925,49015.441080966266,544.6316169629863,652.8634897370915,-108.23187277410524,0.0003122781887223,0.0005349709099422,0.0076213520452844,Bull,False,True,False,34.35003469,0.27365910337642857,1.915613723635,7.0,3.0,1.0,3.0,0.9874581742857143
2017-02-09,49908.15,49896.54,50196.83,49784.33,0.07,63.158916684586,49613.62305209399,49081.56766756136,532.0553845326285,628.701868696199,-96.64648416357043,0.0006654641928536,0.0004209732189051,0.0076004224146847,Bull,False,True,False,34.35003469,-0.10912062446666666,-0.9820856202,9.0,3.0,4.0,2.0,0.9984585522222224
2017-02-10,49925.08,49929.24,50093.38,49845.85,0.03,63.34533516066595,49661.53950561799,49144.05006255682,517.4894430611748,606.4593835691942,-88.96994050801936,0.000339223152932,0.000747444116839,0.0074400391631339,Bull,False,True,False,34.35003469,-0.048708330935500005,-0.29224998561300003,6.0,2.0,2.0,2.0,0.9508385933333333
2017-02-13,49965.63,50032.44,50322.55,49834.69,0.08,63.81758594107547,49708.32265859984,49204.90783570076,503.4148228990744,585.8504714351702,-82.43564853609587,0.0008122170259916,0.0011151802767618,0.0072398229655345,Bull,False,True,False,34.35003469,0.3542645066581,4.633768528533,24.0,11.0,6.0,7.0,0.9917131563333333
2017-02-14,49767.91,49931.94,50036.65,49527.7,-0.4,59.77370784952869,49717.48994189217,49246.611699722926,470.8782421692449,562.8560255819851,-91.97778341274022,-0.0039571201243733,0.0011319860297202,0.0072269864134178,Bull,False,True,False,34.35003469,0.3331648434466667,0.99949453034,3.0,2.0,1.0,0.0,0.9993097633333333
2017-02-15,49214.15,49833.7,49920.28,49097.02,-1.11,50.18264207858184,49640.05302775491,49244.20712937308,395.84589838183456,529.454000141955,-133.60810176012046,-0.0111268486058586,0.0006130727393069,0.0077245827249715,Bull,False,True,False,34.35003469,0.012554627637777791,0.11299164874000012,9.0,4.0,4.0,1.0,0.9855200922222223
2017-02-16,49588.3,49344.9,49693.84,49163.91,0.76,55.390862434568426,49632.09102348492,49269.69549016025,362.3955333246704,496.0423067784981,-133.64677345382773,0.0076024883087486,0.0006112140992869,0.0077228073161866,Bull,False,True,False,34.35003469,0.40875490354,3.27003922832,8.0,5.0,2.0,1.0,0.98215624625
2017-02-17,49375.71,49612.89,49893.38,49320.48,-0.43,52.06044766575884,49592.64778910262,49277.54841681504,315.0993722875792,459.8537198803143,-144.75434759273514,-0.0042870999812456,3.878662189100712e-05,0.00763553925932,Bear,True,False,False,34.35003469,0.249613680555875,1.996909444447,8.0,4.0,2.0,2.0,0.9994335125
2017-02-20,48929.12,49425.63,49597.33,48850.9,-0.9,45.82694753760052,49490.56659077914,49251.738904458376,238.8276863207648,415.6485131684044,-176.82082684763964,-0.0090447306985559,-0.0009313793782045,0.0074865326596053,Bear,True,False,False,34.35003469,-0.10052575007686429,-1.987579467233,17.0,5.0,7.0,5.0,0.9939473685
2017-02-21,49015.09,48924.7,49103.59,48655.92,0.18,47.13909098962322,49417.41634604389,49234.209355979976,183.2069900639108,369.1602085475057,-185.95321848359487,0.0017570313956187,-0.0009364980399048,0.0074845588665138,Bear,True,False,False,34.35003469,-0.19956219643339998,-1.9956219643339999,10.0,3.0,5.0,2.0,0.999386744
2017-02-22,48981.65,49119.81,49331.54,48710.29,-0.07,46.6656138463365,49350.37536972944,49215.50125553702,134.87411419241835,322.3029896764882,-187.42887548406983,-0.0006822388778637,-0.0007583280293351,0.007443941900292,Bear,True,False,False,34.35003469,0.1776922572066667,1.5992303148600002,9.0,5.0,3.0,1.0,0.9768991633333334
2017-02-23,49062.26,49012.7,49153.44,48474.8,0.16,48.02096966442513,49306.0499282326,49204.15005142317,101.8998768094316,278.22236710307686,-176.32249029364527,0.0016457183455436,-0.001113761441508,0.0071288671523322,Bear,True,False,False,34.35003469,0.21799117676555554,1.96192059089,9.0,5.0,3.0,1.0,0.9954479366666666
2017-02-24,49007.99,49136.8,49273.94,48941.69,-0.11,47.15220212149263,49260.19455465835,49189.61967724368,70.57487741467776,236.69286916539707,-166.1179917507193,-0.0011061455383425,-0.000941354779491,0.0070828280404044,Bear,True,False,False,34.35003469,-0.2496509009685,-1.997207207748,8.0,2.0,4.0,2.0,0.99947695
2017-02-27,48520.75,49018.74,49081.28,48489.74,-0.99,40.132252514438825,49146.43385394168,49140.073775225625,6.360078716053977,190.6263110755285,-184.2662323594745,-0.0099420523061647,-0.0004462084111857,0.0059468024637203,Bear,True,False,False,34.35003469,-0.2052315811778095,-4.559609296851,22.0,7.0,11.0,4.0,0.9838708913095239
2017-02-28,48534.23,48541.91,48636.35,48146.68,0.03,40.39663606269762,49052.24864564296,49095.19645854225,-42.947812899285054,143.91148628056575,-186.8592991798508,0.0002778192835024,-0.0002132443558063,0.0058753601590148,Bear,True,False,False,34.35003469,0.49847111379625,3.98776891037,8.0,6.0,2.0,0.0,0.9984976274999999
2017-03-01,48992.16,48627.9,49050.51,48627.1,0.94,48.68682261580178,49043.00423862097,49087.56412827985,-44.55988965888537,106.21721109267554,-150.7771007515609,0.0094351965612722,-0.0004574641879684,0.0053141987612724,Bear,True,False,False,38.38165778,-0.1076190902766316,-2.044762715256,19.0,6.0,8.0,5.0,0.9982207542105264
2017-03-02,49696.08,49252.08,49729.99,49252.08,1.44,58.29049722109014,49143.47743267928,49132.6393780369,10.838054642379577,87.14137980261634,-76.30332516023677,0.0143680131678209,4.851472707407267e-05,0.0061946600971884,Bull,False,True,False,38.38165778,-0.214104941335,-2.99746917869,14.0,4.0,7.0,3.0,0.9995012314285715
2017-03-03,49623.81,49778.59,49894.52,49564.08,-0.15,57.10873393193712,49217.374750728624,49169.02238707121,48.3523636574173,79.38357657357653,-31.03121291615924,-0.0014542394490673,8.66835045587433e-05,0.0061823017760053,Bull,False,True,False,38.38165778,-0.017497010091700006,-0.17497010091700005,10.0,4.0,4.0,2.0,0.981926506
2017-03-06,49434.89,49696.83,49841.1,49342.95,-0.38,54.02530107300773,49250.83863523192,49188.71628432519,62.12235090672766,75.93133144020676,-13.8089805334791,-0.003807043433384,-0.0001785438129812,0.0062321747374097,Bear,True,False,False,38.38165778,0.13648275124640236,5.016953831867,44.0,20.0,15.0,9.0,0.9990432189057238
2017-03-07,49452.71,49448.87,49525.48,49216.32,0.04,54.27607932609905,49281.89576827316,49208.27137437517,73.62439389798965,75.46994393176334,-1.8455500337736908,0.0003604741509488,-0.000391579762045,0.0061314779557064,Bear,True,False,False,38.38165778,0.00011333250517648102,0.0019266525880001772,17.0,6.0,6.0,5.0,0.9995265376470589
2017-03-08,49754.72,49468.61,49778.21,49424.82,0.61,58.41603059017689,49354.63795776959,49248.749050347375,105.88890742221702,81.55373662985407,24.335170792362945,0.0061070465096857,-0.0001018413459968,0.0063010574589343,Bear,True,False,False,38.38165778,-0.38497264457,-5.00464437941,13.0,4.0,9.0,0.0,0.9985926153846154
2017-03-09,49392.44,49752.1,49857.09,49219.55,-0.73,52.298845933122365,49360.45365657427,49259.39282439571,101.06083217855485,85.45515573959423,15.605676438960614,-0.007281319239662,-0.0004991805176226,0.00649761799919,Bear,True,False,False,38.38165778,-0.0712121357165,-0.996969900031,14.0,5.0,6.0,3.0,0.9993658821428572
2017-03-10,49191.75,49360.99,49456.39,49048.95,-0.41,49.22373912206105,49334.49924787053,49254.38224481085,80.11700305968407,84.3875252036122,-4.270522143928133,-0.0040631724207186,-0.0007193002963051,0.0065421379767737,Bear,True,False,False,38.38165778,0.4277445472925,5.988423662095,14.0,9.0,3.0,2.0,0.9992551742857143
2017-03-13,48655.72,49188.56,49254.77,48562.0,-1.09,42.10294230906349,49230.071671275065,49210.03689334338,20.03477793168713,71.51697574922719,-51.482197817540055,-0.0108967458974319,-0.0013047484424763,0.0069113624213055,Bear,True,False,False,38.38165778,-0.03438311004077208,-0.7663023766040004,41.0,15.0,16.0,10.0,0.9953121965783476
2017-03-14,48539.06,48649.84,48662.51,48061.27,-0.24,40.722230282697495,49123.76218338659,49160.33490124387,-36.57271785727789,49.89903702792617,-86.47175488520406,-0.0023976625975322,-0.0012267755661343,0.006888623230701,Bear,True,False,False,38.38165778,0.21427988323964287,2.999918365355,14.0,8.0,5.0,1.0,0.9992900664285714
2017-03-15,48305.83,48630.19,48767.44,48209.89,-0.48,38.03663899733275,48997.92646286558,49097.03824189247,-99.11177902689089,20.09687381696276,-119.20865284385364,-0.0048049962236598,-0.0009106829470243,0.0065470097484572,Bear,True,False,False,38.38165778,-0.6655306920486667,-9.98296038073,15.0,1.0,11.0,3.0,0.9991991706666667
2017-03-16,48289.66,48330.05,48341.17,47774.44,-0.03,37.85026403535462,48888.96239165549,49037.23244619673,-148.2700545412372,-13.576511854677232,-134.69354268655997,-0.0003347422039947,-0.0013075444726615,0.0062370330234656,Bear,True,False,False,38.38165778,-0.0998952707098,-0.998952707098,10.0,3.0,4.0,3.0,0.9995394660000001
2017-03-17,48409.35,48339.32,48727.44,48334.13,0.25,40.18650245541792,48815.17586986234,48990.72263536735,-175.5467655050088,-45.970562584743554,-129.57620292026525,0.0024785844423007,-0.0009692602514842,0.00625038666015,Bear,True,False,False,38.38165778,-0.2221176565313333,-1.9990589087819999,9.0,3.0,5.0,1.0,0.9994107155555556
2017-03-20,48697.65,48488.13,48757.38,48435.04,0.6,45.50072856817362,48797.0949668066,48969.013551266056,-171.91858445946127,-71.1601669596871,-100.75841749977415,0.0059554610834477,-0.000219250662384,0.0061291692129407,Bear,True,False,False,38.38165778,-0.11485304524687519,-3.995630241798,38.0,11.0,15.0,12.0,0.9994974476455026
2017-03-21,49020.21,48723.69,49060.05,48676.68,0.66,50.770774338019,48831.42035652866,48972.8058808019,-141.38552427323884,-85.20523842239746,-56.180285850841386,0.0066237282497203,2.408418032104897e-05,0.006305820295074,Bear,True,False,False,38.38165778,-0.0008921126434615367,-0.011597464364999976,13.0,6.0,6.0,1.0,0.9987083823076923
2017-03-22,49016.79,49057.57,49147.32,48961.06,-0.01,50.71477814530429,48859.93876321655,48976.063963705456,-116.12520048890292,-91.38923083569856,-24.735969653204364,-6.976714298034814e-05,5.470776706522074e-05,0.0063036964177195,Bull,False,True,False,38.38165778,0.19631838864625,3.14109421834,16.0,9.0,6.0,1.0,0.99328144625
2017-03-24,48971.05,49080.19,49138.4,48928.18,-0.09,49.92174883180496,48877.03279964477,48975.692558986535,-98.65975934176096,-92.84333653691104,-5.816422804849907,-0.0009331496411739,-7.423563227065832e-05,0.0062958098078767,Bear,True,False,False,38.38165778,0.00019664602605833716,0.002324998801000098,23.0,9.0,9.0,5.0,0.999336791125
2017-03-27,48680.16,49048.05,49049.43,48633.26,-0.59,45.09253258134767,48846.7446766225,48953.80125832086,-107.05658169835806,-95.68598556920044,-11.370596129157605,-0.0059400400849073,-0.0003159303595988,0.0064288891509961,Bear,True,False,False,38.38165778,-0.21699168446711106,-6.905789532998,32.0,9.0,16.0,7.0,0.9902804222222222
2017-03-28,48523.41,48639.16,48685.59,48490.39,-0.32,42.69571702327311,48797.00088021904,48921.92042437117,-124.91954415212967,-101.5326972857863,-23.386846866343376,-0.0032199976335328,2.017237403269534e-05,0.0060645379077249,Bull,False,True,False,38.38165778,0.12484883146675,1.997581303468,16.0,7.0,5.0,4.0,0.999487116875
2017-03-29,48375.63,48594.29,48909.1,48336.78,-0.3,40.50956498114377,48732.17459095457,48881.45446701034,-149.27987605577073,-111.0821330397832,-38.19774301598754,-0.003045540286637,-0.0001459956044742,0.0061025178448891,Bear,True,False,False,38.38165778,-0.3329487601646666,-2.996538841482,9.0,2.0,5.0,2.0,0.9993139877777778
2017-03-30,47949.33,48448.71,48504.4,47820.31,-0.88,34.95014606558135,48611.73696157694,48812.40821019476,-200.67124861781485,-128.99995615538953,-71.67129246242533,-0.0088122883360898,-0.0010583698493423,0.0059569976897398,Bear,True,False,False,38.38165778,-0.33296267734655555,-2.996664096119,9.0,2.0,5.0,2.0,0.9994664822222222
2017-03-31,48155.93,47982.55,48210.74,47678.83,0.43,39.29799573654108,48541.61281364203,48763.78019462478,-222.167380982748,-147.63344112086122,-74.53393986188678,0.0043087150539955,-0.0015613347550336,0.0049204377291158,Bear,True,False,False,38.38165778,0.060272972125888905,1.0849134982660003,18.0,8.0,7.0,3.0,0.9964430388888889
2017-04-03,48227.75,48205.55,48384.02,48120.93,0.15,40.77982327022818,48493.32622692787,48724.074254282204,-230.7480273543333,-164.25635836755566,-66.49166898677765,0.0014914051083636,-0.0014140525271621,0.0049676710187079,Bear,True,False,False,47.83275419,-0.017766524845854153,2.0795063712790007,33.0,13.0,11.0,9.0,0.9896032073148149
2017-04-04,48088.37,48233.2,48366.04,48050.54,-0.29,38.80026164501739,48431.02526893897,48676.9850502613,-245.9597813223372,-180.597042958512,-65.36273836382523,-0.0028900373747479,-0.0013682022242303,0.0049486172041956,Bear,True,False,False,47.83275419,-0.012626065014333351,-0.1515127801720002,12.0,5.0,5.0,2.0,0.9928749658333333
2017-04-05,47577.31,48125.03,48166.18,47523.41,-1.06,32.559259645249256,48299.68445833297,48595.52763913084,-295.84318079787045,-203.6462705263837,-92.19691027148671,-0.0106275176305623,-0.0019176018133058,0.0053409896286513,Bear,True,False,False,47.83275419,0.140313886482,0.982197205374,7.0,3.0,2.0,2.0,0.9969435942857142
2017-04-06,47356.6,47552.29,47634.87,47254.65,-0.46,30.293062675813744,48154.59454166636,48503.75522141745,-349.1606797510904,-232.74915237132507,-116.41152737976527,-0.0046389760160883,-0.0024549029395945,0.0050222362438487,Bear,True,False,False,47.83275419,-0.0005966293849166507,-0.0071595526189998085,12.0,4.0,4.0,4.0,0.9992560966666666
2017-04-07,47889.37,47410.28,47960.8,47410.28,1.13,40.97315774193722,48113.79076602538,48458.24520501616,-344.4544389907751,-255.0902096952151,-89.36422929556,0.0112501742101418,-0.0015283282671043,0.0057427222308633,Bear,True,False,False,47.83275419,0.00034369153875001,0.00274953231000008,8.0,4.0,4.0,0.0,0.9992296700000001
2017-04-10,47942.95,47896.9,48095.55,47731.99,0.11,41.9366513249674,48087.50757125225,48420.07518982978,-332.5676185775301,-270.5856914716781,-61.98192710585198,0.001118828666988,-0.001269228212719,0.0057392355165912,Bear,True,False,False,47.83275419,0.19331143472635884,5.23832413585,27.0,13.0,7.0,7.0,0.9878867288167389
2017-04-11,48250.07,47919.74,48257.03,47870.17,0.64,47.25159516464922,48112.51717567498,48407.48221280535,-294.9650371303651,-275.46156060341553,-19.503476526949555,0.0064059470683386,-0.0004040935644305,0.0055111739202959,Bear,True,False,False,47.83275419,-0.11117837510675001,-0.8894270008540001,8.0,3.0,4.0,1.0,0.9923195475
2017-04-12,48457.26,48281.21,48518.11,48280.77,0.43,50.54078681098347,48165.55453326345,48411.16945630125,-245.6149230377996,-269.4922330902924,23.87731005249276,0.0042940870344851,-6.950608282963456e-05,0.0055863900847866,Bear,True,False,False,47.83275419,0.00012646990285712447,0.0008852893199998713,7.0,3.0,3.0,1.0,0.9994735485714286
2017-04-13,47950.58,48535.8,48553.16,47908.34,-1.05,43.41166626272955,48132.481528146,48377.05171879745,-244.5701906514441,-264.5078246025227,19.937633951078567,-0.0104562247225699,-0.0003520675077751,0.0059683796948609,Bear,True,False,False,47.83275419,0.28463875815114287,1.992471307058,7.0,4.0,2.0,1.0,0.999036657142857
2017-04-14,47577.06,47899.23,47955.6,47543.09,-0.78,39.03980490638533,48047.03206227739,48317.7930729606,-270.7610106832144,-265.75846181866103,-5.002548864553376,-0.0077896867983662,-0.0007248147374937,0.0061957058051648,Bear,True,False,False,47.83275419,0.00038255220749999763,0.003060417659999981,8.0,4.0,4.0,0.0,0.9993336225
2017-04-17,47125.12,47635.43,47652.36,46743.55,-0.95,34.51113402934318,47905.19943731164,48229.446919407965,-324.24748209632526,-277.4562658741939,-46.79121622213137,-0.0094991157503215,-0.0013236997471248,0.0064436911819656,Bear,True,False,False,47.83275419,0.14979394264567777,1.4954444908549998,20.0,8.0,7.0,5.0,0.9829786567777777
2017-04-18,46874.37,47115.82,47179.45,46809.19,-0.53,32.27415051055708,47746.61029310985,48129.07085130367,-382.4605581938231,-298.45712433811974,-84.00343385570335,-0.0053209413578151,-0.0018875198691879,0.0062640824943243,Bear,True,False,False,47.83275419,-0.24967372414312503,-1.9973897931450002,8.0,2.0,4.0,2.0,0.9995019775
2017-04-19,47603.48,46250.97,47715.65,46048.07,1.56,43.70131767901167,47724.59024801603,48090.13819565155,-365.5479476355176,-311.87528899759934,-53.67265863791829,0.0155545557198955,-0.0014409784956792,0.0071573757788985,Bear,True,False,False,47.83275419,0.14278571824999997,0.9995000277499998,7.0,3.0,2.0,2.0,0.9993960785714285
2017-04-20,48743.56,47557.55,49509.3,47361.11,2.39,56.15797864885649,47881.354825244336,48138.53981078847,-257.1849855441324,-300.937228306906,43.75224276277362,0.0239495095736697,-0.0002400146598467,0.0091400878548505,Bear,True,False,False,47.83275419,0.2852388136457143,1.99667169552,7.0,4.0,2.0,1.0,0.9992707214285714
2017-04-21,49708.65,48870.16,49743.43,48867.06,1.98,63.51687403222432,48162.47715982213,48254.84426924858,-92.36710942645004,-259.2232045308148,166.85609510436473,0.0197993334914396,0.0007966094967839,0.0101744938042384,Bull,False,True,False,47.83275419,0.14298481709371424,1.0008937196559997,7.0,3.0,2.0,2.0,0.9994293971428572
2017-04-24,50111.67,49830.78,50204.38,49588.92,0.81,66.07753964675138,48462.35298138796,48392.3869159709,69.96606541705842,-193.3853505412401,263.35141595829856,0.0081076432371427,0.0014989936628864,0.0101698420411776,Bull,False,True,False,47.83275419,0.22836792068554398,4.991284632477,24.0,12.0,7.0,5.0,0.9992590984487735
2017-04-25,49785.17,50225.03,50304.65,49532.02,-0.65,62.26473758908266,48665.86329194366,48495.55603330639,170.30725863726548,-120.64682870553904,290.95408734280454,-0.0065154483975489,0.0013342211246856,0.0102764612448087,Bull,False,True,False,47.83275419,-0.11664597589505886,-1.9829815902160006,17.0,5.0,7.0,5.0,0.9980762517647058
2017-04-26,49827.51,49826.24,49954.04,49645.12,0.09,62.566388385978975,48844.57817010618,48594.21929009851,250.35888000766863,-46.445686962897504,296.80456697056616,0.0008504540609182,0.0015290208420634,0.010225870804662,Bull,False,True,False,47.83275419,0.20023140380479995,1.0011570190239998,5.0,2.0,1.0,2.0,0.9994157539999999
2017-04-27,49481.7,49876.94,49909.33,49445.69,-0.69,58.45622358607515,48942.596913166766,48659.95860194306,282.6383112237017,19.37111267442235,263.2671985492794,-0.0069401421022243,0.0016226281537567,0.0101343839930205,Bull,False,True,False,47.83275419,-0.33291731729333335,-0.99875195188,3.0,0.0,1.0,2.0,0.9994733733333333
2017-04-28,49300.9,49472.04,49575.32,49238.05,-0.37,56.37115361570864,48997.72046498727,48707.43574253988,290.28472244738805,73.5538346290155,216.7308878183725,-0.0036538760794393,0.0012244985970849,0.0101796115390964,Bull,False,True,False,47.83275419,-0.1612268637158333,-1.9347223645899998,12.0,5.0,6.0,1.0,0.9602940941666667
2017-05-02,48689.42,49146.38,49255.85,48665.09,-1.24,49.88974137753971,48950.28962421999,48706.10124309248,244.1883811275111,107.68074392871462,136.5076371987965,-0.0124030190118233,0.0005297773910756,0.010624823408229,Bear,True,False,False,64.8814477,-0.24003437225989582,-5.1629408557089995,25.0,8.0,12.0,5.0,0.9815992083333334
2017-05-03,48605.14,48723.98,48929.54,48490.43,-0.17,49.05259450560553,48897.1896820323,48698.62263249303,198.56704953926965,125.85800505082562,72.70904448844402,-0.001730971533446,0.0005877306831407,0.0106083364876053,Bear,True,False,False,64.8814477,0.18179529816836365,1.999748279852,11.0,5.0,3.0,3.0,0.9991639736363637
2017-05-04,49283.64,48632.55,49389.95,48632.55,1.4,55.52305726003412,48956.64357710426,48741.95725230836,214.68632479589724,143.62366899983996,71.06265579605727,0.0139594289822022,0.0018170780137789,0.010664732535761,Bull,False,True,False,64.8814477,0.4440350642643333,3.996315578379,9.0,5.0,1.0,3.0,0.9995767144444445
2017-05-05,49851.13,49233.9,50098.59,49233.45,1.15,60.08870247668373,49094.25687293437,48824.11819658182,270.1386763525516,168.92667047038228,101.21200588216928,0.011514774476885,0.0026247655384276,0.0107613132182188,Bull,False,True,False,64.8814477,0.28539629418071427,1.997774059265,7.0,4.0,2.0,1.0,0.9995056114285715
2017-05-08,50935.91,49941.51,50977.0,49932.13,2.18,67.0513313186149,49377.58812325216,48980.54721905724,397.0409041949242,214.54951721529068,182.49138697963355,0.02176038938335,0.003150276297088,0.0114399175914002,Bull,False,True,False,64.8814477,0.08609237484211459,-5.850888683187,42.0,11.0,18.0,13.0,0.9734203409722223
2017-05-09,51073.14,51284.42,51488.56,50999.15,0.27,67.81623426410852,49638.44225813645,49135.55409171966,502.8881664167857,272.2172470555897,230.670919361196,0.0026941699873428,0.0032290433631057,0.0114306138895343,Bull,False,True,False,64.8814477,-0.4280258306242857,-2.9961808143699997,7.0,2.0,5.0,0.0,0.9993630242857143
2017-05-10,51103.53,51113.18,51231.65,50857.5,0.06,67.99343837949645,49863.8403722693,49281.33008492561,582.5102873436917,334.2758551132101,248.2344322304816,0.0005950290113354,0.0029384974602555,0.0114194587390408,Bull,False,True,False,64.8814477,-0.16580163183491667,-1.9896195820190001,12.0,2.0,4.0,6.0,0.9989211400000001
2017-05-11,51426.01,51287.11,51506.96,51274.89,0.63,69.88810088415697,50104.17416115095,49440.19526382001,663.9788973309405,400.21646355675625,263.7624337741843,0.0063103272905022,0.0030393094730564,0.0114409354421382,Bull,False,True,False,64.8814477,0.2719380810770909,2.991318891848,11.0,5.0,2.0,4.0,0.9991588399999999
2017-05-12,51750.91,51453.23,51793.56,51399.23,0.63,71.70540625948186,50357.51813635849,49611.35931835186,746.1588180066319,469.4049344467314,276.7538835599005,0.0063178146622691,0.0038780114422983,0.0110061126681554,Bull,False,True,False,64.8814477,0.09999108464060001,0.9999108464060001,10.0,5.0,4.0,1.0,0.999471483
2017-05-15,52387.87,51954.08,52599.07,51954.08,1.23,74.90323133831822,50669.87996153411,49817.026776251725,852.8531852823871,546.0945846138626,306.75860066852454,0.0123081893632401,0.0048829052503787,0.0108003223427813,Bull,False,True,False,64.8814477,0.031118979526184868,1.2326678989830002,54.0,20.0,18.0,16.0,0.9869333802464847
2017-05-16,51813.19,52821.55,52846.7,51754.07,-1.1,67.49181892762061,50845.77381360579,49964.8907187516,880.8830948541872,613.0522866619276,267.8308081922596,-0.0109697149359193,0.0048093752910988,0.0109078609921562,Bull,False,True,False,64.8814477,0.1416179895342857,0.99132592674,7.0,4.0,3.0,0.0,0.99789105
2017-05-17,51511.41,51852.35,51948.27,51443.17,-0.58,63.91534846783015,50948.17938074336,50079.44770254778,868.7316781955815,664.1881649686584,204.5435132269231,-0.0058243856438872,0.0047842030767952,0.010933021156275,Bull,False,True,False,64.8814477,-0.21958294417522226,-1.9762464975770002,9.0,3.0,5.0,1.0,0.998194781111111
2017-05-18,50956.6,51569.93,51570.29,50875.11,-1.08,57.8463379574883,50949.474860629,50144.4219468035,805.0529138255006,692.3611147400269,112.69179908547368,-0.0107706234405154,0.0034679441187746,0.0111506182493289,Bull,False,True,False,64.8814477,-0.14451627061,-1.01161389427,7.0,3.0,4.0,0.0,0.9978793471428571
2017-05-19,50742.03,51016.99,51197.27,50666.13,-0.42,55.6456749293726,50917.56026668607,50188.68921000324,728.8710566828304,699.6631031285876,29.20795355424275,-0.0042108382427399,0.0020599267279541,0.0101623877610643,Bull,False,True,False,64.8814477,0.09995852145810001,0.9995852145810001,10.0,4.0,3.0,3.0,0.999466733
2017-05-22,51373.51,50817.67,51447.45,50803.78,1.24,60.418202752950265,50987.7063795036,50276.453712965966,711.2526665376354,701.9810158103973,9.271650727238123,0.01244491006765,0.0016922055567647,0.009604454351933,Bull,False,True,False,64.8814477,0.04670266439780844,2.7709038705499998,44.0,16.0,14.0,14.0,0.9756056626406927
2017-05-23,52146.97,51507.17,52244.24,51503.67,1.51,65.33781993662078,51166.05462881074,50415.01047496849,751.0441538422529,711.7936434167684,39.25051042548444,0.0150556191313382,0.0020396043514744,0.0099675119311425,Bull,False,True,False,64.8814477,0.19466733165799996,1.9466733165799996,10.0,6.0,4.0,0.0,0.996616979
2017-05-24,52876.46,52178.58,53103.21,52178.58,1.4,69.22313583465417,51429.19391668601,50597.34006941527,831.8538472707369,735.8056841875622,96.0481630831747,0.0139891157626224,0.003064832559483,0.010094956076932,Bull,False,True,False,64.8814477,0.5693432863715555,5.124089577344,9.0,6.0,1.0,2.0,0.9842549700000001
2017-05-25,52869.01,53042.15,53127.24,52733.89,-0.01,69.1379027363597,51650.7040833497,50765.61191612526,885.092167224444,765.6629807949386,119.42918642950542,-0.0001408944547346,0.0030152651337004,0.0101088254840415,Bull,False,True,False,64.8814477,0.13528333544480003,1.3528333544480002,10.0,5.0,4.0,1.0,0.9591192
2017-05-26,52636.87,52854.57,52874.63,52455.44,-0.44,66.39463385182042,51802.42191668052,50904.2236260419,898.1982906386183,792.1700427636746,106.02824787494376,-0.0043908520322207,0.0031427296372005,0.0099920868557351,Bull,False,True,False,64.8814477,-0.11405286612700002,-1.2545815273970002,11.0,4.0,6.0,1.0,0.9647781936363636
2017-05-29,52138.9,52395.2,52563.91,52036.34,-0.95,60.81976333253104,51854.18777565275,50995.68113522398,858.5066404287645,805.4373622966926,53.06927813207187,-0.0094604789380523,0.0028523994942699,0.0102801683894782,Bull,False,True,False,64.8814477,0.01713041875824206,2.043041473126,31.0,13.0,10.0,8.0,0.9859854938888889
2017-05-30,51453.16,52170.33,52476.18,51278.93,-1.32,54.08503741366304,51792.4911947831,51029.56845854072,762.9227362423771,796.9344370858296,-34.011700843452445,-0.013152176206249,0.0028149416345486,0.0103398716472157,Bull,False,True,False,64.8814477,-0.5546283282421112,-4.991654954179,9.0,1.0,6.0,2.0,0.9991527888888889
2017-05-31,50591.57,51472.75,51492.44,50213.66,-1.67,47.03738862756492,51607.73408789339,50997.12412827844,610.6099596149506,759.6695415916538,-149.05958197670316,-0.016745132854814,0.0020642335684802,0.0111968179300763,Bull,False,True,False,64.8814477,0.1637848619027143,1.1464940333190001,7.0,3.0,2.0,2.0,0.9890128257142857
2017-06-01,48780.81,50484.37,50645.33,48361.19,-3.58,36.324402852438375,51172.82268975594,50832.952711368926,339.8699783870179,675.7096289507266,-335.8396505637087,-0.0357917336821135,-0.0004233245647355,0.0136686841022426,Bear,True,False,False,42.18906135,-0.36369355767090905,-4.00062913438,11.0,3.0,7.0,1.0,0.9988866863636363
2017-06-02,48555.3,48543.62,48915.64,47491.65,-0.46,35.2477196277481,50770.12689133195,50664.23769571196,105.88919561998772,561.7455422845788,-455.8563466645911,-0.0046229244655837,-0.0012302095118589,0.0134005552534074,Bear,True,False,False,42.18906135,0.00044994485690000194,0.0044994485690000195,10.0,4.0,4.0,2.0,0.9988984289999999
2017-06-05,50120.93,48705.86,50163.07,48705.86,3.22,46.9944903157602,50670.25044651165,50623.99268121478,46.257765296868456,458.6479868870368,-412.3902215901683,0.0322442658165018,-0.0007060156902013,0.0145066228406713,Bear,True,False,False,42.18906135,0.10009527397406669,2.0032843786720003,25.0,11.0,9.0,5.0,0.9994221146666667
2017-06-06,50144.63,50297.8,50311.01,49920.08,0.05,47.15078559264742,50589.38576243294,50588.48433445813,0.9014279748080298,367.0986751045911,-366.197247129783,0.0004728563496327,-0.0008170813720868,0.0144877112781814,Bear,True,False,False,42.18906135,0.3318538494118333,3.982246192942,12.0,7.0,3.0,2.0,0.9984609525
2017-06-07,50162.81,50236.85,50349.1,49968.74,0.04,47.27920687157658,50523.75872205864,50556.95290227605,-33.19418021740421,287.040104040192,-320.2342842575962,0.0003625512841554,-0.0008287052584458,0.0144866118931148,Bear,True,False,False,42.18906135,0.2351639480066667,2.8219673760800004,12.0,5.0,2.0,5.0,0.9853200000000001
2017-06-08,49958.33,50082.65,50290.49,49875.56,-0.41,45.92740814528066,50436.76968789577,50512.610465070415,-75.84077717464243,214.46392779722515,-290.3047049718675,-0.0040763266651129,-0.0013480379562266,0.0144031496715117,Bear,True,False,False,42.18906135,0.12273861747440001,1.8410792621160001,15.0,7.0,5.0,3.0,0.994149748
2017-06-09,49526.92,49950.34,49961.0,49478.43,-0.86,43.12582617905987,50296.79281283489,50439.59635654668,-142.8035437117942,143.0104334954213,-285.8139772072155,-0.0086353967396428,-0.0020956985263222,0.0143723493004112,Bear,True,False,False,42.18906135,-0.4163896776545,-4.9966761318540005,12.0,2.0,7.0,3.0,0.9993774991666666
2017-06-12,47671.8,49433.9,49433.9,47538.17,-3.75,33.626726060737155,49892.94776470644,50234.574404209896,-341.6266395034545,46.08301889564613,-387.7096583991007,-0.0374568012709046,-0.0045839480580294,0.0159667944088325,Bear,True,False,False,42.18906135,-0.24157720827118181,-4.000459647074001,35.0,13.0,17.0,5.0,0.9991533785681819
2017-06-13,48071.04,47593.37,48513.23,47099.99,0.84,36.85047948913038,49612.65426244391,50074.31259649064,-461.6583340467332,-55.46525169282973,-406.1930823539035,0.0083747624381709,-0.0036167241893249,0.0161445308794721,Bear,True,False,False,42.18906135,0.2995996786565,2.995996786565,10.0,5.0,2.0,3.0,0.9994402389999999
2017-06-14,47608.64,48252.15,48601.75,47484.85,-0.96,34.74555604660597,49304.34437591408,49891.67018193578,-587.3258060217049,-161.83736255860478,-425.4884434631001,-0.0096190970696702,-0.0038064597606141,0.016194063870838,Bear,True,False,False,42.18906135,-0.0012769380455999845,-0.012769380455999846,10.0,4.0,4.0,2.0,0.99857463
2017-06-15,47442.73,47482.08,48088.63,47369.87,-0.35,33.99522908023407,49017.94216423499,49710.26720549609,-692.3250412611014,-267.93489829910413,-424.3901429619973,-0.0034848716535484,-0.0034421721712657,0.0161108922334483,Bear,True,False,False,42.18906135,0.19984995285,1.9984995285,10.0,6.0,4.0,0.0,0.9993806299999999
2017-06-16,46858.56,47461.36,47527.41,46733.7,-1.23,31.42222982956356,48685.72952358345,49499.0296347186,-813.3001111351477,-377.0079408663129,-436.29217026883487,-0.0123131615739652,-0.003847288337827,0.0162326463547401,Bear,True,False,False,42.18906135,-0.3156543919307143,-4.41916148703,14.0,4.0,9.0,1.0,0.9786977535714286
2017-06-19,46593.34,46914.07,47083.26,46312.95,-0.57,30.300911093399733,48363.82344303215,49283.79336548018,-919.9699224480282,-485.600337182656,-434.3695852653723,-0.0056600117459862,-0.0047525344285088,0.0157746268176065,Bear,True,False,False,42.18906135,0.05420600504612678,5.047865924905,36.0,19.0,13.0,4.0,0.9887858672564103
2017-06-20,44914.44,46666.51,46777.33,44823.56,-3.6,24.37187315894772,47833.14906718105,48960.1375606298,-1126.988493448749,-613.8779684358747,-513.1105250128744,-0.0360330467830809,-0.0073069677242298,0.016517204889589,Bear,True,False,False,42.18906135,-0.374562115903,-2.996496927224,8.0,1.0,4.0,3.0,0.99952282375
2017-06-21,45474.46,44699.09,45765.35,43826.67,1.25,29.338641626923035,47470.27382607628,48701.93922280537,-1231.6653967290913,-737.435454094518,-494.22994263457326,0.0124685958457901,-0.0073829937200714,0.0164172201530502,Bear,True,False,False,42.18906135,-0.18158749634354548,-1.9974624597790003,11.0,4.0,6.0,1.0,0.9994835081818182
2017-06-22,46332.31,45611.28,46464.38,45540.66,1.89,36.24569179890123,47295.20246821839,48526.41113222719,-1231.208664008802,-836.1900960773748,-395.018567931427,0.0188644351136879,-0.0064327272416503,0.0173802619817555,Bear,True,False,False,42.18906135,0.44415798921688887,3.997421902952,9.0,6.0,2.0,1.0,0.9994957233333334
2017-06-29,46711.85,46398.74,47086.47,46115.6,0.82,39.08283460461768,47205.45593464633,48391.99919650666,-1186.54326186033,-906.260729233966,-280.28253262636395,0.0081916917157811,-0.0058036000542502,0.0176831543084725,Bear,True,False,False,42.18906135,-0.22444721278518334,-2.049419486083,50.0,17.0,19.0,14.0,0.9985744560833334
2017-06-30,46565.29,46747.19,46831.98,46506.12,-0.31,38.37270653845808,47106.96886777767,48256.68740417283,-1149.7185363951648,-954.9522906662058,-194.766245728959,-0.0031375336236949,-0.0054874527885323,0.0176708519212269,Bear,True,False,False,42.18906135,0.4041144852096667,3.637030366887,9.0,6.0,2.0,1.0,0.9612137722222222
2017-07-03,44665.41,46523.33,46523.33,44639.82,-4.08,30.60862851249149,46731.3444265811,47990.66685571558,-1259.3224291344814,-1015.826318359861,-243.49611077462032,-0.04080034721141,-0.0068698613387903,0.019307692228026,Bear,True,False,False,91.38012054,-0.25531112871011113,-6.993341623804,26.0,7.0,14.0,5.0,0.9994470536666668
2017-07-04,45394.06,44610.69,45686.03,44328.2,1.63,35.960354392969066,46525.60836095324,47798.325607144056,-1272.7172461908194,-1067.204503926053,-205.5127422647668,0.0163135186713834,-0.0052169287624805,0.0198258961480815,Bear,True,False,False,91.38012054,0.15382225756515383,1.9996893483469997,13.0,7.0,5.0,1.0,0.9994791676923077
2017-07-05,45413.42,45408.68,46358.26,45152.63,0.04,36.10136475865372,46354.50245926812,47621.66593254079,-1267.163473272667,-1107.1962977953756,-159.96717547729145,0.000426487518411,-0.0034060177024542,0.0184956587758702,Bear,True,False,False,91.38012054,-0.034465767716411785,-0.5859180511790003,17.0,7.0,8.0,2.0,0.9755250447058823
2017-07-06,44823.11,45385.9,45579.95,44560.21,-1.3,33.667102682024776,46118.90361938072,47414.365493093326,-1295.4618737126077,-1144.849412978822,-150.61246073378538,-0.0129985805957797,-0.003824800508964,0.0186190724195532,Bear,True,False,False,91.38012054,0.19791130094473336,2.9686695141710002,15.0,7.0,4.0,4.0,0.9985639373333334
2017-07-07,45222.15,44819.65,45291.89,44549.45,0.89,36.770820532378366,45980.94152409138,47251.9791602716,-1271.0376361802191,-1170.0870576191016,-100.95057856111748,0.0089025504923687,-0.0049918862751707,0.0168905040773201,Bear,True,False,False,91.38012054,0.0012430266045714289,0.008701186232000002,7.0,3.0,3.0,1.0,0.9981597585714285
2017-07-10,46273.81,45133.46,46332.35,44710.24,2.33,44.18326274624024,46025.99821269271,47179.52218543667,-1153.523972743962,-1166.7744406440738,13.250467900111744,0.0232554179754831,-0.0038527581938782,0.0180096289471921,Bear,True,False,False,91.38012054,0.0016618699946904859,0.034736711992000124,18.0,7.0,7.0,4.0,0.9979608236904761
2017-07-11,44120.58,45278.17,45278.17,44117.17,-4.65,35.1081592937734,45732.85694920152,46952.93387540432,-1220.076926202797,-1177.4349377558185,-42.64198844697853,-0.0465323689577321,-0.0061975042059725,0.0203345850387036,Sideways,False,False,True,91.38012054,0.14773796144285714,1.0341657301,7.0,4.0,3.0,0.0,0.9944485285714286
2017-07-12,43792.19,43746.75,44205.77,43027.15,-0.74,33.96244346158285,45434.29280317052,46718.80469944845,-1284.5118962779234,-1198.8503294602394,-85.66156681768393,-0.0074430118552385,-0.0063658384654788,0.0203300358452517,Sideways,False,False,True,91.38012054,-0.33318020724333336,-1.99908124346,6.0,2.0,4.0,0.0,0.9990699150000001
2017-07-13,43783.55,43777.62,44121.3,43060.98,-0.02,33.93106909980715,45180.33237191352,46501.37842541523,-1321.0460535017046,-1223.2894742685326,-97.75657923317203,-0.000197295453824,-0.0059439334011879,0.0203679789225204,Sideways,False,False,True,91.38012054,-0.39950095164,-1.9975047582,5.0,1.0,3.0,1.0,0.9991684660000001
2017-07-14,44337.44,43806.39,44466.38,43695.88,1.27,37.89217760759593,45050.65662238837,46341.086690199285,-1290.430067810914,-1236.717592977009,-53.712474833904935,0.0126506416222531,-0.00343856125653,0.019343700633322,Bear,True,False,False,91.38012054,0.0002592132358333403,0.001555279415000042,6.0,2.0,2.0,2.0,0.9994156233333333
2017-07-17,44523.21,44195.09,44630.07,44173.44,0.42,39.2086091504757,44969.51098817477,46206.42915759193,-1236.9181694171566,-1236.757708265039,-0.1604611521179322,0.0041899126336566,-0.0036478037467557,0.0192314978457398,Bear,True,False,False,91.38012054,-0.16438045192012965,-3.187014752383,22.0,8.0,11.0,3.0,0.9849493468518519
2017-07-18,45636.36,44517.52,45669.06,44517.06,2.5,46.523053969542495,45072.10314384019,46164.20181258512,-1092.0986687449258,-1207.8259003610162,115.72723161609042,0.0250015665986347,-0.0019167705633405,0.0201994791986284,Sideways,False,False,True,91.38012054,0.6662334129483334,3.9974004776900003,6.0,5.0,1.0,0.0,0.9994841000000001
2017-07-19,45418.7,45651.26,45808.8,45297.15,-0.48,45.37344366624224,45125.425737095546,46108.97945609733,-983.5537190017858,-1162.9714640891702,179.41774508738445,-0.004769442611111,-0.0019809991112186,0.0202067687052948,Sideways,False,False,True,91.38012054,0.07091134523957142,0.4963794166769999,7.0,3.0,3.0,1.0,0.9640294457142857
2017-07-20,45059.93,45651.57,46087.58,44971.68,-0.79,43.46683051445802,45115.34946985008,46031.27208897901,-915.9226191289272,-1113.5616950971216,197.63907596819445,-0.0078991692848979,-0.0017602994967652,0.0201118628508911,Sideways,False,False,True,91.38012054,-0.38900404307125,-3.11203234457,8.0,2.0,6.0,0.0,0.93263394625
2017-07-21,45294.39,44975.2,45382.22,44548.36,0.52,45.09067440532331,45142.89416679622,45976.688230536114,-833.7940637398933,-1057.608168825676,223.8141050857828,0.0052032925927758,-0.0012171342798271,0.0201476612322138,Sideways,False,False,True,91.38012054,5.009491000000643e-05,0.00040075928000005145,8.0,4.0,4.0,0.0,0.9994328474999999
2017-07-24,45529.2,45366.3,45566.7,45271.06,0.52,46.74061976031463,45202.32583344296,45943.54095420011,-741.2151207571515,-994.3295592119712,253.1144384548197,0.0051840857112768,0.0008437223448907,0.0184341246245857,Bear,True,False,False,91.38012054,0.26950778527916297,3.9892891654710003,20.0,10.0,6.0,4.0,0.9989746582962963
2017-07-25,45917.9,45570.34,45939.56,45499.23,0.85,49.44856320887892,45312.41416675942,45941.64162425936,-629.2274574999392,-921.3091388695648,292.0816813696256,0.0085373782100279,0.0006471614631026,0.018324277821448,Bear,True,False,False,91.38012054,-3.212802399999718e-05,-0.00025702419199997745,8.0,3.0,3.0,2.0,0.99944579125
2017-07-26,45908.39,46031.54,46106.72,45857.92,-0.02,49.38240764097548,45404.10275648874,45939.178540980894,-535.0757844921536,-844.0624679940826,308.9866835019289,-0.0002071087745737,-0.0003064157313104,0.0178155439595806,Bear,True,False,False,91.38012054,0.206547070422625,1.652376563381,8.0,4.0,2.0,2.0,0.9522103675
2017-07-27,45905.76,45854.97,46025.07,45758.21,-0.01,49.36273911153514,45481.28079395201,45936.70309350083,-455.4222995488162,-766.3344343050294,310.9121347562132,-5.7288003347477634e-05,-0.0007188647172669,0.0177035834553665,Bear,True,False,False,91.38012054,0.053496005633,0.427968045064,8.0,2.0,2.0,4.0,0.94497594
2017-07-28,45912.03,44989.88,46060.55,44235.94,0.01,49.41446672457554,45547.54990257478,45934.87545694521,-387.325554370429,-690.5326583181093,303.20710394768025,0.0001365841672156,-0.0005551588277213,0.0176951767398128,Bear,True,False,False,91.38012054,-0.49953105131250003,-1.9981242052500001,4.0,1.0,3.0,0.0,0.99940718
2017-07-31,46010.45,46334.55,47111.54,45911.74,0.21,50.27317076068926,45618.765302178654,45940.47357124556,-321.7082690669049,-616.7677804678684,295.0595114009635,0.0021436647432055,0.0015920417700094,0.0149466866064224,Bull,False,True,False,91.38012054,-0.2812836379633595,-11.947803149558,25.0,4.0,16.0,5.0,0.9989389414248366
2017-08-01,46533.43,46071.7,46623.91,46064.87,1.14,54.67599966536268,45759.48294799733,45984.39626967181,-224.91332167448127,-538.396888709191,313.4835670347097,0.0113665482515386,0.0013446932490171,0.014729599341899,Bull,False,True,False,74.41706212,0.374506600262,2.996052802096,8.0,5.0,2.0,1.0,0.99923430375
2017-08-02,46949.04,46690.3,46989.27,46689.62,0.89,57.86851778207825,45942.49172522851,46055.85136080723,-113.3596355787231,-453.3894380830975,340.02980250437435,0.0089314284375769,0.0017699402949754,0.0148241616195713,Bull,False,True,False,74.41706212,-0.0018695387517142978,-0.013086771262000085,7.0,3.0,3.0,1.0,0.9985148942857143
2017-08-03,47084.34,47040.47,47167.63,46857.45,0.29,58.88386346661629,46118.16069057797,46132.03570445114,-13.875013873170246,-365.48655324111206,351.6115393679418,0.0028818480633467,0.0025639617279317,0.0144110288825225,Bull,False,True,False,74.41706212,8.173227666668276e-05,0.0004903936600000966,6.0,2.0,2.0,2.0,0.9995544083333333
2017-08-04,46877.37,47121.41,47241.17,46834.99,-0.44,56.63538201260641,46234.96212279674,46187.24565226957,47.71647052717162,-282.84594848745536,330.562419014627,-0.0043957290258288,0.0018990477520219,0.0144099649211764,Bull,False,True,False,74.41706212,0.2498999576925,0.99959983077,4.0,2.0,1.0,1.0,0.9994579125
2017-08-07,46465.66,46892.24,46929.2,46336.66,-0.88,52.35283702945705,46270.454103904936,46207.86893728664,62.58516661829344,-213.7597254663056,276.34489208459905,-0.0087827026132225,0.0002971417225866,0.0136728272107437,Bear,True,False,False,74.41706212,0.16567816370651425,3.10330271152,18.0,8.0,5.0,5.0,0.9948429006190477
2017-08-08,45979.7,46515.07,46517.55,45905.02,-1.05,47.76201428663069,46225.72270330418,46190.96753452467,34.755168779505766,-164.05674661714335,198.8119153966491,-0.0104584762166297,0.0021008363596417,0.0086133062133804,Bull,False,True,False,74.41706212,-0.13386846450857143,-0.9370792515599999,7.0,3.0,4.0,0.0,0.9907347771428572
2017-08-09,45998.81,46010.39,46101.08,45591.38,0.04,47.95528754285888,46190.81305664199,46176.733643078405,14.079413563587876,-128.4295145809971,142.50892814458498,0.0004156181967258,0.0024937678622399,0.0083295885182281,Bull,False,True,False,74.41706212,0.47668556619833335,2.86011339719,6.0,4.0,1.0,1.0,0.9867458083333333
2017-08-10,45634.02,46024.13,46213.14,45572.11,-0.79,44.56565546771992,46105.15258638938,46136.53263248,-31.38004609062773,-109.01962088292323,77.63957479229552,-0.0079304225478876,0.0021071115075367,0.0086349678144643,Bull,False,True,False,74.41706212,-0.24963333833999998,-0.9985333533599999,4.0,1.0,2.0,1.0,0.999475625
2017-08-11,45288.49,45625.14,45627.05,45261.25,-0.76,41.56850861032962,45979.51218848332,46073.714659703706,-94.20247122038565,-106.05619095041573,11.853719730030091,-0.0075717633467311,0.0010959912590875,0.0085185803796544,Bull,False,True,False,74.41706212,-0.16630945946916664,-0.9978567568149999,6.0,2.0,3.0,1.0,0.99934555
2017-08-15,43899.45,45331.16,45419.52,43822.2,-3.07,32.19487216532161,45659.50262102435,45912.658018244176,-253.1553972198235,-135.4760322042973,-117.6793650155262,-0.0306709276462959,-0.00064705075491,0.0110443100378382,Bear,True,False,False,74.41706212,-0.10282848502420833,-0.9696002109739998,17.0,6.0,7.0,4.0,0.9988550429166667
2017-08-16,44186.96,43912.92,44332.51,43781.57,0.65,35.439987622103075,45432.95760240522,45784.82853541128,-351.8709330060519,-178.75501236464822,-173.1159206414037,0.006549284786028,-0.0015696648455404,0.0094436562887213,Bear,True,False,False,74.41706212,-0.4994155894495,-2.996493536697,6.0,1.0,4.0,1.0,0.999457015
2017-08-17,43136.06,44216.97,44257.26,43044.12,-2.38,29.82181796796685,45079.58874049672,45588.623458714144,-509.0347182174228,-244.8109535352032,-264.2237646822196,-0.0237830346328419,-0.0025203444466269,0.0106612668926513,Bear,True,False,False,74.41706212,0.49965371191999997,1.9986148476799999,4.0,3.0,1.0,0.0,0.999448985
2017-08-18,43078.38,43133.88,43187.09,42347.19,-0.13,29.544975024369407,44771.710472728,45402.67949880939,-630.969026081395,-322.0425680444415,-308.9264580369535,-0.0013371643121786,-0.0021922441979909,0.0105877406428805,Bear,True,False,False,74.41706212,-0.16888435659833334,-1.01330613959,6.0,2.0,3.0,1.0,0.99680281
2017-08-21,42153.38,43110.92,43135.01,42016.87,-2.15,25.4626781185232,44368.890400000615,45161.990647045735,-793.1002470451203,-416.2541038445773,-376.8461432005431,-0.0214724880554932,-0.0035260332304044,0.0112655944819862,Bear,True,False,False,74.41706212,0.010751560074351846,0.1911451969789999,21.0,8.0,8.0,5.0,0.9937610877777777
2017-08-22,41983.16,42073.08,42291.15,41062.73,-0.4,24.784027301526976,44001.85495384668,44926.521710227535,-924.6667563808588,-517.9366343518336,-406.7301220290251,-0.0040381103484463,-0.0039871430333906,0.011077483961924,Bear,True,False,False,74.41706212,-0.33314217509666666,-4.99713262645,15.0,5.0,10.0,0.0,0.9993110393333333
2017-08-23,42910.79,42000.35,42949.9,41927.22,2.21,34.95788854452478,43833.99880710104,44777.20825021068,-943.2094431096413,-602.9911961033952,-340.218247006246,0.0220952877296516,-0.0033092475574094,0.0122382942658473,Bear,True,False,False,74.41706212,0.07524892845699999,0.9782360699409999,13.0,5.0,4.0,4.0,0.9983582615384615
2017-08-24,42268.62,42966.24,43173.22,42136.17,-1.5,31.7556301019209,43593.17129831626,44591.38689834322,-998.2156000269606,-682.0360768881083,-316.17952313885235,-0.0149652336859796,-0.0040471538029797,0.0124838626766684,Bear,True,False,False,74.41706212,-5.398263823529938e-05,-0.0009177048500000895,17.0,8.0,8.0,1.0,0.9993376688235294
2017-08-25,42641.75,42211.84,42784.72,41836.1,0.88,35.45532928774061,43446.79879088299,44446.96935031779,-1000.1705594348024,-745.6629733974471,-254.5075860373552,0.0088275888827218,-0.0036029099586762,0.0127877051097987,Bear,True,False,False,74.41706212,0.24942831402666665,2.99313976832,12.0,7.0,4.0,1.0,0.9992232808333333
2017-08-28,41974.22,42468.78,42598.9,41820.23,-1.57,32.10234409919099,43220.24820767022,44263.80273177574,-1043.5545241055152,-805.2412835390608,-238.3132405664544,-0.0156543762861514,-0.0043924579813446,0.0130298623417436,Bear,True,False,False,74.41706212,0.05928194810139814,-0.020305299530000376,23.0,9.0,9.0,5.0,0.999044235787037
2017-08-29,41233.08,41782.33,41804.88,41046.24,-1.77,28.84114874985412,42914.53002187481,44039.3047516442,-1124.7747297693932,-869.1479727851273,-255.62675698426585,-0.0176570285284634,-0.005382492644928,0.0132573584315677,Bear,True,False,False,74.41706212,0.2726389801686364,2.9990287818550003,11.0,6.0,3.0,2.0,0.9995340899999999
2017-08-30,41323.65,41046.29,41558.0,41046.29,0.22,29.77994219660057,42669.77924927868,43838.145140411296,-1168.365891132613,-928.9915564546244,-239.3743346779884,0.0021965373433174,-0.0058409931903391,0.0127982325438577,Bear,True,False,False,74.41706212,0.15363446813292306,1.9972480857279997,13.0,6.0,4.0,3.0,0.9993765184615384
2017-08-31,41206.99,41199.85,41362.87,40842.5,-0.28,29.24474812520089,42444.73474938965,43643.24475964009,-1198.5100102504366,-982.895247213787,-215.6147630366496,-0.0028230807298,-0.0064287186487079,0.0123460526384257,Bear,True,False,False,74.41706212,0.2311099860230909,2.542209846254,11.0,6.0,3.0,2.0,0.9574838481818181
2017-09-05,41779.2,41109.65,41833.7,41070.99,1.39,35.379227923691346,42342.34478794509,43505.16737003712,-1162.822582092027,-1018.8807141894353,-143.94186790259187,0.013886236291464,-0.005878499237302,0.0130101806552703,Bear,True,False,False,61.55705378,-0.033405359191392564,-3.0022581077819996,28.0,9.0,12.0,7.0,0.9992838473518519
2017-09-06,41389.99,41846.18,42054.07,41324.61,-0.93,33.26651908434599,42195.82866672277,43348.48756484919,-1152.658898126414,-1045.636350976831,-107.02254714958303,-0.0093158796721813,-0.0061245067696197,0.0130271736151936,Bear,True,False,False,61.55705378,-0.0893066942951818,-0.9823736372469998,11.0,4.0,5.0,2.0,0.9973975163636364
2017-09-07,40958.65,41346.46,41477.84,40686.09,-1.04,31.05332341409003,42005.493487226966,43171.46256004555,-1165.9690728185817,-1069.702895345181,-96.26617747340038,-0.0104213603337424,-0.0062064396556457,0.0130499051842892,Bear,True,False,False,61.55705378,-0.2669880492426666,-4.004820738639999,15.0,4.0,8.0,3.0,0.9978212860000001
2017-09-08,41401.02,41227.88,41635.74,41169.97,1.08,35.772680768945264,41912.49756611512,43040.318666708845,-1127.8211005937264,-1081.3265363948904,-46.49456419883609,0.0108004047984979,-0.0051434956048893,0.0135418579603169,Bear,True,False,False,61.55705378,0.4046751448,5.6654520272,14.0,9.0,3.0,2.0,0.9875260478571428
2017-09-11,41126.83,41534.69,41552.05,41062.47,-0.66,34.20964566851745,41791.62563286664,42898.57876547115,-1106.9531326045108,-1086.4518556368143,-20.501276967696413,-0.0066227836898703,-0.0054954156992191,0.0134811057161178,Bear,True,False,False,61.55705378,0.2494019872721037,3.926963553278,30.0,14.0,10.0,6.0,0.9974137202962963
2017-09-12,41279.3,41265.57,41411.18,41024.54,0.37,35.887210786755816,41712.80630473331,42778.63219025107,-1065.8258855177555,-1082.326661613003,16.500776095247147,0.0037073122338873,-0.0049135289601303,0.0136209071395274,Bear,True,False,False,61.55705378,2.066007758334611e-05,0.0002479209310001533,12.0,4.0,4.0,4.0,0.99960993
2017-09-13,42310.12,41407.04,42346.23,41387.3,2.5,45.92614509626706,41804.70071938972,42743.927583565805,-939.226864176082,-1053.706702125619,114.47983794953666,0.0249718381852406,-0.0032863488835318,0.0151452055538428,Bear,True,False,False,61.55705378,0.047361127503571424,0.66305578505,14.0,7.0,6.0,1.0,0.987353215
2017-09-14,42683.57,42392.65,42732.51,42171.26,0.88,49.03938043544162,41939.91137794515,42739.45665144982,-799.5452735046711,-1002.8744164014292,203.32914289675816,0.0088264935197535,-0.0013114778252293,0.0139113192405345,Bear,True,False,False,61.55705378,0.13597238479840001,2.039585771976,15.0,6.0,4.0,5.0,0.9973765546666667
2017-09-15,42787.19,42700.14,43014.42,42538.05,0.24,49.90126126339583,42070.26193518436,42742.99245504614,-672.730519861776,-936.8456370934988,264.1151172317227,0.0024276319904825,-0.0015175604650066,0.0138189633428018,Bear,True,False,False,61.55705378,0.24928943853672728,2.742183823904,11.0,6.0,3.0,2.0,0.9855095609090909
2017-09-18,42841.41,42833.86,42924.93,42489.69,0.13,50.37421700444399,42188.90009900215,42750.28264356124,-561.3825445590846,-861.7530185866159,300.37047402753126,0.0012672017021917,-0.0002650486482549,0.0127917305790058,Bear,True,False,False,61.55705378,-0.16940620504926454,-4.013889301793,30.0,9.0,13.0,8.0,0.9987781624338625
2017-09-19,43253.26,42889.52,43297.41,42889.52,0.96,53.93183157834321,42352.647776078746,42787.54022551966,-434.8924494409148,-776.3809047574757,341.48845531656093,0.0096133623986698,0.0002824776872875,0.0129764501754534,Bear,True,False,False,61.55705378,0.3905284813209,3.905284813209,10.0,6.0,2.0,2.0,0.990567245
2017-09-20,43347.03,43309.42,43435.92,43145.83,0.22,54.72761417048461,42505.62965668202,42828.98391251821,-323.3542558361878,-685.7755749732181,362.4213191370303,0.0021679290763285,0.0014644985438786,0.0119245652029904,Bull,False,True,False,61.55705378,0.26639338405293334,3.995900760794,15.0,9.0,5.0,1.0,0.9993860006666666
2017-09-21,42775.04,43338.68,43386.73,42705.66,-1.32,49.150256677239824,42547.07740180786,42824.988067146485,-277.91066533862613,-604.2025930462997,326.2919277076736,-0.0131955984066266,0.0010066241409695,0.0123163490167094,Bull,False,True,False,61.55705378,0.19984460236669999,1.9984460236669999,10.0,5.0,3.0,2.0,0.999404056
2017-09-22,42750.19,42771.66,42921.13,42572.04,-0.06,48.91701585569808,42578.325493837416,42819.44746958008,-241.12197574265883,-531.5864695855716,290.4644938429128,-0.0005809462714704,-0.0001271875590865,0.0112723104561126,Bear,True,False,False,61.55705378,0.1819001927049091,2.000902119754,11.0,6.0,4.0,1.0,0.9988586818181818
2017-09-25,42743.65,42815.23,43087.07,42628.37,-0.02,48.85131197175318,42603.76003324705,42813.83284220377,-210.0728089567201,-467.2837374598014,257.2109285030813,-0.0001529817762213,0.0006134250364013,0.0107191358388598,Bear,True,False,False,61.55705378,-0.004116597086162049,-0.9852911479620003,29.0,11.0,12.0,6.0,0.9988240554629629
2017-09-26,42666.23,42844.8,42957.71,42599.64,-0.18,48.02889179717199,42613.37079736289,42802.89929833682,-189.52850097393093,-411.7326901626273,222.2041891886964,-0.0018112631934801,8.148243259130105e-05,0.0105527371259773,Bear,True,False,False,61.55705378,-0.22221086031357143,-3.11095204439,14.0,5.0,8.0,1.0,0.9934538328571428
2017-09-27,42290.15,42563.19,42619.09,42101.68,-0.88,44.14135149724208,42563.64452084552,42764.91786883039,-201.27334798486845,-369.6408217270756,168.36747374220715,-0.0088144652105424,0.0004234779863717,0.0101177966496421,Bear,True,False,False,61.55705378,0.04153462452000001,0.5399501187600001,13.0,6.0,6.0,1.0,0.9787305938461539
2017-09-28,42362.87,42291.44,42456.53,42195.09,0.17,45.06724709119711,42532.756133023126,42735.13654521332,-202.3804121901921,-336.1887398196989,133.80832762950678,0.0017195493513264,0.0013923068803612,0.0091795793633137,Bull,False,True,False,61.55705378,1.818258444443968e-05,0.0001636432599999571,9.0,4.0,4.0,1.0,0.9993416877777778
2017-09-29,42409.27,42391.0,42543.2,42286.6,0.11,45.68588016314984,42513.75826640418,42710.99828260492,-197.24001620073977,-308.3989950959071,111.15897889516732,0.0010952987840529,0.001337244952398,0.0091778040582863,Bull,False,True,False,61.55705378,-0.21067349952166667,-2.52808199426,12.0,4.0,6.0,2.0,0.9548638841666667
2017-10-02,42018.9,42431.54,42434.82,41944.37,-0.92,41.45596253358836,42437.62622541893,42659.731743152704,-222.10551773377665,-291.140299623481,69.03478188970433,-0.0092048271521767,0.0010181576312791,0.0094373287350644,Bull,False,True,False,110.0621941,-0.066575082139525,-0.935655977023,22.0,7.0,8.0,7.0,0.9844863990833334
2017-10-03,41115.78,42043.21,42043.21,41025.28,-2.15,33.68550363354679,42234.265267662166,42545.36494736362,-311.09967970145226,-295.13217563907523,-15.967504062377031,-0.0214931852095129,-0.0007508134437696,0.0101845813138333,Bear,True,False,False,110.0621941,-0.07172941992418182,-0.789023619166,11.0,4.0,5.0,2.0,0.9809559236363636
2017-10-04,40461.0,41092.66,41179.88,39869.88,-1.59,29.38499421608493,41961.45522648338,42390.9675438552,-429.5123173718239,-322.00820398562496,-107.50411338619892,-0.0159252724866219,-0.0010812830844916,0.0105768064981849,Bear,True,False,False,110.0621941,0.09993357067499997,0.9993357067499997,10.0,4.0,3.0,3.0,0.99955503
2017-10-05,40468.49,40545.27,40819.44,40036.23,0.02,29.49587657868703,41731.76826856285,42248.56179986593,-516.7935313030757,-360.9652694491151,-155.8282618539606,0.000185116531969,-0.0005509592412061,0.0103472593261576,Bear,True,False,False,110.0621941,-0.5103565409349231,-6.634635032154,13.0,2.0,9.0,2.0,0.9706805492307692
2017-10-06,41312.59,40494.58,41334.93,40494.58,2.09,40.78137091501056,41667.27930416857,42179.230555431415,-511.95125126284256,-391.1624658118606,-120.78878545098196,0.0208582035059869,-4.806930583166613e-05,0.0111418853028236,Bear,True,False,False,110.0621941,0.0002264329566666797,0.0027171954800001563,12.0,6.0,6.0,0.0,0.9992267233333333
2017-10-09,41099.99,41334.5,41336.43,41004.66,-0.51,39.084440580233576,41580.004026604176,42099.28681058464,-519.2827839804668,-416.7865294455818,-102.49625453488494,-0.0051461309978386,2.5763328769917717e-05,0.0111008413444762,Bear,True,False,False,110.0621941,-0.008048631648777773,0.820415526068,35.0,14.0,13.0,8.0,0.9961012937962962
2017-10-10,40610.72,41109.73,41112.27,40287.26,-1.19,35.430591495923395,41430.88340712661,41989.02260239319,-558.1391952665799,-445.0570626097815,-113.08213265679842,-0.0119043824584871,-0.0007548214058488,0.0113738694479367,Bear,True,False,False,110.0621941,-0.344103573358625,-2.752828586869,8.0,2.0,5.0,1.0,0.98404280375
2017-10-11,40503.68,40639.75,40776.97,40315.02,-0.26,34.66702738876674,41288.23672910713,41878.997224438135,-590.7604953310074,-474.1977491540267,-116.56274617698068,-0.0026357572581821,-0.0021352011780199,0.0096286337168498,Bear,True,False,False,110.0621941,0.06673475974153333,1.001021396123,15.0,6.0,5.0,4.0,0.9995218813333333
2017-10-12,40237.53,40558.74,40791.91,39834.1,-0.66,32.77562827386562,41126.58954001372,41757.40705966494,-630.8175196512166,-505.5217032534648,-125.29581639775182,-0.0065710078689146,-0.0029050762474533,0.0093165518686763,Bear,True,False,False,110.0621941,-0.28942632298046156,-3.762542198746,13.0,2.0,6.0,5.0,0.9895393138461538
2017-10-13,39846.78,40236.92,40236.92,39478.05,-0.97,30.17283378891097,40929.695764627,41615.87912931939,-686.1833646923988,-541.6540355412516,-144.52932915114718,-0.0097110831604225,-0.0035120120049986,0.0093462099506351,Bear,True,False,False,110.0621941,-0.1609909230038889,-2.89783661407,18.0,6.0,9.0,3.0,0.9966401911111112
2017-10-16,40791.39,39978.4,40813.53,39978.4,2.37,42.13575811494846,40908.41795468437,41554.80586048092,-646.387905796546,-562.6008095923105,-83.78709620423547,0.0237060560476907,-0.0023900692877236,0.0111272269303499,Bear,True,False,False,110.0621941,0.0828610644019837,3.8897930057389996,38.0,18.0,14.0,6.0,0.9946857832017543
2017-10-17,40724.96,40892.36,41353.23,40692.09,-0.16,41.59604695937044,40880.1936539637,41493.3357967416,-613.1421427778914,-572.7090762294267,-40.43306654846469,-0.0016285299422255,-0.0029521639047684,0.0107670720419766,Bear,True,False,False,110.0621941,-0.199809270147,-1.99809270147,10.0,4.0,6.0,0.0,0.999279904
2017-10-18,40733.45,40760.07,40872.48,40224.2,0.02,41.69882870366701,40857.61770720005,41437.04795994592,-579.4302527458713,-574.0533115327156,-5.376941213155646,0.0002084716596406,-0.0030501367756028,0.0107268704862644,Bear,True,False,False,110.0621941,-0.22106809278142855,-3.0949532989399997,14.0,5.0,8.0,1.0,0.992203105
2017-10-19,41558.07,40826.57,41614.28,40821.33,2.02,50.76243733175384,40965.379598400046,41446.01255550549,-480.6329571054375,-555.36924064726,74.73628354182244,0.0202442955359785,-0.0013781420784725,0.0116303552867403,Bear,True,False,False,110.0621941,0.004716587827529412,0.080181993068,17.0,7.0,7.0,3.0,0.99704036
2017-10-20,42087.89,41687.59,42155.72,41471.24,1.27,55.54443307364348,41138.0735063385,41493.55903287545,-355.4855265369479,-515.3924978251976,159.90697128824968,0.0127489077332032,-0.0007116493782388,0.0120527172796885,Bear,True,False,False,110.0621941,-0.07630167145825,-0.9156200574989999,12.0,4.0,5.0,3.0,0.9927667808333333
2017-10-23,41483.54,42148.54,42161.8,41414.12,-1.44,49.62405124924785,41191.22219767104,41492.816882292085,-301.59468462105,-472.6329351843681,171.03825056331812,-0.0143592373008006,-0.0014219621544678,0.0124307461444998,Bear,True,False,False,110.0621941,-0.05966811560275,-1.761426206978,36.0,13.0,15.0,8.0,0.9864613445634921
2017-10-24,41291.68,41446.6,41457.26,40913.93,-0.46,47.8792843024468,41206.67724418319,41477.91785397416,-271.24060979096976,-432.3544701056885,161.1138603147187,-0.0046249669145883,-0.0015626473405232,0.0124512890523406,Bear,True,False,False,110.0621941,-0.09067503981518181,-0.9974254379669999,11.0,3.0,4.0,4.0,0.9994340918181819
2017-10-25,41595.32,41305.3,41626.86,41294.95,0.74,50.82601110557287,41266.46843738577,41486.61430923533,-220.1458718495633,-389.9127504544634,169.76687860490017,0.0073535395023889,-0.0007542471048766,0.0124805041413266,Bear,True,False,False,110.0621941,-0.27234788073854543,-2.9958266881239997,11.0,3.0,6.0,2.0,0.9994110654545455
2017-10-26,41409.49,41637.09,41745.76,41355.45,-0.45,49.00014715296793,41288.47175471104,41480.90139744012,-192.42964272908284,-350.41612890938734,157.9864861803045,-0.0044675699093071,-0.0010636030679083,0.0124926331216223,Bear,True,False,False,110.0621941,0.41639652263916666,4.99675827167,12.0,8.0,3.0,1.0,0.9994671966666666
2017-10-27,41105.4,41412.68,41420.05,40903.7,-0.73,46.08277390781279,41260.30686937088,41453.086479111225,-192.77960974034795,-318.88882507557946,126.10921533523153,-0.0073434857565257,-0.0014855422949373,0.0125582163900099,Bear,True,False,False,110.0621941,0.4536678629308181,4.9903464922389995,11.0,7.0,2.0,2.0,0.9990496436363636
2017-10-30,40324.32,41168.19,41173.38,40258.58,-1.9,39.56648740871594,41116.30888946766,41369.47414732521,-253.16525785754493,-305.7441116319726,52.57885377442767,-0.019001882964282,-0.0019753950855425,0.0130563614172032,Bear,True,False,False,110.0621941,0.08771812250910337,2.4365867010880002,33.0,15.0,13.0,5.0,0.9922120527220928
2017-10-31,39617.19,40302.72,40307.98,39557.12,-1.75,34.77260658975196,40885.67521416494,41239.67532159742,-354.0001074324755,-315.3953107920732,-38.6047966404023,-0.0175360675641894,-0.0017775392032763,0.0127719065743559,Bear,True,False,False,110.0621941,-0.3328490027052222,-2.995641024347,9.0,2.0,5.0,2.0,0.9993627822222222
2017-11-01,40453.64,39662.8,40558.97,39660.13,2.11,43.49389266681533,40819.208258139566,41181.45048296057,-362.242224821006,-324.7646935978598,-37.47753122314617,0.021113309651694,7.438990363939913e-05,0.0132874102051548,Bear,True,False,False,68.65737015,6.521330272728095e-05,0.0007173463300000904,11.0,4.0,4.0,3.0,0.9994906854545454
2017-11-02,40498.87,40508.89,40842.25,40353.48,0.11,43.93045755785116,40769.92544919502,41130.88896570423,-360.9635165092113,-332.0044581801301,-28.959058329081245,0.0011180699684874,0.0001210375754653,0.013289456875415,Bear,True,False,False,68.65737015,0.24981129793566667,2.997735575228,12.0,6.0,3.0,3.0,0.9992263475000001
2017-11-03,41064.0,40506.92,41115.5,40453.03,1.4,49.2104603356396,40815.1676877804,41125.93422750392,-310.76653972352506,-327.7568744888091,16.990334765284047,0.0139542165003616,-0.0002241617748159,0.0128032215381342,Bear,True,False,False,68.65737015,0.1109878702928889,0.9988908326360001,9.0,3.0,2.0,4.0,0.9996206633333333
2017-11-06,41030.77,41160.67,41232.17,40928.27,-0.08,48.91875177919996,40848.33727427572,41118.8850254666,-270.5477511908757,-316.3150498292224,45.76729863834669,-0.0008092246249756,-7.316456172801189e-06,0.012752096283807,Bear,True,False,False,68.65737015,0.08569952768766759,-1.3485649048100004,30.0,11.0,12.0,7.0,0.9597455040336134
2017-11-07,41049.22,41120.12,41262.45,41003.05,0.04,49.09916458607407,40879.24230900253,41113.72465320981,-234.4823442072812,-299.9485087048341,65.466164497553,0.0004496625337522,0.0006103857934391,0.0124408934396303,Bear,True,False,False,68.65737015,-0.1540117026023077,-2.00215213383,13.0,4.0,6.0,3.0,0.9990949507692307
2017-11-08,41259.16,41037.59,41293.8,40970.62,0.51,51.21077263406428,40937.69118454061,41124.497641860944,-186.80645732033736,-277.3200984279348,90.51364110759744,0.0051143480923632,0.0009978910609664,0.0124551527848387,Bull,False,True,False,68.65737015,0.009942649268181801,0.1093691419499998,11.0,5.0,5.0,1.0,0.9942140054545454
2017-11-09,41790.16,41403.17,41851.33,41390.34,1.29,56.16415437251638,41068.84023307282,41173.80596468606,-104.96573161323612,-242.84922506499507,137.88349345175894,0.0128698693817324,0.0019699349234987,0.0125912334578344,Bull,False,True,False,68.65737015,-0.02746658927078572,-0.3845322497910001,14.0,6.0,6.0,2.0,0.9842215192857143
2017-11-10,41435.7,41836.35,41836.35,41390.81,-0.85,52.34382580903542,41125.28019721546,41193.20552285746,-67.92532564199792,-207.86444518039565,139.93911953839773,-0.0084819010025327,0.0020313940313932,0.0125340865476864,Bull,False,True,False,68.65737015,0.5551068082130001,4.9959612739170005,9.0,6.0,1.0,2.0,0.999583238888889
2017-11-13,41239.89,41435.7,41435.7,41141.85,-0.47,50.30804394789599,41142.912474566925,41196.66363227543,-53.75115770850243,-177.04178768601702,123.29062997751458,-0.0047256351407118,0.0006098094719731,0.0115175189274365,Bear,True,False,False,68.65737015,0.04510156107073612,1.1595365734079994,38.0,16.0,15.0,7.0,0.99434372825
2017-11-14,40943.78,41202.55,41316.74,40899.5,-0.72,47.31140438821156,41112.27670924894,41177.931511366136,-65.65480211719841,-154.76439057225332,89.1095884550549,-0.0071801840402581,0.0003322267670715,0.0116405470911844,Bear,True,False,False,68.65737015,0.3402508280425,4.08300993651,12.0,8.0,4.0,0.0,0.9959381758333333
2017-11-15,40662.79,40814.42,40904.35,40585.54,-0.69,44.59670159726569,41043.12490782602,41139.77288089457,-96.64797306854598,-143.14110707151187,46.49313400296589,-0.0068628250737962,-2.133806960032958e-05,0.0117513665249063,Bear,True,False,False,68.65737015,0.088919152496,0.978110677456,11.0,5.0,4.0,2.0,0.9975305909090909
2017-11-16,40813.31,40705.44,40886.03,40686.62,0.37,46.37186039671048,41007.76876816048,41115.59044527275,-107.82167711226792,-136.07722107966308,28.25554396739514,0.0037016643471832,-0.00084846962904,0.010792979194776,Bear,True,False,False,68.65737015,0.3988841805396,3.988841805396,10.0,6.0,2.0,2.0,0.998644409
2017-11-17,40844.4,40832.14,40910.17,40637.15,0.08,46.75136865771007,40982.63511152041,41095.50226414143,-112.8671526210237,-131.4352073879352,18.5680547669115,0.0007617612979688,-0.0014478269508018,0.0103206466204057,Bear,True,False,False,68.65737015,-0.06333047757407143,-0.8866266860369999,14.0,4.0,5.0,5.0,0.9912443835714286
2017-11-20,40316.93,40843.94,40923.09,40260.05,-1.29,41.39862828169332,40880.21894051727,41037.830244575394,-157.61130405812582,-136.67042672197334,-20.94087733615248,-0.0129141326595567,-0.0013755717187396,0.0102301577381776,Bear,True,False,False,68.65737015,0.42854422425838895,9.880323063411,27.0,17.0,7.0,3.0,0.9967552160634922
2017-11-21,40548.83,40353.11,40603.55,40271.53,0.58,44.411985906567786,40829.236026591534,41001.60800423648,-172.3719776449434,-143.81073690656734,-28.561240738376057,0.0057519260519092,-0.0008567270704147,0.0103194376620602,Bear,True,False,False,68.65737015,0.19987321798199997,1.9987321798199997,10.0,6.0,4.0,0.0,0.999467327
2017-11-22,40591.87,40643.09,40741.91,40465.52,0.11,44.97749481690614,40792.71817634668,40971.2570409597,-178.53886461302318,-150.75636244785852,-27.78250216516465,0.0010614362979153,-0.0011713322306384,0.010150489811713,Bear,True,False,False,68.65737015,0.6247270894975,4.99781671598,8.0,6.0,1.0,1.0,0.9984512925
2017-11-23,40266.21,40626.0,40712.65,40136.86,-0.8,41.53444326025143,40711.71691844719,40919.03133422195,-207.31441577476653,-162.06797311324013,-45.2464426615264,-0.0080227887998262,-0.0013490931751643,0.0102419717472383,Bear,True,False,False,68.65737015,0.04380155028575,0.700824804572,16.0,5.0,5.0,6.0,0.97605501875
2017-11-24,40248.41,40276.63,40368.35,40082.7,-0.04,41.3481297273496,40640.438930993776,40869.35567983514,-228.91674884136592,-175.4377282588653,-53.479020582500624,-0.0004420579935383,-0.0010040217870149,0.0101451834703551,Bear,True,False,False,68.65737015,-0.011112714106363648,-0.12223985517000013,11.0,3.0,3.0,5.0,0.9909053963636364
2017-11-27,40032.17,40152.72,40152.72,39932.93,-0.54,39.0560733330699,40546.85909545627,40807.34192577328,-260.4828303170143,-192.4467486704951,-68.0360816465192,-0.0053726345960003,-0.0003225593686009,0.0092947188051252,Bear,True,False,False,68.65737015,-0.09958066921333335,-0.9136985743400001,14.0,5.0,6.0,3.0,0.9709476872222221
2017-11-28,39634.13,40060.49,40125.75,39564.27,-0.99,35.189246172496425,40406.439234616846,40720.43733867896,-313.99810406211327,-216.75701974881875,-97.24108431329452,-0.0099430033395642,5.7093842630351335e-05,0.0086900109086101,Bear,True,False,False,68.65737015,-0.3139585564352,-1.569792782176,5.0,1.0,3.0,1.0,0.9565763300000001
2017-11-29,39672.89,39647.23,39760.5,39462.71,0.1,35.85523832670852,40293.58550621425,40642.84123951756,-349.2557333033037,-243.25676245971573,-105.99897084358798,0.0009779450185989,-0.0009496743890244,0.0071525541977694,Bear,True,False,False,68.65737015,-0.075762174829,-0.75762174829,10.0,4.0,5.0,1.0,0.9752810540000001
2017-11-30,40010.36,39706.17,40091.48,39702.84,0.85,41.49251744306744,40250.01235141206,40595.99077733107,-345.9784259190128,-263.8010951515752,-82.17733076743764,0.0085063124970226,-0.0005802622625976,0.0074495934695391,Bear,True,False,False,68.65737015,0.4280545541327143,2.996381878929,7.0,4.0,1.0,2.0,0.9994399357142857
2017-12-04,40049.8,40048.76,40131.37,39931.52,0.1,42.13258941442967,40219.21045119482,40555.53220123247,-336.3217500376486,-278.30522612878985,-58.01652390885874,0.0009857446921248,-0.0012286858530094,0.0066381063255065,Bear,True,False,False,72.42334074,0.01853933590146717,-1.050439878816,25.0,11.0,12.0,2.0,0.9985410126515152
2017-12-05,39945.41,40072.17,40084.97,39892.34,-0.26,40.8584812682368,40177.08730485716,40510.33796410414,-333.2506592469799,-289.2943127524279,-43.95634649455201,-0.0026065049013977,-0.0013185498668305,0.0066442915070185,Bear,True,False,False,72.42334074,-0.874082140474375,-6.992657123795,8.0,0.0,7.0,1.0,0.999305525
2017-12-06,39907.32,39960.06,40062.62,39825.23,-0.1,40.37866293939774,40135.58464257144,40465.6699667631,-330.0853241916557,-297.45251504027345,-32.63280915138222,-0.0009535513592175,-0.001388710561479,0.006632034622037,Bear,True,False,False,72.42334074,-0.12410717541542853,-0.8687502279079997,7.0,2.0,3.0,2.0,0.9902521085714285
2017-12-07,38784.66,39880.82,39880.82,38769.09,-2.81,29.414452855324825,39927.75008217584,40341.15070996583,-413.4006277899898,-320.64213759021675,-92.75849019977306,-0.0281316811051204,-0.0030510120213532,0.0087459029809837,Bear,True,False,False,72.42334074,-0.18168114496863635,-1.9984925946549998,11.0,2.0,4.0,5.0,0.999538239090909
2017-12-08,39080.0,38645.26,39339.65,38431.78,0.76,34.45657380167113,39797.32699261032,40247.73213885725,-450.4051462469288,-346.5947393215592,-103.8104069253696,0.0076148662899195,-0.0033137621759439,0.0083105237745119,Bear,True,False,False,72.42334074,0.10031984837799998,1.0031984837799999,10.0,4.0,3.0,3.0,0.99933753
2017-12-11,38481.7,39059.48,39437.43,38374.73,-1.53,29.81085127763397,39594.922839901046,40116.91494338634,-521.992103485296,-381.6742121543065,-140.31789133098945,-0.0153096212896622,-0.0036551481903003,0.008666606788968,Bear,True,False,False,72.42334074,-0.49396652279946035,-13.430470319339001,25.0,4.0,18.0,3.0,0.9905988581746031
2017-12-12,38525.11,38504.71,38620.66,37736.73,0.11,30.54258864851749,39430.33624914704,39999.00346609847,-568.6672169514277,-419.0728131137308,-149.59440383769686,0.0011280686664052,-0.0033624629999445,0.0087271847520484,Bear,True,False,False,72.42334074,0.03848335258478571,0.538766936187,14.0,6.0,5.0,3.0,0.96672867
2017-12-13,38819.65,38588.04,38884.89,38527.62,0.76,35.45912536707435,39336.38451850904,39911.64395009117,-575.2594315821334,-450.31013680741137,-124.94929477472203,0.0076454032188357,-0.0026211836369898,0.0090108692936026,Bear,True,False,False,72.42334074,-0.25048411430999995,-2.0038729144799996,8.0,2.0,4.0,2.0,0.9988841425
2017-12-14,38223.55,38825.74,38825.74,38126.85,-1.54,30.7197803813002,39165.17920796919,39786.59995378812,-621.4207458189339,-484.5322586097159,-136.88848720921806,-0.0153556253083168,-0.0030458236487158,0.0094124431721559,Bear,True,False,False,72.42334074,-0.0996422345418,-0.996422345418,10.0,3.0,4.0,3.0,0.9992596060000001
2017-12-15,38645.9,38214.21,38919.03,38192.7,1.1,37.13132503188242,39085.29009905085,39702.10366091492,-616.8135618640736,-510.98851926058745,-105.82504260348612,0.0110494708105342,-0.0026784333255483,0.0098240758546468,Bear,True,False,False,72.42334074,0.42846525002142855,2.99925675015,7.0,4.0,1.0,2.0,0.9992574414285714
2017-12-18,38383.97,38660.09,38703.15,38337.37,-0.68,34.96987629813961,38977.39469919687,39604.46413047678,-627.0694312799096,-534.2047016644519,-92.86472961545768,-0.0067776918120679,-0.0030554059810501,0.0098297713069477,Bear,True,False,False,72.42334074,-0.1665059648767889,-2.9971598935570003,17.0,5.0,8.0,4.0,0.9995107162222222
2017-12-19,37919.42,38418.88,38443.12,37768.25,-1.21,31.47086694382874,38814.62936085889,39479.64604673776,-665.0166858788652,-560.3670985073346,-104.64958737153064,-0.0121027085004495,-0.0030148347730947,0.0097885269729109,Bear,True,False,False,72.42334074,-0.24972024926175002,-0.9988809970470001,4.0,1.0,2.0,1.0,0.99948589
2017-12-20,38208.06,37963.09,38323.55,37842.52,0.76,35.771083603903165,38721.31099764983,39385.45448772015,-664.1434900703171,-581.1223768199311,-83.02111325038595,0.0076119307732027,-0.0029218345370301,0.0098845680240615,Bear,True,False,False,72.42334074,0.22225050189333334,2.00025451704,9.0,4.0,2.0,3.0,0.9993600222222222
2017-12-21,38715.77,38216.76,38793.99,38014.84,1.33,42.594649046564136,38720.458536472936,39335.84822937051,-615.3896928975737,-587.9758400354597,-27.413852862114027,0.0132880339907339,-0.0023105046523891,0.0105026510989254,Bear,True,False,False,72.42334074,0.5709297697621428,3.996508388335,7.0,5.0,1.0,1.0,0.9994999928571427
2017-12-22,39428.21,38770.46,39525.21,38710.53,1.84,50.53588767661126,38829.34337701556,39342.68984200973,-513.346464994167,-573.0499650272012,59.703500033034175,0.0184018037094446,-0.0009892750269256,0.0113723221140304,Bear,True,False,False,72.42334074,0.00014962221111109516,0.0013465998999998563,9.0,4.0,4.0,1.0,0.99947162
2017-12-26,39525.75,39524.24,39719.13,39293.37,0.25,51.52461442168634,38936.48285747471,39356.24985371271,-419.7669962380023,-542.3933712693614,122.62637503135907,0.0024738632567899,-0.0008434789644092,0.011398368409312,Bear,True,False,False,72.42334074,0.103792032946625,2.948915055981,22.0,8.0,5.0,9.0,0.9921286153125
2017-12-27,40146.73,39614.37,40160.47,39614.37,1.57,57.36725184455833,39122.67472555552,39414.80393862288,-292.129213067361,-492.3405396289613,200.2113265616004,0.015710770826613,0.0002106913067214,0.0119204328817797,Bear,True,False,False,72.42334074,-0.19975028163000003,-0.9987514081500001,5.0,1.0,2.0,2.0,0.999490578
2017-12-28,40371.31,40235.08,40463.66,40031.34,0.56,59.27880477670467,39314.77246008544,39485.65623946563,-170.88377938018675,-428.0491875792064,257.1654081990197,0.0055939798832929,0.0009875404678643,0.0117286201239724,Bull,False,True,False,72.42334074,0.08616573570428573,0.6031601499300001,7.0,4.0,3.0,0.0,0.9710417971428571
2017-12-29,40471.48,40400.82,40644.74,40271.18,0.25,60.13734471616114,39492.72746622614,39558.68022172743,-65.95275550129008,-355.6299011636232,289.6771456623331,0.002481217478452,0.0010627040908569,0.0117333713416308,Bull,False,True,False,72.42334074,0.599532400785,2.997662003925,5.0,3.0,0.0,2.0,0.999688634
2018-01-01,40711.04,40470.44,40815.96,40169.62,0.59,62.19041228401751,39680.160163729815,39644.04020530318,36.119958426636,-277.2799292455714,313.3998876722074,0.0059192300355706,0.0009333499677843,0.0116610280898557,Bull,False,True,False,68.57592323,-0.013599497412833339,1.337606816244,17.0,8.0,7.0,2.0,0.9920170630555555
2018-01-02,41486.87,40676.19,41566.76,40534.79,1.91,67.94787117877735,39958.115523156,39780.54611602147,177.56940713452786,-186.31006196955155,363.8794691040794,0.0190569928943107,0.0018369123778936,0.0123453531280685,Bull,False,True,False,68.57592323,-0.33294216105450003,-1.9976529663270002,6.0,1.0,3.0,2.0,0.9994577166666666
2018-01-03,41544.27,41539.93,41819.75,41289.17,0.14,68.33208971835013,40202.1392888243,39911.19232964951,290.9469591747911,-90.858657740683,381.80561691547416,0.0013835702717508,0.002036416136551,0.0123019310855321,Bull,False,True,False,68.57592323,0.33301822631750005,1.9981093579050002,6.0,3.0,1.0,2.0,0.9995993583333332
2018-01-04,41908.71,41600.4,41995.66,41600.4,0.88,70.73107221556683,40464.68862900518,40059.15660152732,405.5320274778569,8.419479303024971,397.112548174832,0.0087723288915655,0.0025227101490902,0.012369562894705,Bull,False,True,False,68.57592323,0.8563941421385716,5.994758994970001,7.0,6.0,0.0,1.0,0.99951262
2018-01-05,42523.99,41876.62,42584.96,41821.85,1.47,74.27435195553173,40781.50422454285,40241.73685326604,539.7673712768083,114.68905769778164,425.0783135790266,0.0146814349570769,0.0046633659522001,0.0103201651821684,Bull,False,True,False,68.57592323,0.124943087417875,0.999544699343,8.0,4.0,3.0,1.0,0.99952413125
2018-01-08,43112.12,42634.49,43256.57,42634.49,1.38,77.12500786872681,41140.0604976901,40454.35782709818,685.7026705919197,228.89178027660927,456.8108903153105,0.0138305460047376,0.004974149937941,0.0105056488076248,Bull,False,True,False,68.57592323,0.2951362961203788,-1.0010852383140003,17.0,6.0,7.0,4.0,0.9994909424999999
2018-01-09,42814.34,43188.71,43251.4,42566.51,-0.69,72.73057940671319,41397.64195958393,40629.171321387206,768.4706381967262,336.80755186063266,431.6630863360936,-0.006907106400706,0.0053942756823888,0.0097958295225483,Bull,False,True,False,68.57592323,0.30455497800671427,2.131884846047,7.0,4.0,2.0,1.0,0.9869185985714285
2018-01-10,43630.74,42888.33,43659.45,42881.88,1.91,76.65745804491404,41741.19550426333,40851.50974202519,889.6857622381358,447.3831939361333,442.3025683020025,0.0190683775576128,0.0062912911269492,0.0101977682034559,Bull,False,True,False,68.57592323,0.16660068625766666,0.999604117546,6.0,3.0,2.0,1.0,0.9995317033333334
2018-01-11,43395.28,43693.6,43824.02,43140.94,-0.54,73.37558358290397,41995.67004206897,41039.937168541845,955.732873527122,549.053129854331,406.6797436727911,-0.0053966538270953,0.0056391882746526,0.0105185668560254,Bull,False,True,False,68.57592323,0.22215103809055553,1.9993593428149998,9.0,4.0,2.0,3.0,0.9996089933333333
2018-01-12,42933.72,43426.86,43436.2,42754.3,-1.06,67.29370560298389,42139.9854202122,41180.217378279485,959.7680419327152,631.1961122700079,328.57192966270736,-0.0106361797872948,0.0058751605507037,0.010065983559169,Bull,False,True,False,68.57592323,-4.465150842856781e-05,-0.0003125605589999747,7.0,3.0,3.0,1.0,0.9993723728571429
2018-01-15,42347.49,42891.16,42897.82,42270.38,-1.37,60.44127976692128,42171.909201718016,41266.68201692544,905.2271847925732,686.002326774521,219.2248580180521,-0.0136543024923068,0.0046399718855617,0.0108803760929801,Bull,False,True,False,68.57592323,0.07647078612191667,-1.000213661798,22.0,8.0,9.0,5.0,0.9990678730833333
2018-01-16,42939.68,42358.99,43142.59,42324.27,1.4,64.38642654912132,42290.02778606909,41390.60779344948,899.4199926196088,728.6858599435386,170.7341326760702,0.0139840637544279,0.0056780596638865,0.010722984606125,Bull,False,True,False,68.57592323,0.665229626545,3.9913777592699997,6.0,5.0,1.0,0.0,0.9990016633333333
2018-01-17,43358.97,42936.43,43386.27,42874.39,0.98,66.90320502504494,42454.48043436615,41536.41240134212,918.0680330240356,766.5622945596381,151.5057384643976,0.0097646279618293,0.0067714264870004,0.0098976362998095,Bull,False,True,False,68.57592323,0.4441206356031111,3.997085720428,9.0,5.0,1.0,3.0,0.9995591311111112
2018-01-18,43580.88,43626.06,44004.13,43192.75,0.51,68.18468753542953,42627.772675232896,41687.854445687146,939.9182295457504,801.2334815568606,138.68474798888974,0.0051179721289504,0.0066467285547878,0.0099021989969158,Bull,False,True,False,68.57592323,0.498610429685,3.98888343748,8.0,5.0,1.0,2.0,0.99841606375
2018-01-19,44178.83,43647.33,44203.13,43609.16,1.37,71.39828515047721,42866.39687904322,41872.37115341402,994.0257256291952,839.7919303713277,154.23379525786754,0.013720466406369,0.0066683501755695,0.009917923259713,Bull,False,True,False,68.57592323,0.7135929655642856,4.9951507589499995,7.0,6.0,1.0,0.0,0.9994296914285714
2018-01-22,44897.69,44225.24,44951.21,44121.97,1.63,74.70605985528162,43178.903513036574,42096.46884575373,1082.434667282847,888.3204777536316,194.1141895292153,0.0162715943360203,0.0065618397068983,0.0097959720801338,Bull,False,True,False,68.57592323,-0.10606995861401851,-2.927695230696,19.0,7.0,10.0,2.0,0.9965379822222222
2018-01-23,44907.2,44897.69,44970.78,44465.31,0.02,74.74766683981137,43444.79528026172,42304.67115347568,1140.124126786046,938.6812075601146,201.4429192259314,0.0002118149062901,0.0064487372893733,0.0098585141703028,Bull,False,True,False,68.57592323,-0.37433264535474997,-2.9946611628379998,8.0,2.0,5.0,1.0,0.999128925
2018-01-24,45063.21,45037.35,45494.52,44781.83,0.35,75.46079382012125,43693.78216022145,42509.00736432933,1184.7747958921243,987.8999252265166,196.8748706656079,0.0034740531585135,0.0058369014059684,0.0096305226090476,Bull,False,True,False,68.57592323,0.24908143655374998,1.9926514924299998,8.0,4.0,2.0,2.0,0.999088465
2018-01-25,44816.71,45063.21,45179.0,44729.81,-0.55,72.00097843443294,43866.54028941815,42679.94830030494,1186.5919891132144,1027.6383380038562,158.95365110935813,-0.0054700941189054,0.0052836977058584,0.0099574378415576,Bull,False,True,False,68.57592323,-0.16635499785883331,-0.9981299871529999,6.0,2.0,3.0,1.0,0.99941647
2018-01-26,44551.13,44825.78,44825.78,44196.57,-0.59,68.36414771845294,43971.861783353816,42818.55435213421,1153.307431219611,1052.7721566470073,100.53527457260408,-0.0059259146867318,0.0048633410975992,0.0102549816392511,Bull,False,True,False,68.57592323,0.12499101292512502,0.9999281034010001,8.0,4.0,3.0,1.0,0.9994825225
2018-01-29,44457.3,44724.44,44855.77,44337.72,-0.21,67.07507654044029,44046.544585914766,42939.94291864278,1106.6016672719852,1063.5380587720028,43.063608499982365,-0.0021061194182951,0.0044620736249059,0.0103678817984516,Bull,False,True,False,68.57592323,0.2301662866715278,2.953077521961,15.0,7.0,4.0,4.0,0.9979100872222221
2018-01-30,44233.11,44492.11,44615.1,44081.23,-0.5,63.971283447374304,44075.24695731249,43035.73307281739,1039.5138844950998,1058.733223916622,-19.219339421522363,-0.0050428163653664,0.0032570831619221,0.0099753847351624,Bull,False,True,False,68.57592323,-0.24892541634499998,-0.9957016653799999,4.0,1.0,2.0,1.0,0.9983633475
2018-01-31,44049.05,44252.94,44533.76,43996.42,-0.42,61.45690784031441,44071.2166561875,43110.79358594203,960.423070245466,1039.071193182391,-78.64812293692489,-0.0041611363071689,0.0029798478329761,0.0101063826957479,Bull,False,True,False,68.57592323,-0.6878793665785714,-4.81515556605,7.0,1.0,5.0,1.0,0.9218012057142858
2018-02-01,44255.48,44103.07,44436.39,44103.07,0.47,63.20372336970544,44099.56486292789,43195.58517216855,903.9796907593408,1012.052892697781,-108.07320193844008,0.0046863666753311,0.0027755497221644,0.0100240895847241,Bull,False,True,False,38.6005287,0.49967212074266665,2.998032724456,6.0,4.0,1.0,1.0,0.999618715
2018-02-02,44301.2,44341.88,44637.02,44252.88,0.1,63.59723086117173,44130.58565324667,43277.48256682273,853.1030864239438,980.2629314430136,-127.15984501906983,0.0010330923989525,0.0020931325942582,0.0096276391039877,Bull,False,True,False,38.6005287,-0.4991460258425,-1.99658410337,4.0,1.0,3.0,0.0,0.999159255
2018-02-06,43885.51,43965.88,43965.88,43498.24,-0.94,57.56905053662884,44092.88170659334,43322.52163594697,770.3600706463694,938.2823592836849,-167.92228863731543,-0.0093832672704123,0.0009324419305007,0.0095370029595605,Bull,False,True,False,38.6005287,0.1525498062158106,3.8745133495040003,32.0,14.0,10.0,8.0,0.9881286106060606
2018-02-07,44096.49,44039.51,44299.87,44034.24,0.48,59.65906999468319,44093.4368286559,43379.852625876825,713.5842027790713,893.3427279827622,-179.75852520369085,0.0048075093578723,0.0015181727184296,0.0093887673703977,Bull,False,True,False,38.6005287,0.1754444684333333,1.5790002158999998,9.0,5.0,3.0,1.0,0.9748383
2018-02-08,43679.87,44079.12,44151.54,43629.82,-0.94,54.00236100228504,44029.81116270884,43402.07613507114,627.7350276376965,840.2211879137492,-212.48616027605271,-0.0094479175099876,9.235796504960536e-05,0.0087250896323396,Bear,True,False,False,38.6005287,-2.9529947714276466e-05,-0.00020670963399993525,7.0,3.0,3.0,1.0,0.9994280714285715
2018-02-09,43808.8,43533.11,43826.6,43286.24,0.3,55.411358275179786,43995.80944536902,43432.203828769576,563.605616599445,784.8980736508884,-221.2924570514433,0.0029517029240242,0.0005097758026055,0.0086480251559859,Bull,False,True,False,38.6005287,-0.09953039952449999,-0.9953039952449999,10.0,3.0,4.0,3.0,0.9993373890000001
2018-02-12,43515.08,43795.2,43900.2,43461.25,-0.67,51.53817649050374,43921.8510691584,43438.34280441627,483.5082647421296,724.6201118691366,-241.11184712700708,-0.0067045890323406,0.0007063553403532,0.0084230895273809,Bull,False,True,False,38.6005287,-0.04602616025109524,-1.9927197658670002,27.0,10.0,12.0,5.0,0.9989015963828763
2018-02-13,43690.36,43582.09,43878.33,43548.81,0.4,53.62155783004379,43886.23705851864,43457.01074482988,429.2263136887632,665.5413522330621,-236.3150385442989,0.0040280289040028,0.0015904719101687,0.0077364213345076,Bull,False,True,False,38.6005287,0.7955855744272,3.977927872136,5.0,4.0,0.0,1.0,0.9977032859999999
2018-02-14,43353.04,43675.68,43781.77,43215.72,-0.77,49.23487468789384,43804.20674182347,43449.309208175815,354.89753364765784,603.4125885159812,-248.5150548683233,-0.0077206962817426,0.0005052339083602,0.0074223488625837,Bull,False,True,False,38.6005287,-0.25754476589333336,-2.3179028930400003,9.0,2.0,5.0,2.0,0.9610040388888889
2018-02-15,42942.35,43377.08,43451.31,42859.85,-0.95,44.46534828854056,43671.613396927554,43411.75667423687,259.8567226906889,534.7014153509227,-274.8446926602338,-0.0094731534397588,-0.0004566551617191,0.0074057630982796,Bear,True,False,False,38.6005287,0.3328510794228889,2.995659714806,9.0,5.0,2.0,2.0,0.9993813044444444
2018-02-16,43627.1,42916.87,43691.28,42916.87,1.59,52.69387996868323,43664.76518201562,43427.7080317008,237.057150314824,475.172562343703,-238.11541202887904,0.0159457970977368,8.47360867201552e-05,0.0081890912525367,Bear,True,False,False,38.6005287,0.28568727505357144,1.999810925375,7.0,4.0,2.0,1.0,0.9994403185714286
2018-02-19,43572.67,43753.08,43945.62,43512.09,-0.12,52.033892656696175,43650.59669247476,43438.44595527852,212.15073719624343,422.5681973142112,-210.4174601179677,-0.001247619025789,-0.0006636681848877,0.0075351909312083,Bear,True,False,False,38.6005287,-0.14649210610079047,-0.9653831114820002,22.0,8.0,9.0,5.0,0.9978890056666666
2018-02-20,43294.95,43587.98,43588.77,42864.82,-0.64,48.68339173414705,43595.88181670941,43427.81662525789,168.0651914515256,371.6675961416741,-203.60240469014843,-0.0063737200405666,-0.0017959339037171,0.0064846539793547,Bear,True,False,False,38.6005287,0.5550574819266667,4.99551733734,9.0,7.0,2.0,0.0,0.9994704244444443
2018-02-21,42919.78,43509.98,43623.59,42834.21,-0.87,44.5135349472687,43491.86615260027,43390.184282646194,101.6818699540745,317.6704509041541,-215.9885809500796,-0.0086654448151574,-0.0022397968897894,0.0066419038380235,Bear,True,False,False,38.6005287,-0.11093810265211111,-0.998442923869,9.0,3.0,4.0,2.0,0.9994387222222222
2018-02-22,43528.51,42701.29,43627.86,42384.18,1.42,51.73686018096707,43497.50366758484,43400.43063207981,97.07303550502547,273.5509678243284,-176.4779323193029,0.0141829711149499,-0.0017043509919676,0.0075026592676779,Bear,True,False,False,38.6005287,-0.11088178787111112,-0.9979360908400001,9.0,4.0,5.0,0.0,0.9994150955555556
2018-02-23,43267.2,43746.75,43797.11,43014.03,-0.6,48.79998296405971,43462.07233411025,43390.5616963702,71.5106377400516,233.14290180747304,-161.63226406742143,-0.0060031919309897,-0.0017310058825718,0.007517674010755,Bear,True,False,False,38.6005287,-0.03553289568300002,-0.4263947481960002,12.0,5.0,5.0,2.0,0.9672180466666668
2018-02-26,42911.02,43443.68,43490.69,42804.5,-0.82,45.04641616241187,43377.29505193944,43355.04008923167,22.25496270777512,190.96531398753348,-168.71035127975836,-0.0082321019155388,-0.0018463152440122,0.0076026106765532,Bear,True,False,False,38.6005287,0.07730178988984723,1.8594525353390003,20.0,7.0,5.0,8.0,0.9956476477777777
2018-02-27,42994.96,42900.85,43116.82,42606.88,0.2,46.098640438360505,43318.47427471799,43328.367490029326,-9.893215311334645,150.79360812775985,-160.6868234390945,0.0019561408701076,-0.001643202229592,0.0076494243651466,Bear,True,False,False,38.6005287,0.599352096724,2.99676048362,5.0,4.0,1.0,0.0,0.99939301
2018-02-28,43239.44,43022.0,43323.18,43016.54,0.57,49.1524462427912,43306.31515553061,43321.78026854568,-15.46511301506689,117.54186389919452,-133.0069769142614,0.0056862478764954,-0.0011067490174989,0.007773666718832,Bear,True,False,False,38.6005287,0.20786159929060002,2.078615992906,10.0,5.0,3.0,2.0,0.978801536
2018-03-01,43510.39,43259.45,43634.1,43176.04,0.63,52.372964382186126,43337.711285448975,43335.75135976452,1.9599256844594493,94.4254762562475,-92.46555057178806,0.0062662698684348,-0.0005853787087188,0.0079065714728603,Bear,True,False,False,73.89013743,0.5622067593067143,3.935447315147,7.0,5.0,1.0,1.0,0.9950568471428571
2018-03-02,43740.49,43567.18,43759.13,43412.47,0.53,54.98071709123501,43399.67724153375,43365.73199978196,33.94524175178958,82.32942935535593,-48.384187603566346,0.0052883920369364,-0.0005552774406385,0.0079288126751175,Bear,True,False,False,73.89013743,0.3308709093733333,1.9852254562399998,6.0,3.0,1.0,2.0,0.9972681616666667
2018-03-05,43829.07,43797.53,43875.0,43654.69,0.2,55.979950894402286,43465.73766591317,43400.05333313144,65.68433278172597,79.00041004062994,-13.316077258903974,0.0020251259187997,-0.0005056757646461,0.0079423637424485,Bear,True,False,False,73.89013743,-0.33925450678176344,-6.676016517431,23.0,4.0,11.0,8.0,0.9805782997936507
2018-03-06,43705.1,43852.32,44044.01,43660.46,-0.28,54.16787674219522,43502.56264038807,43422.64938252912,79.91325785894878,79.18297960429372,0.7302782546550617,-0.0028284880331707,-0.000177936802784,0.0076879169168211,Bear,True,False,False,73.89013743,-0.20067117290800002,-1.00335586454,5.0,2.0,3.0,0.0,0.9987087600000001
2018-03-07,43441.18,43712.63,43724.56,43416.45,-0.6,50.4256079331821,43493.11915725144,43424.02202086029,69.09713639115216,77.16581096166541,-8.068674570513252,-0.0060386545277324,-0.0007202449970643,0.0077002687552483,Bear,True,False,False,73.89013743,0.22098372495033333,1.988853524553,9.0,5.0,3.0,1.0,0.9988173411111111
2018-03-08,43072.74,43416.46,43475.56,42940.7,-0.85,45.68092484658302,43428.44544075122,43398.00113042619,30.444310325023253,67.82151083433699,-37.37720050931374,-0.0084813534070667,-0.0006719167919182,0.007645447434873,Bear,True,False,False,73.89013743,-0.33309839380555556,-2.99788554425,9.0,2.0,5.0,2.0,0.9994153811111111
2018-03-09,43011.26,43089.18,43188.55,42860.98,-0.14,44.921367095034135,43364.26306525103,43369.35363928351,-5.090574032481527,53.23909386097329,-58.32966789345482,-0.0014273528918753,-0.0008908695827132,0.0075987731713126,Bear,True,False,False,73.89013743,0.029599582663125,0.236796661305,8.0,3.0,3.0,2.0,0.96940311125
2018-03-12,43410.93,43020.08,43479.5,43011.86,0.93,50.664369167521166,43371.44259367395,43372.43336970695,-0.9907760330024756,42.39311988217814,-43.38389591518062,0.0092922178982899,-9.10292361817444e-05,0.0077940151320036,Bear,True,False,False,73.89013743,0.3850306160261778,6.857921350696,21.0,12.0,5.0,4.0,0.9950563292486772
2018-03-13,43618.07,43431.31,43707.13,43354.13,0.48,53.37766381010453,43409.38527157027,43390.62867565458,18.756595915685462,37.6658150888796,-18.90921917319414,0.004771609361974,-5.385021328318529e-05,0.0078164392696261,Bear,True,False,False,73.89013743,0.16718805232116665,1.003128313927,6.0,3.0,2.0,1.0,0.9990826166666666
2018-03-14,43407.72,43601.78,43601.95,43346.39,-0.48,50.34939939150247,43409.12907594408,43391.89469968017,17.234376263906597,33.579527323885,-16.345151059978406,-0.0048225425838419,9.105747161184951e-05,0.0076927090150146,Bear,True,False,False,73.89013743,-0.11129504502511112,-1.001655405226,9.0,3.0,4.0,2.0,0.9993232511111112
2018-03-15,43495.07,43409.07,43509.56,43366.67,0.2,51.57792083519163,43422.35075656806,43399.53731451868,22.81344204938796,31.4263102689856,-8.612868219597637,0.0020123148601216,0.0006653308866058,0.0073627761079364,Bull,False,True,False,73.89013743,-0.12478627335374996,-0.9982901868299997,8.0,3.0,4.0,1.0,0.998851505
2018-03-16,43363.21,43513.82,43525.59,43314.22,-0.3,49.58344058761721,43413.25217863451,43396.84640233211,16.405776302402955,28.42220347566907,-12.016427173266113,-0.0030316079500504,-0.0002835393657834,0.0064570099904207,Bear,True,False,False,73.89013743,-0.10998973984200001,-0.9899076585780001,9.0,3.0,4.0,2.0,0.9983942033333333
2018-03-19,43539.6,43362.88,43620.81,43311.85,0.41,52.24380539316353,43432.69030499843,43407.420742900096,25.26956209833588,27.79167520020244,-2.522113101866552,0.0040677339154551,-1.7771718721276697e-05,0.0065242787987968,Bear,True,False,False,73.89013743,-0.06040756604762432,-1.2838739363819998,22.0,9.0,10.0,3.0,0.9928931832804233
2018-03-20,44309.74,43542.12,44404.86,43542.12,1.77,61.73726317791955,43567.62102730636,43474.259206388975,93.36182091738738,40.90570434363943,52.45611657374795,0.0176882653951804,0.001185327553066,0.0074442304649749,Bull,False,True,False,73.89013743,0.002763101043571422,0.03868341460999991,14.0,4.0,4.0,6.0,0.9904832392857142
2018-03-21,44645.95,44450.27,44840.69,44443.51,0.76,65.00761091883382,43733.51779233615,43561.05111702683,172.46667530931882,67.21789853677531,105.24877677254352,0.0075877222479752,0.0019979859062227,0.0071952449455298,Bull,False,True,False,73.89013743,-0.193209933621,-2.318519203452,12.0,4.0,6.0,2.0,0.9855454983333334
2018-03-22,45030.22,44705.94,45032.41,44659.33,0.86,68.33849830727613,43933.01043966904,43669.87844169152,263.1319979775289,106.40071842492604,156.7312795526029,0.0086070517034579,0.0017191899356481,0.0067951638724223,Bull,False,True,False,73.89013743,0.12480838043550001,0.9984670434840001,8.0,4.0,3.0,1.0,0.9995051625
2018-03-26,45083.57,45019.02,45118.16,44784.81,0.12,68.78278483088742,44110.01960279688,43774.59633489955,335.4232678973276,152.2052283194064,183.2180395779212,0.0011847599234469,0.0020785875283699,0.0065509255680282,Bull,False,True,False,73.89013743,0.0018392594998291878,1.9826243383640005,37.0,16.0,14.0,7.0,0.9991481571458334
2018-03-27,45004.19,45100.61,45307.45,44936.12,-0.18,67.2702137508602,44247.58427928967,43865.67734712921,381.90693216045474,198.14556908761608,183.76136307283863,-0.0017607301285146,0.0024021561177211,0.0061631929557252,Bull,False,True,False,73.89013743,0.0003321350716153872,0.0043177559310000335,13.0,5.0,5.0,3.0,0.998991176923077
2018-03-28,45172.99,45032.93,45232.77,44899.51,0.38,68.83944604821437,44389.95439016818,43962.515321415936,427.4390687522464,244.00426902054213,183.43479973170423,0.0037507618735055,0.002491887167891,0.0061694185319997,Bull,False,True,False,73.89013743,0.3230254698269231,4.19933110775,13.0,7.0,2.0,4.0,0.9684768346153846
2018-03-29,45489.62,45157.83,45506.11,45155.51,0.7,71.59092078013069,44559.1337147577,44075.63418649624,483.4995282614618,291.9033208687261,191.5962073927357,0.0070092770038026,0.0025580386242564,0.0062124159455332,Bull,False,True,False,73.89013743,0.0008509680335555575,0.007658712302000018,9.0,3.0,3.0,3.0,0.9988403466666667
2018-03-30,45560.3,45483.29,45604.59,45391.71,0.16,72.18142685935531,44713.15929710267,44185.60943194096,527.549865161709,339.0326297273227,188.5172354343863,0.0015537610558189,0.0023224131836256,0.0061534557395555,Bull,False,True,False,73.89013743,-0.05440202400166665,-0.4896182160149999,9.0,3.0,3.0,3.0,0.9714666311111111
2018-04-02,45741.43,45624.13,45771.4,45413.69,0.4,73.69065791350923,44871.35478985611,44300.855399945336,570.4993899107722,385.3259817640126,185.1734081467596,0.0039756103449712,0.0022567740990273,0.0061270976805034,Bull,False,True,False,72.65959105,-0.14749521448831449,-0.969053423807,25.0,9.0,10.0,6.0,0.9986310362558922
2018-04-03,46013.34,45744.57,46057.53,45692.02,0.59,75.81213297397198,45047.04482218593,44427.7061110605,619.3387111254342,432.12852763629695,187.21018348913725,0.0059445015164587,0.0024527428789103,0.0061817336655081,Bull,False,True,False,72.65959105,-0.1332168487132,-1.998252730698,15.0,5.0,7.0,3.0,0.9994457600000001
2018-04-04,46103.61,46058.24,46447.91,46037.54,0.2,76.48990747667776,45209.59331108041,44551.84713987083,657.7461712095828,477.25205635095415,180.49411485862868,0.0019618223758588,0.0026922583993617,0.0060579006282666,Bull,False,True,False,72.65959105,-0.03737812849729999,-0.3737812849729999,10.0,4.0,5.0,1.0,0.9634355319999999
2018-04-05,46560.82,46325.39,46656.93,46085.1,0.99,79.60685084611572,45417.47434014496,44700.65994432484,716.8143958201181,525.164524244787,191.64987157533108,0.0099170108371122,0.003490041667604,0.0058960472254127,Bull,False,True,False,72.65959105,-0.011741700502285703,-0.08219190351599992,7.0,3.0,3.0,1.0,0.9936058028571428
2018-04-06,46637.62,46783.54,47144.12,46542.82,0.16,80.08448599205923,45605.18905704574,44844.13846696745,761.0505900782882,572.3417374114872,188.70885266680105,0.0016494554863939,0.003996582112277,0.0052085247826417,Bull,False,True,False,72.65959105,-0.31050819941512503,-4.9681311906420005,16.0,3.0,8.0,5.0,0.997740548125
2018-04-09,46580.62,46652.16,46828.2,46530.06,-0.12,78.6128385579417,45755.25535596178,44972.76672867357,782.488627288214,614.3711153868326,168.11751190138148,-0.0012221892969667,0.0040068402920224,0.0051974704237234,Bull,False,True,False,72.65959105,-0.16073402749778096,-3.96481704434,27.0,8.0,12.0,7.0,0.9983298527142858
2018-04-10,46476.73,46599.81,46679.69,46407.1,-0.22,75.87603523440865,45866.251455044585,45084.17141543849,782.0800396060949,647.9129002306851,134.16713937540987,-0.0022303266895116,0.0034307130626324,0.0052193408594225,Bull,False,True,False,72.65959105,0.031898267937076924,0.414677483182,13.0,6.0,5.0,2.0,0.9656240823076924
2018-04-11,46486.49,46557.41,46759.47,46472.15,0.02,75.9607058227192,45961.67276965311,45188.04686614675,773.6259035063558,673.0555008858192,100.57040262053658,0.0002099975622207,0.0032026324726447,0.005257192824414,Bull,False,True,False,72.65959105,0.07861859441938462,1.0220417274520002,13.0,5.0,4.0,4.0,0.9953465892307692
2018-04-12,46331.71,46576.74,46577.98,46219.85,-0.33,71.66494239754049,46018.60157432186,45272.76265383959,745.8389204822743,687.6121848051102,58.226735677164015,-0.0033295695157883,0.0032772811260474,0.0051466812565282,Bull,False,True,False,72.65959105,0.1333831330694,2.000746996041,15.0,8.0,6.0,1.0,0.9994082320000001
2018-04-13,46071.86,46310.41,46349.69,46036.23,-0.56,65.01722767519041,46026.79517827235,45331.95504985147,694.840128420874,689.057773528263,5.782354892610897,-0.0056084698794842,0.0028962418890671,0.0055142439690109,Bull,False,True,False,72.65959105,0.07843631980323075,1.0196721574419998,13.0,4.0,3.0,6.0,0.9978069115384616
2018-04-16,45682.24,46095.83,46095.83,45610.22,-0.85,56.54728314934729,45973.786689307366,45357.90208319581,615.8846061115619,674.4231400449228,-58.538533933360895,-0.0084567890247974,0.0026249828353297,0.0059383283230616,Bull,False,True,False,72.65959105,0.04634110568062821,0.025417922563999995,34.0,14.0,14.0,6.0,0.9990151827083333
2018-04-17,45801.73,45690.11,45881.84,45484.94,0.26,58.3397415326644,45947.31642941392,45390.7782251813,556.5382042326237,650.846152882463,-94.30794864983932,0.0026156773398153,0.0025523800065477,0.0059286292667784,Bull,False,True,False,72.65959105,-0.013271328486583328,-0.15925594183899994,12.0,5.0,5.0,2.0,0.9927598183333334
2018-04-18,45478.63,45835.14,46003.96,45423.95,-0.71,52.083385798292994,45875.2108248887,45397.28576405675,477.92506083194894,616.2619344723602,-138.33687364041123,-0.0070543186905823,0.0013152508022596,0.0051319849174856,Bull,False,True,False,72.65959105,-0.39988536007,-3.9988536007,10.0,3.0,7.0,0.0,0.9991993920000001
2018-04-19,45387.77,45460.8,45492.33,45122.75,-0.2,50.445075474808334,45800.219928751976,45396.580892645135,403.6390361068407,573.7373547992563,-170.09831869241566,-0.0019978614131516,0.0008359716192033,0.0049600867908422,Bull,False,True,False,72.65959105,-0.09988200197239999,-0.9988200197239999,10.0,3.0,4.0,3.0,0.999477111
2018-04-20,45259.34,45400.36,45525.73,45153.92,-0.28,48.14001859651864,45717.007632020905,45386.41490059735,330.5927314235523,525.1084301241156,-194.51569870056323,-0.0028296168769692,0.0002641381901819,0.0046676588429968,Bull,False,True,False,72.65959105,-0.2092394339205833,-2.5108732070469997,12.0,4.0,7.0,1.0,0.9571059108333334
2018-04-23,45371.95,45235.4,45452.98,45191.0,0.25,50.28510389094256,45663.92184247923,45385.34342647904,278.5784160001931,475.80242729933104,-197.224011299138,0.0024881052176191,0.0003293054548905,0.0046902322461467,Bull,False,True,False,72.65959105,-0.2588536113272247,-10.082641065355,37.0,7.0,18.0,12.0,0.9869188593872549
2018-04-24,45876.7,45426.1,45911.61,45409.5,1.11,58.5592608390848,45696.65694363627,45421.74020970281,274.9167339334599,435.6252886261568,-160.7085546926969,0.011124714719116,0.000973577697272,0.0052407219768255,Bull,False,True,False,72.65959105,0.001406372131818187,0.015470093450000055,11.0,5.0,5.0,1.0,0.9983366854545455
2018-04-25,45718.34,45885.72,45942.1,45681.74,-0.35,55.44161390202834,45699.992798461455,45443.71056453964,256.28223392181826,399.7566776852892,-143.4744437634709,-0.0034518611844356,0.000613446544375,0.0052871046614954,Bull,False,True,False,72.65959105,0.6245793029446249,4.9966344235569995,8.0,6.0,1.0,1.0,0.99955854875
2018-04-26,45460.87,45769.04,45780.94,45427.19,-0.56,50.71416894018233,45663.20467562124,45444.981633833,218.2230417882384,363.44995050587903,-145.2269087176407,-0.005631656792438,-1.860014543699773e-05,0.0052376222326659,Bull,False,True,False,72.65959105,-0.5889892775102857,-8.245849885144,14.0,2.0,10.0,2.0,0.9879142264285715
2018-04-27,45542.78,45470.35,45671.76,45458.25,0.18,52.11311879224661,45644.67780244874,45452.22595725278,192.4518451959666,329.2503294438966,-136.79848424793,0.0018017693018193,-6.199733136980079e-06,0.0052418327257141,Bull,False,True,False,72.65959105,0.05044732907285713,1.0593939105299996,21.0,9.0,8.0,4.0,0.9980907533333333
2018-04-30,45488.86,45752.81,45841.4,45424.87,-0.12,51.08516752673378,45620.70583284124,45454.93959004887,165.7662427923715,296.5535121135916,-130.7872693212201,-0.0011839417795751,-0.0002641773393643,0.0051619081135734,Bear,True,False,False,72.65959105,0.0850591646139125,2.268382836804,38.0,14.0,12.0,12.0,0.98910232975
2018-05-02,45196.37,45471.74,45484.39,45160.64,-0.64,45.80678245258274,45555.42339701951,45435.78628708229,119.63710993721908,261.1702316783171,-141.53312174109806,-0.0064299259203242,-0.0008828987112034,0.0051199971823387,Bear,True,False,False,69.67364752,-0.21980718664127083,-3.9223444565589998,20.0,7.0,11.0,2.0,0.9856977779166667
2018-05-03,44746.63,45214.42,45259.77,44556.18,-1.0,39.11443492830975,45430.99364363189,45384.73767322434,46.25597040754656,218.18737942416303,-171.93140901661647,-0.0099507991460376,-0.0014785297872982,0.0054536897430362,Bear,True,False,False,69.67364752,-0.09325241168818184,-1.0257765285700002,11.0,5.0,6.0,0.0,0.9980352181818183
2018-05-04,44536.91,44750.79,44785.32,44467.44,-0.47,36.44081427417735,45293.44231384237,45321.93562335587,-28.49330951349839,168.85124163663076,-197.34455115012915,-0.0046868333995206,-0.0022087219991299,0.0047842018367137,Bear,True,False,False,69.67364752,-0.23623316991999999,-2.83479803904,12.0,4.0,7.0,1.0,0.9926485533333333
2018-05-07,44378.52,44546.19,44763.37,44321.88,-0.36,34.521588398524884,45152.6850347897,45252.05298458877,-99.36794979907428,115.20740334948977,-214.57535314856403,-0.0035563760485405,-0.0024690135758766,0.0047041905221356,Bear,True,False,False,69.67364752,-0.2706538460574997,-9.651508805888,37.0,10.0,19.0,8.0,0.9718192203760684
2018-05-08,44066.96,44364.02,44440.1,43925.64,-0.7,31.056680668987585,44985.65041405282,45164.26831906368,-178.61790501086216,56.44234167741937,-235.06024668828152,-0.0070205135277155,-0.002758929787414,0.0048009829790494,Bear,True,False,False,69.67364752,-0.1871654344036875,-2.994646950459,16.0,4.0,7.0,5.0,0.999376615
2018-05-09,43795.0,44163.86,44249.13,43386.63,-0.62,28.379071950198835,44802.47342727546,45062.84103617007,-260.36760889461584,-6.919648436987671,-253.44796045762817,-0.0061715171638796,-0.0029559893111324,0.0048586818441266,Bear,True,False,False,69.67364752,-0.19861866119010002,-1.986186611901,10.0,2.0,4.0,4.0,0.9984384370000001
2018-05-10,43855.78,43877.06,44139.12,43735.44,0.14,29.835042826830744,44656.82828461769,44973.42910756489,-316.60082294719905,-68.85588333902994,-247.7449396081691,0.0013878296609202,-0.0028970977061975,0.0049059841115002,Bear,True,False,False,69.67364752,-0.16610065237225,-1.993207828467,12.0,3.0,5.0,4.0,0.9993038825
2018-05-11,43594.79,43869.07,44027.58,43550.68,-0.6,27.271343267617823,44493.43777929189,44871.30769218971,-377.8699128978187,-130.6586892507877,-247.21122364703103,-0.0059510969819712,-0.0030281740795066,0.0049529426731202,Bear,True,False,False,69.67364752,0.45415350345090905,4.99568853796,11.0,8.0,3.0,0.0,0.9993631727272727
2018-05-14,42498.86,43543.08,43543.08,42431.44,-2.51,19.639688830827023,44186.57965940083,44695.57082610158,-508.99116670075455,-206.32518474078108,-302.66598195997346,-0.0251390131710692,-0.0040047012440859,0.006993456920186,Bear,True,False,False,69.67364752,-0.3380308923818876,-8.462334485157,32.0,6.0,14.0,12.0,0.9873513682492997
2018-05-15,42459.53,42478.99,42608.08,41845.31,-0.09,19.429552674799623,43920.8797118007,44529.93817231628,-609.0584605155818,-286.87183989574123,-322.1866206198406,-0.0009254365881814,-0.0036281336222551,0.0069437024703311,Bear,True,False,False,69.67364752,0.08885648555773336,1.3328472833660003,15.0,6.0,5.0,4.0,0.9700123226666667
2018-05-16,42301.2,42467.22,42579.81,42198.84,-0.37,18.56823993868133,43671.69821767751,44364.84645584841,-693.1482381708993,-368.1271195507728,-325.02111862012646,-0.0037289626145179,-0.0039453656199717,0.0067865863998163,Bear,True,False,False,69.67364752,-0.29703577492744443,-2.673321974347,9.0,3.0,5.0,1.0,0.9477891811111111
2018-05-17,41869.65,42272.84,42277.0,41833.6,-1.02,16.430297157377595,43394.46003034251,44180.01708874853,-785.5570584060188,-451.6131073218221,-333.9439510841967,-0.0102018382457234,-0.0041027415977288,0.0068980541147688,Bear,True,False,False,69.67364752,-0.5550221196357777,-4.995199076722,9.0,1.0,6.0,2.0,0.999435261111111
2018-05-18,41623.52,41886.77,41974.35,41458.12,-0.59,15.345089432902212,43122.00771798213,43990.646934026416,-868.639216044292,-535.018329066316,-333.62088697797594,-0.0058784823852122,-0.0042967726463318,0.0068903045331514,Bear,True,False,False,69.67364752,-0.2727007473261818,-2.9997082205880004,11.0,3.0,6.0,2.0,0.9991800272727273
2018-05-21,41648.65,41721.39,41912.68,41591.44,0.06,15.955454418648216,42895.33729983103,43817.165679654085,-921.828379823055,-612.3803392176638,-309.4480406053912,0.0006037451902194,-0.0041251045429724,0.0069710784670905,Bear,True,False,False,69.67364752,-0.07646711993010631,-1.959952034501,27.0,10.0,11.0,6.0,0.9810942278739777
2018-05-22,42744.82,41657.6,42770.41,41657.6,2.63,37.21900402622608,42872.18079216472,43737.732666346375,-865.5518741816559,-663.0146462104623,-202.5372279711936,0.0263194605347352,-0.0029335367771166,0.0096737928378224,Bear,True,False,False,69.67364752,-0.08512383513863636,-0.9363621865249999,11.0,5.0,5.0,1.0,0.9555015527272727
2018-05-23,42772.25,42794.31,43060.68,42676.51,0.06,37.64414800027839,42856.80682413938,43666.2154318022,-809.4086076628228,-692.2934385009345,-117.11516916188828,0.0006417151832667,-0.003457686753909,0.0091413358951133,Bear,True,False,False,69.67364752,-0.05840210588046153,-0.7592273764459999,13.0,4.0,5.0,4.0,0.9798178484615385
2018-05-24,42536.16,42776.83,42838.15,42446.82,-0.55,35.42082304390402,42807.47654350255,43582.50762203908,-775.0310785365291,-708.8409665080535,-66.1901120284756,-0.0055197002729572,-0.0035610787083351,0.0091529531756843,Bear,True,False,False,69.67364752,0.099581097452,0.99581097452,10.0,4.0,3.0,3.0,0.997823923
2018-05-25,42074.09,42549.15,42570.77,42000.47,-1.09,31.49956926856163,42694.64784450216,43470.77298336951,-776.1251388673554,-722.2978009799139,-53.82733788744156,-0.01086299280424,-0.0038226455089252,0.0092889770467539,Bear,True,False,False,69.67364752,0.27252545357,2.99777998927,11.0,7.0,4.0,0.0,0.9993701481818181
2018-05-28,42138.57,42051.93,42543.27,41872.34,0.15,32.62054379238768,42609.09740688644,43372.091280897694,-762.9938740112557,-730.4370155861823,-32.556858425073415,0.0015325346311709,-0.0038361072424576,0.0092805883574023,Bear,True,False,False,69.67364752,-0.019323626239896457,-3.0178650840710004,24.0,7.0,10.0,7.0,0.9977838190151515
2018-05-29,42622.74,42146.76,42667.69,42112.75,1.15,40.49488564755824,42611.19626736545,43316.583778608976,-705.3875112435271,-725.4271147176512,20.03960347412408,0.0114899485198476,-0.0032024127274865,0.0098842770247877,Bear,True,False,False,69.67364752,-1.1322930909077575e-05,-0.00012455223999985332,11.0,5.0,5.0,1.0,0.9993501890909091
2018-05-30,42546.48,42667.17,42773.81,42337.51,-0.18,39.70775698539889,42601.23991854,43259.53905426757,-658.299135727575,-712.0015189196359,53.70238319206089,-0.0017891857726648,-0.0029703757201035,0.009858961350526,Bear,True,False,False,69.67364752,-0.21356331918985716,-2.9898864686580002,14.0,3.0,6.0,5.0,0.9986553214285714
2018-05-31,42846.64,42574.6,42919.72,42496.37,0.71,44.29723215675054,42638.99377722616,43228.95393913664,-589.9601619104869,-687.5932475178062,97.63308560731925,0.0070548726945212,-0.0021200921280756,0.0099580776789613,Bear,True,False,False,69.67364752,0.19931001531540002,0.9965500765770001,5.0,2.0,1.0,2.0,0.999367876
2018-06-01,42912.81,42780.91,42969.38,42749.42,0.15,45.28599713156121,42681.119349960594,43205.535869570966,-524.4165196103713,-654.9579019363193,130.541382325948,0.0015443451341807,-0.0018085332013905,0.0099710144934491,Bear,True,False,False,69.18057644,-0.011028624341428548,-0.15440074077999966,14.0,6.0,6.0,2.0,0.9931443285714286
2018-06-04,43268.29,42903.41,43293.91,42832.94,0.83,50.381623419506106,42771.4532961205,43210.18432367682,-438.7310275563141,-611.7125270603183,172.9814995040042,0.0082837735398824,-0.0012165257219694,0.0102103964410137,Bear,True,False,False,69.18057644,0.20535878480590278,4.015977392975,23.0,11.0,6.0,6.0,0.9726170550000001
2018-06-05,43702.58,43295.58,43747.18,43197.44,1.0,55.797794357779374,42914.70355825581,43246.65807747853,-331.9545192227233,-555.7609254927993,223.806406270076,0.0100371426742309,-0.000363642911872,0.0104105268341785,Bear,True,False,False,69.18057644,-0.2951171689406923,-3.836523196229,13.0,3.0,7.0,3.0,0.98720522
2018-06-06,44144.2,43767.67,44170.72,43679.68,1.01,60.51743330889032,43103.85685698569,43313.14266433198,-209.28580734629213,-486.4659018634979,277.18009451720576,0.0101051242283636,0.00045018915774,0.0105676256848741,Bear,True,False,False,69.18057644,0.39955374252500003,3.99553742525,10.0,7.0,3.0,0.0,0.999312021
2018-06-07,43948.11,44178.85,44332.86,43894.34,-0.44,57.5776831795578,43233.74195591096,43360.17728178887,-126.43532587790833,-414.45978666638,288.0244607884717,-0.0044420331549783,0.0001586960169451,0.0106206721070845,Bear,True,False,False,69.18057644,-0.3331702446011111,-2.99853220141,9.0,3.0,6.0,0.0,0.9991735455555555
2018-06-11,43931.16,44046.0,44244.07,43838.17,-0.04,57.31848998287945,43341.03703961697,43402.472297952656,-61.43525833568856,-343.85488100024173,282.4196226645532,-0.0003856821146573,0.0004369667603108,0.0105246400839727,Bear,True,False,False,69.18057644,-0.07889430520834168,-5.986388458313001,26.0,7.0,13.0,6.0,0.9994014900833333
2018-06-12,43228.9,43893.15,43968.33,43143.0,-1.6,47.73140561752203,43323.7851873682,43389.615090696905,-65.82990332870395,-288.2498854659342,222.41998213723025,-0.0159854645313258,0.000894644192298,0.0095033762878179,Bull,False,True,False,69.18057644,-0.16659376995766667,-0.999562619746,6.0,2.0,3.0,1.0,0.9993423566666667
2018-06-13,43507.5,43217.2,43589.72,43217.2,0.64,51.21738451005863,43352.04900469617,43398.34730620084,-46.29830150467024,-239.85956867368145,193.5612671690112,0.0064447626472106,0.0012631541540676,0.0095717352149219,Bull,False,True,False,69.18057644,-0.00044678623671429954,-0.003127503657000097,7.0,3.0,3.0,1.0,0.9991925528571429
2018-06-14,43680.68,43535.38,43731.13,43459.47,0.4,53.30226449285479,43402.6076193583,43419.26083907486,-16.653219716557942,-195.2182988822568,178.56507916569882,0.0039804631385393,0.0016486254417204,0.0095151816684285,Bull,False,True,False,69.18057644,0.250014594936625,2.000116759493,8.0,4.0,2.0,2.0,0.99918641625
2018-06-19,43682.84,43699.37,43825.11,43511.65,0.0,53.32905637716922,43445.72029330317,43438.78522136561,6.935071937565226,-154.7876247182924,161.72269665585762,4.9449779627952495e-05,0.002161189842988,0.0091107351062897,Bull,False,True,False,69.18057644,-0.3198351661320625,-7.05488539576,23.0,7.0,14.0,2.0,0.997061689875
2018-06-20,43002.83,43683.32,43746.21,42954.89,-1.56,44.64493533647164,43377.583325102685,43406.49224200519,-28.908916902502824,-129.61188315513448,100.70296625263164,-0.0155669823665309,0.0016767648439221,0.009792754566842,Bull,False,True,False,69.18057644,0.06730564838,1.0095847257,15.0,7.0,6.0,2.0,0.9821228706666666
2018-06-21,42358.61,42881.74,42894.63,42296.07,-1.5,38.28447872209258,43220.81819816381,43328.87133518999,-108.0531370261815,-125.30013392934389,17.246996903162383,-0.0149808745145377,0.0008975338586842,0.0104786609162919,Bull,False,True,False,69.18057644,-0.49944622053192855,-6.992247087447,14.0,3.0,10.0,1.0,0.9993767321428572
2018-06-22,41637.38,42336.83,42499.86,41561.76,-1.7,32.67242599973241,42977.21232152323,43203.57568073148,-226.36335920824783,-145.5127789851247,-80.85058022312316,-0.0170267626817783,-0.0012697773021414,0.009367653344762,Bear,True,False,False,69.18057644,-0.1428675035685714,-1.0000725249799998,7.0,1.0,2.0,4.0,0.9992348157142857
2018-06-25,40978.23,41642.41,41843.09,40900.74,-1.58,28.552923733436657,42669.67657975042,43038.73525993655,-369.0586801861282,-190.2219592253254,-178.83672096080278,-0.0158307271014649,-0.002093399416378,0.0098997768245989,Bear,True,False,False,69.18057644,-0.1868222818085037,-6.545328169058999,31.0,7.0,13.0,11.0,0.9860078873148148
2018-06-26,41246.09,41006.75,41526.57,40990.44,0.65,32.289123510357825,42450.66325978882,42905.94672216347,-455.283462374653,-243.2342598551909,-212.04920251946209,0.0065366415289287,-0.0014905823262837,0.0100461470557154,Bear,True,False,False,69.18057644,-0.17905639982573335,-2.685845997386,15.0,6.0,8.0,1.0,0.9764477446666666
2018-06-27,41717.99,41281.45,41817.21,41281.45,1.14,38.40063535363841,42337.944296744376,42817.949927929134,-480.0056311847584,-290.58853412110443,-189.417097063654,0.0114410844761285,-0.0003753784622652,0.0101879409561423,Bear,True,False,False,69.18057644,-0.7490656478,-5.9925251824,8.0,1.0,7.0,0.0,0.999221325
2018-06-28,41997.85,41710.35,42077.66,41539.29,0.67,41.75802576540118,42285.62209724524,42757.20178511957,-471.5796878743349,-326.78676487175056,-144.79292300258436,0.0067083768896822,-0.0001165863493397,0.0103040325983029,Bear,True,False,False,69.18057644,0.37289029714025,2.983122377122,8.0,5.0,2.0,1.0,0.9983542
2018-06-29,41910.9,41998.66,42081.88,41750.01,-0.21,41.01014839262054,42227.97254382289,42694.5127639996,-466.5402201767065,-354.7374559327418,-111.8027642439647,-0.0020703440771372,-0.0007946009791889,0.0099398191998128,Bear,True,False,False,69.18057644,-0.03641884657307143,-0.509863852023,14.0,5.0,5.0,4.0,0.9644941014285714
2018-07-02,41734.05,41948.67,42136.52,41609.9,-0.42,39.4620785386091,42151.98446015783,42623.36737407371,-471.382913915877,-378.0665475293689,-93.31636638650816,-0.0042196660057407,-0.0009161249908427,0.0099674380876482,Bear,True,False,False,69.06175524,-0.09892972345126046,-2.8452286263079998,36.0,12.0,15.0,9.0,0.9947035327116756
2018-07-03,41564.42,41738.36,41749.14,41513.95,-0.41,37.98109912168749,42061.58992782586,42544.92682784602,-483.3369000201637,-399.1206180275278,-84.21628199263591,-0.0040645468148911,-0.0014720959663133,0.0098082679944327,Bear,True,False,False,69.06175524,-0.21395788252871428,-2.995410355402,14.0,4.0,7.0,3.0,0.9993315349999999
2018-07-04,40345.68,41548.23,41548.23,40274.72,-2.93,29.434111373730545,41797.60378508343,42382.01965541299,-584.4158703295616,-436.1796684879346,-148.23620184162695,-0.0293217131383043,-0.0030153988799376,0.0115774437729745,Bear,True,False,False,69.06175524,-0.3526301004341765,-5.994711707381,17.0,4.0,10.0,3.0,0.9990012911764706
2018-07-05,40238.81,40350.51,40755.22,40106.01,-0.26,28.82162912560723,41557.78935660905,42223.26338464165,-665.4740280326005,-482.0385403968678,-183.43548763573267,-0.0026488585642875,-0.0035620304851461,0.0112698802454882,Bear,True,False,False,69.06175524,-0.08369698135583332,-1.00436377627,12.0,3.0,4.0,5.0,0.9992675516666667
2018-07-06,40284.14,40223.75,40435.97,40028.64,0.11,29.49181719432844,41361.843301746114,42079.62461540894,-717.7813136628247,-529.1870950500592,-188.5942186127656,0.0011265243678926,-0.004007561400463,0.0108731172460156,Bear,True,False,False,69.06175524,-0.13858740524874996,-1.1086992419899997,8.0,3.0,4.0,1.0,0.987045015
2018-07-09,39288.48,40340.52,40372.9,39067.15,-2.47,24.11985077627644,41042.86433224671,41872.873162415686,-830.0088301689757,-589.3514420738425,-240.65738809513323,-0.0247159303884852,-0.0057486141313054,0.0112748258301892,Bear,True,False,False,69.06175524,-0.5130435014192499,-7.982692111323,15.0,2.0,10.0,3.0,0.9989496909722222
2018-07-10,39452.81,39261.36,39569.79,38561.31,0.42,26.49949779250809,40798.24058882414,41693.60922445897,-895.3686356348262,-650.5548807860392,-244.81375484878697,0.0041826509959153,-0.0053173799237608,0.011490306823042,Bear,True,False,False,69.06175524,0.09992377268270002,0.9992377268270002,10.0,3.0,2.0,5.0,0.999627899
2018-07-11,39586.76,39467.64,40061.59,39209.4,0.34,28.468703153941163,40611.85895977427,41537.54631894349,-925.68735916922,-705.5813764626755,-220.10598270654464,0.0033951954246098,-0.0051283360467974,0.0116062334455005,Bear,True,False,False,69.06175524,0.374699807320375,2.997598458563,8.0,5.0,2.0,1.0,0.9994297087499999
2018-07-12,39875.12,39570.24,39916.44,39236.73,0.73,32.65185222541413,40498.51450442438,41414.40362865138,-915.8891242269964,-747.6429260155397,-168.24619821145677,0.0072842536241914,-0.0039648501390215,0.0116268962127441,Bear,True,False,False,69.06175524,0.6137448315,4.909958652,8.0,6.0,1.0,1.0,0.99095921
2018-07-13,40271.0,39856.68,40388.55,39851.61,0.99,38.0114471646067,40463.51227297448,41329.70706356609,-866.1947905916168,-771.3532989307552,-94.8414916608616,0.0099279952010176,-0.0037906885113312,0.011815587526048,Bear,True,False,False,69.06175524,-0.2495007341060833,-2.9940088092729997,12.0,4.0,7.0,1.0,0.9993187908333333
2018-07-16,39665.77,40394.3,40464.86,39396.37,-1.5,33.60802008342365,40340.78269251686,41206.452466264906,-865.6697737480426,-790.2165938942127,-75.45317985382997,-0.0150289290059845,-0.0047411581185574,0.0119216597773559,Bear,True,False,False,69.06175524,-0.2373579084818672,-7.766725565737,33.0,8.0,17.0,8.0,0.9746294247323233
2018-07-17,39932.98,39658.99,40012.61,39330.88,0.67,37.0739805771155,40278.04381674504,41112.12117246751,-834.0773557224675,-798.9887462598637,-35.08860946260381,0.0067365388343654,-0.0044068036658205,0.0121545859017149,Bear,True,False,False,69.06175524,-0.2854803125171429,-1.9983621876200002,7.0,2.0,4.0,1.0,0.9994414785714286
2018-07-18,40897.9,40017.55,40980.3,40005.24,2.42,47.69313556085662,40373.40630647657,41096.25293746992,-722.8466309933428,-783.7603232065595,60.91369221321668,0.02416348592066,-0.0024202802514609,0.0134158813259917,Bear,True,False,False,69.06175524,-0.167921849002,-2.015062188024,12.0,3.0,5.0,4.0,0.9972827416666666
2018-07-19,41795.59,41298.73,41896.08,41298.73,2.19,55.25790621199559,40592.20379778786,41148.05568284252,-555.8518850546534,-738.1786355761783,182.3267505215249,0.021949537751327,-0.0005737596381677,0.0141191514152526,Bear,True,False,False,69.06175524,0.2214364663773846,2.8786740629059997,13.0,7.0,4.0,2.0,0.9908634607692307
2018-07-20,41221.75,41810.96,41810.96,41157.45,-1.37,50.254548346869946,40689.05705966666,41153.51452115048,-464.4574614838202,-683.4344007577067,218.9769392738865,-0.0137296781789656,-0.0004089054130271,0.013934983697303,Bear,True,False,False,69.06175524,0.2853052326732857,1.9971366287130001,7.0,3.0,1.0,3.0,0.9995796371428571
2018-07-23,40463.98,41217.85,41219.17,40418.18,-1.84,44.52170350064735,40654.429819717945,41102.43788995415,-448.0080702362029,-636.3491346534059,188.34106441720303,-0.0183827712312067,-0.0005365076195142,0.0140944058780254,Bear,True,False,False,69.06175524,-0.38187163792791007,-3.8034428989289997,19.0,4.0,8.0,7.0,0.993824409100529
2018-07-24,41339.22,40494.45,41461.83,40487.07,2.16,51.41561851660745,40759.78215514595,41119.9773055131,-360.19515036715165,-581.1183377961551,220.9231874290034,0.0216301016360722,0.0002181653858429,0.0148755039970332,Bear,True,False,False,69.06175524,0.2433150095526,2.433150095526,10.0,6.0,3.0,1.0,0.964430357
2018-07-26,42089.16,42106.57,42136.06,41696.26,1.81,56.41342665371979,40964.30182358503,41191.76861621584,-227.46679263080296,-510.3880287630847,282.9212361322817,0.0181411260299542,0.0005531674635342,0.0152131623095048,Bear,True,False,False,69.06175524,0.199931656092,0.99965828046,5.0,3.0,2.0,0.0,0.999497764
2018-07-27,42786.45,42089.56,42845.49,42014.05,1.66,60.48376118953917,41244.63231226426,41309.893163162815,-65.26085089855769,-421.36259319017927,356.1017422916216,0.0165669735390299,0.0010460972960016,0.0155784291269429,Bear,True,False,False,69.06175524,0.5262449474937501,4.2099595799500005,8.0,6.0,2.0,0.0,0.98616295375
2018-07-30,43556.63,43045.59,43605.04,43045.59,1.8,64.43443008406396,41600.3242642236,41476.31811403964,124.00615018395912,-312.2888445153516,436.29499469931073,0.0180005585880576,0.0020496424292613,0.016007664482304,Bull,False,True,False,69.06175524,0.0075223783330395045,-0.425112249532,33.0,13.0,14.0,6.0,0.9922378177435065
2018-07-31,42712.43,43638.77,43638.86,42603.43,-1.94,57.63294656286985,41771.41745434305,41567.88195744411,203.5354968989413,-209.12397623249305,412.6594731314344,-0.019381664743117,0.0012915424923925,0.0166656967418902,Bear,True,False,False,69.06175524,-0.49950211991625,-5.994025438995,12.0,1.0,7.0,4.0,0.9994397300000001
2018-08-01,42810.04,42742.89,42940.53,42527.44,0.23,58.18258424260794,41931.20553829028,41659.8936643001,271.31187399017654,-113.03680618795912,384.3486801781357,0.0022852832301978,0.001609033994647,0.0166187074690047,Bull,False,True,False,50.09196244,0.14332414502371432,1.0032690151660002,7.0,3.0,2.0,2.0,0.9986814842857142
2018-08-02,42330.32,42936.7,42976.17,42286.2,-1.12,54.444247395376095,41992.60776316869,41709.55487435195,283.0528888167464,-33.81886718701803,316.87175600376446,-0.0112057825687619,0.0025148305231241,0.0152842305716811,Bull,False,True,False,50.09196244,-0.125123799262,-1.000990394096,8.0,3.0,4.0,1.0,0.99926185875
2018-08-03,42505.05,42233.74,42553.37,42097.07,0.41,55.56415753845495,42071.44503037352,41768.48043921476,302.9645911587504,33.53782448213566,269.4267666766148,0.0041277741344738,0.0028536621580621,0.0152387804177077,Bull,False,True,False,50.09196244,-0.24880269480875,-1.99042155847,8.0,3.0,5.0,0.0,0.99900606
2018-08-06,42808.66,42564.41,42854.32,42453.88,0.71,57.518381289272575,42184.86271800836,41845.53077705071,339.33194095765066,94.69664777723868,244.635293180412,0.0071429159593978,0.0031544817376374,0.0152622564873027,Bull,False,True,False,50.09196244,0.08969876465550791,2.9914856216979997,18.0,9.0,6.0,3.0,0.9992130442063493
2018-08-07,42760.13,42838.3,42993.18,42705.04,-0.11,57.086214868253606,42273.365376776295,41913.27886763954,360.0865091367523,147.7746200491414,212.3118890876109,-0.0011336491261348,0.0043335958007549,0.0138404726557337,Bull,False,True,False,50.09196244,0.15724298005153844,2.04415874067,13.0,5.0,3.0,5.0,0.9957378984615384
2018-08-08,42731.86,42784.8,42857.12,42639.24,-0.07,56.81840068711959,42343.9030111184,41973.914507073656,369.988504044748,192.21739684826272,177.77110719648525,-0.0006611298889875,0.0040914067565098,0.0138855592785166,Bull,False,True,False,50.09196244,0.16568232832190002,1.6568232832190002,10.0,5.0,3.0,2.0,0.972426248
2018-08-09,42923.95,42760.66,42960.94,42696.35,0.45,58.25159744110724,42433.14100940788,42044.28750654968,388.8535028581973,231.54461805024965,157.30888480794766,0.0044952407875527,0.0041464090246569,0.0138848350439999,Bull,False,True,False,50.09196244,0.032151955638375,0.257215645107,8.0,2.0,2.0,4.0,0.98338397875
2018-08-10,42842.18,42957.1,43115.52,42798.88,-0.19,57.37856437060805,42496.07008488359,42103.39065421266,392.6794306709271,263.77158057438515,128.90785009654195,-0.001904997093697,0.0036869464887625,0.0139275107735947,Bull,False,True,False,50.09196244,-0.1535818243280769,-1.9965637162649998,13.0,5.0,7.0,1.0,0.9994251784615386
2018-08-13,42637.58,42813.29,42857.58,42594.14,-0.48,55.15128444942927,42517.84084105535,42142.960235382096,374.8806056732501,285.99338559415816,88.88722007909195,-0.0047756673446589,0.0029517633614787,0.0139687448667134,Bull,False,True,False,50.09196244,0.13658883385625,3.333079019736,44.0,15.0,12.0,17.0,0.9968886935873016
2018-08-15,42446.56,42764.95,42852.57,42368.48,-0.45,53.07965943440994,42506.87455781606,42165.44910683528,341.4254509807797,297.0797986714825,44.34565230929724,-0.0044800854082245,0.0034792055413667,0.0134433587652538,Bull,False,True,False,50.09196244,-0.16946972988168574,-4.745910519937,19.0,5.0,10.0,4.0,0.9949216378571428
2018-08-16,41960.8,42422.98,42483.11,41750.54,-1.14,48.12872200885278,42422.86308738282,42150.28991373637,272.5731736464513,292.1784736664763,-19.60530002002497,-0.0114440369254892,0.0025701767533739,0.0138208848100678,Bull,False,True,False,50.09196244,-0.0009929160458000297,-0.009929160458000297,10.0,4.0,4.0,2.0,0.9989035749999999
2018-08-17,42446.62,42006.53,42552.84,41991.98,1.16,52.86404833157442,42426.51799701624,42172.24029049664,254.27770651959145,284.59832023709936,-30.32061371750791,0.0115779489428227,0.0019408999044821,0.0130510524957752,Bull,False,True,False,50.09196244,-0.19935844231930003,-1.9935844231930002,10.0,2.0,4.0,4.0,0.999354308
2018-08-20,42425.1,42610.88,42701.54,42309.05,-0.05,52.63483083938825,42426.29984362912,42190.97063934874,235.3292042803805,274.7444970457556,-39.41529276537506,-0.0005069897202651,0.0008180735309025,0.0121756902917393,Bear,True,False,False,50.09196244,-0.1775687222400333,-3.9953081343949997,18.0,4.0,8.0,6.0,0.999535423111111
2018-08-24,42588.29,42445.43,42618.16,42280.54,0.38,54.25466340040288,42451.22140614772,42220.40170310069,230.8197030470328,265.95953824601105,-35.13983519897823,0.0038465436734387,0.0016968846235227,0.0116952298426791,Bull,False,True,False,50.09196244,-0.17835911080814287,0.9997343805940001,11.0,4.0,3.0,4.0,0.9992421601785715
2018-08-27,42745.78,42618.01,42871.15,42618.01,0.37,55.82478688440298,42496.538112894224,42259.31861398212,237.2194989121053,260.21153037922994,-22.992031467124605,0.0036979648631114,0.0028009214282386,0.0106997870562832,Bull,False,True,False,50.09196244,0.03561309800937778,1.8183681178270001,33.0,15.0,13.0,5.0,0.9932071943055556
2018-08-28,42544.47,42730.05,42843.36,42516.35,-0.47,53.306173319916304,42503.91224937204,42280.44093887233,223.4713104997063,252.86348640332525,-29.39217590361892,-0.0047094707360585,0.001483942809632,0.0098472617820265,Bull,False,True,False,50.09196244,0.15468939853669228,2.0109621809769997,13.0,7.0,5.0,1.0,0.9989112030769232
2018-08-29,42249.44,42564.34,42628.34,42157.63,-0.69,49.762740011301474,42464.76267254557,42278.14457302993,186.6180995156392,239.61440902578804,-52.99630951014885,-0.0069346262863304,0.0002301551938178,0.0091891629896255,Bear,True,False,False,50.09196244,9.028993892308438e-05,0.001173769206000097,13.0,6.0,6.0,1.0,0.9994621638461538
2018-08-30,41863.52,42261.44,42273.52,41659.26,-0.91,45.50192825137836,42372.26379984625,42247.43164169438,124.83215815187576,216.6579588510056,-91.8258006991298,-0.0091343222537388,-0.0010549095958205,0.008559843783923,Bear,True,False,False,50.09196244,-0.1795742259471818,-1.975316485419,11.0,2.0,4.0,5.0,0.9980438790909091
2018-08-31,41742.24,41888.23,42006.03,41626.7,-0.29,44.2205171982776,42275.33706140837,42210.01003860591,65.32702280246303,186.39177164129708,-121.06474883883403,-0.0028970330254121,-0.002099789176494,0.0072930921561327,Bear,True,False,False,50.09196244,0.23167872151846153,3.01182337974,13.0,7.0,4.0,2.0,0.997212313076923
2018-09-03,41581.96,41731.76,41736.28,41192.04,-0.38,42.51643577137261,42168.66366734554,42163.48781352399,5.175853821558121,150.1485880773493,-144.97273425579118,-0.003839755604874,-0.0013226937195819,0.006082249340878,Bear,True,False,False,67.42278162,0.10523571261954077,3.7977034712989997,34.0,14.0,10.0,10.0,0.995690177897436
2018-09-04,41753.89,41594.98,41790.77,41555.96,0.41,44.96635526881504,42104.85233390777,42133.14723474444,-28.294900836663142,114.45989029454682,-142.75479113120997,0.0041347257320241,-0.0012302215944905,0.0061536308980952,Bear,True,False,False,67.42278162,-0.27695597345666667,-3.32347168148,12.0,4.0,8.0,0.0,0.9713945333333333
2018-09-05,41620.96,41766.77,41805.34,41495.41,-0.32,43.42533850553266,42030.40735946042,42095.20743957818,-64.80008011776226,78.60789621208501,-143.40797632984726,-0.003183655463,-0.0008291152392025,0.0057149971328079,Bear,True,False,False,67.42278162,-0.3980633764626,-3.980633764626,10.0,1.0,5.0,4.0,0.998669067
2018-09-06,41266.39,41609.97,41715.01,41223.56,-0.85,39.53355061134755,41912.86622723574,42033.81355516498,-120.94732792924331,38.69685138381934,-159.64417931306266,-0.0085190250296965,-0.001461455197411,0.0058360474015975,Bear,True,False,False,67.42278162,-0.16651674879133332,-1.998200985496,12.0,4.0,6.0,2.0,0.9994240025
2018-09-07,40854.77,41329.63,41416.74,40793.7,-1.0,35.550376264238864,41750.08219227639,41946.47699552313,-196.3948032467379,-8.3214795422921,-188.07332370444576,-0.0099747033845219,-0.002317336164607,0.0057624879645552,Bear,True,False,False,67.42278162,-0.09792024438370002,-0.9792024438370002,10.0,3.0,4.0,3.0,0.9974599160000001
2018-09-10,40684.05,40860.6,40927.49,40369.17,-0.42,34.01941921369358,41586.07723961848,41852.96388474364,-266.8866451251524,-60.03451265886417,-206.85213246628825,-0.0041787042247452,-0.0024695889195375,0.0057697899319318,Bear,True,False,False,67.42278162,0.14912245109289443,3.1828826582929994,28.0,12.0,9.0,7.0,0.9886728709444443
2018-09-11,40759.53,40723.4,40943.19,40519.03,0.19,35.345140263859534,41458.91612583103,41771.96878217004,-313.05265633900854,-110.63814139489304,-202.41451494411547,0.0018552725208034,-0.0023437687990479,0.0058383321774575,Bear,True,False,False,67.42278162,-0.23487549662864704,-3.992883442687,17.0,4.0,8.0,5.0,0.9990631247058824
2018-09-12,40522.04,40768.98,40824.38,40424.09,-0.58,33.09215093848637,41314.78133724164,41679.381464972255,-364.6001277306132,-161.4305386620371,-203.1695890685761,-0.0058266128191369,-0.0028598614793824,0.0056553069948832,Bear,True,False,False,67.42278162,0.09379429781815385,1.219325871636,13.0,5.0,3.0,5.0,0.9694609938461538
2018-09-13,41049.91,40498.05,41150.41,40339.04,1.3,41.949464004861305,41274.03190074293,41632.75394904839,-358.7220483054625,-200.88884059072217,-157.83320771474035,0.0130267380418163,-0.0021132747226068,0.0066806550638674,Bear,True,False,False,67.42278162,0.08227118426307692,1.06952539542,13.0,5.0,4.0,4.0,0.9938168869230769
2018-09-14,40920.31,41147.91,41230.69,40790.06,-0.32,40.53082128105622,41219.61314678248,41579.98032319296,-360.3671764104729,-232.78450775467232,-127.58266865580056,-0.0031571323786094,-0.0020323479743043,0.0066564658361365,Bear,True,False,False,67.42278162,-0.6658524634548889,-5.992672171094,9.0,1.0,7.0,1.0,0.9993427466666667
2018-09-17,40520.47,40933.53,40961.36,40255.23,-0.98,36.436777352762576,41112.0526626621,41501.49807703051,-389.44541436841246,-264.11668907742035,-125.32872529099212,-0.0097711869729236,-0.0022969030525392,0.0068608754767355,Bear,True,False,False,67.42278162,0.1424660791640278,2.951343743662,22.0,10.0,7.0,5.0,0.9975022113333333
2018-09-18,41238.07,40540.53,41270.43,40438.03,1.77,46.8192826242062,41131.43994532947,41481.98488613936,-350.5449408098939,-281.40233942391507,-69.14260138597882,0.0177095675346312,-0.0008392228295332,0.0078420352099672,Bear,True,False,False,67.42278162,-0.19865948232170588,-3.377211199469,17.0,6.0,9.0,2.0,0.974598134117647
2018-09-19,41320.13,41299.73,41357.34,41100.58,0.2,47.86794305126091,41160.46918450954,41469.99563531423,-309.5264508046821,-287.02716170006846,-22.49928910461364,0.0019899088390895,-0.0013186248347199,0.0073185924515852,Bear,True,False,False,67.42278162,0.0051024045866666645,0.030614427519999987,6.0,3.0,3.0,0.0,0.9945113216666667
2018-09-24,41004.55,41394.97,41533.64,40899.28,-0.76,44.25388800494415,41136.48161766192,41435.518180846506,-299.03656318458525,-289.4290419969718,-9.607521187613427,-0.0076374396692361,-0.0016751473321684,0.0074494811458522,Bear,True,False,False,67.42278162,-0.07288083491198032,-4.710340769827,43.0,16.0,21.0,6.0,0.9944536659232954
2018-09-25,41036.3,41018.81,41193.18,40957.32,0.08,44.7062075110341,41121.06906109855,41405.94646374676,-284.8774026482133,-288.5187141272201,3.641311479006788,0.000774304315009,-0.0018287593000899,0.0073607759408711,Bear,True,False,False,67.42278162,-0.23017816104530772,-2.9923160935890003,13.0,4.0,7.0,2.0,0.9992556753846155
2018-09-26,40909.91,41073.37,41139.37,40717.78,-0.31,43.20340344235389,41088.58305169878,41369.20302198774,-280.6199702889644,-286.938965359569,6.318995070604615,-0.0030799560389216,-0.0021676553451916,0.0072480967712325,Bear,True,False,False,67.42278162,-0.2000023012122,-2.000023012122,10.0,3.0,5.0,2.0,0.999184477
2018-09-27,40851.8,40904.34,40972.79,40383.23,-0.14,42.49609890889772,41052.15488989896,41330.87687221087,-278.7219823119085,-285.2955687500369,6.573586438128416,-0.0014204382263368,-0.0020032037197055,0.0072246648091864,Bear,True,False,False,67.42278162,-0.2230752464553333,-2.007677218098,9.0,2.0,4.0,3.0,0.9989246455555555
2018-09-28,40998.59,40862.69,41047.08,40622.11,0.36,44.94794007970471,41043.914137606815,41306.26302982488,-262.3488922180695,-280.70623344364344,18.35734122557392,0.0035932321219627,-0.0014768107992908,0.0072299786196192,Bear,True,False,False,67.42278162,-0.44283617027355554,-3.985525532462,9.0,2.0,6.0,1.0,0.9989030111111111
2018-10-01,40929.44,40985.03,41029.06,40709.29,-0.17,43.99625956400011,41026.30273182115,41278.35021280082,-252.04748097966512,-274.9744829508478,22.92700197118268,-0.0016866433699304,-0.0011044268551004,0.0070030533865321,Bear,True,False,False,81.45959374,-0.10704689329021717,-3.158314943801,30.0,10.0,13.0,7.0,0.9906782572727274
2018-10-02,40800.25,40974.07,41214.48,40739.76,-0.32,42.1986263020692,40991.525388464055,41242.935382222975,-251.40999375891988,-270.2615851124622,18.851591353542343,-0.0031564077104402,-0.0011173955893518,0.0070067869456963,Bear,True,False,False,81.45959374,0.13298357158786667,1.994753573818,15.0,7.0,5.0,3.0,0.9993846233333333
2018-10-03,40560.19,40818.6,40838.86,40471.3,-0.59,39.00909545570829,40925.16609793112,41192.36165020646,-267.19555227534147,-269.6483785450381,2.452826269696629,-0.0058837874767924,-0.0012195971829477,0.0070632650382141,Bear,True,False,False,81.45959374,-0.4497639419685454,-4.947403361654,11.0,2.0,7.0,2.0,0.9806152845454545
2018-10-04,40087.12,40568.92,40603.73,39993.98,-1.17,33.616784240954615,40796.23592901864,41110.49189833932,-314.25596932067856,-278.5698967001662,-35.686072620512334,-0.0116634069021865,-0.0020095038146582,0.0073119580675068,Bear,True,False,False,81.45959374,0.2854820163875714,1.998374114713,7.0,4.0,2.0,1.0,0.9995428528571428
2018-10-05,39226.35,40081.75,40136.32,39030.03,-2.15,26.45185896215108,40554.71501686193,40970.92583179566,-416.2108149337364,-306.0980803468803,-110.1127345868561,-0.0214724829321738,-0.0029239451881169,0.0085117094218687,Bear,True,False,False,81.45959374,-0.24864362817200003,-2.2377926535480004,9.0,2.0,4.0,3.0,0.9697428866666667
2018-10-08,37898.29,39224.88,39297.31,37769.61,-3.39,19.53411485446009,40146.034245037015,40743.32317758857,-597.2889325515571,-364.3362507878156,-232.95268176374145,-0.0338563236191997,-0.0041908101175921,0.0109302644315863,Bear,True,False,False,81.45959374,-0.2166758777810417,-5.999595060501,26.0,8.0,14.0,4.0,0.9991752599166667
2018-10-09,38504.84,37965.23,39027.34,37965.23,1.6,28.70480743220311,39893.542822723626,40577.5096088783,-683.9667861546768,-428.2623578611879,-255.7044282934889,0.0160046798945281,-0.0028918409536396,0.0117217766483271,Bear,True,False,False,81.45959374,-0.1465272554457143,-1.0256907881200001,7.0,2.0,3.0,2.0,0.9957332314285715
2018-10-10,38792.09,38551.3,38826.8,37894.09,0.75,32.62124696019231,39724.088542304606,40445.25630451695,-721.1677622123461,-486.8434387314195,-234.32432348092664,0.0074601011197552,-0.0023099006864146,0.0119413798598604,Bear,True,False,False,81.45959374,-0.40000979901780004,-2.000048995089,5.0,1.0,3.0,1.0,0.9992692919999999
2018-10-11,38398.3,38743.35,38743.35,38256.7,-1.02,30.17412719452461,39520.12107425775,40293.62991158977,-773.508837332025,-544.1765184515407,-229.3323188804843,-0.0101512963080874,-0.0029102291278591,0.0120224908507903,Bear,True,False,False,81.45959374,0.399449112604,3.9944911260400002,10.0,6.0,2.0,2.0,0.999390143
2018-10-12,37517.93,38445.08,38445.08,37405.4,-2.29,25.558099027854595,39212.09167821809,40088.02251073127,-875.930832513186,-610.5273812638698,-265.4034512493163,-0.0229273170947672,-0.0037652643416406,0.0128223124841723,Bear,True,False,False,81.45959374,0.11948251829625002,0.9558601463700002,8.0,4.0,3.0,1.0,0.99594646875
2018-10-15,36767.57,37453.24,37575.89,36274.25,-2.0,22.41116721565673,38836.01142003069,39842.06306549192,-1006.0516454612224,-689.6322341033404,-316.4194113578821,-0.0200000373154916,-0.005416603109506,0.0126717264356412,Bear,True,False,False,81.45959374,-0.16495920007792497,-4.020199085327,24.0,8.0,12.0,4.0,0.9981947397835498
2018-10-16,36663.38,36784.07,37339.49,36491.56,-0.28,22.00599391493408,38501.760432333656,39606.60506064066,-1104.844628307008,-772.6747129440739,-332.16991536293403,-0.002833747239755,-0.0054004338525633,0.0126749671937654,Bear,True,False,False,81.45959374,0.24971560304437498,1.9977248243549999,8.0,4.0,2.0,2.0,0.99935415375
2018-10-17,37647.34,36686.2,37704.08,36684.95,2.68,34.11948721469982,38370.311135051554,39461.47431540802,-1091.163180356467,-836.3724064265526,-254.79077392991428,0.0268376783591692,-0.0035699905859586,0.014519719837426,Bear,True,False,False,81.45959374,-0.4044466490248889,-3.6400198412240004,9.0,2.0,6.0,1.0,0.9601672088888888
2018-10-18,37982.25,37806.08,38189.16,37438.38,0.89,37.668063529860575,38310.6094219667,39351.90214389632,-1041.292721929618,-877.3564695271658,-163.93625240245217,0.0088959804331463,-0.0040106699410329,0.0139629583141127,Bear,True,False,False,81.45959374,1.335617636377684e-06,1.4691794000154523e-05,11.0,4.0,4.0,3.0,0.9994640118181818
2018-10-19,38430.27,38019.32,38467.41,37759.95,1.18,42.156601945735005,38329.01874166413,39283.6330962003,-954.61435453617,-892.8080465289668,-61.80630800720337,0.0117955097446833,-0.0035203898957532,0.0143514913453107,Bear,True,False,False,81.45959374,-0.7135092726031428,-4.994564908221999,7.0,0.0,5.0,2.0,0.9993947128571429
2018-10-22,38345.42,38505.97,38783.87,38266.93,-0.22,41.5464093253224,38331.54201217734,39214.13582981509,-882.5938176377458,-890.7652007507226,8.171383112976741,-0.0022078949744562,-0.0032489126610142,0.0143208337730615,Bear,True,False,False,81.45959374,-0.1453658097847685,-4.08577801699,24.0,7.0,11.0,6.0,0.9959857358068783
2018-10-23,37714.9,38345.42,38365.32,37582.69,-1.64,37.233530327845386,38236.67401030391,39103.08132390286,-866.4073135989529,-885.8936233203688,19.486309721415864,-0.0164431632252299,-0.0041097860380262,0.0145813854529954,Bear,True,False,False,81.45959374,-0.37681174348637503,-6.0289878957820005,16.0,3.0,9.0,4.0,0.9983708743749999
2018-10-24,39271.12,38580.29,39296.33,38580.29,4.13,50.80707394279725,38395.81954718023,39115.52863324338,-719.7090860631506,-852.6567158689252,132.94762980577457,0.0412627370084501,-0.0018926513856576,0.0177690014073726,Bear,True,False,False,81.45959374,0.12555638711625,1.00445109693,8.0,4.0,3.0,1.0,0.99831321875
2018-10-25,39631.91,39697.7,40069.4,39409.49,0.92,53.32706409542813,38585.9873091525,39153.77910485498,-567.7917957024838,-795.683731835637,227.8919361331532,0.0091871584003715,-0.0013622715543222,0.0179413136196967,Bear,True,False,False,81.45959374,-0.31975682852583337,-3.83708194231,12.0,2.0,6.0,4.0,0.9906048483333333
2018-10-26,40556.45,39736.39,40604.91,39375.42,2.33,59.10791000311405,38889.13541543673,39257.6806526435,-368.5452372067739,-710.2560329098644,341.7107957030905,0.0233281716677291,-0.0003755245770338,0.0187525598694347,Bear,True,False,False,81.45959374,0.2997250180062,2.997250180062,10.0,5.0,2.0,3.0,0.999544434
2018-10-29,41453.76,40556.45,41513.63,40556.45,2.21,63.79493327983251,39283.69304383108,39420.35319689213,-136.66015306104964,-595.5368569401014,458.8767038790518,0.0221249640932577,0.0008150557961255,0.0194093233929791,Sideways,False,False,True,81.45959374,0.00531590124227936,0.7149290703020001,31.0,14.0,13.0,4.0,0.9940266992592592
2018-10-30,41609.03,41648.88,41792.81,41366.58,0.37,64.5520770001003,39641.43719093399,39582.47740452975,58.95978640423709,-464.6375282712337,523.5973146754708,0.0037456192152411,0.0011601571424095,0.0193963488665115,Sideways,False,False,True,81.45959374,-0.016129995544222217,-0.14516995989799997,9.0,4.0,4.0,1.0,0.9739492677777777
2018-10-31,41649.36,41611.95,41825.55,41237.48,0.1,64.75823112244927,39950.34839232876,39735.57981900903,214.7685733197286,-328.75630795304124,543.5248812727698,0.0009692607590228,0.0015028095542003,0.0193257664242405,Sideways,False,False,True,81.45959374,-0.10856550263777781,-0.9770895237400002,9.0,3.0,4.0,2.0,0.9122803911111111
2018-11-01,41716.1,41616.27,41827.05,41454.54,0.16,65.1197438231167,40222.00248581664,39882.28501760095,339.71746821569104,-195.0615527192948,534.7790209349859,0.0016024255834903,0.0021661011784842,0.0190761372866478,Sideways,False,False,True,84.73691003,0.6008684671789,6.008684671789,10.0,7.0,1.0,2.0,0.9972689240000001
2018-11-02,42004.09,41701.98,42243.83,41607.16,0.69,66.70681740454185,40496.16979569101,40039.45575703792,456.7140386530882,-64.70643444481821,521.4204730979064,0.0069035696050205,0.0035849038053439,0.018263397666627,Bull,False,True,False,84.73691003,0.33324925363999996,0.99974776092,3.0,2.0,1.0,0.0,0.9992887533333333
2018-11-05,41493.96,41892.22,41892.22,41033.87,-1.21,61.37927075960756,40649.67598096931,40147.19681207214,502.47916889716726,48.73068622357888,453.7484826735884,-0.0121447697117113,0.0046704815007183,0.0164788376753827,Bull,False,True,False,84.73691003,-0.057752960037035984,-3.127282240825,33.0,11.0,14.0,8.0,0.9968507086174242
2018-11-06,40958.53,41432.27,41554.31,40755.79,-1.29,56.297096452757415,40697.19198389711,40207.29556673346,489.89641716364713,136.9638324115925,352.9325847520546,-0.0129038057587176,0.003225057218056,0.0166987176056779,Bull,False,True,False,84.73691003,-0.29080932244647056,-4.94375848159,17.0,4.0,9.0,4.0,0.9946670635294117
2018-11-07,41543.98,41326.74,41597.93,41231.19,1.43,60.17954609092077,40827.467063297554,40306.30922845691,521.1578348406474,213.8026328974035,307.3552019432439,0.0142937258734627,0.0035667384557414,0.0168590770981087,Bull,False,True,False,84.73691003,0.14885031517469233,1.9350540972710002,13.0,5.0,3.0,5.0,0.9946768923076923
2018-11-08,41367.38,41623.58,41650.7,41284.64,-0.43,58.491539403246,40910.53059202101,40384.907063386025,525.6235286349838,276.1668120449196,249.45671659006425,-0.0042509167393207,0.0038617574341797,0.0166568014595808,Bull,False,True,False,84.73691003,0.11126000126944444,2.00268002285,18.0,9.0,7.0,2.0,0.9992889127777779
2018-11-09,41388.88,41332.75,41567.19,41208.35,0.05,58.64362921404912,40984.122808633154,40459.275429061134,524.8473795720201,325.9029255503397,198.94445402168043,0.0005197331810715,0.0050341099479717,0.0154537647705272,Bull,False,True,False,84.73691003,0.124742974915125,0.997943799321,8.0,3.0,2.0,3.0,0.9995723875
2018-11-12,41096.33,41414.31,41572.17,41052.97,-0.71,55.655378976623126,41001.38545345882,40506.46465653809,494.9207969207273,359.7064998244173,135.21429709631002,-0.0070683236656801,0.0056806956304622,0.0145980477702383,Bull,False,True,False,84.73691003,0.12445834593634723,1.9892228410909998,20.0,8.0,6.0,6.0,0.9992179552777779
2018-11-13,41152.28,41112.26,41202.42,40760.59,0.14,56.11594043449005,41024.59999908054,40554.30283012786,470.2971689526821,381.8246336500703,88.47253530261185,0.0013614354371789,0.0058904547643089,0.0144990694232849,Bull,False,True,False,84.73691003,-0.1764121602339091,-1.9405337625730001,11.0,2.0,4.0,5.0,0.9946901409090909
2018-11-14,40994.05,40874.22,41322.77,40763.44,-0.38,54.39533335040281,41019.899999222,40586.87669456283,433.0233046591675,392.06436785188976,40.95893680727772,-0.0038449874466249,0.0043563214740192,0.0137709813669052,Bull,False,True,False,84.73691003,-0.24641918978337501,-3.9427070365340002,16.0,4.0,8.0,4.0,0.99695639625
2018-11-15,41428.63,41018.6,41477.9,40942.26,1.06,58.18733806834423,41082.78153780323,40649.22879126188,433.5527465413543,400.3620435897827,33.19070295157161,0.0106010506402756,0.0044415749843757,0.0138057985605963,Bull,False,True,False,84.73691003,-0.0833160906595,-0.999793087914,12.0,4.0,5.0,3.0,0.9915486366666667
2018-11-16,41660.75,41536.07,41804.81,41439.41,0.56,60.09589310570146,41171.69976275658,40724.15628820544,447.5434745511375,409.79832978205366,37.74514476908382,0.0056028886303989,0.0041319439286615,0.013701233653891,Bull,False,True,False,84.73691003,-0.38417315862823076,-4.994251062167,13.0,3.0,8.0,2.0,0.9992647907692308
2018-11-19,41352.77,41682.92,41682.92,41240.51,-0.74,56.41632934196967,41199.55672233249,40770.72026685689,428.8364554755972,413.6059549207624,15.230500554834803,-0.0073925697449038,0.0038727101901391,0.0138754404095164,Bull,False,True,False,84.73691003,0.26759448225135657,4.998131925212,31.0,15.0,10.0,6.0,0.9994367625714285
2018-11-20,41419.24,41376.42,41465.81,41214.11,0.16,57.02787129354192,41233.35414966595,40818.75876560823,414.5953840577204,413.803840748154,0.7915433095663502,0.001607389299435,0.0047752378163723,0.0130467477867072,Bull,False,True,False,84.73691003,-0.5007023440199999,-3.5049164081399997,7.0,1.0,5.0,1.0,0.9475672342857143
2018-11-22,40874.03,41367.89,41367.89,40795.96,-1.32,50.73907130997173,41178.0735112558,40822.85293111873,355.22058013707283,402.0871886259378,-46.86660848886498,-0.0131632062780485,0.0020539406520474,0.0104541000329877,Bull,False,True,False,84.73691003,-2.8848222500266196e-06,-0.9989730316240002,6.0,2.0,3.0,1.0,0.9993174487500001
2018-11-23,40869.28,40839.64,40899.47,40655.08,-0.01,50.68662819214794,41130.56681721645,40826.291973258085,304.27484395836655,382.5247196924236,-78.24987573405701,-0.0001162107088534,0.0015887721965861,0.0103261932409507,Bull,False,True,False,84.73691003,-0.24973976081,-0.99895904324,4.0,1.0,2.0,1.0,0.999550575
2018-11-26,40771.55,40882.1,41144.09,40664.17,-0.24,49.55181461016928,41075.33346072161,40822.237012276,253.0964484456053,356.63906544306,-103.54261699745462,-0.0023912826455468,0.0003027994809223,0.0089916332478456,Bear,True,False,False,84.73691003,-0.23367614563374242,-3.883641532643,23.0,8.0,12.0,3.0,0.9968458178030303
2018-11-27,40894.22,40825.54,40925.43,40520.47,0.3,51.03372962838015,41047.46985137982,40827.56908544074,219.90076593907725,329.2914055422634,-109.39063960318616,0.0030087156362708,-0.0006530129419269,0.0074303200573197,Bear,True,False,False,84.73691003,-0.22196815237966666,-1.997713371417,9.0,2.0,4.0,3.0,0.9995220188888889
2018-11-28,40704.8,40944.66,41081.23,40653.71,-0.46,48.6569193910934,40994.751412706006,40818.4750791118,176.27633359420724,298.6883911526522,-122.41205755844491,-0.0046319504321148,-0.0010718914242947,0.0074053972563646,Bear,True,False,False,84.73691003,0.0015067699277778119,0.013560929350000306,9.0,3.0,3.0,3.0,0.9988412522222223
2018-11-29,40638.83,40717.95,40781.43,40462.91,-0.16,47.8215733918369,40939.994272289696,40805.16803621463,134.82623607506684,265.9159601371352,-131.08972406206829,-0.0016206933825986,-0.0012013891313758,0.007390455260523,Bear,True,False,False,84.73691003,-0.26515849294466665,-3.97737739417,15.0,3.0,7.0,5.0,0.9982820653333333
2018-11-30,40496.03,40625.67,40936.73,40339.93,-0.35,45.98135258444445,40871.69207655282,40782.26892242095,89.42315413186589,230.6173989360813,-141.1942448042154,-0.0035138806899707,-0.0014572044450488,0.0073768313014719,Bear,True,False,False,84.73691003,-0.26960671023991667,-3.235280522879,12.0,3.0,6.0,3.0,0.9893950116666667
2018-12-03,39160.6,40383.27,40383.44,39015.62,-3.3,33.138605940041515,40608.44714169853,40662.14529853792,-53.69815683938941,173.75428778098717,-227.45244462037653,-0.0329768127888091,-0.0034512235647403,0.0099419263287272,Bear,True,False,False,80.91830054,0.006754933346528769,0.09299893072600007,37.0,14.0,14.0,9.0,0.9966450158860399
2018-12-04,39602.87,38889.68,39657.96,38889.24,1.13,39.195664289624126,40453.7429660526,40583.68046160918,-129.93749555657996,113.01593111347375,-242.9534266700537,0.0112937493296834,-0.0022792976126706,0.0102401797776572,Bear,True,False,False,80.91830054,0.10017227274777779,0.9015504547300002,9.0,4.0,3.0,2.0,0.9877694844444443
2018-12-05,39303.11,39607.1,39607.1,38719.62,-0.76,36.76464928453679,40276.722509736814,40488.82339037887,-212.1008806420577,47.992568762367455,-260.0934494044252,-0.0075691483975782,-0.0020125647446136,0.0100158920437766,Bear,True,False,False,80.91830054,0.04797308033914287,0.6716231247480001,14.0,4.0,3.0,7.0,0.9760894435714286
2018-12-06,38300.62,39371.09,39448.28,38247.01,-2.55,30.05174622819294,39972.70673900808,40326.73425035081,-354.0275113427342,-32.41144725865288,-321.61606408408136,-0.0255066329356633,-0.0040025826850699,0.0105454317213338,Bear,True,False,False,80.91830054,4.481762257145329e-05,0.00031372335800017304,7.0,3.0,3.0,1.0,0.99944319
2018-12-07,38562.05,38300.33,38651.88,37779.67,0.68,33.463666471768235,39755.68262531453,40196.016898472975,-440.3342731584489,-113.9960124386121,-326.33826071983685,0.006825738068992,-0.0034487499446543,0.0108190200939198,Bear,True,False,False,80.91830054,-0.07689151693307693,-0.99958972013,13.0,6.0,7.0,0.0,0.9991547784615384
2018-12-10,39299.62,38826.23,39438.68,38826.23,1.91,42.05172525652282,39685.51914449691,40129.61712821572,-444.0979837188133,-180.01640669465235,-264.081577024161,0.0191268358398994,-0.0025183948117129,0.0119220488388199,Bear,True,False,False,80.91830054,-0.208034241482,-0.9973495225010001,17.0,7.0,8.0,2.0,0.9994316117500001
2018-12-11,38851.96,39338.68,39338.68,38801.13,-1.14,38.78002187677686,39557.27927611277,40034.975859459,-477.6965833462382,-239.5524420249696,-238.14414132126865,-0.0113909498361562,-0.0027345261202367,0.0120473972883075,Bear,True,False,False,80.91830054,-0.3995346466329,-3.995346466329,10.0,2.0,6.0,2.0,0.9994391220000001
2018-12-12,38307.44,38770.56,38810.15,38130.07,-1.4,35.193280340420415,39364.99631055696,39907.01024023982,-542.0139296828638,-300.0447395565484,-241.96919012631545,-0.0140152517401952,-0.0035033604791054,0.0122610027730831,Bear,True,False,False,80.91830054,-0.3048415179369231,-3.9629397331800003,13.0,4.0,8.0,1.0,0.9981370761538462
2018-12-13,38011.63,38328.51,38464.79,37767.01,-0.77,33.38673178175918,39156.78610893281,39766.61170392576,-609.8255949929517,-362.00091064382906,-247.8246843491226,-0.0077219986509149,-0.0036972110393199,0.0122972830317049,Bear,True,False,False,80.91830054,-0.011685303196133338,-0.17527954794200007,15.0,7.0,7.0,1.0,0.9934215166666667
2018-12-14,38585.66,38062.64,38597.68,38033.83,1.51,39.84032777086675,39068.92055371237,39679.13379993126,-610.2132462188893,-411.6433777588412,-198.5698684600481,0.0151014307989425,-0.0034721920313866,0.012609887945789,Bear,True,False,False,80.91830054,-0.1307209086225,-2.09153453796,16.0,5.0,7.0,4.0,0.992996063125
2018-12-17,38309.17,38542.41,38579.06,38203.63,-0.72,37.93399323240538,38952.03585314124,39577.65499993636,-625.6191467951212,-454.4385315660972,-171.180615229024,-0.0071656154125653,-0.0041106172335348,0.0124484384110105,Bear,True,False,False,80.91830054,-0.3053928186368334,-6.998207244246,30.0,8.0,15.0,7.0,0.9993168508333334
2018-12-18,38115.81,38245.98,38323.44,37979.03,-0.5,36.61451745840365,38823.385721888735,39469.37018512626,-645.9844632375243,-492.74771790038267,-153.23674533714166,-0.005047355502612,-0.0039933565214202,0.0124269232830798,Bear,True,False,False,80.91830054,0.3338798514957143,2.33715896047,7.0,4.0,2.0,1.0,0.9753326014285715
2018-12-19,38063.15,38051.78,38179.27,37859.18,-0.14,36.24475996240074,38706.4263800597,39365.20572696876,-658.7793469090539,-525.9540437021169,-132.82530320693695,-0.0013815789301079,-0.0041428049328973,0.0123738824168834,Bear,True,False,False,80.91830054,0.14153103337757142,0.990717233643,7.0,3.0,2.0,2.0,0.9989643071428571
2018-12-20,38236.52,38069.42,38379.69,38014.48,0.46,38.44859665254158,38634.13309081975,39281.59937682293,-647.4662860031749,-550.2564921623285,-97.20979384084636,0.0045547990641865,-0.0032569046657856,0.0123282530551988,Bear,True,False,False,80.91830054,0.00028493771520000656,0.0028493771520000655,10.0,4.0,4.0,2.0,0.999343747
2018-12-21,38251.04,38241.05,38487.37,37845.42,0.04,38.63990191620063,38575.1956922321,39205.26164520641,-630.0659529743134,-566.2183843247255,-63.847568649587856,0.0003797416710518,-0.0032321070467903,0.0123353996032756,Bear,True,False,False,80.91830054,0.3330512313883333,1.99830738833,6.0,4.0,2.0,0.0,0.9994549766666667
2018-12-24,38308.92,38222.81,38347.25,37934.01,0.15,39.44781633571684,38534.23020111947,39138.86596778371,-604.6357666642434,-573.9018607926291,-30.733905871614297,0.0015131614722108,-0.0030368848409024,0.0123802217851225,Bear,True,False,False,80.91830054,0.22655786982398718,6.63904290048,26.0,14.0,7.0,5.0,0.9897687551923077
2018-12-26,38218.07,38318.41,38358.08,38168.54,-0.24,38.58895427908525,38485.59017017801,39070.65885905899,-585.0686888809796,-576.1352264102993,-8.933462470680297,-0.0023715103427608,-0.003305896139854,0.0123001369997537,Bear,True,False,False,80.91830054,0.28644223104070243,4.575393795217,20.0,11.0,6.0,3.0,0.9676640921428572
2018-12-27,37853.57,38382.24,38460.1,37701.16,-0.95,35.270964322398754,38388.35629784293,38980.50412875832,-592.1478309153899,-579.3377473113175,-12.810083604072474,-0.0095373732896506,-0.0035511672827308,0.0123766413326271,Bear,True,False,False,80.91830054,-0.2449767128864286,-3.4296739804100005,14.0,5.0,8.0,1.0,0.967995555
2018-12-28,37167.02,37368.8,37368.8,36918.66,-1.81,30.03292236394641,38200.458405867095,38846.17197107252,-645.7135652054276,-592.6129108901396,-53.10065431528801,-0.0181369947405225,-0.004376982350627,0.012785320500018,Bear,True,False,False,80.91830054,-0.3122008162153125,-4.995213059445,16.0,3.0,8.0,5.0,0.999487105
2018-12-31,37066.67,37071.76,37206.17,36802.4,-0.27,29.34689153124145,38026.02942034908,38714.35701025234,-688.3275899032596,-611.7558466927636,-76.57174321049604,-0.0026999743320825,-0.0043362870327326,0.0127895069546445,Bear,True,False,False,80.91830054,0.14053315934758728,1.989109138406,18.0,8.0,6.0,4.0,0.9991992718253968
2019-01-01,37995.76,37067.98,38046.98,37046.21,2.51,42.45349317907596,38021.372586449215,38661.12760208549,-639.7550156362777,-617.3556804814664,-22.399335154811297,0.0250653754437613,-0.0014341776211041,0.0125312063828269,Bear,True,False,False,102.3889057,-0.09045984140727273,-0.99505825548,11.0,5.0,6.0,0.0,0.9992069863636364
2019-01-02,37795.25,38046.7,38449.04,37710.38,-0.53,40.69879156707165,37986.584496226256,38596.98852044953,-610.4040242232732,-615.9653492298278,5.561325006554625,-0.005277167768193,-0.0022627234759979,0.012188498070126,Bear,True,False,False,102.3889057,0.3141121844157143,4.39757058182,14.0,8.0,3.0,3.0,0.9749797092857142
2019-01-03,37542.01,37807.99,37928.37,37374.05,-0.67,38.53258938045471,37918.18841988376,38518.84196337919,-600.6535434954349,-612.9029880829493,12.249444587514404,-0.0067003128700035,-0.0022192816996191,0.0121701241816234,Bear,True,False,False,102.3889057,0.003206705383125008,0.025653643065000065,8.0,3.0,3.0,2.0,0.99792940375
2019-01-04,37547.49,37565.24,37813.99,37474.66,0.01,38.60873711372376,37861.1578937478,38446.88996609184,-585.7320723440425,-607.4688049351679,21.73673259112536,0.0001459698082226,-0.0009366515624248,0.0108688773812741,Bear,True,False,False,102.3889057,-0.26830571272025,-4.292891403524,16.0,5.0,9.0,2.0,0.977925664375
2019-01-07,38562.4,37621.24,38626.8,37621.24,2.7,50.77213063370324,37969.04129470967,38455.44626489985,-486.4049701901822,-583.2560379861708,96.85106779598856,0.0270300358292925,7.35633255901369e-05,0.012451987039765,Bear,True,False,False,102.3889057,-0.24013088378613248,-4.603300317872,30.0,10.0,15.0,5.0,0.9883182578974359
2019-01-08,39052.5,38632.14,39148.92,38599.75,1.27,55.3705788332057,38135.72724936973,38499.67246749987,-363.9452181301458,-539.3938740149658,175.44865588482003,0.0127092712071863,-0.0002473149060455,0.012010000891592,Bear,True,False,False,102.3889057,0.20580311291062497,3.2928498065699996,16.0,8.0,5.0,3.0,0.97962720625
2019-01-09,38921.69,39201.03,39267.53,38816.5,-0.33,53.922762995861504,38256.644595620535,38530.93302546285,-274.2884298423087,-486.3727851804345,212.08435533812576,-0.0033495934959348,0.0001547529109655,0.0117490708911698,Bear,True,False,False,102.3889057,-0.07115068924485717,-0.9961096494280003,14.0,5.0,6.0,3.0,0.9993458835714285
2019-01-10,39090.28,39023.67,39225.55,38997.55,0.43,55.53643078339423,38384.8961962943,38572.36613468782,-187.46993839352217,-426.592215823052,239.12227742952984,0.0043315179787926,0.0010720913969149,0.0112918200620737,Bull,False,True,False,102.3889057,0.3345099803841111,6.021179646914,18.0,9.0,3.0,6.0,0.9979748194444444
2019-01-11,39049.08,39116.62,39278.2,38780.18,-0.11,55.02924005642242,38487.07831994133,38607.6782728591,-120.59995291776433,-365.3937632419945,244.7938103242302,-0.0010539704499429,0.0014054928069635,0.0111155647042042,Bull,False,True,False,102.3889057,0.039907525129857145,0.5587053518180001,14.0,5.0,5.0,4.0,0.9757482357142857
2019-01-14,39412.55,39177.03,39504.49,39139.43,0.93,58.61964619330509,38629.4585784119,38667.298400795466,-37.83982238356839,-299.88297507030927,262.0431526867409,0.0093080297922512,0.0011158227566289,0.0108111857126047,Bull,False,True,False,102.3889057,0.05011425124126625,2.0395118555000002,26.0,11.0,9.0,6.0,0.9962389230032468
2019-01-15,39614.17,39430.2,39711.92,39358.16,0.51,60.50339437993148,38780.95264327161,38737.437037773576,43.51560549803253,-231.20325895664087,274.71886445467345,0.0051156294124585,0.0017298849978801,0.010663829124039,Bull,False,True,False,102.3889057,0.09391245670100001,1.1269494804120002,12.0,5.0,4.0,3.0,0.9889161241666667
2019-01-16,39271.94,39608.15,39622.47,39225.41,-0.86,55.85542598573754,38856.48915969136,38777.02984979035,79.45930990100896,-169.07074518511098,248.53005508612,-0.0086390804098633,0.0015502987525176,0.0108131674374649,Bull,False,True,False,102.3889057,0.36705676604475,2.936454128358,8.0,4.0,1.0,3.0,0.9921035725
2019-01-17,39243.89,39265.66,39294.47,38780.37,-0.07,55.47923071802274,38916.08928896961,38811.61208313922,104.47720583039336,-114.36115498201012,218.8383608124035,-0.0007142504291869,0.0015836651775636,0.0108046705799084,Bull,False,True,False,102.3889057,0.021703883375833344,0.2604466005100001,12.0,6.0,5.0,1.0,0.9481230233333333
2019-01-18,39306.5,39243.22,39390.77,39091.52,0.16,56.188532871058285,38976.152475281975,38848.270447351126,127.88202793084928,-65.91251839943824,193.79454633028752,0.0015954075908377,0.0014356956038962,0.0107820802159583,Bull,False,True,False,102.3889057,-0.0003117527868666568,-0.0046762918029998515,15.0,6.0,6.0,3.0,0.9993361066666666
2019-01-21,39543.77,39345.13,39812.36,39345.13,0.6,58.863276291021045,39063.47824831552,38899.788932732525,163.68931558298937,-19.992151602952724,183.6814671859421,0.0060364061923599,0.0017185288299616,0.0108270213341169,Bull,False,True,False,102.3889057,0.014121842335699982,0.09259391610299961,30.0,10.0,10.0,10.0,0.9838084100555555
2019-01-22,39902.21,39557.26,39959.22,39485.76,0.91,62.57997008999596,39192.51390242082,38974.04234512271,218.47155729810763,27.70059017725935,190.7709671208483,0.0090643861220112,0.0020960900624516,0.0109504429670963,Bull,False,True,False,102.3889057,0.10298731683111112,0.9268858514800001,9.0,4.0,3.0,2.0,0.99223414
2019-01-23,40057.85,39971.54,40198.28,39905.03,0.39,64.09684287609889,39325.64253281761,39054.32439363214,271.31813918547414,76.42409997890232,194.89403920657185,0.0039005358349826,0.0024096923713388,0.0109054826031379,Bull,False,True,False,102.3889057,0.37324592327,2.98596738616,8.0,5.0,2.0,1.0,0.99811877375
2019-01-24,40289.16,40592.67,40609.03,40221.34,0.58,66.28427886205787,39473.87598930721,39145.79369780754,328.0822914996752,126.7557382830569,201.3265532166183,0.0057743987757705,0.0031752809746098,0.0105544398700272,Bull,False,True,False,102.3889057,-0.3884580842368889,-6.992245516264,18.0,4.0,11.0,3.0,0.9994396327777779
2019-01-25,40264.78,40307.01,40379.95,40165.72,-0.06,65.8290349182059,39595.5535294138,39228.68157204402,366.87195736977446,174.7789821004004,192.09297526937405,-0.0006051255474178,0.0040518744342651,0.0093505920833477,Bull,False,True,False,102.3889057,0.2221120716128889,1.999008644516,9.0,5.0,3.0,1.0,0.9990983277777777
2019-01-28,40420.09,40277.09,40465.15,40261.39,0.39,67.36664348053048,39722.405294119366,39316.93404818891,405.47124593045737,220.9174348664118,184.5538110640456,0.0038572171510684,0.0043797340084226,0.0092153717849468,Bull,False,True,False,102.3889057,-0.0739291104952497,-2.967234075949,32.0,11.0,14.0,7.0,0.9989429177838828
2019-01-29,40624.39,40421.95,40647.97,40307.23,0.51,69.3221831262807,39861.17217194715,39413.78263721195,447.38953473520087,266.2118548401696,181.17767989503125,0.0050544172464732,0.0033791860985582,0.0078340551408333,Bull,False,True,False,102.3889057,-0.079167284585,-1.10834198419,14.0,6.0,7.0,1.0,0.9920424614285714
2019-01-30,40607.12,40644.33,40776.92,40530.69,-0.04,68.94606607298115,39975.933376262976,39502.17799741848,473.7553788445002,307.7205596410357,166.0348192034645,-0.000425114075559,0.0036217887831899,0.0076241965766177,Bull,False,True,False,102.3889057,0.4162863500725,4.9954362008699995,12.0,8.0,3.0,1.0,0.9993891758333334
2019-01-31,40799.52,40635.66,40860.79,40635.66,0.47,70.8439797291098,40102.639010684055,39598.27740501711,504.3616056669489,347.0487688462184,157.31283682073052,0.0047380853406986,0.004193708693725,0.0072278612368477,Bull,False,True,False,102.3889057,0.11753739957158824,1.998135792717,17.0,8.0,6.0,3.0,0.9994568294117646
2019-02-01,41112.71,40810.7,41207.97,40793.36,0.77,73.66543680633572,40258.03454750189,39710.45759723806,547.5769502638286,387.1544051297405,160.42254513408818,0.0076763157997938,0.0045702259933036,0.0072019976751914,Bull,False,True,False,79.23529344,0.084039569225,1.0084748307,12.0,6.0,5.0,1.0,0.9976291166666668
2019-02-04,41614.39,41209.08,41630.13,41209.08,1.22,77.4327180509377,40466.704617116986,39851.48962707228,615.2149900447039,432.7665221127332,182.4484679319707,0.0122025524466764,0.0038288518241728,0.0052731857733491,Bull,False,True,False,79.23529344,0.018998351746750002,-0.5449747342500002,29.0,11.0,12.0,6.0,0.9894077753240741
2019-02-06,41505.68,41693.37,41766.93,41417.82,-0.26,74.93126486651299,40626.54698371437,39974.02224728916,652.5247364252136,476.7181649752293,175.8065714499843,-0.0026123175180507,0.0030627723879109,0.0050221223015799,Bull,False,True,False,79.23529344,-0.17125426528336668,-3.913188512284,22.0,6.0,10.0,6.0,0.99737033375
2019-02-07,41332.75,41529.25,41606.27,41289.12,-0.42,71.00189128025029,40735.193601604464,40074.66874748996,660.5248541145047,513.4795028030844,147.0453513114203,-0.0041664177047575,0.0030219311774698,0.0050800017038265,Bull,False,True,False,79.23529344,0.1515846156426923,1.970600003355,13.0,5.0,3.0,5.0,0.9975425853846154
2019-02-08,40887.35,41358.68,41453.1,40790.6,-1.08,61.98582314325808,40758.60227828071,40134.867358787,623.7349194937051,535.5305861412086,88.20433335249652,-0.0107759585316729,0.0022665573519465,0.0059275311245447,Bull,False,True,False,79.23529344,-0.11103218061722224,-0.9992896255550001,9.0,2.0,3.0,4.0,0.9994757777777777
2019-02-11,40326.53,41038.02,41076.26,40218.37,-1.37,52.88040303448653,40692.12962008367,40149.06459146945,543.0650286142263,537.0374746358121,6.027553978414176,-0.0137162227437092,0.0016334447372582,0.0068976868833037,Bull,False,True,False,79.23529344,0.012412284996999576,1.0001004198990002,35.0,14.0,13.0,8.0,0.9991400692606839
2019-02-12,40596.28,40326.19,40637.26,40269.0,0.67,56.212234623679535,40677.383524686185,40182.19165876801,495.1918659181756,528.6683528922848,-33.47648697410921,0.0066891448383978,0.0015025004895655,0.0067679644855986,Bull,False,True,False,79.23529344,-0.002829358097777796,-0.025464222880000165,9.0,4.0,4.0,1.0,0.9979720400000001
2019-02-13,40544.11,40692.74,40839.09,40484.58,-0.13,55.39639083443039,40656.879905503694,40209.0004247852,447.8794807184968,512.5105784575272,-64.63109773903045,-0.0012850931169062,0.0011824643630973,0.0067393933716723,Bull,False,True,False,79.23529344,0.1455249078243846,1.891823801717,13.0,7.0,5.0,1.0,0.9952023976923077
2019-02-14,40506.98,40544.99,40589.15,40318.01,-0.09,54.786935384037406,40633.81838158005,40231.07298591222,402.74539566782914,490.5575418995877,-87.8121462317585,-0.0009157927008386,0.0015686287485485,0.0063574511595364,Bull,False,True,False,79.23529344,0.000258978736444437,0.002330808627999933,9.0,3.0,3.0,3.0,0.9993673555555556
2019-02-15,40486.67,40515.2,40646.39,40361.03,-0.05,54.43415725241808,40611.18016902927,40250.00609806687,361.1740709623991,464.68084771215,-103.50677674975088,-0.0005013950682081,0.0015792715165975,0.0063536053402089,Bull,False,True,False,79.23529344,0.2733247463290909,3.00657220962,11.0,7.0,4.0,0.0,0.9990540372727273
2019-02-18,40219.47,40605.13,40654.65,40000.11,-0.66,49.88332088869908,40550.91706610169,40247.744164876734,303.1729012249561,432.3792584147113,-129.20635718975512,-0.006599703062761,0.0011695159839175,0.0066115333376773,Bull,False,True,False,79.23529344,0.49724921200075006,9.907694464794,23.0,14.0,4.0,5.0,0.9982099122222223
2019-02-19,39957.07,40242.45,40320.58,39941.97,-0.65,45.83110903238286,40459.55597900912,40226.21274525624,233.3432337528866,392.5720534823464,-159.2288197294598,-0.0065242033273934,0.0005414855079299,0.0067205628656581,Bull,False,True,False,79.23529344,-0.15087470846076922,-1.96137120999,13.0,5.0,7.0,1.0,0.9953997138461539
2019-02-20,40279.38,39943.99,40330.04,39688.75,0.81,51.08710240311144,40431.8365976231,40230.15106042244,201.6855372006612,354.39475022600936,-152.70921302534816,0.0080664072716041,0.0004915865654095,0.0066573590226653,Bull,False,True,False,79.23529344,0.299707367864,2.99707367864,10.0,6.0,3.0,1.0,0.999460494
2019-02-21,40070.71,40317.66,40416.53,39882.23,-0.52,47.84999100876065,40376.278659527234,40218.34061150226,157.9380480249747,315.10340978580246,-157.16536176082775,-0.005180566334437,3.753145693856653e-05,0.0067219875528109,Bear,True,False,False,79.23529344,-0.11773811901742857,-1.648333666244,14.0,5.0,6.0,3.0,0.9757339607142858
2019-02-22,40016.13,39982.37,40082.21,39799.93,-0.14,47.010911255226894,40320.87117344612,40203.36204768728,117.50912575884286,275.58455298041054,-158.07542722156768,-0.0013620921615814,-0.000319293089929,0.0065895373251743,Bear,True,False,False,79.23529344,-0.24615120032249999,-1.9692096025799999,8.0,1.0,3.0,4.0,0.99741287125
2019-02-25,39606.79,39990.34,40046.25,39550.65,-1.02,41.178745829084285,40211.01253137749,40159.17152563636,51.84100574112381,230.8358435325532,-178.99483779142938,-0.0102293750045293,-0.0008005055627846,0.0069529045635132,Bear,True,False,False,79.23529344,0.0738268348659788,-0.9807101230059998,20.0,7.0,8.0,5.0,0.9935016709545454
2019-02-26,38821.67,39421.88,39421.88,38726.73,-1.98,32.77904220505624,39997.26752655018,40060.09733855219,-62.82981200200447,172.10271242564164,-234.9325244276461,-0.0198228637059454,-0.0019845096056353,0.0080479914869126,Bear,True,False,False,79.23529344,-0.15363372821007693,-1.9972384667310001,13.0,4.0,6.0,3.0,0.9995237446153845
2019-02-27,38692.69,38630.12,38857.9,37330.38,-0.33,31.637317202976632,39796.56329169631,39958.80790606684,-162.24461437053105,105.2332470664071,-267.47786143693816,-0.0033223712426589,-0.0024033490300919,0.0078785786380267,Bear,True,False,False,79.23529344,0.05241028999545458,0.5765131899500003,11.0,6.0,4.0,1.0,0.9173791645454545
2019-02-28,39054.6,38815.24,39149.33,38558.45,0.94,38.14739449692404,39682.4150929738,39891.82954265448,-209.41444968067665,42.30370771699036,-251.71815739766697,0.0093534463486513,-0.0019144210088814,0.008299955096897,Bear,True,False,False,79.23529344,0.374431243740375,2.995449949923,8.0,5.0,2.0,1.0,0.99890551375
2019-03-01,39539.01,39083.98,39713.42,39083.98,1.24,45.6129140512346,39660.35277097784,39865.69476171711,-205.34199073927448,-7.225431974262612,-198.11655876501183,0.0124034044645189,-0.0015311550526903,0.0087860603328936,Bear,True,False,False,56.54273189,-0.999061097085,-3.99624438834,4.0,0.0,4.0,0.0,0.99933554
2019-03-04,39749.74,39550.18,39841.74,39499.36,0.53,48.523681239406976,39674.10465236586,39857.10552010844,-183.00086774257943,-42.38051912792598,-140.62034861465344,0.0053296731506427,-0.0016484871851479,0.0086715517182453,Bear,True,False,False,56.54273189,0.010973440218133143,0.29867578884300006,33.0,13.0,12.0,8.0,0.9848992331439393
2019-03-05,39688.51,39775.16,39955.28,39598.97,-0.15,47.72444504490247,39676.32085969419,39844.61696306337,-168.2961033691754,-67.56363597617587,-100.73246739299952,-0.0015403874339805,-0.0023356341791807,0.008037534780763,Bear,True,False,False,56.54273189,-0.16062790824900003,-1.7669069907390003,11.0,3.0,5.0,3.0,0.9776201645454545
2019-03-06,39568.1,39718.18,39845.59,39494.88,-0.3,46.11582181868791,39659.67149666432,39824.13422505868,-164.4627283943555,-86.9434544598118,-77.5192739345437,-0.0030338755473562,-0.002356712080646,0.0080388511992407,Bear,True,False,False,56.54273189,0.22211880528955558,1.9990692476060001,9.0,4.0,2.0,3.0,0.9994051788888889
2019-03-07,39294.1,39662.44,39747.18,39257.99,-0.69,42.597240416430296,39603.42972794673,39784.87243060988,-181.4427026631529,-105.84330410048004,-75.59939856267286,-0.0069247702063025,-0.0024946297057233,0.0080949989065193,Bear,True,False,False,56.54273189,-0.05867029684829411,-0.997395046421,17.0,5.0,6.0,6.0,0.9994186699999998
2019-03-08,38950.23,39313.75,39323.43,38866.69,-0.88,38.61521093490308,39502.93746210877,39723.04706537952,-220.10960327075009,-128.69656393453403,-91.41303933621604,-0.008751186564904,-0.0023933911073848,0.0079980597981708,Bear,True,False,False,56.54273189,0.285277783115,1.996944481805,7.0,4.0,2.0,1.0,0.9993913857142857
2019-03-11,38924.11,39012.48,39146.44,38875.82,-0.07,38.32216439161653,39413.8870833228,39663.86654201808,-249.9794586952776,-152.95314288668277,-97.0263158085948,-0.0006705993777187,-0.0017411099390853,0.0075451703995132,Bear,True,False,False,56.54273189,0.061609111688109446,0.13871364327400038,28.0,9.0,9.0,10.0,0.9856687209111722
2019-03-12,38896.49,38937.01,39030.25,38648.12,-0.07,37.99382244754516,39334.28753204236,39607.02383520192,-272.7363031595596,-176.90977494125815,-95.82652821830146,-0.0007095859096072,-0.0021110464764856,0.0072870473269976,Bear,True,False,False,56.54273189,-0.009786828791428573,-0.13701560308000002,14.0,5.0,5.0,4.0,0.9944234685714285
2019-03-13,38928.93,38874.25,39060.58,38828.52,0.08,38.65859322791705,39271.92483480508,39556.794662224005,-284.8698274189228,-198.50178543679107,-86.36804198213173,0.0008340084156694,-0.0020050913998568,0.0073150412308529,Bear,True,False,False,56.54273189,0.06873696320893333,1.0310544481339998,15.0,7.0,6.0,2.0,0.9976542646666666
2019-03-14,38808.61,38936.09,38999.39,38751.6,-0.31,37.071092235344025,39200.64562945045,39501.37357613335,-300.72794668289134,-218.94701768601112,-81.78092899688022,-0.0030907605218021,-0.0021138397909049,0.0073141618849579,Bear,True,False,False,56.54273189,-0.11730087318758825,-1.9941148441890002,17.0,3.0,5.0,9.0,0.999340455882353
2019-03-15,38306.95,38799.91,38839.01,38187.48,-1.29,31.299880896583048,39063.15399415039,39412.89775567902,-349.7437615286326,-245.10636645453545,-104.63739507409718,-0.0129265129567898,-0.002735095685334,0.0076881216061542,Bear,True,False,False,56.54273189,0.24984856811700001,0.9993942724680001,4.0,2.0,1.0,1.0,0.9995349124999999
2019-03-18,38851.95,38355.84,38882.82,38161.72,1.42,41.88491343046937,39030.6610719734,39371.34607007317,-340.6849980997649,-264.22209278358133,-76.4629053161836,0.0142271833179097,-0.0016937513663005,0.008504280104363,Bear,True,False,False,56.54273189,0.20128151136846295,7.868810057166,32.0,16.0,8.0,8.0,0.9981111067625661
2019-03-19,38612.37,38913.36,39011.54,38528.11,-0.62,39.0374699537731,38966.308599362106,39315.12562043812,-348.8170210760145,-281.141078442068,-67.67594263394653,-0.0061664858520613,-0.0016758654925339,0.008493956090619,Bear,True,False,False,56.54273189,-0.01016919129952631,-0.19321463469099986,19.0,9.0,9.0,1.0,0.9890001694736842
2019-03-20,38547.76,38600.56,38666.55,38427.64,-0.17,38.28164377304528,38901.91650715256,39258.28372262789,-356.3672154753367,-296.18630584872176,-60.18090962661495,-0.0016732979612492,-0.0021628507541766,0.0081793821231001,Bear,True,False,False,56.54273189,0.2710044789528182,2.981049268481,11.0,4.0,1.0,6.0,0.9982165381818181
2019-03-21,38384.71,38548.18,38593.48,38202.28,-0.42,36.36798185123786,38822.34627528294,39193.5745579888,-371.2282827058589,-311.1947012201492,-60.03358148570965,-0.0042298177637301,-0.0021153133256412,0.0081636682143027,Bear,True,False,False,56.54273189,0.118692498203625,0.949539985629,8.0,3.0,2.0,3.0,0.99374262625
2019-03-22,38531.87,38437.17,38721.05,38389.86,0.38,39.31646835940448,38777.65761754711,39144.55940554518,-366.9017879980747,-322.3361185757344,-44.56566942234036,0.0038338182052177,-0.0018555178073012,0.0082708716691188,Bear,True,False,False,56.54273189,0.7126118517557144,4.9882829622900005,7.0,5.0,0.0,2.0,0.9990571471428572
2019-03-25,38128.66,38520.35,38520.35,38053.15,-1.05,34.58747691464934,38677.81183023217,39069.30759772702,-391.4957674948528,-336.16804835955804,-55.32771913529473,-0.0104643247265185,-0.0018672652934007,0.0082835485572873,Bear,True,False,False,56.54273189,0.19066329908946644,5.392673078768,33.0,16.0,10.0,7.0,0.988760574366883
2019-03-26,38329.13,38161.08,38372.89,38039.69,0.53,38.54526175620749,38624.16847173491,39014.47962752502,-390.31115579010657,-346.9966698456677,-43.31448594443884,0.005257724766619,-0.0006132358697725,0.0072570710722791,Bear,True,False,False,56.54273189,0.32585849004166667,3.9103018805,12.0,6.0,2.0,4.0,0.9917510208333332
2019-03-27,38965.01,38382.06,38981.12,38369.12,1.66,49.071287653869966,38676.605629929545,39010.81521067132,-334.2095807417718,-344.43925202488856,10.229671283116772,0.0165899930418458,0.0003823823444527,0.0081738449638275,Bull,False,True,False,56.54273189,-0.197979176986,-0.98989588493,5.0,2.0,3.0,0.0,0.9984439820000001
2019-03-28,38552.95,38960.67,38960.67,38418.9,-1.06,43.832020677258704,38657.58168686346,38976.89926914011,-319.3175822766498,-339.4149180752408,20.09733579859102,-0.0105751288142875,-0.0006140464136942,0.0082371199118008,Bear,True,False,False,56.54273189,-0.01704455076349999,-0.2045346091619999,12.0,3.0,4.0,5.0,0.9531678516666666
2019-03-29,38649.34,38555.65,38733.37,38483.46,0.25,45.3031854430813,38656.31373503831,38952.635619574176,-296.3218845358642,-330.7963113673655,34.47442683150126,0.0025001977799363,-0.0011092067479233,0.0076931054532624,Bear,True,False,False,56.54273189,-0.06260073857775,-1.001611817244,16.0,6.0,7.0,3.0,0.9993826075
2019-04-01,38354.85,38633.56,38633.56,38211.08,-0.76,41.70880900428497,38609.93469887857,38908.355203309424,-298.42050443085463,-324.3211499800633,25.90064554920872,-0.0076195350295761,-0.0017566671569343,0.0076675483597991,Bear,True,False,False,93.27321256,0.11064170486600962,2.822496546936,39.0,14.0,12.0,13.0,0.9780464407147437
2019-04-02,38036.03,38423.14,38557.74,37932.29,-0.83,38.17730446341068,38521.64166828187,38843.7385215828,-322.09685330093635,-323.87629064423794,1.7794373433015949,-0.0083123777045145,-0.002095266670461,0.0078057746181616,Bear,True,False,False,93.27321256,0.2283941453069231,2.96912388899,13.0,8.0,5.0,0.0,0.9972722884615385
2019-04-03,38022.8,38050.8,38119.14,37855.09,-0.03,38.03339279138641,38444.8967962385,38782.92826072482,-338.0314644863174,-326.70732541265386,-11.32413907366356,-0.0003478280987788,-0.0019609642980321,0.007811880435372,Bear,True,False,False,93.27321256,-0.18295103975363636,-2.01246143729,11.0,4.0,6.0,1.0,0.9983593418181819
2019-04-04,37516.11,38037.79,38042.6,37413.09,-1.33,32.91583448192088,38302.00651989412,38689.0898710415,-387.0833511473829,-338.7825305595997,-48.30082058778322,-0.0133259517973427,-0.0022810233775841,0.0081497783575636,Bear,True,False,False,93.27321256,-0.213620025884375,-1.708960207075,8.0,2.0,4.0,2.0,0.962066215
2019-04-05,37521.81,37517.13,37592.27,37307.14,0.02,33.02501058550517,38181.97628606425,38602.6246954088,-420.64840934454696,-355.1557063165892,-65.49270302795776,0.0001519347288403,-0.0018358673128969,0.0080198827045805,Bear,True,False,False,93.27321256,-0.246476606462,-2.957719277544,12.0,2.0,5.0,5.0,0.9978858566666666
2019-04-08,36921.91,37552.9,37552.9,36738.96,-1.6,27.881972374630507,37988.11993436206,38478.1273105637,-490.00737620164,-382.1260402935994,-107.88133590804055,-0.0159880346923561,-0.0026017390786287,0.0086122515371812,Bear,True,False,False,93.27321256,-0.20602864855135114,-7.964147502694,34.0,8.0,16.0,10.0,0.9989468626210826
2019-04-09,37129.97,36906.3,37270.58,36593.2,0.56,31.84622322957816,37856.096867537126,38378.2638060775,-522.1669385403729,-410.1342199429541,-112.0327185974188,0.005635136427124,-0.0022845029617922,0.0088004179136999,Bear,True,False,False,93.27321256,0.45249093454227274,4.977400279965,11.0,7.0,2.0,2.0,0.9986260681818181
2019-04-10,36579.32,37138.79,37170.36,36464.85,-1.48,27.53265120699733,37659.6696571468,38245.00870933102,-585.339052184223,-445.1751863912079,-140.16386579301508,-0.0148303378645336,-0.0030677202758023,0.0091964066971142,Bear,True,False,False,93.27321256,-0.09069556039363638,-0.9976511643300002,11.0,4.0,5.0,2.0,0.99940709
2019-04-11,36787.64,36555.2,36910.03,36499.34,0.57,31.32259692752143,37525.51124835498,38137.0554716028,-611.5442232478163,-478.4489937625296,-133.0952294852867,0.0056950211212236,-0.002628431193651,0.0094027701254809,Bear,True,False,False,93.27321256,-0.6995225162423,-6.995225162423,10.0,1.0,8.0,1.0,0.9993360929999999
2019-04-12,37337.87,36788.89,37420.92,36741.7,1.5,40.21609968787733,37496.64336399268,38077.85654778037,-581.213183787695,-499.0018317675627,-82.21135202013232,0.0149569257500616,-0.0012342592583085,0.0098519290597048,Bear,True,False,False,93.27321256,-0.5557073326703637,-6.112780659374,11.0,1.0,8.0,2.0,0.958065269090909
2019-04-15,37504.08,37431.0,37698.79,37281.15,0.45,42.63278612671721,37497.78746183996,38035.35458127812,-537.5671194381648,-506.7148893016831,-30.85223013648169,0.0044515126331523,-0.0017230427925463,0.0092697675731631,Bear,True,False,False,93.27321256,-0.313959985391531,-10.850983311766,35.0,9.0,20.0,6.0,0.9969822012731481
2019-04-16,37381.95,37519.57,37635.56,37339.21,-0.33,41.3113229848735,37479.96631386458,37986.95424192418,-506.9879280596069,-506.7694970532679,-0.2184310063390171,-0.003256445698708,-0.0015775407848787,0.0092190504931611,Bear,True,False,False,93.27321256,0.44391540835055554,3.995238675155,9.0,6.0,2.0,1.0,0.9993773799999999
2019-04-17,36752.57,37385.04,37418.67,36692.21,-1.68,35.24787635159194,37368.059188654646,37895.51837215202,-527.4591834973762,-510.9074343420896,-16.551749155286643,-0.0168364678675135,-0.0023356992801919,0.0098305553414627,Bear,True,False,False,93.27321256,-0.12171475734973335,-1.8257213602460003,15.0,5.0,7.0,3.0,0.9920104813333334
2019-04-18,36811.86,36737.51,36919.95,36419.36,0.16,36.1979090725287,37282.49008270778,37815.24738162225,-532.7572989144683,-515.2774072565653,-17.479891657902954,0.00161322051764,-0.0020435473661234,0.0098580871851004,Bear,True,False,False,93.27321256,-0.5470344745910909,-6.017379220502,11.0,2.0,8.0,1.0,0.9981932409090909
2019-04-19,37292.47,36827.08,37729.12,36818.16,1.31,43.44186298665648,37284.025454598894,37776.52313113171,-492.4976765328174,-510.72146111181576,18.22378457899833,0.0130558466755008,-0.0015824459426092,0.0103508244267165,Bear,True,False,False,93.27321256,-0.5383052228423076,-6.99796789695,13.0,3.0,10.0,0.0,0.9990119938461538
2019-04-22,36901.69,37474.8,37479.27,36839.29,-1.05,39.513509332920734,37225.20461542984,37711.72067697381,-486.5160615439745,-505.8803811982476,19.36431965427306,-0.0104787910267138,-0.001583169257619,0.0103514782432809,Bear,True,False,False,93.27321256,0.3451488834717278,6.076686230736001,20.0,11.0,5.0,4.0,0.9941317432777778
2019-04-23,36404.03,36901.24,36911.61,36136.11,-1.35,35.15378241094915,37098.87005920986,37614.85470090168,-515.9846416918153,-507.9012332969612,-8.083408394854189,-0.0134861032109911,-0.0025203606564995,0.0105462000786664,Bear,True,False,False,93.27321256,0.49949814015590005,4.994981401559,10.0,6.0,1.0,3.0,0.999543551
2019-04-24,36504.25,36375.22,36733.05,36332.28,0.28,36.6692091391738,37007.39005010065,37532.58768602007,-525.1976359194232,-511.3605138214536,-13.837122097969656,0.002752991907764,-0.0032122107132036,0.0096416145313671,Bear,True,False,False,93.27321256,-0.2195649903618889,-1.976084913257,9.0,2.0,4.0,3.0,0.9969413722222222
2019-04-25,36796.03,36520.0,36914.41,36515.16,0.8,40.9927676777806,36974.87311931593,37478.027857426,-503.15473811006086,-509.719358679175,6.56462056911414,0.0079930419060794,-0.0022838021771853,0.009788178046048,Bear,True,False,False,93.27321256,-0.20864622629716667,-2.503754715566,12.0,3.0,6.0,3.0,0.9592958091666667
2019-04-26,37130.63,36806.86,37158.35,36787.44,0.91,45.58087030862842,36998.83571634425,37452.29468280185,-453.45896645759785,-498.4672802348596,45.00831377726172,0.0090933723013053,-0.0019541434511168,0.0100648949736262,Bear,True,False,False,93.27321256,0.1544819622343846,2.008265509047,13.0,7.0,5.0,1.0,0.9990319423076923
2019-04-29,37026.27,37201.59,37437.72,36949.92,-0.28,44.42074074865536,37003.05637536821,37420.7372988906,-417.6809235223918,-482.31000889236606,64.62908536997423,-0.0028106175413668,-0.0017136975767063,0.009979507179932,Bear,True,False,False,93.27321256,0.22721178308814882,7.159328945167999,34.0,16.0,8.0,10.0,0.9858775031547619
2019-04-30,36784.44,36993.38,37037.3,36708.2,-0.65,41.76780736079041,36969.42308685002,37373.604165639445,-404.181078789421,-466.6842228717771,62.50314408235607,-0.0065313087167568,-0.0016246441273185,0.009925323526114,Bear,True,False,False,93.27321256,-0.22162379508666666,-1.99461415578,9.0,3.0,5.0,1.0,0.9991652677777778
2019-05-02,36547.63,36776.22,36857.75,36508.22,-0.64,39.29305959282911,36904.53184271925,37312.4208941106,-407.8890513913502,-454.9251885756918,47.03613718434156,-0.0064377764076333,-0.0019291415427612,0.0099773704597202,Bear,True,False,False,95.00106449,-0.22508904160707693,-5.852315081784,26.0,6.0,12.0,8.0,0.9881950153846154
2019-05-03,36122.95,36544.9,36556.42,36071.1,-1.16,35.258471525173746,36784.2884823009,37224.31193899129,-440.02345669038914,-451.9448421986313,11.92138550824211,-0.0116199053126017,-0.0018438392185241,0.0098816379242485,Bear,True,False,False,95.00106449,0.24985375067325002,0.9994150026930001,4.0,2.0,1.0,1.0,0.99958059
2019-05-06,35605.42,36127.08,36191.43,35570.38,-1.43,31.07146627291091,36602.92410040845,37104.39401758453,-501.46991717607307,-461.8498571941197,-39.62005998195343,-0.0143269029799614,-0.0025677811039642,0.0102511886946324,Bear,True,False,False,95.00106449,-0.025502366589543645,-0.7410990996789999,35.0,11.0,12.0,12.0,0.9921129694708996
2019-05-07,35631.06,35597.8,35806.33,35491.2,0.07,31.50543984185597,36453.40654649946,36995.25816443012,-541.8516179306534,-477.8502093414264,-64.00140858922703,0.0007201150836024,-0.0017323736151663,0.0097694461000205,Bear,True,False,False,95.00106449,0.31435315259641666,3.7722378311569997,12.0,6.0,3.0,3.0,0.9672213983333333
2019-05-08,35035.03,35666.78,35697.73,34849.84,-1.67,27.21580600501601,36235.19477011493,36850.05607817604,-614.861308061103,-505.25242908536177,-109.60887897574128,-0.0167278211762433,-0.0028505214953347,0.0101540181691734,Bear,True,False,False,95.00106449,-0.39959983872146665,-5.993997580822,15.0,4.0,10.0,1.0,0.9993330506666667
2019-05-09,34887.64,35025.23,35300.26,34828.94,-0.42,26.263509867586706,36027.878651635714,36704.69192423707,-676.8132726013573,-539.5645977885608,-137.24867481279648,-0.0042069323188819,-0.0023193512180521,0.0097647557099669,Bear,True,False,False,95.00106449,-0.38422695414061536,-4.994950403828,13.0,2.0,7.0,4.0,0.9995093315384616
2019-05-10,34716.53,34856.43,34875.7,34646.97,-0.49,25.16272961744339,35826.132705230215,36557.42067058988,-731.2879653596683,-577.9092713027824,-153.37869405688593,-0.0049046023176116,-0.0028493323899938,0.0095930193530018,Bear,True,False,False,95.00106449,-0.27257864694481815,-2.998365116393,11.0,3.0,6.0,2.0,0.9993433136363638
2019-05-13,33900.38,34850.59,35227.92,33779.66,-2.35,20.705095835003192,35529.86305827172,36360.60284313878,-830.7397848670589,-628.4753740156377,-202.2644108514212,-0.0235089739671563,-0.0047726273758547,0.0096906658152874,Bear,True,False,False,95.00106449,-0.01957589008842538,-3.175241722828,28.0,9.0,12.0,7.0,0.9950543845555556
2019-05-14,33885.09,33932.93,34067.27,33691.66,-0.05,20.631356942298964,35276.82104930684,36177.2315214248,-900.410472117961,-682.8623936361024,-217.54807848185865,-0.0004510273926133,-0.005017754377143,0.009505291594138,Bear,True,False,False,95.00106449,-0.00029661464538462026,-0.0038559903900000636,13.0,5.0,5.0,3.0,0.99937457
2019-05-15,34291.65,33998.92,34443.91,33946.93,1.2,27.976425961413653,35125.256272490406,36037.55881613407,-912.3025436436656,-728.7504236376151,-183.55212000605047,0.01199819743728,-0.0042550222203436,0.0102378708686295,Bear,True,False,False,95.00106449,0.2964118384908,2.964118384908,10.0,5.0,2.0,3.0,0.997870193
2019-05-16,33971.12,34361.39,34416.46,33574.85,-0.93,25.938360336109923,34947.69684595342,35884.48927419821,-936.792428244793,-770.3588245590506,-166.43360368574236,-0.0093471734372653,-0.0038805574988312,0.0098843277103389,Bear,True,False,False,95.00106449,-0.15365667630107696,-1.9975367919140004,13.0,4.0,6.0,3.0,0.9995384815384616
2019-05-17,33166.62,33933.67,33944.16,33005.99,-2.37,21.67110166067112,34673.68502349905,35683.16562425761,-1009.4806007585576,-818.1831797989521,-191.29742095960543,-0.0236818803736821,-0.0051453125433973,0.0107267924171866,Bear,True,False,False,95.00106449,0.020066522112285705,0.28093130957199985,14.0,6.0,6.0,2.0,0.9779050478571428
2019-05-20,33250.54,33037.18,33322.39,32352.4,0.25,23.092446822026503,34454.73963526843,35502.97113357186,-1048.2314983034305,-864.1928434998478,-184.0386548035825,0.0025302548164389,-0.0056715921363504,0.0100218450051857,Bear,True,False,False,95.00106449,-0.22548227963233666,-6.996967615671999,31.0,10.0,17.0,4.0,0.9993123401010101
2019-05-21,33442.1,33260.94,33549.62,32852.23,0.58,26.37655684165337,34298.94892215021,35350.31401256654,-1051.3650904163296,-901.6272928831442,-149.73779753318547,0.005761109443636,-0.0048595971128329,0.0102667602503688,Bear,True,False,False,95.00106449,-0.1426859726592857,-0.998801808615,7.0,2.0,3.0,2.0,0.9994476600000001
2019-05-22,34637.14,33618.29,34698.56,33618.29,3.57,42.78950817532044,34350.978318742484,35297.48630793198,-946.507989189493,-910.603432144414,-35.904557045078946,0.035734598006704,-0.0023985620519481,0.0134849997624181,Bear,True,False,False,95.00106449,0.21409897073714285,2.99738559032,14.0,8.0,5.0,1.0,0.99938883
2019-05-23,35581.34,35086.46,35631.13,34897.68,2.73,51.91129426162981,34540.26473124364,35318.51250734442,-778.2477761007831,-884.1323009356879,105.88452483490482,0.0272597564348557,-0.0011732238255936,0.0150054506327419,Bear,True,False,False,95.00106449,-0.3311316678591667,-3.9735800143100004,12.0,4.0,8.0,0.0,0.9980563266666667
2019-05-24,35703.81,35635.17,35766.7,35435.91,0.34,52.9589807202474,34719.271695667696,35347.053062355946,-627.7813666882503,-832.8621140862004,205.08074739795012,0.0034419726744412,-0.0014007772871755,0.014893218917654,Bear,True,False,False,95.00106449,0.9983883485039999,4.99194174252,5.0,5.0,0.0,0.0,0.99881897
2019-05-27,35697.37,35818.33,35892.29,35610.41,-0.02,52.89372280284835,34869.74835787267,35373.0024651444,-503.25410727172857,-766.9405127233061,263.6864054515776,-0.0001803729069809,-0.0018644645475898,0.0146923064697329,Bear,True,False,False,95.00106449,-0.1158952280668916,-3.5330393191439997,32.0,10.0,14.0,8.0,0.9918344471532633
2019-05-28,34949.28,35690.61,35709.12,34900.07,-2.1,45.82911962966436,34881.983995123024,35341.61561587444,-459.63162075141736,-705.4787343289283,245.84711357751092,-0.0209564458109939,-0.0027717559610711,0.0153014593516359,Bear,True,False,False,95.00106449,-0.45117561629618186,-4.9629317792580006,11.0,1.0,6.0,4.0,0.9976125818181818
2019-05-29,35959.43,35083.36,35993.61,35083.36,2.89,54.63921994780853,35047.74491895025,35387.37964432818,-339.6347253779313,-632.309932538729,292.67520716079764,0.0289033136018825,-0.0010000248451392,0.0168194024542733,Bear,True,False,False,95.00106449,-0.1426316647822857,-1.996843306952,14.0,4.0,6.0,4.0,0.9994322285714287
2019-05-30,35974.79,36218.83,36536.78,35655.25,0.04,54.7597042388017,35190.36723911175,35430.89152252609,-240.5242834143428,-553.9528027138517,313.42851929950893,0.0004271480387758,-0.0006567786228187,0.016772573164262,Bear,True,False,False,95.00106449,0.062013316124312504,0.9922130579890001,16.0,7.0,6.0,3.0,0.9991988925
2019-06-03,35505.29,35890.48,35890.48,35425.32,-1.31,50.35681994339781,35238.81689463302,35436.4025208575,-197.5856262244779,-482.67936741597697,285.0937411914991,-0.0130508058559897,-0.0007283236499881,0.0168247693202017,Bear,True,False,False,100.3538635,-0.21320516068663337,-8.757620253292,42.0,13.0,21.0,8.0,0.9771854822478147
2019-06-10,34567.55,35505.29,35505.29,34468.16,-2.64,42.93195770649671,35135.545064689475,35372.04307486805,-236.4980101785768,-433.443095968497,196.9450857899202,-0.026411275615549,-0.0013325422817675,0.0175405926948622,Bear,True,False,False,100.3538635,-0.21129497566062114,-3.8536545673780003,49.0,17.0,20.0,12.0,0.9942163690994398
2019-06-11,34659.85,34567.55,34798.6,34267.59,0.27,43.81015457439377,35062.3612085834,35319.28803228524,-256.9268237018332,-398.1398415151643,141.21301781333108,0.0026701342733284,-0.0012350413222812,0.0175580141219976,Bear,True,False,False,100.3538635,-0.2844914168990714,-3.9828798365869997,14.0,4.0,8.0,2.0,0.9976934592857143
2019-06-12,34937.93,34617.62,35137.56,34608.32,0.8,46.48223552231778,35043.21794572442,35291.039289153,-247.82134342857896,-368.07614189784726,120.25479846926828,0.0080231160838839,2.50554072512843e-06,0.0172785997002808,Bear,True,False,False,100.3538635,-0.013122968316421046,-0.2493363980119999,19.0,6.0,6.0,7.0,0.9697266468421052
2019-06-13,35403.07,34880.34,35501.37,34858.14,1.33,50.704967772980375,35098.579800228355,35299.33786032685,-200.75806009849475,-334.6125255379768,133.85446543948206,0.0133133245157912,0.0008785183824587,0.0174967075236032,Bear,True,False,False,100.3538635,0.08231583903683336,0.9877900684420002,12.0,5.0,4.0,3.0,0.998348855
2019-06-14,35572.95,35443.4,35659.35,35295.64,0.48,52.18874589711845,35171.559830962455,35319.60542622856,-148.04559526610683,-297.29913948360286,149.25354421749603,0.0047984539193917,0.0013636711943089,0.0174624027009744,Bear,True,False,False,100.3538635,0.15047028495692308,1.9561137044399999,13.0,6.0,4.0,3.0,0.9979010176923077
2019-06-17,35168.82,35601.39,35625.47,35110.73,-1.14,48.452419569178616,35171.138318506695,35308.43613539682,-137.29781689012452,-265.2988749649072,128.0010580747827,-0.0113605984322356,0.0019710899710549,0.0167483762960425,Bull,False,True,False,100.3538635,0.12854275919590477,7.379172538040001,39.0,20.0,13.0,6.0,0.9961842881385281
2019-06-18,34681.72,35166.09,35186.09,34608.61,-1.39,44.33264628280524,35095.843192582586,35262.01271796002,-166.16952537743057,-245.4730050474119,79.30347966998136,-0.0138503367471527,0.001301124503328,0.0171143643559257,Bear,True,False,False,100.3538635,0.00020070035200001613,0.0020070035200001612,10.0,4.0,4.0,2.0,0.999118374
2019-06-19,34656.12,34673.53,34813.9,34522.41,-0.07,44.12032035807814,35028.1934706468,35217.131775888905,-188.93830524210352,-234.16606508635024,45.22775984424672,-0.0007381410149207,0.0006643075807179,0.0169313604972694,Bear,True,False,False,100.3538635,0.14247803609592855,1.9946925053429998,14.0,6.0,4.0,4.0,0.9993166535714285
2019-06-20,34995.91,34691.8,35061.54,34645.96,0.98,47.700711396351664,35023.22678285499,35200.74497767491,-177.51819481992425,-222.83649103306507,45.318296213140826,0.009804617481703,0.0016218971266663,0.0168768361272015,Bull,False,True,False,100.3538635,0.09983232725349998,0.9983232725349999,10.0,5.0,4.0,1.0,0.999396445
2019-06-21,35125.25,35106.58,35207.59,35036.62,0.37,49.03921519453777,35038.92266241576,35195.1527571064,-156.23009469063982,-209.51521176458004,53.28511707394023,0.0036958604591221,0.0029907841683066,0.0157918491452255,Bull,False,True,False,100.3538635,2.7425462235285217e-05,0.0004662328579998487,17.0,6.0,6.0,5.0,0.9995926188235295
2019-06-24,34471.95,35147.18,35194.64,34368.46,-1.86,43.046469488218776,34951.69609896718,35141.582182505925,-189.88608353874588,-205.58938611941323,15.703302580667357,-0.0185991558778941,0.0019343136335899,0.0165145204261133,Bull,False,True,False,100.3538635,-0.14012393796603614,-6.988393343252,35.0,10.0,16.0,9.0,0.9779927924496338
2019-06-25,34190.62,34416.62,34450.86,33984.6,-0.82,40.737768718459634,34834.607468356844,35071.14053935734,-236.5330710004928,-211.7781230956292,-24.754947904863627,-0.0081611281056045,0.0012382017561279,0.0166376878074806,Bear,True,False,False,100.3538635,0.28018375520157146,1.9612862864110001,7.0,4.0,2.0,1.0,0.9967268414285714
2019-06-26,34088.56,34261.32,34290.58,33731.94,-0.3,39.901692956554456,34719.830934763486,34998.356795701235,-278.5258609377488,-225.12767066405308,-53.39819027369572,-0.0029850292273145,-0.000697779605573,0.0145318421786711,Bear,True,False,False,100.3538635,9.533900499998357e-05,0.0010487290549998193,11.0,4.0,4.0,3.0,0.9994753372727273
2019-06-27,33774.42,34101.39,34261.92,33521.38,-0.92,37.36008473643481,34574.38309864602,34907.69481083448,-333.311712188457,-246.76447896893387,-86.54723321952315,-0.0092154083364037,-0.0025215378441359,0.0130519581118175,Bear,True,False,False,100.3538635,0.1661199661195,1.9934395934340001,12.0,5.0,3.0,4.0,0.9990199958333333
2019-06-28,33901.58,33776.38,33936.23,33409.5,0.38,39.05241738120697,34470.87492962356,34833.1677878097,-362.29285818614153,-269.8701548123754,-92.42270337376613,0.003764979531847,-0.0025053875012656,0.0130599230811832,Bear,True,False,False,100.3538635,-0.24971462712937498,-3.9954340340699996,16.0,4.0,8.0,4.0,0.99947636625
2019-07-01,33996.33,33963.89,34068.58,33825.85,0.28,40.34568911732613,34397.86801737378,34771.179803527506,-373.3117861537248,-290.5584810806453,-82.7533050730795,0.0027948549890595,-0.0023566261064636,0.0131046687248696,Bear,True,False,False,115.6113242,0.1761586910916035,5.531698688143001,33.0,14.0,9.0,10.0,0.9860792626961926
2019-07-02,34307.11,34013.28,34340.23,33918.97,0.91,44.5052165220511,34383.90524547012,34736.80426252547,-352.8990170553443,-303.02658827558514,-49.87242877975916,0.0091415749876531,-0.0008517250665313,0.0125737305479213,Bear,True,False,False,115.6113242,-0.5092125528676154,-6.619763187279,13.0,1.0,8.0,4.0,0.9710096638461538
2019-07-03,34896.55,34320.93,34938.44,34320.93,1.72,51.423517412825625,34462.77366924395,34748.63728011617,-285.8636108722203,-299.5939927949122,13.73038192269189,0.0171812781665374,-0.0014378268382985,0.0113249418998174,Bear,True,False,False,115.6113242,-0.011016166547272726,-0.12117783201999999,11.0,5.0,6.0,0.0,0.9590939681818181
2019-07-04,34570.62,35132.54,35279.32,34466.62,-0.93,47.869834858607696,34479.36541243719,34735.450814922384,-256.0854024851942,-290.89227473296864,34.80687224777444,-0.0093398917658049,-0.0019261788285276,0.0114501818352598,Bear,True,False,False,115.6113242,-0.3073727599239091,-3.3811003591630002,11.0,2.0,5.0,4.0,0.9639012672727273
2019-07-05,34190.02,34525.67,34536.7,34062.98,-1.1,44.042325803834736,34434.8507336007,34695.04853233554,-260.1977987348364,-284.75337953334224,24.555580798505844,-0.0110093484004627,-0.0018241059557512,0.0113544910722702,Bear,True,False,False,115.6113242,-0.08639179878510525,-1.6414441769169998,19.0,6.0,7.0,6.0,0.9826201068421053
2019-07-08,33742.68,34184.57,34229.63,33686.2,-1.31,39.9946152125136,34328.362928431365,34624.5027151255,-296.13978669413336,-287.0306609655005,-9.109125728632876,-0.0130839350196342,-0.0011577389259555,0.0101642790952464,Bear,True,False,False,115.6113242,-0.16053009124950593,-3.995142479527,23.0,6.0,10.0,7.0,0.9993831701785715
2019-07-09,33855.58,33750.85,34051.01,33656.21,0.33,41.45697836030895,34255.62709328808,34567.54547696805,-311.9183836799712,-292.0082055083946,-19.910178171576547,0.0033459108760773,-0.001123950095818,0.0101787865981527,Bear,True,False,False,115.6113242,0.0003849604266999873,0.003849604266999873,10.0,4.0,4.0,2.0,0.99931678
2019-07-10,33840.05,33887.27,33955.0,33796.91,-0.05,41.30785015231386,34191.69215585914,34513.656923118564,-321.96476725942193,-297.9995178586001,-23.965249400821847,-0.0004587131574764,-0.001548041557886,0.0099517860992208,Bear,True,False,False,115.6113242,0.27263203190945456,2.998952351004,11.0,6.0,3.0,2.0,0.9994782181818181
2019-07-11,33875.4,33879.14,33957.79,33724.98,0.1,41.82086748866783,34143.0318241885,34466.37863251719,-323.34680832868617,-303.06897595261734,-20.27783237606883,0.0010446202059393,-0.0021614767733786,0.0093472723938784,Bear,True,False,False,115.6113242,-0.6243347381085,-4.994677904868,8.0,1.0,6.0,1.0,0.99937529875
2019-07-12,33672.49,33865.68,34001.76,33599.48,-0.6,39.67703920417771,34070.640774313346,34407.57206714554,-336.93129283219605,-309.84143932853306,-27.089853503663,-0.0059898923702746,-0.002700894087862,0.0092351024638916,Bear,True,False,False,115.6113242,-0.44375103166655555,-3.993759284999,9.0,2.0,6.0,1.0,0.9992264888888889
2019-07-15,32958.35,33644.53,33646.59,32895.82,-2.12,33.22214385646352,33899.519116726675,34300.22228439402,-400.7031676673432,-328.0137849962951,-72.68938267104812,-0.0212084107828081,-0.0031932847053906,0.0099555431724984,Bear,True,False,False,115.6113242,-0.34644489351645635,-9.99502756972,28.0,4.0,14.0,10.0,0.9991445407407408
2019-07-16,32972.02,32914.92,33093.79,32604.64,0.04,33.44534592653433,33756.82694492257,34201.83692999446,-445.0099850718907,-351.4130250114143,-93.59696006047642,0.0004147659090942,-0.0024800295725782,0.0096584148493924,Bear,True,False,False,115.6113242,-0.4989632705422,-4.989632705422,10.0,1.0,6.0,3.0,0.998970317
2019-07-17,32981.99,33028.93,33381.32,32835.05,0.03,33.61961360634952,33637.62126108832,34111.47789814302,-473.8566370546978,-375.9017474200711,-97.95488963462674,0.000302377591667,-0.0024280036422488,0.0096710856370613,Bear,True,False,False,115.6113242,-0.37748956245329995,-3.7748956245329994,10.0,2.0,6.0,2.0,0.982219912
2019-07-18,32309.54,32949.25,33014.74,32223.54,-2.04,28.247263337051223,33433.30106707474,33978.00101679909,-544.6999497243523,-409.66138788092735,-135.038561843425,-0.0203883998509488,-0.0039376545088814,0.0100116404571377,Bear,True,False,False,115.6113242,-0.4240978918486428,-5.937370485881,14.0,3.0,9.0,2.0,0.9973975007142857
2019-07-19,32458.77,32251.51,32549.31,31901.28,0.46,30.886716461672407,33283.3732106017,33865.46538592508,-582.0921753233852,-444.1475453694189,-137.94462995396623,0.0046187596604594,-0.0038915095488146,0.0100507266920848,Bear,True,False,False,115.6113242,0.3418165044718889,3.076348540247,9.0,5.0,2.0,2.0,0.9949890744444444
2019-07-22,32584.55,32625.27,32723.68,32391.55,0.39,33.11984085913335,33175.861947432204,33770.58276474545,-594.7208173132458,-474.2621997581844,-120.45861755506144,0.003875069819343,-0.0027677982639527,0.0095643950127731,Bear,True,False,False,115.6113242,-0.051494812183138894,-3.0258959270859997,33.0,9.0,13.0,11.0,0.9893250195601851
2019-07-23,32715.88,32602.0,32758.44,32455.1,0.4,35.46453850339482,33105.0954939811,33692.45663402356,-587.3611400424634,-496.8819878150402,-90.4791522274232,0.0040304377381306,-0.002158219971766,0.0095910366031049,Bear,True,False,False,115.6113242,-0.199872744296,-0.99936372148,5.0,2.0,3.0,0.0,0.9993485
2019-07-24,32401.4,32726.15,32765.08,32348.91,-0.96,32.524121695522,32996.83464875324,33596.822809281075,-599.9881605278351,-517.5032223575992,-82.48493817023598,-0.0096124573143072,-0.0024895913761156,0.009734522343812,Bear,True,False,False,115.6113242,-0.05814615116499999,-0.34887690698999996,6.0,3.0,3.0,0.0,0.97035894
2019-07-25,32446.4,32484.35,32502.22,32150.26,0.14,33.3753647753973,32912.1523950989,33511.60630488989,-599.4539097909874,-533.8933598442768,-65.56054994671058,0.0013888288777645,-0.0019593795154072,0.0096372102796756,Bear,True,False,False,115.6113242,0.00023161852727272456,0.0025478037999999703,11.0,5.0,5.0,1.0,0.9993044581818182
2019-07-26,32103.27,32438.51,32439.16,32031.98,-1.06,30.24242190342389,32787.70894969907,33407.285097120264,-619.5761474211977,-551.029917359661,-68.54623006153668,-0.0105752872429607,-0.0026763928541476,0.0097219881939648,Bear,True,False,False,115.6113242,-0.332978505421,-2.996806548789,9.0,2.0,5.0,2.0,0.9992757433333332
2019-07-29,31734.23,32103.27,32122.09,31717.76,-1.15,27.27677826996469,32625.635265129986,33283.35508992617,-657.719824796186,-572.367898846966,-85.35192594922,-0.0114954021817715,-0.0033909057126891,0.0098233176796917,Bear,True,False,False,115.6113242,-0.039661059436074744,-0.9570667445090002,24.0,7.0,8.0,9.0,0.9765145207208995
2019-07-30,31658.12,31734.23,31774.21,31485.76,-0.24,26.695356768828034,32476.78676280229,33162.96730548719,-686.1805426848987,-595.1304276145526,-91.05011507034612,-0.0023983566010582,-0.0039679022921247,0.0093772328279095,Bear,True,False,False,115.6113242,-0.6114604191232726,-6.726064610356,11.0,0.0,7.0,4.0,0.9873118536363635
2019-07-31,31938.48,31658.12,31968.78,31545.26,0.89,32.41061092808292,32393.97033775578,33072.264542117766,-678.2942043619842,-611.763182964039,-66.53102139794521,0.0088558638352498,-0.0043841730086891,0.0085360317789536,Bear,True,False,False,115.6113242,-0.26656809027313333,-3.998521354097,15.0,5.0,9.0,1.0,0.9993448366666667
2019-08-01,31839.11,31938.48,32060.58,31780.92,-0.31,31.473956635109047,32308.60720887028,32980.91976122015,-672.3125523498747,-623.8730568412061,-48.43949550866864,-0.0031112939626432,-0.004072743118531,0.0084589853604299,Bear,True,False,False,74.18084496,-0.6388920986215454,-7.027813084837,11.0,1.0,8.0,2.0,0.9944267454545455
2019-08-02,31666.41,31839.11,31842.3,31434.14,-0.54,29.85890038924147,32209.80763827485,32883.54866779644,-673.741029521585,-633.8466513772819,-39.89437814430312,-0.0054241465920372,-0.0037934830281097,0.0083087915005107,Bear,True,False,False,74.18084496,-0.1874388746884375,-2.999021995015,16.0,3.0,6.0,7.0,0.9994940125
2019-08-05,31180.8,31666.41,31666.41,30978.96,-1.53,25.843189894968376,32051.49877084795,32757.41913684855,-705.9203660006024,-648.261394301946,-57.65897169865639,-0.0153351769272235,-0.0039060451234892,0.0084552353857113,Bear,True,False,False,74.18084496,-0.44662301199137966,-11.244522726422,27.0,5.0,17.0,5.0,0.9803513776851851
2019-08-06,31000.67,31180.8,31330.04,30946.73,-0.58,24.525568092572087,31889.83280610211,32627.289571156067,-737.4567650539575,-666.1004684523483,-71.35629660160919,-0.0057769524835796,-0.004362188291472,0.0082878389026978,Bear,True,False,False,74.18084496,-0.16658227538200002,-1.6658227538200001,10.0,4.0,6.0,0.0,0.966322885
2019-08-07,30277.45,31000.67,31000.67,30229.38,-2.33,20.09548219362773,31641.773912855635,32453.22738070006,-811.4534678444252,-695.1710683307638,-116.2823995136614,-0.0233291732081918,-0.0055057112940078,0.0092435858314012,Bear,True,False,False,74.18084496,0.14283906445142852,0.9998734511599997,7.0,4.0,3.0,0.0,0.9994461357142858
2019-08-08,29737.98,30277.45,30277.45,29400.28,-1.78,17.54906986355968,31348.882541647075,32252.09794509265,-903.2154034455708,-736.7799353537253,-166.43546809184545,-0.0178175506854111,-0.0064488198385753,0.0094988064993532,Bear,True,False,False,74.18084496,0.3331463755175556,2.9983173796580003,9.0,5.0,2.0,2.0,0.9995196477777779
2019-08-09,29429.07,29737.98,30034.68,29332.8,-1.04,16.277154712515355,31053.52676600906,32042.98476397468,-989.457997965612,-787.3155478761025,-202.1424500895093,-0.0103877264023984,-0.0066687115401815,0.0095384443634544,Bear,True,False,False,74.18084496,-0.7135934719385714,-4.99515430357,7.0,1.0,6.0,0.0,0.9992836942857143
2019-08-16,28764.63,29429.07,29429.07,28691.79,-2.26,13.937289483080605,30701.388802007667,31800.14367034692,-1098.7548683392524,-849.6034119687326,-249.15145637051972,-0.0225776757471438,-0.0067371747883983,0.0096525290941773,Bear,True,False,False,74.18084496,-0.29288059011338097,-8.179678305867,39.0,12.0,20.0,7.0,0.9885556444345238
2019-08-19,29562.42,28764.63,29609.16,28670.98,2.77,27.427060260669847,30526.162832468028,31634.38636143233,-1108.2235289643031,-901.3274353678468,-206.89609359645624,0.0277351038410713,-0.0053711578917994,0.0122906098844355,Bear,True,False,False,74.18084496,-0.22827475713071166,-5.035649886916,29.0,9.0,14.0,6.0,0.9979643411111111
2019-08-20,30419.22,29562.42,30503.11,29562.42,2.9,38.564481177812,30509.71008901141,31544.37403836327,-1034.6639493518596,-927.9947381646494,-106.66921118721018,0.0289827422788797,-0.0039371396574388,0.0144677427429029,Bear,True,False,False,74.18084496,-0.3073498581789231,-3.995548156326,13.0,3.0,7.0,3.0,0.9994341123076923
2019-08-21,30972.75,30419.22,31101.31,30419.22,1.82,44.49124712467881,30580.94699839427,31502.031517003023,-921.0845186087572,-926.6126942534712,5.528175644713883,0.0181967190480227,-0.0020078837124902,0.0147288102757432,Bear,True,False,False,74.18084496,-0.33259258570333333,-3.9911110284399998,12.0,4.0,8.0,0.0,0.9992453
2019-08-22,31884.45,30972.75,31913.32,30972.75,2.94,52.60188149500026,30781.485921718227,31530.35881203984,-748.8728903216106,-891.064733467099,142.1918431454884,0.0294355522192895,-0.0007670440845487,0.0162801183103748,Bear,True,False,False,74.18084496,-0.36326022021136367,-3.995862422325,11.0,2.0,6.0,3.0,0.9994652209090908
2019-08-23,31350.01,31884.45,32100.56,31225.06,-1.68,48.15958282877203,30868.95116453081,31516.999640777627,-648.0484762468186,-842.461482023043,194.4130057762244,-0.0167617757245304,-0.0017988863617424,0.0166208351187273,Bear,True,False,False,74.18084496,0.051371215463545464,0.5650833700990001,11.0,4.0,4.0,3.0,0.9684538081818183
2019-08-26,30520.6,31350.02,31350.02,30410.54,-2.65,42.202908542480216,30815.35867767992,31443.192259979285,-627.8335822993686,-799.5359020783083,171.70231977893968,-0.0264564508910842,-0.0033232307932031,0.0174360983548759,Bear,True,False,False,74.18084496,-0.177819610419811,-5.256287751602001,28.0,7.0,11.0,10.0,0.9729350091582493
2019-08-27,30584.85,30520.6,30641.84,29952.73,0.21,42.7931876797153,30779.89580419069,31379.61135183267,-599.7155476419757,-759.5718311910418,159.85628354906612,0.0021051355477939,-0.0027373511500981,0.0174104939359049,Bear,True,False,False,74.18084496,0.27974865698027274,3.077235226783,11.0,6.0,3.0,2.0,0.9958843181818182
2019-08-28,30637.71,30584.85,31112.82,30551.91,0.17,43.30619757955943,30758.02106508443,31324.655696141363,-566.6346310569315,-720.9843911642198,154.34976010728826,0.0017283066616315,-0.0027203772609047,0.0174148932912431,Bear,True,False,False,74.18084496,-0.4990562192043333,-5.9886746304519995,12.0,2.0,8.0,2.0,0.9990159675
2019-08-29,30158.96,30637.71,30808.44,30111.56,-1.56,39.82299872573652,30665.85782430221,31238.30786679756,-572.4500424953476,-691.2775214304454,118.82747893509782,-0.0156261678826518,-0.0029729212928893,0.0175707231219654,Bear,True,False,False,74.18084496,0.467204926724,7.942483754308,17.0,10.0,2.0,5.0,0.9962931476470589
2019-08-30,29672.12,30158.96,30309.64,29559.82,-1.61,36.59924066537805,30512.975082101868,31122.29395073848,-609.318868636612,-674.8857908716788,65.56692223506673,-0.0161424664510977,-0.0032052745063556,0.0177194516791772,Bear,True,False,False,74.18084496,-0.11812354368666671,-1.0631118931800003,9.0,4.0,5.0,0.0,0.9924987
2019-09-02,30057.29,29672.12,30178.57,29672.12,1.3,40.69002959189586,30442.869684855425,31043.40476920229,-600.5350843468696,-660.015649566717,59.48056521984745,0.0129808722801068,-0.0024363130622973,0.0180862183438418,Bear,True,False,False,74.20958326,-0.13367923056758055,-4.009361707369999,30.0,11.0,15.0,4.0,0.9986548710833333
2019-09-03,29809.68,30057.29,30247.32,29739.58,-0.82,38.9501386380491,30345.45588718536,30952.017749261384,-606.5618620760251,-649.3248920685786,42.76302999255347,-0.0082379349568774,-0.0032910030019037,0.0179277060576583,Bear,True,False,False,74.20958326,-0.09989498500299997,-0.9989498500299997,10.0,4.0,5.0,1.0,0.999429518
2019-09-04,30244.73,29809.68,30378.13,29468.29,1.46,43.51981858280487,30329.95959684915,30899.62606413092,-569.6664672817642,-633.3932071112158,63.72673982945162,0.014594252605194,-0.0024057256735118,0.018368774991581,Bear,True,False,False,74.20958326,-0.6145717529101538,-7.9894327878319995,13.0,2.0,10.0,1.0,0.9978271638461538
2019-09-05,30214.77,30244.73,30743.62,30145.35,-0.1,43.27956421041754,30312.238120410817,30848.8959853064,-536.6578648955838,-614.0461386680895,77.38827377250573,-0.0009905857979224,-0.0021840476338061,0.0183571797686264,Bear,True,False,False,74.20958326,-0.443845080103,-3.994605720927,9.0,2.0,6.0,1.0,0.9992528766666666
2019-09-06,30467.2,30214.77,30550.93,30011.5,0.84,45.98526824443465,30336.078409578386,30820.62220861704,-484.5437990386563,-588.1456707422028,103.60187170354652,0.0083545233010213,-0.0009995626223938,0.0182277753830833,Bear,True,False,False,74.20958326,0.2000834865737,2.000834865737,10.0,5.0,3.0,2.0,0.99931479
2019-09-11,30954.83,30467.2,31019.81,30467.2,1.6,50.86162685773158,30431.270961950937,30830.56352649726,-399.292564546322,-550.3750495030267,151.08248495670475,0.0160050808738578,8.953904547798208e-05,0.0185747362531339,Bear,True,False,False,74.20958326,0.06245612115704495,0.0963549734389999,48.0,18.0,18.0,12.0,0.996561938838384
2019-09-12,31546.61,30954.83,31846.68,30950.85,1.91,56.04749633909325,30602.861583189253,30883.60400601598,-280.7424228267264,-496.44852416776666,215.70610134104027,0.0191175335157711,0.0022118743816761,0.0181788455063804,Bull,False,True,False,74.20958326,0.2562702990572857,1.7938920934009999,7.0,4.0,2.0,1.0,0.9847306914285714
2019-09-13,31481.31,31546.61,31630.07,31279.83,-0.21,55.35330065084345,30738.00749346783,30927.87852408887,-189.8710306210378,-435.13302545842095,245.2619948373832,-0.0020699529997042,0.0029992542659614,0.0175973904921252,Bull,False,True,False,74.20958326,0.1882343753257,1.882343753257,10.0,5.0,3.0,2.0,0.993341701
2019-09-16,31928.55,31481.31,31954.56,31481.31,1.42,59.09062413002124,30921.167879088163,31002.00233711932,-80.83445803115683,-364.27331197296814,283.4388539418113,0.0142065244425977,0.0042289668082112,0.017471544813421,Bull,False,True,False,74.20958326,0.22592925238300002,5.142789577666001,27.0,14.0,9.0,4.0,0.9955568652579365
2019-09-17,31908.92,31928.55,32106.19,31769.98,-0.06,58.857740339992,31073.129743843827,31069.18142325863,3.948320585197507,-290.62898546133505,294.57730604653256,-0.0006148102560248,0.0053271100827672,0.0163523544149146,Bull,False,True,False,74.20958326,0.12503173453575,1.000253876286,8.0,4.0,3.0,1.0,0.99946289125
2019-09-18,31555.47,31908.92,31908.92,31508.75,-1.11,54.67910520202383,31147.33593709862,31105.20279931355,42.1331377850729,-224.0765608120535,266.2096985971264,-0.0110768399557238,0.0033865128929274,0.0158483660901774,Bull,False,True,False,74.20958326,-0.37457990158175,-2.996639212654,8.0,2.0,5.0,1.0,0.99935924625
2019-09-19,32184.03,31555.47,32235.29,31475.0,1.99,60.1036958488269,31306.82733139114,31185.115925290324,121.71140610081784,-154.9189674294792,276.63037353029705,0.0199192089358832,0.0029333362257776,0.0151940070330289,Bull,False,True,False,74.20958326,-0.3696270333230769,-4.8051514332,13.0,3.0,8.0,2.0,0.9918925630769231
2019-09-20,32111.1,32184.03,32332.73,32055.3,-0.23,59.21803661288932,31430.5615881002,31253.70733823178,176.85424986841826,-88.56432396989973,265.418573838318,-0.0022660306990764,0.0019101987384226,0.0147958484567643,Bull,False,True,False,74.20958326,0.16667349571166667,1.00004097427,6.0,3.0,2.0,1.0,0.9994433033333333
2019-09-23,31751.21,32111.1,32147.65,31710.0,-1.12,54.91748313652996,31479.89211300786,31290.559387251647,189.3327257562123,-32.98491402467732,222.31763978088964,-0.0112076509369034,-0.0001219614193869,0.0135554706324424,Bear,True,False,False,74.20958326,-0.48224037822483856,-11.968001556268,30.0,5.0,17.0,8.0,0.9966704888624339
2019-09-24,31829.24,31751.21,31892.23,31436.22,0.25,55.66919682541252,31533.637941775884,31330.46165486264,203.1762869132472,14.247326162907576,188.9289607503396,0.0024575441376879,0.0008390045737239,0.0129829163321898,Bear,True,False,False,74.20958326,-0.13233526639312498,-1.0586821311449999,8.0,3.0,4.0,1.0,0.9945343475
2019-09-25,31565.21,31829.24,31867.79,31472.02,-0.83,52.48046267847266,31538.495181502672,31347.850421169107,190.6447603335655,49.526812997039166,141.11794733652633,-0.0082952027758125,0.0017470669794875,0.0115267800805957,Bull,False,True,False,74.20958326,0.24977608099750004,0.9991043239900002,4.0,2.0,1.0,1.0,0.99953929
2019-09-26,31433.89,31565.21,31592.11,31272.06,-0.42,50.9182536657584,31522.402076656108,31354.223723304727,168.1783533513808,73.25712106790749,94.9212322834733,-0.004160276456263,0.0014337963792847,0.0116014342250639,Bull,False,True,False,74.20958326,-0.15362145359961538,-1.9970788967949997,13.0,5.0,7.0,1.0,0.9993898953846153
2019-09-27,32070.81,31433.89,32085.73,31368.81,2.03,57.52270878757322,31606.77252640132,31407.30418824512,199.46833815620263,98.49936448556652,100.96897367063612,0.0202622074455309,0.0023604914184796,0.012342735554826,Bull,False,True,False,74.20958326,-0.41211490317142857,-2.8848043222,7.0,1.0,4.0,2.0,0.9830497057142856
2019-09-30,32078.85,32070.81,32395.09,31929.62,0.03,57.60026845521888,31679.399830031885,31457.048322449184,222.3515075827017,123.2697931049936,99.08171447770816,0.0002506952583984,0.0031543345755321,0.0116140724223792,Bull,False,True,False,74.20958326,-0.21550110708830808,-6.066029465787,30.0,11.0,16.0,3.0,0.9833969613131313
2019-10-01,32254.32,32078.85,32290.39,32002.11,0.55,59.34498454715354,31767.849086950057,31516.105483749245,251.74360320081172,148.96455512415724,102.77904807665452,0.0054699591787112,0.0042349558570226,0.01069305634703,Bull,False,True,False,79.84764256,-0.7763821342322222,-6.9874392080900005,9.0,1.0,8.0,0.0,0.9989918655555555
2019-10-02,32363.35,32254.32,32388.73,32180.71,0.34,60.43443345548609,31859.464612034662,31578.86433680485,280.6002752298082,175.29169914528745,105.30857608452072,0.0033803223878228,0.0037549283624084,0.0104934025467378,Bull,False,True,False,79.84764256,0.004157881023125004,0.03326304818500003,8.0,3.0,3.0,2.0,0.9973304275
2019-10-03,32752.25,32363.35,32833.54,32279.86,1.2,64.12706721442666,31996.816210183173,31665.78179333783,331.0344168453448,206.44024268529893,124.5941741600459,0.0120166793610674,0.0047676590783056,0.0102496052094963,Bull,False,True,False,79.84764256,0.11119256808777776,1.0007331127899999,9.0,4.0,3.0,2.0,0.9992974255555556
2019-10-04,33033.32,32752.26,33053.79,32699.24,0.86,66.55643175904814,32156.27833169345,31767.080919757245,389.19741193620575,242.9916765354803,146.20573540072544,0.008581700493859,0.0044670314727389,0.0100320831768892,Bull,False,True,False,79.84764256,0.0002634472261818468,0.0028979194880003147,11.0,5.0,5.0,1.0,0.9992789936363636
2019-10-07,33636.82,33033.32,33850.96,32947.22,1.83,71.08441898013226,32384.053972971386,31905.58011088633,478.473862085044,290.08811364539304,188.3857484396509,0.0182694321975507,0.0054300323725125,0.0103983410350133,Bull,False,True,False,79.84764256,-0.20852881108005553,-5.451757993465,24.0,9.0,14.0,1.0,0.9866707296944445
2019-10-08,33476.62,33636.82,33872.18,33409.12,-0.48,68.43564518529126,32552.141054052707,32021.953436005868,530.1876180468389,338.1080145256822,192.07960352115668,-0.0047626380852885,0.004774174303197,0.0106155777219812,Bull,False,True,False,79.84764256,0.12487108685499998,0.9989686948399998,8.0,4.0,3.0,1.0,0.999344375
2019-10-09,33523.74,33476.62,33604.16,33339.32,0.14,68.80385791296318,32701.61781496768,32133.19688519062,568.4209297770576,384.1705975759573,184.25033220110032,0.0014075495076861,0.0040442977348885,0.0102998871252696,Bull,False,True,False,79.84764256,-0.33175608668,-2.98580478012,9.0,2.0,5.0,2.0,0.9954610166666666
2019-10-10,34027.7,33523.74,34047.11,33523.74,1.5,72.4989601860944,32905.63045881881,32273.53044925057,632.100009568232,433.7564799744123,198.34352959381977,0.0150329289035173,0.0038400675042758,0.0100220262668751,Bull,False,True,False,79.84764256,0.22203319281511114,1.9982987353360002,9.0,4.0,2.0,3.0,0.9995911422222223
2019-10-11,34475.69,34027.7,34689.3,34027.7,1.32,75.29976934710265,33147.17808053899,32436.65337893572,710.5247016032736,489.11012430018457,221.414577303089,0.0131654505006217,0.0046018376792921,0.0101276270121956,Bull,False,True,False,79.84764256,0.036320542874166674,0.21792325724500006,6.0,2.0,2.0,2.0,0.9622111133333333
2019-10-14,34186.26,34475.69,34697.34,34124.81,-0.84,70.31717290813819,33307.03683737915,32566.253869384927,740.7829679942224,539.4446930389922,201.3382749552302,-0.0083951909301888,0.0034717519106527,0.0102596260756468,Bull,False,True,False,79.84764256,-0.053839959578299235,-1.4024859878419997,23.0,9.0,10.0,4.0,0.9872578240909092
2019-10-15,34083.53,34186.26,34259.23,33929.19,-0.3,68.58251476214869,33426.4973239362,32678.64469387493,747.8526300612684,581.1262804434475,166.72634961782092,-0.0030050084449133,0.0033522420012083,0.0103234566809408,Bull,False,True,False,79.84764256,0.1001182451994,1.001182451994,10.0,4.0,3.0,3.0,0.999403848
2019-10-16,34281.09,34083.53,34434.06,34083.53,0.58,70.10962461846479,33557.97312025371,32797.34434618049,760.628774073215,617.026779169401,143.601994903814,0.0057963479721729,0.0041959013976032,0.0097560815671611,Bull,False,True,False,79.84764256,-0.026317281315999985,-0.26317281315999985,10.0,5.0,5.0,0.0,0.972286811
2019-10-17,33898.56,34281.09,34361.45,33836.97,-1.12,63.65754237437294,33610.37110175314,32878.91587609305,731.4552256600873,639.9124684675382,91.54275719254906,-0.0111586300202239,0.0026420094497978,0.0095935533583907,Bull,False,True,False,79.84764256,0.49953750676124997,3.9963000540899998,8.0,6.0,2.0,0.0,0.999438715
2019-10-18,33870.15,33898.56,34096.39,33667.8,-0.08,63.19240891606815,33650.33708609881,32952.34062601208,697.9964600867243,651.5292667913754,46.46719329534881,-0.0008380886975728,0.002713406549873,0.0095603604007708,Bull,False,True,False,79.84764256,0.06498784124537502,0.5199027299630001,8.0,3.0,3.0,2.0,0.9668438625
2019-10-21,33084.73,33870.15,33885.47,33074.86,-2.32,51.90162546971357,33563.320611314375,32962.14724630748,601.1733650068927,641.4580864344789,-40.28472142758619,-0.023189150328534,0.0021143315802914,0.0107766270569455,Bull,False,True,False,79.84764256,-0.2033603683019861,-2.994383688368,23.0,8.0,11.0,4.0,0.9993793417592592
2019-10-22,33198.96,33084.73,33240.1,32960.65,0.35,53.211005705507255,33507.265132650624,32979.68893176619,527.5762008844322,618.6817093244696,-91.1055084400374,0.0034526502105349,0.0021640868839338,0.0107805915125699,Bull,False,True,False,79.84764256,-0.3323296382605555,-2.9909667443449997,9.0,2.0,5.0,2.0,0.9989413600000001
2019-10-23,33439.69,33198.96,33639.76,33198.96,0.73,55.9335689802305,33496.868958396684,33013.7630849687,483.1058734279868,591.566542145173,-108.4606687171862,0.0072511307583129,0.0029414035606401,0.0105446388591616,Bull,False,True,False,79.84764256,-0.4281140514744286,-2.996798360321,7.0,1.0,4.0,2.0,0.9994370514285714
2019-10-24,33762.48,33439.69,33862.64,33439.69,0.97,59.34925048746072,33537.73219556642,33069.22359719324,468.5085983731842,566.9549533907752,-98.44635501759105,0.0096529004904053,0.0036320624079735,0.0105073130018058,Bull,False,True,False,79.84764256,0.14269969404957145,0.9988978583470001,7.0,3.0,2.0,2.0,0.9995087985714285
2019-10-25,33657.46,33762.48,33943.81,33597.86,-0.31,57.78003031908628,33556.15185778697,33112.79666406781,443.3551937191587,542.235001456452,-98.87980773729328,-0.0031105534901465,0.0024634243611896,0.009838848219209,Bull,False,True,False,79.84764256,0.16664656971100003,0.9998794182660001,6.0,3.0,2.0,1.0,0.9995256916666667
2019-10-28,33861.59,33657.46,34008.35,33572.36,0.61,59.99420100209564,33603.14234120436,33168.26283709983,434.8795041045305,520.7639019860677,-85.88439788153721,0.0060649258737883,0.0027541358919591,0.0098559096098482,Bull,False,True,False,79.84764256,-0.161748927094197,-4.175356483653999,26.0,8.0,13.0,5.0,0.9866155239448052
2019-10-29,33797.51,33861.59,34016.55,33715.97,-0.19,58.949070573945534,33633.04505794215,33214.873738055394,418.1713198867583,500.2453855662058,-82.07406567944759,-0.0018924096594399,0.0023860174500515,0.0098865794100769,Bull,False,True,False,79.84764256,0.11087546959333332,0.9978792263399998,9.0,4.0,3.0,2.0,0.9993141366666668
2019-10-30,33761.41,33797.51,33951.48,33670.7,-0.11,58.3325584447178,33652.79351056644,33255.35790560685,397.4356049595881,479.6834294448824,-82.24782448529425,-0.0010681260246686,0.002163595029427,0.0099130366752551,Bull,False,True,False,79.84764256,0.2221180144578889,1.999062130121,9.0,5.0,3.0,1.0,0.9995127077777778
2019-10-31,34203.68,33761.41,34306.0,33761.41,1.31,63.38487084380248,33737.5452781716,33325.603986673006,411.9412914985951,466.1350018556249,-54.19371035702983,0.0130998675706968,0.0022177544399084,0.0099724825283581,Bull,False,True,False,79.84764256,-0.6658014654366667,-3.99480879262,6.0,1.0,5.0,0.0,0.9992458066666666
2019-11-01,34377.61,34203.68,34489.51,34108.1,0.51,65.17332210654456,33836.01677383751,33403.53035803056,432.4864158069468,459.4052846458893,-26.91886883894256,0.005085125343238,0.0020429256823774,0.0098853119441242,Bull,False,True,False,62.97707137,0.00024059233999997043,0.0019247387199997634,8.0,3.0,3.0,2.0,0.99920119625
2019-11-04,35277.46,34377.61,35309.01,34377.61,2.62,72.62360960536209,34057.7772701702,33542.339961139405,515.4373090307927,470.6116895228701,44.82561950792263,0.0261754671136242,0.0024382274281811,0.0106933900519492,Bull,False,True,False,62.97707137,0.3253401996365,7.808164791276,24.0,12.0,4.0,8.0,0.99561209
2019-11-05,35358.31,35277.46,35608.77,35243.22,0.23,73.17878976794452,34257.85922860555,33676.85626031426,581.0029682912864,492.6899452765533,88.31302301473306,0.0022918316681528,0.0027909509158531,0.0105588673526836,Bull,False,True,False,62.97707137,0.199843396587,1.99843396587,10.0,5.0,3.0,2.0,0.999529113
2019-11-06,35653.33,35358.31,35985.21,35358.31,0.83,75.15845803658215,34472.54703958931,33823.261722513205,649.2853170761082,524.0090196364644,125.27629743964384,0.008343724572809,0.0031377596691093,0.0106247424371564,Bull,False,True,False,62.97707137,-0.166487965555,-0.99892779333,6.0,2.0,3.0,1.0,0.9993571116666667
2019-11-07,35758.52,35653.33,35834.24,35458.1,0.3,75.8430991084243,34670.38903349865,33966.61418751223,703.7748459864233,559.9621849064562,143.81266107996714,0.0029503555488363,0.0025336310013752,0.0102496688663017,Bull,False,True,False,62.97707137,0.4908333372388889,4.41750003515,9.0,7.0,2.0,0.0,0.9672565877777779
2019-11-08,35978.16,35758.52,36048.52,35758.52,0.61,77.2528215002959,34871.58456680655,34115.61758102984,755.9669857767149,599.1631450805079,156.80384069620698,0.0061423123775818,0.0021824740952232,0.0099830891154769,Bull,False,True,False,62.97707137,0.5373914403968462,6.986088725159,13.0,9.0,2.0,2.0,0.9987115138461539
2019-11-11,36803.1,35978.16,36817.73,35978.16,2.29,81.59674877697094,35168.74078729785,34314.6903528054,854.0504344924484,650.140602962896,203.90983152955243,0.0229289102055245,0.0037486791520089,0.0106697973782233,Bull,False,True,False,62.97707137,-0.07640656067094997,0.020240824320000406,21.0,7.0,7.0,7.0,0.9979221890555555
2019-11-12,36765.56,36803.1,37171.04,36672.22,-0.1,80.84019646983327,35414.40528155972,34496.23625259759,918.1690289621256,703.746288162742,214.42274079938363,-0.001020022769821,0.0038479284357635,0.0106127484391239,Bull,False,True,False,62.97707137,0.16627574285666663,0.9976544571399998,6.0,3.0,2.0,1.0,0.999398975
2019-11-13,37166.96,36765.56,37289.41,36481.03,1.09,82.68848191053732,35684.02908439668,34694.06764129407,989.961443102613,760.9893191507161,228.97212395189683,0.0109178263570581,0.0041040023550078,0.0107234465200418,Bull,False,True,False,62.97707137,7.48911722499949e-05,0.0008986940669999388,12.0,5.0,5.0,2.0,0.9994525391666667
2019-11-14,37243.2,37166.96,37507.02,37130.01,0.21,83.02346073656351,35923.90153295104,34882.89226045747,1041.0092724935676,816.9933098192864,224.0159626742812,0.0020512842589224,0.0047644980689651,0.0101239539105949,Bull,False,True,False,62.97707137,0.554806581727,4.993259235543,9.0,6.0,1.0,2.0,0.9993854033333334
2019-11-15,37583.89,37243.2,37634.75,37225.61,0.91,84.46964846051439,36179.28437403549,35082.96616709025,1096.3182069452378,872.8582892444767,223.45991770076105,0.0091477101860206,0.0052637880131448,0.0100792443689011,Bull,False,True,False,62.97707137,-0.30442111138723077,-3.957474448034,13.0,4.0,8.0,1.0,0.99802955
2019-11-18,38411.56,37583.89,38452.73,37583.89,2.2,87.30011384133476,36522.71139341464,35329.52867323171,1193.1827201829292,936.9231754321672,256.25954475076185,0.0220219354622419,0.0075243423026836,0.0082694614654533,Bull,False,True,False,62.97707137,0.12684308588664814,2.1617397518039994,23.0,10.0,7.0,6.0,0.981267626574074
2019-11-19,38564.37,38411.56,38911.46,38393.61,0.4,87.74422983576731,36836.8127175047,35569.14654928862,1267.6661682160775,1003.0717739889494,264.5943942271281,0.0039782294705033,0.007550621265682,0.0082566665049047,Bull,False,True,False,62.97707137,-0.00022019325875000106,-0.0017615460700000085,8.0,4.0,4.0,0.0,0.998806075
2019-11-20,38037.68,38564.37,38661.71,37977.63,-1.37,77.66330380522196,37021.56153019628,35752.000878970946,1269.5606512253362,1056.3695494362269,213.19110178910933,-0.0136574252347438,0.0065051934660292,0.0095231337439709,Bull,False,True,False,62.97707137,0.399551040029,3.9955104002899997,10.0,7.0,3.0,0.0,0.999382704
2019-11-21,37101.31,38037.68,38096.56,37033.45,-2.46,63.66012985813811,37033.8305255507,35851.94970275088,1181.8808227998234,1081.4718041089463,100.40901869087702,-0.0246169061835528,0.0047917031323312,0.0117497312274283,Bull,False,True,False,62.97707137,-0.20123612799721427,-2.8173057919609996,14.0,5.0,8.0,1.0,0.9929406714285715
2019-11-22,37925.79,37101.31,37948.37,36953.96,2.22,68.9660947222622,37171.05506008136,36005.56750254711,1165.487557534252,1098.2749547940075,67.21260274024462,0.022222395920791,0.0060583506028781,0.01220949365191,Bull,False,True,False,62.97707137,2.4251819909100597e-05,0.00026677001900010655,11.0,5.0,5.0,1.0,0.999426230909091
2019-11-25,38212.28,37925.79,38293.08,37839.03,0.76,70.57387992460392,37331.24351237653,36169.02768754362,1162.2158248329142,1111.063128801789,51.15269603112529,0.0075539626201588,0.0061328024401966,0.012214074969897,Bull,False,True,False,62.97707137,-0.3507071097811627,-7.324075425301,21.0,5.0,12.0,4.0,0.9918553068452379
2019-11-26,37795.05,38212.28,38568.05,37535.89,-1.09,65.27042613712307,37402.598356626295,36289.47378476261,1113.1245718636856,1111.4754174141683,1.6491544495172548,-0.010918741305151,0.0056814858579111,0.0126839440606524,Bull,False,True,False,62.97707137,0.5550305489944445,4.99527494095,9.0,7.0,2.0,0.0,0.9994374244444444
2019-11-27,38122.72,37795.05,38122.72,37671.63,0.87,67.34581499274945,37513.38630176072,36425.26980070612,1088.1165010545956,1106.8036341422537,-18.68713308765814,0.0086696538303296,0.006168374850661,0.0125978213888922,Bull,False,True,False,62.97707137,0.28462361499199995,1.9923653049439998,7.0,3.0,1.0,3.0,0.9988301671428571
2019-11-28,38706.27,38122.72,38847.19,38122.72,1.53,70.70351310341789,37696.9068707206,36594.23277843159,1102.6740922890094,1105.977725771605,-3.303633482595614,0.0153071449256505,0.0062787387184087,0.0126711958781608,Bull,False,True,False,62.97707137,0.12486842995625,0.99894743965,8.0,4.0,3.0,1.0,0.99949027875
2019-11-29,39287.65,38706.27,39452.76,38706.27,1.5,73.61446723690105,37941.63658291743,36793.74516521444,1147.8914177029949,1114.3604641578831,33.530953545111515,0.0150203054957247,0.006775497726033,0.012815861433296,Bull,False,True,False,62.97707137,-0.10459151553144445,-0.941323639783,9.0,3.0,4.0,2.0,0.9963126788888889
2019-12-02,40124.22,39287.65,40144.12,39287.65,2.13,77.13506684279963,38277.41864708399,37040.44700482819,1236.9716422557976,1138.882699777466,98.08894247833156,0.0212934599040666,0.0065313973655551,0.0124686986935814,Bull,False,True,False,63.5666325,0.019555099799015836,1.0275504111959999,18.0,7.0,6.0,5.0,0.9962621431746032
2019-12-03,39788.73,40124.22,40444.05,39725.7,-0.84,72.93232417968797,38509.92808599414,37244.02352298906,1265.9045630050823,1164.2870724229897,101.61749058209284,-0.0083612840324371,0.0059987415805256,0.0128801031650986,Bull,False,True,False,63.5666325,0.3995258708801,3.995258708801,10.0,6.0,2.0,2.0,0.9994713770000001
2019-12-04,40270.52,39788.73,40306.55,39659.43,1.21,75.03590700117523,38780.78838045658,37468.20844721209,1312.5799332444876,1193.9456445872893,118.63428865719834,0.012108705153444,0.0061869906095574,0.012943537401909,Bull,False,True,False,63.5666325,0.09113215999036366,1.0024537598940002,11.0,5.0,4.0,2.0,0.9993217009090909
2019-12-05,40641.1,40270.52,40809.31,40270.52,0.92,76.54577380618085,39066.99016807864,37703.23745112231,1363.7527169563327,1227.9070590610982,135.84565789523458,0.0092022650812555,0.0064995860861784,0.0129367485624664,Bull,False,True,False,63.5666325,0.1665790237125,1.99894828455,12.0,6.0,4.0,2.0,0.9993582016666668
2019-12-06,40732.25,40641.1,40987.76,40595.96,0.22,76.91560263832875,39323.18398837424,37927.60875103917,1395.5752373350624,1261.4406947158911,134.13454261917127,0.0022428034674257,0.0063046106406705,0.0129717548406538,Bull,False,True,False,63.5666325,0.33686624678627275,3.705528714649,11.0,6.0,2.0,3.0,0.9845303472727273
2019-12-09,40442.8,40732.25,40916.39,40314.94,-0.71,72.98022495179208,39495.43260554743,38113.91921392516,1381.5133916222694,1285.4552340971668,96.05815752510262,-0.0071061628071121,0.0048028569900387,0.0126811884657562,Bull,False,True,False,63.5666325,-0.0003265254540185299,0.9911269248479995,23.0,10.0,9.0,4.0,0.9988263041666666
2019-12-10,40664.6,40442.81,40704.22,40259.03,0.55,74.07485130356596,39675.30451238628,38302.85853141218,1372.445980974102,1302.8533834725538,69.5925975015482,0.0054842889216373,0.0051280725746116,0.0126071854917139,Bull,False,True,False,63.5666325,-0.13855386128942856,-0.9698770290259999,7.0,1.0,2.0,4.0,0.9945307385714285
2019-12-11,40531.42,40664.6,40911.19,40450.98,-0.33,72.1838731846499,39807.01458740378,38467.93715871498,1339.0774286887972,1310.0981925158026,28.97923617299466,-0.0032750844715059,0.0044184270331834,0.0126634601948369,Bull,False,True,False,63.5666325,0.298501381916,2.98501381916,10.0,6.0,3.0,1.0,0.998182832
2019-12-12,40514.17,40531.42,40769.88,40172.32,-0.04,71.92775113455733,39915.8077278032,38619.509961773125,1296.2977660300749,1307.3381072186571,-11.04034118858226,-0.0004255957476939,0.0042945830328526,0.0126998874903382,Bull,False,True,False,63.5666325,0.7133926609571429,4.9937486267,7.0,6.0,1.0,0.0,0.9992251214285715
2019-12-13,40916.59,40514.17,41077.82,40514.17,0.99,74.2253524152442,40069.77423121809,38789.66403867881,1280.1101925392795,1301.8925242827818,-21.78233174350225,0.009932821035208,0.004333838575312,0.0127168801365326,Bull,False,True,False,63.5666325,0.14271204117857145,0.9989842882500001,7.0,4.0,3.0,0.0,0.9992654742857142
2019-12-16,41644.88,40916.59,41699.04,40916.59,1.78,77.77122033021809,40312.09819564608,39001.16151729519,1310.9366783508813,1303.7013550964018,7.235323254479454,0.0177993816200225,0.004122710883201,0.0124397968076396,Bull,False,True,False,63.5666325,0.1647853847793611,3.02079504773,19.0,10.0,7.0,2.0,0.9989511001666666
2019-12-17,41768.66,41644.88,42056.14,41025.71,0.3,78.31719941796021,40536.18462708514,39206.16140490296,1330.0232221821789,1308.9657285135572,21.05749366862165,0.0029722741427038,0.004072413116811,0.0124424451400523,Bull,False,True,False,63.5666325,0.11488435060499999,0.9190748048399999,8.0,4.0,3.0,1.0,0.98625876625
2019-12-18,41603.71,41768.66,41920.62,41389.6,-0.39,75.65059104926532,40700.41929984127,39383.757597132375,1316.6617027088942,1310.5049233526247,6.156779356269453,-0.0039491331539006,0.0045578277208532,0.0118915269924819,Bull,False,True,False,63.5666325,0.60113206505,3.00566032525,5.0,4.0,1.0,0.0,0.9961917180000001
2019-12-19,40655.37,41603.71,41796.33,40414.36,-2.28,62.47914144856264,40693.48863832722,39477.9511084559,1215.537529871326,1291.511444656365,-75.97391478503891,-0.0227946017314319,0.0046489429434592,0.0116609653137454,Bull,False,True,False,63.5666325,-0.870850670905875,-6.966805367247,8.0,0.0,7.0,1.0,0.99615576
2019-12-20,40832.99,40655.37,41054.42,40493.99,0.44,63.75210656142801,40714.95038627688,39578.324359681385,1136.6260265954988,1260.534361044192,-123.90833444869304,0.0043689185463076,0.0037562690747351,0.0109036424631442,Bull,False,True,False,63.5666325,-0.00022946458337498588,-0.001835716666999887,8.0,3.0,3.0,2.0,0.99940133875
2019-12-23,40008.29,40832.99,40832.99,39931.78,-2.02,54.50567301357371,40606.23340377274,39610.17366637165,996.0597374010904,1207.6394363155716,-211.57969891448124,-0.020196904512748,0.0023687257180897,0.0120955091223176,Bull,False,True,False,63.5666325,-0.16190160254702643,-3.3166850158599996,21.0,7.0,10.0,4.0,0.9808865758730159
2019-12-24,40328.32,40008.29,40488.68,39455.33,0.8,57.10559175294094,40563.47749550001,39663.36969108486,900.1078044151509,1146.1331099354877,-246.0253055203366,0.0079990921881438,0.0033146173927545,0.0117360791065812,Bull,False,True,False,63.5666325,-0.428204779852,-2.997433458964,7.0,0.0,3.0,4.0,0.9996104785714286
2019-12-26,41127.79,40328.32,41148.72,40328.32,1.98,62.82156055077714,40650.29480388462,39771.84526952302,878.4495343616,1092.59639482071,-214.14686045911003,0.0198240343262501,0.0038723364175505,0.0122574122046654,Bull,False,True,False,63.5666325,-0.07136205757084285,-0.9986810996969998,12.0,5.0,6.0,1.0,0.9992823141428572
2019-12-27,40848.53,41127.79,41289.68,40726.65,-0.68,59.82276474736208,40680.79252636391,39851.5996940028,829.1928323611137,1039.9156823287908,-210.72284996767712,-0.0067900560667131,0.0027674763679323,0.0121680262172138,Bull,False,True,False,63.5666325,-0.2233487707258,-2.233487707258,10.0,3.0,5.0,2.0,0.9874349519999999
2019-12-30,40887.62,40848.53,41295.28,40815.8,0.1,60.109807066909845,40712.612137692544,39928.341938891484,784.2701988010595,988.7865856232446,-204.51638682218515,0.0009569499808195,0.002064308592187,0.0118241805417184,Bull,False,True,False,63.5666325,0.11148131602790279,2.010532144532,18.0,8.0,6.0,4.0,0.9989178168055556
2019-12-31,40735.08,40887.62,40997.5,40689.02,-0.37,58.35767585820654,40716.06873189369,39988.10031378841,727.9684181052799,936.6229521196516,-208.65453401437185,-0.0037307135998623,0.0008130999169906,0.0109758711996464,Bull,False,True,False,63.5666325,-0.124939160404,-1.124452443636,9.0,3.0,4.0,2.0,0.9889427444444444
2020-01-01,41400.0,40735.08,41544.05,40735.08,1.63,63.3698923767641,40821.28892698696,40092.68547573001,728.6034512569531,895.0190519471121,-166.41560069015895,0.0163230316474154,0.0020473157009832,0.0112737424614038,Bull,False,True,False,67.12191238,-0.20198405986100001,-2.01984059861,10.0,4.0,6.0,0.0,0.997393784
2020-01-02,42480.76,41400.0,42543.73,41400.0,2.61,69.74438227455545,41076.59216898897,40269.5798849352,807.0122840537733,877.4176983684443,-70.40541431467102,0.0261053140096618,0.0027471461437941,0.0123173146948934,Bull,False,True,False,67.12191238,0.7128938525799999,4.99025696806,7.0,6.0,1.0,0.0,0.9988732100000001
2020-01-03,42323.3,42480.76,42835.08,42077.45,-0.37,67.890667177369,41268.3933737599,40421.70730086593,846.6860728939719,871.2713732735499,-24.58530037957803,-0.0037066191847792,0.0021017019304924,0.0122994632881138,Bull,False,True,False,67.12191238,0.37473337613125,2.99786700905,8.0,5.0,2.0,1.0,0.9995144075
2020-01-06,41296.24,42323.3,42323.3,41207.16,-2.43,57.209635825681154,41272.67747010453,40486.48750080178,786.1899693027444,854.2550924793888,-68.06512317664442,-0.0242670113152803,0.0007762111913571,0.0136389723353819,Bear,True,False,False,67.12191238,0.10005078488328889,1.001352010191,21.0,9.0,8.0,4.0,0.9994521358888889
2020-01-07,41904.47,41296.24,41967.94,41296.24,1.47,61.11157236803763,41369.87632085768,40591.52324148313,778.3530793745449,839.0746898584201,-60.72161048387522,0.0147284595401422,0.0018679423087198,0.0138471080743332,Bull,False,True,False,67.12191238,-0.1665208664553333,-0.9991251987319998,6.0,2.0,3.0,1.0,0.9994926916666667
2020-01-08,41357.56,41904.47,41939.47,41173.95,-1.31,56.153175853288296,41367.981502264185,40648.266705076974,719.7147971872109,815.2027113241784,-95.48791413696743,-0.0130513522781698,0.0009411602487294,0.0142079194499596,Bear,True,False,False,67.12191238,-0.24973645398475003,-1.9978916318780002,8.0,2.0,4.0,2.0,0.9994975925
2020-01-09,42523.07,41357.56,42556.01,41357.56,2.82,63.03619916299748,41545.68742499277,40787.14102321942,758.5464017733539,803.8714494140136,-45.3250476406597,0.0281813046997938,0.0025139797072944,0.0154071208007743,Bull,False,True,False,67.12191238,-0.09885818719450003,-0.9885818719450002,10.0,4.0,5.0,1.0,0.998854176
2020-01-10,43207.05,42523.07,43241.78,42523.07,1.61,66.3723780959219,41801.28166730158,40966.393540017976,834.8881272836006,810.074784987931,24.8133422956696,0.0160849157880651,0.0033395052840824,0.0156812113668716,Bull,False,True,False,67.12191238,-0.397039301657,-1.985196508285,5.0,1.0,3.0,1.0,0.997882594
2020-01-13,43218.67,43207.05,43453.34,43037.72,0.03,66.42781509703991,42019.34141079364,41133.228833349975,886.1125774436659,825.282343479078,60.83023396458793,0.0002689375923603,0.00285631111194,0.0156161091756205,Bull,False,True,False,67.12191238,0.30288348253061903,4.697180911594,16.0,9.0,4.0,3.0,0.9922779565873016
2020-01-14,43207.04,43218.67,43468.22,43095.41,-0.03,66.30998918765363,42202.06427067154,41286.844475324055,915.2197953474896,843.2698338527605,71.94996149472922,-0.0002690966658621,0.0019528871976458,0.0152238451676841,Bull,False,True,False,67.12191238,-0.19990271896,-1.9990271896,10.0,2.0,4.0,4.0,0.9993005800000001
2020-01-15,42993.03,43207.04,43239.88,42877.9,-0.5,64.05831585475885,42323.75130595284,41413.22858826302,910.522717689826,856.7204106201737,53.80230706965244,-0.004953128008769,0.0015566170900721,0.01529887692546,Bull,False,True,False,67.12191238,0.116973878662,1.16973878662,10.0,6.0,4.0,0.0,0.9579250739999999
2020-01-16,43065.1,42993.02,43205.26,42805.73,0.17,64.49555028326185,42437.80495119087,41535.58943357687,902.2155176140004,865.8194320189391,36.39608559506132,0.0016763182311179,0.001837889659323,0.0152439389609824,Bull,False,True,False,67.12191238,-0.14266742446685715,-0.998671971268,7.0,2.0,3.0,2.0,0.9995386685714286
2020-01-17,43167.77,43065.09,43246.61,43017.5,0.24,65.1460419772057,42550.10726639228,41656.49169775636,893.6155686359125,871.3786593423339,22.23690929357861,0.0023840650549979,0.0030968229986445,0.0140993024057876,Bull,False,True,False,67.12191238,0.1001855803436,1.0018558034360001,10.0,5.0,4.0,1.0,0.9993043009999999
2020-01-20,42747.63,43167.76,43302.61,42632.58,-0.97,60.279051131625984,42580.49537925501,41737.31675718182,843.1786220731883,865.7386518885048,-22.56002981531651,-0.0097327242060454,0.0023917408610269,0.0143821023209703,Bull,False,True,False,67.12191238,-0.27859386917516665,-7.107777899675001,26.0,7.0,14.0,5.0,0.9946060280000001
2020-01-21,42626.48,42747.62,42965.41,42338.79,-0.28,58.91229046044507,42587.5699362927,41803.18070109428,784.3892351984177,849.4687685504875,-65.0795333520698,-0.0028340752458088,0.0032598823243739,0.0134400057534429,Bull,False,True,False,67.12191238,-0.499518977666375,-3.996151821331,8.0,1.0,5.0,2.0,0.99949353
2020-01-22,42561.27,42626.47,42675.42,42144.47,-0.15,58.14803843223166,42583.52379224767,41859.33546397619,724.1883282714771,824.4126804946854,-100.22435222320836,-0.0015298002556158,0.0027834377021859,0.0134320557229083,Bull,False,True,False,67.12191238,-0.17707968641145452,-1.9478765505259998,11.0,4.0,6.0,1.0,0.9962001227272727
2020-01-23,42506.95,42561.27,42906.14,42439.68,-0.13,57.479123222254216,42571.74320882495,41907.306911089065,664.4362977358833,792.417403942925,-127.98110620704176,-0.0012762777050591,0.0017284221006204,0.0128387171342569,Bull,False,True,False,67.12191238,-0.16624119962,-0.99744719772,6.0,2.0,3.0,1.0,0.99935734
2020-01-24,42633.03,42506.95,42707.43,42250.56,0.3,58.66761874851225,42581.1719459288,41961.06417693432,620.1077689944796,757.955476953236,-137.84770795875647,0.0029661031901841,0.0022162300634653,0.012682413740534,Bull,False,True,False,67.12191238,-0.09978107813460001,-0.9978107813460001,10.0,4.0,5.0,1.0,0.999413096
2020-01-27,42539.23,42633.02,42738.56,42472.16,-0.22,57.38257852614176,42574.71933886284,42003.89127493919,570.8280639236473,720.5299943473183,-149.701930423671,-0.0022001720262434,0.0020583739631121,0.0127185095070938,Bull,False,True,False,67.12191238,-0.06918915001609524,-1.3810615280660001,22.0,7.0,8.0,7.0,0.981820488994709
2020-01-28,42299.19,42539.23,42539.23,42153.29,-0.56,54.11588431274865,42532.33020980701,42025.76525457332,506.56495523369085,677.7369865245928,-171.17203129090194,-0.0056427913716351,0.0019627700745235,0.0127713923903752,Bull,False,True,False,67.12191238,-0.39921228998110003,-3.992122899811,10.0,1.0,5.0,4.0,0.997974918
2020-01-29,41898.7,42299.19,42429.49,41790.81,-0.95,49.09417959281895,42434.84863906747,42016.35301349381,418.4956255736615,625.8887143344066,-207.39308876074503,-0.0094680300024658,0.0006732169920294,0.0125451771884375,Bear,True,False,False,67.12191238,-0.00439114882724998,-0.03512919061799984,8.0,3.0,3.0,2.0,0.995209545
2020-01-30,41903.51,41898.7,41982.7,41548.04,0.01,49.155205043600695,42353.10423305709,42007.99427175353,345.10996130356216,569.7329637282377,-224.62300242467552,0.0001148006978737,-0.0006263086735599,0.0110262673791875,Bear,True,False,False,67.12191238,-0.49982262558760004,-4.998226255876,10.0,2.0,7.0,1.0,0.998215442
2020-01-31,41630.94,41903.5,42137.4,41558.74,-0.65,45.804261566250666,42242.002043356006,41980.06432569771,261.93771765829297,508.1739145142488,-246.23619685595577,-0.0065047056917189,-0.0007662129989069,0.0110850032601708,Bear,True,False,False,67.12191238,-0.2571162700651818,-2.8282789707169997,11.0,2.0,5.0,4.0,0.9856993672727273
2020-02-03,40409.38,41630.93,41630.93,40233.64,-2.93,34.46475379061992,41960.06019053201,41863.71733860899,96.34285192301468,425.8077019960019,-329.46485007298725,-0.0293425995185312,-0.0010199924090694,0.0116927843550798,Bear,True,False,False,62.61810396,-0.33833037231016433,-10.737029565324999,31.0,5.0,16.0,10.0,0.9934744937268518
2020-02-04,40884.25,40409.38,40953.29,40349.0,1.18,40.61907153386506,41794.55093045016,41791.16420241573,3.386728034427506,341.3235072036871,-337.9367791692596,0.0117514794832289,-0.0011688414119151,0.0114990996180702,Bear,True,False,False,62.61810396,0.1662827382321667,0.9976964293930001,6.0,3.0,2.0,1.0,0.9993589816666666
2020-02-06,40724.41,40884.25,41162.91,40684.18,-0.39,39.2818828400487,41629.913864227055,41712.14537260716,-82.23150838010042,256.6125040869296,-338.84401246703004,-0.0039095739802,-0.0007117524970166,0.01117915233935,Bear,True,False,False,62.61810396,-0.29922723537016666,-3.989188189018,16.0,5.0,9.0,2.0,0.9992562798333333
2020-02-07,40143.63,40724.4,40869.49,40046.48,-1.43,34.799155962316505,41401.25480819212,41595.959048710334,-194.70424051821465,166.34915516590078,-361.05339568411546,-0.0142612256383826,-0.0028338790139254,0.0092713666245699,Bear,True,False,False,62.61810396,-0.21559891062144443,-1.9403901955929999,9.0,3.0,5.0,1.0,0.9958722222222222
2020-02-10,39296.7,40143.63,40150.34,39196.19,-2.11,29.510481592539136,41077.47714539333,41425.64356362068,-348.1664182273525,63.44604048725013,-411.61245871460267,-0.021097494172799,-0.0046929995119686,0.0090021015208535,Bear,True,False,False,62.61810396,-0.4128645006029405,-11.996304657379,30.0,6.0,18.0,6.0,0.9992326399963926
2020-02-11,39714.46,39296.7,39985.96,39084.86,1.06,34.77609460100501,40867.78219994821,41298.88922557471,-431.1070256265011,-35.46457273550013,-395.64245289100097,0.0106309181178063,-0.0041749004856963,0.0095821981428272,Bear,True,False,False,62.61810396,0.15127606168815386,1.966588801946,13.0,6.0,4.0,3.0,0.9965464092307693
2020-02-12,40531.13,39714.46,40637.79,39714.46,2.06,43.63955377267296,40815.98955380233,41242.01817182843,-426.0286180261028,-113.57738179362066,-312.45123623248213,0.0205635428506392,-0.0031332685098713,0.0110491419897523,Bear,True,False,False,62.61810396,0.6615415716733334,5.95387414506,9.0,7.0,1.0,1.0,0.9972253733333333
2020-02-13,40455.44,40531.13,40787.09,40323.42,-0.19,43.05556787846236,40760.52039167889,41183.75312206336,-423.2327303844722,-175.50845151179098,-247.72427887268125,-0.0018674534857526,-0.0029789847837204,0.0110439351424946,Bear,True,False,False,62.61810396,0.7497746778625,5.9981974229,8.0,7.0,1.0,0.0,0.999294665
2020-02-14,40243.26,40455.44,40603.16,40094.29,-0.52,41.3836998425799,40680.94186988213,41114.08696487348,-433.1450949913488,-227.0357802077025,-206.1093147836462,-0.0052447829018792,-0.0033250398403703,0.0109987283430226,Bear,True,False,False,62.61810396,0.0999375806177,0.9993758061770001,10.0,5.0,4.0,1.0,0.999389996
2020-02-17,40276.93,40243.26,40521.69,40047.93,0.08,41.77010422241767,40618.78619759257,41052.07533784582,-433.28914025324775,-268.2864522168116,-165.00268803643615,0.0008366618410138,-0.0034024100010695,0.0109618348383733,Bear,True,False,False,62.61810396,0.025726302458333336,0.6174312590000001,24.0,11.0,11.0,2.0,0.9862251249999999
2020-02-18,40175.35,40276.93,40600.8,40065.86,-0.25,40.894242431710246,40550.56524411679,40987.13272022761,-436.56747611081664,-301.94265699561265,-134.624819115204,-0.0025220392914753,-0.003041875755341,0.0108607868118035,Bear,True,False,False,62.61810396,-0.35210948367054545,-3.8732043203760003,11.0,3.0,7.0,1.0,0.9917395227272727
2020-02-19,40574.52,40175.35,40644.06,40175.35,0.99,45.71162597990513,40554.25059117575,40956.56881502556,-402.31822384981206,-322.01777036645257,-80.30045348335949,0.0099356943996753,-0.0024033872730668,0.0112423024156511,Bear,True,False,False,62.61810396,-0.498888181149,-3.991105449192,8.0,1.0,5.0,2.0,0.9991817887500001
2020-02-20,40481.65,40574.52,40697.05,40445.78,-0.23,44.796816154642514,40543.0812694564,40921.389643542185,-378.3083740857837,-333.27589111031887,-45.03248297546486,-0.0022888748899554,-0.0024413410047838,0.0112404791469046,Bear,True,False,False,62.61810396,0.08425864803891665,1.011103776467,12.0,5.0,4.0,3.0,0.99878738
2020-02-21,40249.22,40481.65,40527.08,40171.1,-0.57,42.50416960160485,40497.87184338619,40871.5992995761,-373.7274561899103,-341.3662041262372,-32.36125206367308,-0.005741613792916,-0.0026646078091766,0.0112604490053806,Bear,True,False,False,62.61810396,-0.5545530363144445,-4.99097732683,9.0,2.0,7.0,0.0,0.9989076844444446
2020-02-24,39143.73,40249.22,40249.22,39079.78,-2.75,33.67620758837042,40289.54232901908,40743.60898108898,-454.0666520699015,-363.9062937149701,-90.16035835493142,-0.0274661223248549,-0.0041862190849286,0.0124525641465945,Bear,True,False,False,62.61810396,0.30011798501703707,2.017791300123,21.0,10.0,8.0,3.0,0.9709606966296297
2020-02-25,38858.45,39143.73,39247.75,38693.02,-0.73,31.838474793241687,40069.37427840076,40603.9675750824,-534.5932966816399,-398.04369430830405,-136.54960237333586,-0.0072880126651192,-0.0044406111168724,0.0124618220283358,Bear,True,False,False,62.61810396,-0.08321608032116666,-0.998592963854,12.0,4.0,5.0,3.0,0.9994147633333333
2020-02-26,38338.33,38858.45,38976.83,38074.16,-1.34,28.75724956286092,39803.05977403141,40436.142569520736,-633.0827954893248,-445.0515145445082,-188.03128094481656,-0.013384990909313,-0.0048277210937563,0.0126203736012654,Bear,True,False,False,62.61810396,-0.300102615242,-3.00102615242,10.0,3.0,6.0,1.0,0.9990776049999999
2020-02-27,38087.32,38338.33,38338.33,36918.22,-0.65,27.380108257129063,39539.09980879581,40262.1557125192,-723.0559037233834,-500.6523923802833,-222.4035113431001,-0.0065472335388631,-0.0046816812705761,0.0125806879373368,Bear,True,False,False,62.61810396,0.24983983968749998,1.9987187174999999,8.0,5.0,3.0,0.0,0.9992447074999999
2020-02-28,37983.62,38087.32,38307.07,37758.57,-0.27,26.80891533472765,39299.795222827226,40093.37528936963,-793.5800665424031,-559.2379272127073,-234.34213932969573,-0.0027226909113058,-0.0048235558510351,0.0125396829192238,Bear,True,False,False,62.61810396,-0.24973796756016667,-2.996855610722,12.0,4.0,7.0,1.0,0.9993850591666668
2020-03-02,39296.3,37983.62,39362.29,37983.62,3.46,43.0148518596128,39299.25749623842,40034.33267534225,-735.0751791038347,-594.4053775909327,-140.66980151290193,0.0345591073204714,-0.0027703652004256,0.0153064921955519,Bear,True,False,False,108.0742918,-0.2930301672630881,-7.065853569377,32.0,9.0,16.0,7.0,0.9931922176785714
2020-03-03,39199.68,39296.3,39866.46,39057.53,-0.25,42.27290820497,39283.93788143251,39972.50655124283,-688.5686698103164,-613.2380360348095,-75.33063377550684,-0.0024587556589298,-0.0014261730074455,0.0139724574452629,Bear,True,False,False,108.0742918,-0.3327440167444445,-2.9946961507000003,9.0,3.0,6.0,0.0,0.9993385288888889
2020-03-04,38906.4,39199.68,39262.55,38762.44,-0.75,40.016627763734064,39225.85513044289,39893.53569559521,-667.6805651523173,-624.1265418583112,-43.55402329400613,-0.007481693728112,-0.0023878316680126,0.0136764969979784,Bear,True,False,False,108.0742918,-0.08656482712270001,-0.8656482712270002,10.0,4.0,5.0,1.0,0.9926638560000001
2020-03-05,39382.11,38906.4,39742.5,38906.4,1.22,45.13218700656636,39249.89434114398,39855.65231073631,-605.7579695923268,-620.4528274051142,14.694857812787404,0.012227037196965,-0.0015810011091543,0.0140528027057355,Bear,True,False,False,108.0742918,-0.36110896825,-3.9721986507500002,11.0,3.0,7.0,1.0,0.99717621
2020-03-06,38219.67,39382.11,39382.11,38122.96,-2.95,36.85984169938644,39091.39828866029,39734.46843586696,-643.0701472066648,-624.9762913654243,-18.093855841240497,-0.0295169557954106,-0.0023437876170057,0.015148626164615,Bear,True,False,False,108.0742918,-0.5673598968554999,-6.8083187622659995,12.0,1.0,8.0,3.0,0.9906622925
2020-03-09,37058.95,38219.67,38219.67,35917.34,-3.04,30.790978227123105,38778.71393655871,39536.281885062,-757.5679485032888,-651.4946227929972,-106.07332571029156,-0.0303697023025055,-0.002807398023491,0.0158771406530667,Bear,True,False,False,108.0742918,-0.29842861413179544,-9.199034251878999,28.0,7.0,16.0,5.0,0.9847163044595959
2020-03-10,37695.75,37058.95,37734.75,36913.69,1.72,36.92662362291368,38612.10410016506,39399.94618987222,-787.8420897071628,-678.7641161758304,-109.07797353133242,0.0171834334216161,-0.0024797722583006,0.0162326612588404,Bear,True,False,False,108.0742918,-0.5014462474825,-8.02313995972,16.0,4.0,12.0,0.0,0.9978060375
2020-03-11,37673.25,37695.75,38333.09,37523.29,-0.06,36.80247590949053,38467.66500783197,39272.042768400206,-804.3777605682335,-703.886845054311,-100.49091551392246,-0.0005968842641411,-0.0035377936140396,0.0153153676718337,Bear,True,False,False,108.0742918,0.30537656922176926,3.969895399883,13.0,8.0,4.0,1.0,0.9972048761538462
2020-03-12,35956.69,37673.25,37673.25,35895.77,-4.56,28.83701972361881,38081.36116047321,39026.461081852045,-945.0999213788382,-752.1294603192165,-192.9704610596217,-0.0455644256866608,-0.005722642224085,0.0179540726208092,Bear,True,False,False,108.0742918,-0.17709414047923075,-2.3022238262299997,13.0,4.0,7.0,2.0,0.9621254230769231
2020-03-13,36060.88,35956.69,36212.38,34266.91,0.29,29.829766016363195,37770.51790501579,38806.788409122266,-1036.2705041064764,-808.9576690766685,-227.312835029808,0.00289765270385,-0.0053155204437985,0.0180574986931739,Bear,True,False,False,108.0742918,0.06293058295984616,0.8180975784780001,13.0,6.0,5.0,2.0,0.9864471115384615
2020-03-16,33684.91,36060.88,36060.88,33618.9,-6.59,22.21795722235646,37141.96284270567,38427.39000844655,-1285.4271657408826,-904.2515684095114,-381.1755973313713,-0.0658877431721021,-0.0086517406944543,0.0224826593180161,Sideways,False,False,True,108.0742918,-0.17809262327799605,-2.9915599988500006,21.0,8.0,11.0,2.0,0.9987299835515873
2020-03-17,32616.93,33684.91,33893.84,32416.41,-3.17,19.775272827459005,36445.80394382787,37996.98556337644,-1551.1816195485662,-1033.6375786373223,-517.5440409112439,-0.0317049978759035,-0.0101108886236757,0.0230048354230456,Sideways,False,False,True,108.0742918,-0.3629651616063636,-3.99261677767,11.0,3.0,7.0,1.0,0.9991787545454546
2020-03-18,30416.05,32616.93,32616.93,30378.68,-6.75,15.896583790148242,35518.149490931275,37435.43478090411,-1917.285289972832,-1210.3671209044242,-706.9181690684072,-0.067476614138731,-0.013981504050596,0.0257973420716586,Sideways,False,False,True,108.0742918,-0.14193765809857145,-0.9935636066900001,7.0,3.0,4.0,0.0,0.9990715928571429
2020-03-19,30129.83,30416.05,30515.62,28452.44,-0.94,15.471587010035831,34689.17726155723,36894.27887120751,-2205.101609650272,-1409.3140186535938,-795.7875909966779,-0.0094101633841342,-0.014337568475305,0.025676323563067,Sideways,False,False,True,108.0742918,-0.5547520319825555,-4.992768287843,9.0,1.0,6.0,2.0,0.9992272644444444
2020-03-20,30667.41,30129.83,30928.05,29903.81,1.78,19.808095234181536,34070.443836702274,36433.02932519214,-2362.5854884898654,-1599.9683126208483,-762.617175869017,0.0178421185914423,-0.0131583818560871,0.0266162103789007,Sideways,False,False,True,108.0742918,-0.6828252310499999,-4.0969513863,6.0,0.0,5.0,1.0,0.9186222116666666
2020-03-24,28564.83,30667.41,30667.41,28510.45,-6.86,16.288367115545412,33223.42632336346,35850.19974554828,-2626.773422184815,-1805.3293345336417,-821.4440876511733,-0.0685607294518838,-0.0152131122124385,0.0292361535276929,Sideways,False,False,True,108.0742918,-0.21763877880812105,-7.421000663621,33.0,10.0,17.0,6.0,0.9905737062103175
2020-03-25,27228.8,28564.83,28787.6,27169.14,-4.68,14.522506768728562,32301.176119769083,35211.57754217433,-2910.401422405248,-2026.3437521079632,-884.0576702972849,-0.04677185195921,-0.0171873041771431,0.0299960514612921,Sideways,False,False,True,108.0742918,-0.43298786279888885,-3.8968907651899998,9.0,2.0,6.0,1.0,0.9884688844444445
2020-03-26,27267.2,27228.8,28191.33,27046.71,0.14,14.80838123934683,31526.718255189226,34623.1051316429,-3096.386876453674,-2240.352376977105,-856.0344994765692,0.0014102714772594,-0.0164475410578144,0.0302758947076985,Sideways,False,False,True,108.0742918,-0.1026460977294,-1.026460977294,10.0,4.0,5.0,1.0,0.9968640860000001
2020-03-27,28109.57,27267.2,28273.09,27156.53,3.09,21.046469317704293,31001.003139006265,34140.6210478175,-3139.617908811233,-2420.205483343931,-719.412425467302,0.0308931610139655,-0.014575521330173,0.0320271291524011,Sideways,False,False,True,108.0742918,-0.11879836289499998,-1.6631770805299997,14.0,5.0,7.0,2.0,0.9743873842857143
2020-03-30,28023.39,28109.57,28114.1,27467.35,-0.31,20.878034248566763,30542.908809928376,33687.49282205324,-3144.584012124862,-2565.0811891001176,-579.5028230247444,-0.0030658597765814,-0.0145926797734368,0.0320205360626445,Sideways,False,False,True,108.0742918,-0.05669633380619445,-1.3130358673240003,21.0,6.0,7.0,8.0,0.9863707426785715
2020-03-31,29231.63,28023.39,29334.55,28023.39,4.31,29.407875068434933,30341.17360840093,33357.42890930855,-3016.255300907622,-2655.3160114616185,-360.9392894460034,0.0431154118042107,-0.0141648645492498,0.0327604101628552,Sideways,False,False,True,108.0742918,-0.23693613897333332,-2.13242525076,9.0,3.0,6.0,0.0,0.9513586833333333
2020-04-01,29505.57,29231.63,29691.23,28902.08,0.94,31.21839410224392,30212.61920710848,33072.10602713755,-2859.486820029073,-2696.1501731751096,-163.33664685396343,0.0093713556171859,-0.013573358985444,0.0330880548524549,Sideways,False,False,True,145.2714784,-0.28542792832814284,-1.997995498297,7.0,2.0,4.0,1.0,0.9994768028571429
2020-04-02,30782.66,29505.57,30842.0,29460.38,4.33,39.06472071220789,30300.31779063025,32902.517432534776,-2602.1996419045245,-2677.3600669209927,75.16042501646825,0.0432830140207425,-0.0110351235980013,0.0354432489991002,Sideways,False,False,True,145.2714784,0.98823222862125,7.90585782897,8.0,8.0,0.0,0.0,0.99403133125
2020-04-03,31621.79,30782.67,31817.1,30782.67,2.73,43.61608624024477,30503.621207456366,32807.64873382849,-2304.027526372127,-2602.69355881122,298.6660324390928,0.0272598274483102,-0.010283484085434,0.0361155528563553,Sideways,False,False,True,145.2714784,0.23576411155875002,1.8861128924700001,8.0,5.0,3.0,0.0,0.99237985625
2020-04-06,30579.15,31621.79,31915.41,30503.27,-3.3,39.65295640781934,30515.241021693848,32642.574753544905,-2127.3337318510567,-2507.621593419187,380.2878615681302,-0.0329722004984537,-0.0104562463205862,0.0362205121348734,Sideways,False,False,True,145.2714784,-0.21529847963571214,-4.608893999516,28.0,8.0,13.0,7.0,0.9869912546464645
2020-04-07,31231.55,30579.15,31303.13,30579.15,2.13,43.13474842733586,30625.44240297172,32538.05440143047,-1912.6119984587488,-2388.6196744271,476.0076759683502,0.021334798383866,-0.0078710212862676,0.0365679191524289,Sideways,False,False,True,145.2714784,0.06710705755800002,0.6710705755800002,10.0,4.0,4.0,2.0,0.965069623
2020-04-08,30971.27,31231.55,31238.35,30775.45,-0.83,42.09134757798488,30678.64664866838,32421.996297620804,-1743.349648952426,-2259.5656693321653,516.2160203797393,-0.0083338803229425,-0.0091468869734955,0.0360897808719883,Sideways,False,False,True,145.2714784,0.3573974848841666,4.28876981861,12.0,8.0,3.0,1.0,0.9693659133333333
2020-04-09,31837.3,30971.27,32009.12,30971.27,2.8,46.71030513750639,30856.901010411704,32378.685460760003,-1521.7844503482993,-2112.0094255353924,590.2249751870932,0.0279623664124848,-0.0077189244396642,0.036999421037397,Sideways,False,False,True,145.2714784,0.33320014951000004,1.9992008970600001,6.0,4.0,2.0,0.0,0.9994108133333334
2020-04-10,32033.2,31837.3,32086.1,31377.1,0.62,47.726021046009,31037.870085732982,32353.09394514815,-1315.2238594151677,-1952.6523123113475,637.4284528961798,0.0061531599727364,-0.0051330451566944,0.036009211769487,Sideways,False,False,True,145.2714784,0.15794195229500002,1.2635356183600002,8.0,5.0,3.0,0.0,0.95102133875
2020-04-13,31032.99,32033.21,32033.21,30928.16,-3.12,43.19870145685589,31037.119303312524,32255.308467729767,-1218.1891644172429,-1805.7596827325265,587.5705183152836,-0.0312241674262951,-0.0068391361632016,0.0364147475443424,Sideways,False,False,True,145.2714784,-0.18073362284828573,-5.889317322896999,26.0,8.0,14.0,4.0,0.9874965993885282
2020-04-14,31222.74,31032.99,31395.75,30941.07,0.61,44.27860064513175,31065.676333572133,32178.8219145646,-1113.1455809924664,-1667.2368623845146,554.0912813920481,0.0061144607722298,-0.003239025965985,0.0337299529162198,Sideways,False,False,True,145.2714784,0.6375903399016667,3.82554203941,6.0,5.0,1.0,0.0,0.9737557483333333
2020-04-15,31242.19,31222.74,31795.18,31181.76,0.06,44.39529745307371,31092.832282253345,32109.441772745,-1016.6094904916536,-1537.1113880059424,520.5018975142889,0.0006229434059918,-0.0016226289018903,0.0330620096916427,Sideways,False,False,True,145.2714784,0.49970009863366666,2.998200591802,6.0,4.0,1.0,1.0,0.9995856166666667
2020-04-16,31329.46,31242.19,31447.22,31016.41,0.28,44.95236223508067,31129.23654652206,32051.665345134257,-922.4287986121964,-1414.1748701271931,491.7460715149971,0.0027933381110607,0.0018908687105992,0.0292040852367404,Sideways,False,False,True,145.2714784,-0.14248708422085715,-0.997409589546,7.0,2.0,3.0,2.0,0.9991779357142857
2020-04-17,32831.83,31329.46,33257.15,31329.46,4.8,53.57504289671599,31391.174000903284,32109.455319568755,-718.2813186654712,-1274.9961598348489,556.7148411693777,0.0479539066425021,0.004759072211931,0.0308086211502303,Sideways,False,False,True,145.2714784,0.397379781672,3.97379781672,10.0,7.0,3.0,0.0,0.998224883
2020-04-20,33499.65,32831.83,33857.54,32831.83,2.03,56.81336596580189,31715.55492384124,32212.432703304403,-496.8777794631642,-1119.3724837605118,622.4947042973477,0.0203406267637229,0.0048839976205451,0.0308694690071782,Sideways,False,False,True,145.2714784,-0.35072995720985717,-9.862143967311,25.0,6.0,16.0,3.0,0.9973107262770563
2020-04-21,32422.83,33499.65,33499.65,32300.73,-3.21,50.67527712177986,31824.36647401951,32228.017688244818,-403.6512142253087,-976.2282298534712,572.5770156281626,-0.0321442164321119,0.0067048232715337,0.0271605468504336,Sideways,False,False,True,145.2714784,-0.1823114947013333,-2.7346724205199995,15.0,6.0,8.0,1.0,0.9649714386666666
2020-04-22,32464.23,32422.83,32640.17,31893.57,0.13,50.89493704799791,31922.807016478047,32245.51489652298,-322.7078800449308,-845.5241598917631,522.8162798468323,0.0012768780516689,0.0091072597720776,0.0241382907996816,Sideways,False,False,True,145.2714784,-0.06696324361289999,-0.6696324361289998,10.0,4.0,5.0,1.0,0.9428707279999999
2020-04-23,32850.83,32464.23,32938.29,32448.53,1.19,52.99983828636306,32065.579783173733,32290.353052336093,-224.7732691623605,-721.3739817458827,496.6007125835222,0.0119084912840994,0.0096321707624196,0.0240761699284929,Sideways,False,False,True,145.2714784,0.33755199653499995,2.0253119792099996,6.0,4.0,2.0,0.0,0.9968236666666667
2020-04-24,32806.38,32850.83,33069.17,32739.84,-0.14,52.72002030493438,32179.54904730085,32328.57727068157,-149.02822338071928,-606.90483007285,457.87660669213074,-0.0013530860559688,0.0080198584089229,0.0236534545696289,Sideways,False,False,True,145.2714784,0.30774454388750005,3.0774454388750003,10.0,6.0,3.0,1.0,0.990691515
2020-04-27,32314.57,32806.38,32806.38,32131.08,-1.5,49.599759345460974,32200.32150156226,32327.53969507553,-127.21819351327213,-510.9675027609345,383.7493092476623,-0.0149912913280891,0.0074235868313475,0.024093831288613,Sideways,False,False,True,145.2714784,-0.03181310022806664,-4.0687502950729995,20.0,7.0,11.0,2.0,0.99725652
2020-04-28,32553.39,32314.57,32635.91,32284.78,0.74,51.11286061672671,32254.639732091146,32344.26934729216,-89.62961520101817,-426.6999252489512,337.07031004793305,0.0073904743278341,0.0056373399575287,0.022585536342604,Sideways,False,False,True,145.2714784,6.0521132888865146e-05,0.0005446901959997863,9.0,3.0,3.0,3.0,0.9995641211111111
2020-04-29,33158.84,32553.39,33158.84,32553.39,1.86,54.81633317936208,32393.747465615583,32404.607914159405,-10.860448543822711,-343.5320299079255,332.6715813641028,0.0185986774342088,0.0060987060483798,0.0227594038500928,Sideways,False,False,True,145.2714784,0.3995619838601,3.995619838601,10.0,6.0,2.0,2.0,0.999515506
2020-04-30,34111.64,33158.84,34178.57,33158.84,2.87,59.95731266081533,32658.038624751647,32531.054735332786,126.98388941886152,-249.42884604256813,376.4127354614296,0.0287344189362475,0.0053712762941551,0.0217170057864345,Sideways,False,False,True,145.2714784,0.2614048643563636,2.87545350792,11.0,7.0,4.0,0.0,0.99118275
2020-05-04,33916.64,34111.64,34163.92,33709.34,-0.57,58.49052428881381,32851.66960555909,32633.69068086369,217.9789246953951,-155.94729189497548,373.9262165903706,-0.0057165237438012,0.0037224587345495,0.0212136960691721,Sideways,False,False,True,112.4007137,-0.053166759081336355,-1.5555672022789997,28.0,12.0,14.0,2.0,0.9696052135227273
2020-05-05,33992.75,33916.64,34385.76,33857.83,0.22,58.913019045886735,33027.22043547307,32734.36174154045,292.858693932616,-66.18609472945718,359.0447886620732,0.0022440312483784,0.0054832703218911,0.0193908221644758,Bull,False,True,False,112.4007137,-0.41620663956375,-4.9944796747649995,12.0,2.0,7.0,3.0,0.9994033375
2020-05-06,33728.18,33992.75,34119.51,33675.49,-0.78,56.75065643190453,33135.060368477214,32807.97790883375,327.08245964346133,12.46761614512652,314.61484349833484,-0.0077831302262982,0.0040273738913829,0.0192304712334499,Bull,False,True,False,112.4007137,0.21129253632225,1.690340290578,8.0,4.0,2.0,2.0,0.96217960375
2020-05-07,33304.16,33728.18,33811.36,33238.88,-1.26,53.369679061886565,33161.075696403794,32844.732137809035,316.3435585947591,73.24280463505303,243.10075395970603,-0.0125716833816706,0.0038154837384465,0.019396472279929,Bull,False,True,False,112.4007137,-0.09037745613172726,-0.9941520174489998,11.0,3.0,4.0,4.0,0.9991145763636364
2020-05-08,33267.69,33304.16,33501.3,33159.05,-0.11,53.07678532110297,33177.47789695706,32876.06234982318,301.4155471338818,118.87735313481878,182.538193999063,-0.0010950583951074,0.0023626124980669,0.0185629290814334,Bull,False,True,False,112.4007137,0.15003235023142855,1.05022645162,7.0,4.0,3.0,0.0,0.9863338357142857
2020-05-11,33283.79,33267.69,33316.06,33126.15,0.05,53.19889396620841,33193.833605117514,32906.26439798443,287.569207133085,152.61572393447204,134.95348319861296,0.0004839530487388,0.002079152151867,0.0185452767449313,Bull,False,True,False,112.4007137,-0.1561255601270218,-4.025033238259,21.0,5.0,9.0,7.0,0.9962254696031746
2020-05-12,33603.02,33283.79,33628.37,33283.79,0.96,55.66261340776396,33256.78535817636,32957.875924059656,298.9094341167074,181.87446597091912,117.0349681457883,0.0095911553341729,0.0041199182898904,0.0168564263392168,Bull,False,True,False,112.4007137,-0.1755891426486923,-2.282658854433,13.0,3.0,5.0,5.0,0.9783397407692308
2020-05-13,33693.04,33603.02,33802.87,33603.02,0.27,56.36026285423806,33323.90145691846,33012.33252227746,311.56893464099994,207.8133597049353,103.75557493606463,0.002678925882257,0.0039481415453918,0.0168525356269041,Bull,False,True,False,112.4007137,-0.6237421015225,-4.98993681218,8.0,0.0,5.0,3.0,0.998779005
2020-05-14,33804.9,33693.04,33996.92,33686.99,0.33,57.26021615574073,33397.90123277716,33071.041224330984,326.8600084461723,231.62268945318272,95.23731899298956,0.0033199735019457,0.0040829930501895,0.0168353092884584,Bull,False,True,False,112.4007137,-0.08300903121916667,-0.99610837463,12.0,4.0,5.0,3.0,0.9988634083333333
2020-05-15,34008.33,33804.9,34041.44,33804.9,0.6,58.91941830078618,33491.81335081144,33140.47002252869,351.34332828275365,255.5668172190969,95.7765110636567,0.0060177666551299,0.0042442144773929,0.0168377480523151,Bull,False,True,False,112.4007137,-0.011120285732249997,-0.08896228585799998,8.0,2.0,2.0,4.0,0.9921347325
2020-05-18,33804.97,34008.33,34393.12,33770.68,-0.6,56.55578953784548,33539.99129684045,33189.69224308212,350.29905375833187,274.51326452694394,75.78578923138792,-0.0059797114412851,0.0015475335732036,0.0134462578320497,Bull,False,True,False,112.4007137,-0.07150598399314446,-3.6754275488570007,31.0,11.0,15.0,5.0,0.9882267574444444
2020-05-19,34158.55,33804.97,34350.78,33804.97,1.05,59.59111018621679,33635.15417424961,33261.4594843353,373.69468991431495,294.34954960441814,79.3451403098968,0.0104594087792417,0.0010534726739795,0.0128893966797904,Bull,False,True,False,112.4007137,0.249851510437625,1.998812083501,8.0,4.0,2.0,2.0,0.99956188375
2020-05-20,33932.81,34158.55,34224.15,33786.96,-0.66,56.85972508881344,33680.94737821121,33311.18915216231,369.7582260488998,309.43128489331446,60.32694115558536,-0.0066085943343615,0.002330253778867,0.0104645056655707,Bull,False,True,False,112.4007137,0.3331127179833333,1.9986763078999998,6.0,4.0,2.0,0.0,0.9994730500000001
2020-05-21,33836.61,33932.81,34049.0,33757.37,-0.28,55.68829436531499,33704.89547387102,33350.1092149651,354.7862589059223,318.502279695836,36.28397921008627,-0.0028350142531666,0.0021246591636252,0.0105264996635665,Bull,False,True,False,112.4007137,-0.0011224415032499925,-0.00897953202599994,8.0,3.0,3.0,2.0,0.99895563375
2020-05-28,33695.42,33836.61,33836.61,33598.4,-0.42,53.93209938942926,33703.437708660094,33375.68779163435,327.74991702574334,320.3518071618175,7.398109863925868,-0.0041726993336508,0.0013205996327377,0.0103525736100323,Bull,False,True,False,112.4007137,-0.18748243956614563,-11.890448430259,47.0,13.0,25.0,9.0,0.9984091302020203
2020-05-29,33931.23,33695.42,34048.56,33695.42,0.7,56.40490191991216,33738.48267655854,33416.8390663281,321.643610230436,320.6101677755412,1.033442454894839,0.0069982804784747,0.0017381679594599,0.0104073355332872,Bull,False,True,False,112.4007137,-0.5706834192834286,-3.9947839349840004,7.0,1.0,5.0,1.0,0.9992254228571429
2020-06-01,34021.97,33931.23,34062.14,33820.09,0.27,57.35352865010201,33782.096110934144,33461.663579933425,320.4325310007189,320.5746404205768,-0.1421094198578885,0.0026742325580297,0.0026214441537658,0.0096336523579324,Bull,False,True,False,128.1088142,-0.12175295075716663,-2.4161107563079995,20.0,6.0,9.0,5.0,0.9785543172916666
2020-06-02,34408.05,34021.97,34525.27,34021.97,1.13,61.22011269511813,33878.39670925197,33531.76627771613,346.63043153583567,325.7857986436286,20.84463289220708,0.0113479613320452,0.0028193185039764,0.0097763497261951,Bull,False,True,False,128.1088142,0.12506474291637504,1.0005179433310003,8.0,4.0,3.0,1.0,0.9986464625
2020-06-03,34401.42,34408.05,34657.73,34354.87,-0.02,61.1176344226859,33958.86183090551,33596.18507195938,362.6767589461306,333.163990704129,29.512768242001584,-0.0001926874670318,0.0018797502589144,0.0090565228234633,Bull,False,True,False,128.1088142,-0.19976552738000003,-0.9988276369000001,5.0,2.0,3.0,0.0,0.999142948
2020-06-04,34119.39,34401.42,34410.05,34090.13,-0.82,56.764696689722605,33983.55847230466,33634.940992554984,348.61747974967875,336.25468851323893,12.362791236439818,-0.0081982080972238,3.3118907240853315e-05,0.0067690572120705,Bear,True,False,False,128.1088142,-0.04297040087593332,-0.6445560131389998,15.0,6.0,7.0,2.0,0.987437408
2020-06-05,34350.42,34119.39,34367.74,34081.76,0.68,59.32062099028917,34039.998707334715,33687.93943755091,352.0592697838074,339.41560476735265,12.643665016454747,0.0067712230494154,0.0006575062469016,0.0067867093067915,Bull,False,True,False,128.1088142,-0.5206494979521819,-5.727144477474,11.0,2.0,8.0,1.0,0.9870482454545454
2020-06-08,34749.57,34350.42,34769.44,34350.42,1.16,63.35165350104233,34149.16352159091,33766.57873847306,382.5847831178544,348.04944043745303,34.53534268040136,0.0116199452583112,0.0011263019473983,0.0072125317126199,Bull,False,True,False,128.1088142,-0.15573100907212564,-8.686398548318,30.0,7.0,16.0,7.0,0.9915992929273504
2020-06-09,34803.6,34749.57,34855.39,34688.12,0.16,63.87351020769877,34249.84605673077,33843.395128215794,406.4509285149761,359.72973805295766,46.721190462018455,0.0015548393836239,0.0015932004278944,0.0069009436397463,Bull,False,True,False,128.1088142,-0.5445250627165454,-5.989775689882,11.0,1.0,7.0,3.0,0.9991031
2020-06-10,35065.08,34803.6,35111.54,34803.6,0.75,66.36936943654584,34375.26666338758,33933.890303903514,441.3763594840639,376.0590623391789,65.31729714488495,0.0075130158949074,0.0025974353917233,0.0061518844516972,Bull,False,True,False,128.1088142,-0.4995499949698,-4.995499949698,10.0,1.0,6.0,3.0,0.999517245
2020-06-11,35128.58,35065.08,35253.5,34995.42,0.18,66.96622933780613,34491.161022866414,34022.385836947695,468.7751859187192,394.602287055087,74.17289886363221,0.0018109184407963,0.0027427342335185,0.0060941293031789,Bull,False,True,False,128.1088142,-0.5176988876459091,-5.694687764105,11.0,2.0,8.0,1.0,0.9721997954545455
2020-06-12,34609.09,35128.58,35128.58,34503.94,-1.48,57.91123164440248,34509.30394242543,34065.8454045812,443.45853784423525,404.3735372129167,39.085000631318565,-0.0147882436466263,0.0019791243987502,0.0072409686786976,Bull,False,True,False,128.1088142,-0.5010372785291428,-10.521782849112,21.0,4.0,15.0,2.0,0.9878907047619047
2020-06-15,33824.51,34611.23,34611.23,33814.86,-2.27,47.47108929664824,34403.95102820613,34047.968707945554,355.98232026057667,394.6952938224487,-38.71297356187205,-0.0226697668155965,0.0003660782912618,0.00886681390873,Bear,True,False,False,128.1088142,-0.044826098752442055,1.0746395226070002,30.0,13.0,12.0,5.0,0.9975939794642857
2020-06-16,34019.12,33824.51,34138.3,33824.51,0.58,49.88448438452941,34344.74625463596,34045.831766616255,298.91448801970546,375.53913266190006,-76.6246446421946,0.0057535201544678,0.0005198080048723,0.0089354115102782,Bull,False,True,False,128.1088142,0.28542142984999996,1.9979500089499997,7.0,4.0,2.0,1.0,0.9995036757142858
2020-06-17,33848.68,34019.12,34396.38,33775.76,-0.5,47.81260946778346,34268.42836930735,34031.22793205209,237.200437255262,347.87139358057243,-110.6709563253105,-0.0050101237186618,0.0001033031438419,0.0089919838288068,Bear,True,False,False,128.1088142,-0.27233314177090906,-2.9956645594799998,11.0,3.0,6.0,2.0,0.9994233254545454
2020-06-18,33539.85,33848.68,33919.82,33471.45,-0.91,44.22810583821475,34156.339389413915,33994.8295667149,161.5098226990158,310.59907940426115,-149.08925670524536,-0.0091238417569016,-0.0006537772767596,0.0091045263453802,Bear,True,False,False,128.1088142,0.00011744632774999635,0.001409355932999956,12.0,4.0,4.0,4.0,0.9993725383333333
2020-06-19,33438.94,33539.85,33699.92,33369.91,-0.3,43.09132732177566,34045.970252581006,33953.65256177306,92.31769080794766,266.94280168499847,-174.62511087705082,-0.003008659847912,-0.0005052246970909,0.009037041141649,Bear,True,False,False,128.1088142,0.0008726084940909126,0.009598693435000038,11.0,4.0,4.0,3.0,0.9991250618181818
2020-06-22,33737.92,33438.95,33794.87,33071.36,0.89,47.4047007850857,33998.577906030085,33937.67237201209,60.90553401799116,225.735348151597,-164.82981413360585,0.0089410728928607,-0.00058114149141,0.0089460024092378,Bear,True,False,False,128.1088142,-0.7989588438831999,-3.9947942194159998,5.0,0.0,4.0,1.0,0.99931371
2020-06-23,34052.61,33737.92,34072.97,33737.92,0.93,51.56587194371016,34006.890535871615,33946.18627038157,60.704265490043326,192.7291316192863,-132.02486612924298,0.0093274866974608,0.0002156625601811,0.0090894415724896,Bear,True,False,False,128.1088142,-2.510308339997991e-05,-0.00012551541699989954,5.0,2.0,2.0,1.0,0.9994924940000001
2020-06-24,34034.65,34052.61,34160.87,33937.63,-0.05,51.31633642788364,34011.161222660594,33952.7391392422,58.42208341839432,165.86772197910793,-107.4456385607136,-0.000527419190482,0.0003310423133153,0.0090632871509018,Bear,True,False,False,128.1088142,0.33289727983533335,2.996075518518,9.0,5.0,2.0,2.0,0.9994817722222221
2020-06-25,33709.63,34034.65,34034.65,33657.78,-0.95,46.89377724035185,33964.771803789736,33934.73105485389,30.04074893584766,138.7023273704559,-108.66157843460824,-0.0095496795177856,6.219330410860424e-05,0.0092810494100962,Bear,True,False,False,128.1088142,-0.36299283712963637,-3.992921208426,11.0,2.0,6.0,3.0,0.99937894
2020-06-26,33939.49,33709.63,34028.77,33709.63,0.68,50.16486113418771,33960.88229551439,33935.08356930916,25.79872620523384,116.12160713741147,-90.32288093217764,0.0068188229891577,5.322042964275298e-05,0.0092740748270628,Bear,True,False,False,128.1088142,0.006349255420000027,0.05714329878000024,9.0,4.0,4.0,1.0,0.9893899322222222
2020-06-29,34181.8,33939.49,34207.0,33719.51,0.71,53.42188399333174,33994.86963466602,33953.358860471446,41.51077419457579,101.19944054884436,-59.68866635426856,0.0071394708641763,0.00027648234495,0.0093934723613024,Bear,True,False,False,128.1088142,-0.2911980002056787,-8.819535972414,27.0,7.0,16.0,4.0,0.995737956046176
2020-06-30,34421.92,34181.8,34424.61,34146.05,0.7,56.45876357562919,34060.56969087125,33988.06709302912,72.50259784213267,95.46007200750202,-22.957474165369348,0.0070247909706333,6.032382687948257e-05,0.0091724320063053,Bear,True,False,False,128.1088142,-0.497394672557625,-3.979157380461,8.0,1.0,5.0,2.0,0.9982901
2020-07-01,34889.41,34421.92,34924.29,34409.87,1.36,61.69511187080129,34188.083584583364,34054.83323428622,133.2503502971449,103.0181276654306,30.232222631714308,0.0135811715325584,0.0007490167768589,0.009656740263109,Bull,False,True,False,84.78897417,-0.27400648215181816,-3.0140713036699998,11.0,3.0,6.0,2.0,0.981158589090909
2020-07-02,34978.18,34889.41,35177.39,34889.41,0.25,62.61452200014398,34309.63687926285,34123.22929100576,186.4075882570905,119.69601978376258,66.71156847332796,0.0025443250545078,0.0012861434344455,0.0094289593543465,Bull,False,True,False,84.78897417,0.4116814480700834,4.9401773768410004,12.0,7.0,2.0,3.0,0.9972306683333333
2020-07-03,35051.38,34978.18,35105.16,34918.52,0.21,63.39476139166003,34423.751205530105,34191.9811953757,231.77001015440328,142.11081785789074,89.65919229651254,0.0020927332411233,0.0010522189440309,0.0093433632257617,Bull,False,True,False,84.78897417,0.00010929400571430785,0.000765058040000155,7.0,3.0,3.0,1.0,0.9994518985714286
2020-07-06,35202.77,35051.38,35238.81,35002.11,0.43,65.02070964732512,34543.600250833166,34266.854440162686,276.74581067047984,169.03781642040855,107.70799425007128,0.0043190881500243,0.0006871760886166,0.0090466648702903,Bull,False,True,False,84.78897417,-0.048203388972127,-2.601736583579,28.0,9.0,11.0,8.0,0.9851817042989418
2020-07-07,35373.35,35202.77,35472.68,35202.77,0.48,66.80963067060432,34671.254058397295,34348.81707422471,322.43698417258565,199.717649970844,122.71933420174167,0.0048456414083324,0.000851716189852,0.0090930837961579,Bull,False,True,False,84.78897417,0.7266856503954545,7.99354215435,11.0,9.0,1.0,1.0,0.999485619090909
2020-07-08,35694.89,35373.35,35703.22,35373.35,0.91,69.93129680162251,34828.73651095156,34448.526179837696,380.2103311138635,235.81618619944788,144.39414491441562,0.0090898939455834,0.0009305600923858,0.009160468895463,Bull,False,True,False,84.78897417,0.19981498469359998,1.998149846936,10.0,5.0,3.0,2.0,0.999544799
2020-07-09,36142.17,35694.89,36190.7,35694.89,1.25,73.64469535004503,35030.8032015744,34573.9812776275,456.8219239468963,280.0173337489376,176.8045901979587,0.012530645142764,0.0014665464274842,0.0095211977702839,Bull,False,True,False,84.78897417,0.2497636818205,1.998109454564,8.0,4.0,2.0,2.0,0.9994421825
2020-07-10,36190.4,36142.17,36279.56,36003.18,0.13,74.0173129748211,35209.20270902449,34693.71599780324,515.4867112212451,327.1112092433991,188.375501977846,0.0013344522478866,0.0022726812222098,0.0087214590613276,Bull,False,True,False,84.78897417,-0.24978718257474997,-1.9982974605979997,8.0,2.0,4.0,2.0,0.9995410275
2020-07-13,36618.57,36190.4,36722.13,36190.4,1.18,77.11118482501531,35426.02844609764,34836.29777574374,589.7306703538998,379.6351014654993,210.0955688884005,0.0118310380653432,0.0039977214662568,0.006707946228797,Bull,False,True,False,84.78897417,0.09139917842482598,2.591543463962,33.0,14.0,11.0,8.0,0.9711567974509805
2020-07-14,36745.22,36618.57,36936.03,36534.7,0.35,77.94764798440745,35628.98099285185,34977.699421984944,651.2815708669077,433.964395345781,217.3171755211268,0.0034586276853521,0.003882976842801,0.0066959484059945,Bull,False,True,False,84.78897417,0.2851350258496,2.8513502584959998,10.0,6.0,3.0,1.0,0.983227042
2020-07-15,36679.03,36745.22,36891.98,36638.07,-0.18,76.37671963352827,35790.526993951564,35103.723909245324,686.80308470624,484.5321332178728,202.27095148836725,-0.0018013227298681,0.0040434168922407,0.0065074369597017,Bull,False,True,False,84.78897417,-0.07699857375672726,-0.846984311324,11.0,4.0,5.0,2.0,0.9918639218181817
2020-07-16,37001.44,36679.03,37029.25,36679.03,0.88,78.63537252020791,35976.8213025744,35244.29547152345,732.5258310509453,534.1308727844873,198.394958266458,0.0087900361596258,0.0049391107880671,0.0057933551906746,Bull,False,True,False,84.78897417,0.123675484497125,0.989403875977,8.0,3.0,2.0,3.0,0.99831423
2020-07-17,37330.85,37001.44,37354.15,37001.44,0.89,80.66902189040033,36185.13340987064,35398.85506622542,786.2783436452228,584.5603669566344,201.71797668858835,0.0089026264923741,0.0055346751050814,0.0055400208268807,Bull,False,True,False,84.78897417,0.375203796444125,3.001630371553,8.0,5.0,2.0,1.0,0.999302115
2020-07-20,37650.57,37330.85,37741.15,37330.85,0.86,82.41830170109071,36410.58519296747,35565.648765023536,844.9364279439324,636.635579154094,208.3008487898384,0.0085644982635006,0.0055158463736134,0.00552846212814,Bull,False,True,False,84.78897417,0.025040165406616393,-1.0008543393200005,31.0,13.0,14.0,4.0,0.9965247811111112
2020-07-21,37700.31,37650.57,37938.87,37368.52,0.13,82.68087589388439,36609.00439404939,35723.77181946624,885.2325745831549,686.3549782399061,198.8775963432488,0.0013210955371989,0.0051155268156003,0.0055278062375306,Bull,False,True,False,84.78897417,0.12326625851245457,1.3559288436370003,11.0,5.0,4.0,2.0,0.9661767972727272
2020-07-22,37804.61,37700.31,37986.37,37552.07,0.28,83.24591076464412,36792.94371804179,35877.90798098726,915.0357370545316,732.0911300028313,182.9446070517004,0.0027665555004721,0.005280225550148,0.0053983842969933,Bull,False,True,False,84.78897417,0.08343267731049998,1.0011921277259999,12.0,5.0,4.0,3.0,0.9994865833333333
2020-07-23,37578.21,37804.61,38106.95,37540.7,-0.6,77.3470281274249,36913.75391526613,36003.8562786919,909.8976365742274,767.6524313171105,142.24520525711682,-0.0059886876230174,0.0054582751448864,0.0049211508814351,Bull,False,True,False,84.78897417,0.3410366450281666,4.0924397403379995,12.0,6.0,2.0,4.0,0.9914167875
2020-07-24,37607.62,37578.21,37863.3,37259.17,0.08,77.56938538323888,37020.50254368672,36122.653591381386,897.8489523053358,793.6917355147557,104.15721679058016,0.0007826344043531,0.0051564657156462,0.0050174723203577,Bull,False,True,False,84.78897417,0.598789329284,2.99394664642,5.0,4.0,1.0,0.0,0.9991482700000001
2020-07-27,38221.16,37607.62,38291.77,37607.62,1.63,81.62216515734497,37205.21907542722,36278.09851053832,927.1205648889008,820.3775013895847,106.74306349931612,0.016314246953144,0.0056152045200946,0.0055945485125968,Bull,False,True,False,84.78897417,-0.08932967198286827,-2.99671284919,26.0,8.0,11.0,7.0,0.9992958206878306
2020-07-28,38627.27,38221.16,38700.96,38221.16,1.06,83.71906060119903,37423.99614074611,36452.11121346141,971.8849272847,850.6789865686078,121.2059407160923,0.0106252662137933,0.0057952282822526,0.005699243261173,Bull,False,True,False,84.78897417,0.124858650396125,0.998869203169,8.0,4.0,3.0,1.0,0.99945971375
2020-07-29,38836.27,38627.27,39124.33,38627.27,0.54,84.68738123805248,37641.26904216978,36628.71556801983,1012.5534741499578,883.0538840848778,129.49959006507993,0.005410685249048,0.0053867039680771,0.0053965643066113,Bull,False,True,False,84.78897417,-0.1109512065411111,-0.9985608588699999,9.0,2.0,3.0,4.0,0.9995677211111111
2020-07-30,39258.44,38836.27,39270.46,38781.18,1.09,86.44156489451436,37890.06457414366,36823.50997038873,1066.5546037549284,919.754028018888,146.8005757360404,0.010870508419063,0.0058030131363048,0.0054861641612993,Bull,False,True,False,84.78897417,0.20046339409599997,1.00231697048,5.0,3.0,2.0,0.0,0.9990891960000001
2020-08-03,39871.61,39258.44,39928.92,39258.44,1.56,88.50186790585477,38194.91771658309,37049.29515776735,1145.6225588157467,964.9277341782598,180.69482463748693,0.0156188070641625,0.0064793168274568,0.0058277821310379,Bull,False,True,False,94.98250714,-0.2850587224657143,-3.9908221145200002,14.0,4.0,8.0,2.0,0.9990506257142857
2020-08-04,39577.62,39871.61,40330.71,39528.86,-0.74,82.0630584577717,38407.64114480108,37236.57847941421,1171.0626653868676,1006.1547204199816,164.9079449668861,-0.0073734168246528,0.0058946915787229,0.0065922352843422,Bull,False,True,False,94.98250714,0.1919602621649,1.919602621649,10.0,4.0,2.0,4.0,0.995038464
2020-08-05,39882.78,39577.62,39940.22,39425.57,0.77,83.41209698983397,38634.58558406245,37432.59340686501,1201.9921771974405,1045.3222117754733,156.66996542196716,0.0077104181605665,0.0060379304163346,0.0065993610707736,Bull,False,True,False,94.98250714,-0.0046665387,-0.0373323096,8.0,4.0,4.0,0.0,0.996809945
2020-08-06,40166.12,39882.78,40422.83,39882.78,0.71,84.57232018933883,38870.20626343746,37635.07685820834,1235.1294052291196,1083.2836504662027,151.84575476291684,0.0071043192074375,0.0059386516794273,0.0065658820813765,Bull,False,True,False,94.98250714,0.11098851091833334,0.998896598265,9.0,4.0,3.0,2.0,0.9995139622222222
2020-08-07,40029.69,40166.12,40465.95,39971.11,-0.34,81.61231529253983,39048.58837675477,37812.45560945217,1236.1327673026026,1113.853473833483,122.27929346911992,-0.0033966437385537,0.0051422872353614,0.0066890121164613,Bull,False,True,False,94.98250714,0.33058263217016665,1.983495793021,6.0,2.0,0.0,4.0,0.9964098733333334
2020-08-10,39914.76,40029.69,40195.22,39828.91,-0.29,79.10070222410533,39181.84554956172,37968.18186060386,1213.6636889578658,1133.8155168583594,79.84817209950643,-0.0028711189119875,0.0049320086773677,0.0068784388840119,Bull,False,True,False,94.98250714,0.19694521057566453,2.9647131175680004,27.0,11.0,8.0,8.0,0.997720104155983
2020-08-11,40559.15,39914.76,40706.08,39914.76,1.61,82.3756871009556,39393.73854193685,38160.10542648505,1233.6331154517902,1153.7790365770456,79.85407887474457,0.0161441531904489,0.005147664433623,0.0071676573950467,Bull,False,True,False,94.98250714,0.11790834829222224,1.0611751346300002,9.0,5.0,4.0,0.0,0.9704579022222224
2020-08-12,40473.18,40559.15,41117.08,40390.39,-0.21,80.56188442150504,39559.80645856194,38331.44428378246,1228.3621747794823,1168.695664217533,59.66651056194928,-0.0021196203569354,0.0048687520315086,0.0073432234376564,Bull,False,True,False,94.98250714,0.125002464644125,1.000019717153,8.0,4.0,3.0,1.0,0.9993283125
2020-08-13,40290.74,40473.18,40564.18,39898.22,-0.45,76.70215910596917,39672.25777262933,38476.57729979858,1195.6804728307543,1174.0926259401772,21.58784689057711,-0.0045076764415349,0.0047334343459253,0.0074959532054889,Bull,False,True,False,94.98250714,0.22221878256377778,1.999969043074,9.0,5.0,3.0,1.0,0.99904854
2020-08-17,40122.5,40290.74,40405.41,39939.69,-0.42,73.21845529297377,39741.52580760943,38598.4974998135,1143.028307795932,1167.8797623113282,-24.8514545153962,-0.0041756492931129,0.0040851500732884,0.0076849383717291,Bull,False,True,False,94.98250714,-0.12909337658780656,-4.0340563123790005,33.0,12.0,16.0,5.0,0.9986993105059524
2020-08-18,40184.01,40122.5,40434.6,40113.29,0.15,73.68896939580796,39809.60029874644,38715.94287019768,1093.6574285487586,1153.0352955588144,-59.37786701005575,0.0015330550190042,0.0037166714996199,0.0076181806734762,Bull,False,True,False,94.98250714,0.19988546341400001,1.9988546341400002,10.0,6.0,4.0,0.0,0.999322645
2020-08-19,40154.11,40184.01,40424.92,40065.51,-0.07,73.01742660685446,39862.60179124698,38822.47376870156,1040.1280225454248,1130.4538409561364,-90.32581841071168,-0.000744077059507,0.0032512427334695,0.0075907188250859,Bull,False,True,False,94.98250714,0.6243930305623749,4.9951442444989995,8.0,5.0,0.0,3.0,0.999615475
2020-08-20,39868.55,40154.11,40249.51,39781.39,-0.71,66.75996523144357,39863.516900285904,38899.960896945886,963.556003340018,1097.0742734329128,-133.5182700928949,-0.0071116007800944,0.0028296079176048,0.0079301847475563,Bull,False,True,False,94.98250714,0.32340234434333337,2.91062109909,9.0,6.0,3.0,0.0,0.9897069799999999
2020-08-21,39621.59,39868.55,39868.55,39240.07,-0.62,61.825361890047006,39826.29737716499,38953.41490457953,872.8824725854647,1052.2359132634233,-179.3534406779586,-0.0061943562030725,0.0023815623324276,0.0081830435349188,Bull,False,True,False,94.98250714,0.5177335105138333,3.106401063083,6.0,4.0,1.0,1.0,0.9902959816666667
2020-08-24,39802.6,39621.59,39824.56,39473.11,0.46,63.92984200527794,39822.65162683192,39016.31750424031,806.3341225916083,1003.0555551290604,-196.721432537452,0.0045684688575093,0.0029094201564539,0.0079519300092832,Bull,False,True,False,94.98250714,0.08814749157759523,1.708971273758,28.0,11.0,10.0,7.0,0.9908759909523809
2020-08-25,40292.82,39802.6,40340.79,39802.6,1.23,68.92604000095503,39894.98522270393,39110.87324466695,784.1119780369772,959.2668397106438,-175.15486167366657,0.0123162808459749,0.003486102478535,0.0082038026707867,Bull,False,True,False,94.98250714,0.08316695285955555,0.748502575736,9.0,4.0,3.0,2.0,0.9719373244444444
2020-08-26,40862.59,40292.82,40894.53,40292.82,1.41,73.51743700622211,40043.84749613409,39240.63004135829,803.2174547758041,928.056962723676,-124.83950794787188,0.0141407327657878,0.0033774267691672,0.0080376378916334,Bull,False,True,False,94.98250714,-0.1110101798137778,-0.9990916183240002,9.0,3.0,4.0,2.0,0.9995067222222223
2020-08-27,41081.94,40862.59,41276.54,40862.59,0.54,75.04609225843473,40203.554035190384,39377.02337162804,826.5306635623419,907.7517028914092,-81.22103932906725,0.0053679906241872,0.0031145629896869,0.0078723969972971,Bull,False,True,False,94.98250714,0.35803562261169997,3.580356226117,10.0,6.0,2.0,2.0,0.9589052989999999
2020-08-28,41056.22,41081.94,41164.83,40994.04,-0.06,74.50304010247336,40334.73341439186,39501.408307063,833.3251073288629,892.8663837789001,-59.54127645003712,-0.0006260658576493,0.002812725434352,0.007895421937078,Bull,False,True,False,94.98250714,0.28362966627857145,1.98540766395,7.0,4.0,2.0,1.0,0.9979995057142858
2020-08-31,41110.93,41056.22,41311.06,41016.56,0.13,74.91879963058551,40454.14827371619,39620.63213616944,833.5161375467505,880.9963345324702,-47.48019698571966,0.0013325630075053,0.0023358281637741,0.0076678771431721,Bull,False,True,False,94.98250714,0.06585535729442858,0.921975002122,14.0,6.0,5.0,3.0,0.9967046528571428
2020-09-01,41377.26,41110.93,41401.89,41096.58,0.65,76.89402295463572,40596.16546237524,39750.75271867541,845.4127436998315,873.8796163659425,-28.466872666111044,0.0064783258369489,0.0018788041024135,0.007084734502412,Bull,False,True,False,83.01085286,-0.4609038931817692,-5.991750611363,13.0,1.0,7.0,5.0,0.9990117446153846
2020-09-02,41834.85,41377.26,41932.85,41377.26,1.11,79.8327289683632,40786.73231431751,39905.13029506982,881.6020192476863,875.4240969422913,6.177922305394986,0.0110589729721106,0.0028004235922516,0.0070163720387451,Bull,False,True,False,83.01085286,-0.08980765830509091,-0.9878842413560001,11.0,4.0,5.0,2.0,0.9988915645454545
2020-09-03,42188.11,41834.85,42212.93,41834.85,0.84,81.76127055429322,41002.32888134559,40074.239902842426,928.0889785031612,885.9570732544654,42.13190524869594,0.0084441560086865,0.0028371104846576,0.0070452552361278,Bull,False,True,False,83.01085286,-0.246759053156375,-1.974072425251,8.0,2.0,4.0,2.0,0.9980306325
2020-09-04,42023.0,42188.11,42291.92,41923.68,-0.39,78.00655890753319,41159.35520729242,40218.59250263188,940.7627046605412,896.9181995356805,43.84450512486069,-0.003913661929866,0.0022862114277925,0.0071243498982949,Bull,False,True,False,83.01085286,0.19988691811800002,0.9994345905900001,5.0,3.0,2.0,0.0,0.999315156
2020-09-07,42295.75,42023.0,42400.25,42023.0,0.65,79.66764699800619,41334.18517540128,40372.45602095545,961.7291544458276,909.88039051771,51.84876392811759,0.0064904933012874,0.0027805682797845,0.007051928580113,Bull,False,True,False,83.01085286,-0.30731112949225925,-6.8327435190750005,26.0,6.0,13.0,7.0,0.9862458798316499
2020-09-08,41985.19,42295.75,42528.49,41912.6,-0.73,72.9148896362496,41434.33976380108,40491.91779718097,942.4219666201096,916.38870573819,26.03326088191966,-0.0073425817014711,0.0025569951403103,0.0073068141799165,Bull,False,True,False,83.01085286,0.6658233115594444,5.992409804035,9.0,7.0,1.0,1.0,0.9993805866666666
2020-09-09,42022.25,41985.19,42196.17,41610.73,0.09,73.20674601923227,41524.78749244707,40605.27573813053,919.5117543165396,917.01331545386,2.498438862679677,0.0008826922064659,0.0017939220911112,0.006573263038942,Bull,False,True,False,83.01085286,-0.37359843541287496,-2.9887874833029997,8.0,1.0,4.0,3.0,0.998547925
2020-09-10,42647.35,42022.25,42896.36,42022.25,1.49,77.59263928994862,41697.48941668597,40756.54049826901,940.9489184169652,921.8004360464812,19.14848237048409,0.0148754528850787,0.0026436757532119,0.0071167591689176,Bull,False,True,False,83.01085286,-0.139050252895125,-1.112402023161,8.0,2.0,3.0,3.0,0.985663615
2020-09-11,42530.67,42647.35,42869.69,42457.53,-0.27,75.1207769872189,41825.671044888135,40887.95749839723,937.713546490908,924.9830581353664,12.73048835554141,-0.0027359261478145,0.0027322632678979,0.0070335971322014,Bull,False,True,False,83.01085286,-0.277524314236,-1.38762157118,5.0,2.0,3.0,0.0,0.92356879
2020-09-14,42531.31,42530.67,42720.98,42367.81,0.0,75.12545786263392,41934.23088413611,41009.68731333077,924.543570805341,924.8951606693616,-0.351589864020525,1.5047964210257447e-05,0.0029417981307641,0.0068776686289569,Bull,False,True,False,83.01085286,-0.12596759936047092,-2.978294819507,22.0,8.0,11.0,3.0,0.9976585942592592
2020-09-15,42346.42,42531.31,42831.01,42263.22,-0.43,70.97122621560969,41997.64459426901,41108.70454938034,888.9400448886736,917.704137513224,-28.76409262455047,-0.0043471503699274,0.0026477878613175,0.0070642150901011,Bull,False,True,False,83.01085286,0.48869702290749994,3.9095761832599996,8.0,5.0,1.0,2.0,0.9885581525
2020-09-16,42282.28,42346.42,42544.87,42091.97,-0.15,69.534726496958,42041.43465668916,41195.63606424106,845.7985924481036,903.3230285002,-57.52443605209646,-0.0015146498806746,0.0026092592202591,0.0070857567034017,Bull,False,True,False,83.01085286,-0.2853268201252857,-1.9972877408769998,7.0,2.0,4.0,1.0,0.9994453142857143
2020-09-17,42334.76,42282.28,42632.41,42276.59,0.12,70.06855344899873,42086.561632583136,41280.01561503801,806.5460175451226,883.9676263091847,-77.42160876406206,0.0012411818851774,0.0030268983535227,0.0067193322062925,Bull,False,True,False,83.01085286,-0.250288851660125,-2.002310813281,8.0,2.0,4.0,2.0,0.99892268875
2020-09-18,42504.76,42334.76,42554.84,42234.59,0.4,71.79278430720342,42150.89984295496,41370.73742133149,780.1624216234704,863.2065853720419,-83.04416374857146,0.0040156127021862,0.0035373967987856,0.0063601263140604,Bull,False,True,False,83.01085286,-0.19978352292400006,-0.9989176146200003,5.0,2.0,3.0,0.0,0.9994676200000001
2020-09-21,42174.13,42504.76,42551.15,42121.32,-0.78,64.06322833510825,42154.47371326958,41430.24798271435,724.2257305552339,835.4104144086804,-111.18468385344649,-0.0077786582020461,0.0029200404458079,0.0068362052483184,Bull,False,True,False,83.01085286,-0.28422293537265114,-6.742786671477999,25.0,5.0,11.0,9.0,0.9869436309166666
2020-09-22,41828.91,42174.14,42174.14,41672.45,-0.82,57.14506437643665,42104.38698815118,41459.77850251328,644.6084856378948,797.2500286545232,-152.64154301662848,-0.0081855867566205,0.0018949470656781,0.0068899989874244,Bull,False,True,False,83.01085286,-0.5227018004166667,-3.1362108025,6.0,1.0,4.0,1.0,0.9811459233333334
2020-09-23,41876.26,41828.91,42023.06,41755.69,0.11,57.817915201231685,42069.29052843562,41490.628983808594,578.6615446270225,753.5323318490231,-174.87078722200056,0.0011319922034784,0.0012445100375626,0.0062581782326696,Bull,False,True,False,83.01085286,-0.9991062484316666,-5.99463749059,6.0,0.0,6.0,0.0,0.9993900983333334
2020-09-24,41806.37,41876.26,41942.35,41416.9,-0.17,56.41007184584754,42028.8412163686,41514.01720723018,514.8240091384214,705.7906673069027,-190.96665816848133,-0.0016689647069724,0.0008926622710046,0.0062117901774621,Bull,False,True,False,83.01085286,-0.499017259683875,-3.992138077471,8.0,1.0,5.0,2.0,0.9991109975
2020-09-25,41701.23,41806.37,42100.73,41601.94,-0.25,54.26923665008531,41978.43949077343,41527.88482150943,450.5546692640055,654.7434676983232,-204.18879843431773,-0.0025149277490487,0.0007982191764347,0.0062503353662497,Bull,False,True,False,83.01085286,0.16717941042883333,1.003076462573,6.0,3.0,2.0,1.0,0.99908868
2020-09-28,40740.95,41701.23,41785.07,40644.82,-2.3,39.5178094470014,41788.0564921929,41469.59335324947,318.4631389434362,587.4874019473458,-269.0242630039096,-0.0230276181302088,-0.0004197898804509,0.0082077666377035,Bear,True,False,False,83.01085286,0.2145810722634431,5.969740698593,28.0,14.0,8.0,6.0,0.998734956904762
2020-09-29,41204.36,40740.95,41445.47,40389.8,1.14,47.00422267228146,41698.25703185553,41449.946438193954,248.3105936615757,519.6520402901917,-271.34144662861604,0.0113745506670808,-0.0001749786389444,0.008492427115787,Bear,True,False,False,83.01085286,-0.005116770040000014,-0.030700620240000087,6.0,3.0,3.0,0.0,0.9964831916666667
2020-09-30,40571.48,41204.36,41438.33,40494.9,-1.54,39.76505657616475,41524.90671926237,41384.87485017959,140.0318690827844,443.7280060487103,-303.6961369659259,-0.0153595396215351,-0.0014959042686266,0.0087050420388766,Bear,True,False,False,83.01085286,0.499595155353,3.996761242824,8.0,5.0,1.0,2.0,0.99957652
2020-10-01,40676.92,40571.48,40735.84,40113.95,0.26,41.38474338801576,41394.44722399124,41332.43375016629,62.01347382494714,367.38509960395766,-305.3716257790105,0.0025988699450942,-0.0017881685718063,0.0084480810345497,Bear,True,False,False,102.8734164,0.14282026791071428,0.999741875375,7.0,3.0,2.0,2.0,0.9994037
2020-10-02,40070.83,40676.92,40838.92,39905.66,-1.49,35.47904963968681,41190.81380491566,41238.98162052434,-48.16781560867821,284.2745165614305,-332.4423321701087,-0.0149000956807938,-0.0023374902593526,0.0089366225055523,Bear,True,False,False,102.8734164,0.14320305755914284,1.002421402914,7.0,3.0,2.0,2.0,0.9993480442857143
2020-10-05,39072.47,40070.83,40070.83,38865.1,-2.49,28.312058869116584,40864.91475800556,41078.49927826328,-213.5845202577184,184.7027091976008,-398.2872294553191,-0.0249148819727468,-0.0039077590230544,0.0099997148837146,Bear,True,False,False,102.8734164,-0.03323805772799048,-1.996911983714,22.0,7.0,9.0,6.0,0.9994953960476191
2020-10-06,39127.48,39072.47,39349.29,38568.95,0.14,29.161190998422526,40597.61710292778,40933.979331725255,-336.3622287974722,80.48972159858616,-416.8519503960583,0.0014078966597197,-0.0034702351049948,0.0100328966858877,Bear,True,False,False,102.8734164,-0.12329771725024997,-0.9863817380019998,8.0,3.0,4.0,1.0,0.9984457775
2020-10-07,39849.96,39127.48,39920.13,39127.48,1.85,39.32602883944362,40482.59293324658,40853.68160344931,-371.08867020272737,-9.82595676167655,-361.2627134410508,0.0184647720732333,-0.0025911311116564,0.0111432334657978,Bear,True,False,False,102.8734164,-0.1666169167734286,-1.1663184174140002,7.0,1.0,2.0,4.0,0.97627608
2020-10-08,40353.62,39849.96,40412.06,39849.96,1.26,45.22661431308542,40462.75094351634,40816.64000319381,-353.8890596774727,-78.63857734483578,-275.2504823326369,0.0126389085459559,-0.0027029583286126,0.0109685767303948,Bear,True,False,False,102.8734164,-0.22448769946666663,-2.0203892951999998,9.0,3.0,5.0,1.0,0.9971738511111111
2020-10-09,40798.43,40353.62,40830.22,40307.64,1.1,49.8639111940731,40514.39387528306,40815.29111406834,-300.89723878528457,-123.09030963292554,-177.80692915235903,0.0110228029108663,-0.0020150218756785,0.011389778746017,Bear,True,False,False,102.8734164,0.276863970725,2.2149117658,8.0,5.0,3.0,0.0,0.9676282275
2020-10-12,40209.82,40798.43,41047.46,40149.78,-1.44,44.49546239628564,40467.53635600874,40770.44140191513,-302.9050459063874,-159.05325688761792,-143.85178901876947,-0.0144272708533147,-0.0027371378165548,0.0117076849486225,Bear,True,False,False,102.8734164,0.10325503776831625,1.9938031523170001,24.0,8.0,6.0,10.0,0.9995151217264957
2020-10-13,40006.67,40209.82,40301.36,39645.73,-0.51,42.78343011402578,40396.6338396997,40713.865742514005,-317.2319028143029,-190.6889860729549,-126.54291674134797,-0.0050522484308559,-0.0027723927196012,0.011713848279614,Bear,True,False,False,102.8734164,-2.5159648750078256e-06,-2.0127719000062605e-05,8.0,3.0,3.0,2.0,0.9994883225
2020-10-14,40144.29,40006.68,40183.87,39845.77,0.34,44.34565905716542,40357.81171051513,40671.67494677223,-313.8632362570934,-215.3238361097826,-98.53940014731076,0.0034399263922741,-0.0025246639059538,0.0117939640879186,Bear,True,False,False,102.8734164,-0.48716033615333326,-4.3844430253799995,9.0,2.0,6.0,1.0,0.9365703911111112
2020-10-15,40068.49,40144.29,40533.67,40006.46,-0.19,43.63890382929356,40313.30067812819,40626.99458034465,-313.6939022164661,-234.9978493311193,-78.69605288534677,-0.00188818883084,-0.0026811324417546,0.0117620890714728,Bear,True,False,False,102.8734164,0.299638974824,2.99638974824,10.0,6.0,3.0,1.0,0.9994372840000001
2020-10-16,40164.02,40068.5,40220.73,39742.25,0.24,44.83222848161271,40290.33441995462,40592.70016698579,-302.36574703117367,-248.4714288711302,-53.89431816004347,0.0023841677088405,-0.0027627046914219,0.0117187789839851,Bear,True,False,False,102.8734164,0.7111050456357143,4.97773531945,7.0,6.0,1.0,0.0,0.9977763228571428
2020-10-19,40340.17,40164.02,40491.13,40077.9,0.44,47.05813032537132,40298.001432269295,40573.99422869055,-275.99279642125475,-253.9757023811552,-22.017094040099607,0.004385766165837,-0.0021544834730278,0.0117603437597461,Bear,True,False,False,102.8734164,-0.18164412267890004,-0.9817974083570002,19.0,7.0,8.0,4.0,0.997738412
2020-10-20,40956.58,40340.17,41056.95,40340.17,1.53,54.04559222996927,40399.32121192018,40602.33391545421,-203.0127035340338,-243.7831026117309,40.77039907769711,0.01528030248757,-0.0009811890108182,0.0122857923472047,Bear,True,False,False,102.8734164,0.3537016191655,2.829612953324,8.0,4.0,1.0,3.0,0.9785619249999999
2020-10-21,41535.92,40956.58,41613.05,40956.58,1.41,59.461116259923365,40574.18256393246,40671.488440235385,-97.30587630292575,-214.48765734996988,117.18178104704413,0.0141452240397024,-0.000330527419007,0.012739802537434,Bear,True,False,False,102.8734164,-0.1000162454341,-1.000162454341,10.0,3.0,4.0,3.0,0.999435265
2020-10-22,41199.02,41535.92,41818.24,41088.38,-0.81,55.37439964254206,40670.31140025054,40710.5648520698,-40.25345181926241,-179.6408162438284,139.387364424566,-0.0081110518317639,-0.0006526317752466,0.0128563294397431,Bear,True,False,False,102.8734164,0.7136806004947143,4.995764203463,7.0,5.0,0.0,2.0,0.9996136357142857
2020-10-23,41266.0,41199.02,41383.38,41064.38,0.16,56.021557349642926,40761.955800212,40751.70819636092,10.2476038510722,-141.66313222484828,151.91073607592048,0.0016257668264925,-0.0004455970464696,0.0128581013023264,Bear,True,False,False,102.8734164,0.2632939078042857,1.84305735463,7.0,4.0,2.0,1.0,0.9778225442857142
2020-10-26,41850.47,41266.0,41876.79,41266.0,1.42,61.29607585312775,40929.41952325631,40833.09795959345,96.32156366285926,-94.06619304730678,190.3877567101661,0.0141634759850723,0.0014139576592944,0.0120865368281293,Bull,False,True,False,102.8734164,0.18378732479688206,3.9951152519560003,26.0,11.0,7.0,8.0,0.999491582754329
2020-10-27,41381.83,41850.47,41922.19,41327.72,-1.12,55.54379194492043,40999.02113506303,40873.74477740134,125.27635766168532,-50.197682905508366,175.4740405671937,-0.0111979626513154,0.0002853319933746,0.0121611423468697,Bear,True,False,False,102.8734164,-0.28548154788942853,-1.998370835226,7.0,2.0,4.0,1.0,0.9994595657142857
2020-10-28,41186.86,41381.83,41687.33,41069.68,-0.47,53.30264901651931,41027.91942197641,40896.93849759384,130.980924382573,-13.961961447892094,144.9428858304651,-0.0047114881096365,0.0008177345689695,0.0116630578135468,Bull,False,True,False,102.8734164,0.14261218764714284,0.9982853135299999,7.0,4.0,3.0,0.0,0.9992509642857142
2020-10-29,39888.0,41186.86,41186.86,39275.43,-3.15,41.33665901928617,40852.54720321081,40822.20231258689,30.344890623920943,-5.100591033529486,35.44548165745043,-0.031535785927842,-0.0008889982246772,0.0137071447800656,Bear,True,False,False,102.8734164,-0.4994617557775,-3.99569404622,8.0,2.0,6.0,0.0,0.99931910375
2020-11-02,39112.18,39888.0,39888.0,38778.68,-1.94,36.12064603391072,40584.79840271684,40695.53399313601,-110.7355904191718,-26.227590910657945,-84.50799950851385,-0.0194499598876854,-0.0011164914350218,0.013986824486539,Bear,True,False,False,83.21190974,-0.041884998890285706,0.019553542713000027,24.0,9.0,9.0,6.0,0.9977555599047618
2020-11-03,40480.88,39112.18,40499.64,39112.18,3.5,48.473468043692655,40568.81095614501,40679.63369734816,-110.82274120314833,-43.146620969156025,-67.6761202339923,0.034994214078581,0.0018789633675445,0.0150002782362746,Bull,False,True,False,83.21190974,0.09109321144818182,1.00202532593,11.0,6.0,5.0,0.0,0.9993269936363636
2020-11-04,40281.96,40480.88,40914.59,40223.45,-0.49,47.04945129269234,40524.68003981501,40650.17638643348,-125.49634661847084,-59.616566099019,-65.87978051945186,-0.0049139247961011,0.0015628722947535,0.0150771380618437,Bull,False,True,False,83.21190974,0.4281898734797143,2.997329114358,7.0,4.0,1.0,2.0,0.9995506914285714
2020-11-05,41071.3,40281.96,41084.9,40281.96,1.96,52.95541762905039,40608.775418305006,40681.37072817915,-72.59530987414473,-62.21231485404415,-10.38299502010058,0.0195953722212127,0.0016194023021524,0.0151458083053457,Bull,False,True,False,83.21190974,0.2266213248565,1.812970598852,8.0,4.0,3.0,1.0,0.944412065
2020-11-06,40731.61,41071.3,41147.05,40679.61,-0.83,50.35258861748023,40627.67304625808,40685.09215572143,-57.41910946334974,-61.25367377590528,3.834564312555536,-0.0082707389344871,0.0005739199281303,0.0150665879613746,Bear,True,False,False,83.21190974,0.0,0.0,0.0,0.0,0.0,0.0,0.0
2020-11-09,40784.04,40731.61,40943.8,40596.99,0.13,50.75491628599266,40651.72950067991,40692.421625668,-40.69212498808338,-57.1413640183409,16.449239030257523,0.0012872066682363,8.714011599884053e-05,0.0148671837736597,Bear,True,False,False,83.21190974,0.0,0.0,0.0,0.0,0.0,0.0,0.0
2020-11-10,41153.05,40784.04,41597.33,40784.04,0.9,53.604627913590136,40728.85573134454,40726.54224598889,2.313485355654848,-45.25039414354176,47.5638794991966,0.0090479020714966,0.0012608987622394,0.0145849649615806,Bull,False,True,False,83.21190974,0.0,0.0,0.0,0.0,0.0,0.0,0.0
2020-11-11,41197.32,41153.05,41330.49,40900.03,0.11,53.948925416549,40800.92715729154,40761.41467221193,39.51248507960554,-28.297818298912297,67.81030337851783,0.0010757404372214,0.0015672982056432,0.0145095317118118,Bull,False,True,False,83.21190974,0.0,0.0,0.0,0.0,0.0,0.0,0.0
2020-11-12,40564.55,41197.32,41197.32,40492.75,-1.54,48.418122330869245,40764.56144078515,40746.83210389994,17.729336885211524,-19.09238726208753,36.82172414729906,-0.0153594942583642,0.0006273271731113,0.0149830471838914,Bear,True,False,False,83.21190974,0.0,0.0,0.0,0.0,0.0,0.0,0.0
2020-11-13,40569.35,40564.56,40689.6,40262.22,0.01,48.46128606561771,40734.52891143359,40733.68528138883,0.8436300447574467,-15.10518380071854,15.948813845475986,0.0001183299210762,0.0007276531107071,0.0149720306026041,Bear,True,False,False,83.21190974,0.0,0.0,0.0,0.0,0.0,0.0,0.0
2020-11-16,40504.75,40569.35,40790.39,40470.12,-0.16,47.8805788478981,40699.17830967458,40716.72711239707,-17.548802722492837,-15.5939075850734,-1.954895137419438,-0.0015923351002665,0.0005288279702518,0.0149752778427729,Bear,True,False,False,83.21190974,0.0,0.0,0.0,0.0,0.0,0.0,0.0
2020-11-17,40652.67,40504.75,40964.22,40504.75,0.37,49.37644920500682,40692.02318510925,40711.9821411084,-19.95895599914365,-16.466917267887453,-3.4920387312562013,0.003651917367716,0.0004921355303457,0.0149662264894446,Bear,True,False,False,83.21190974,0.0,0.0,0.0,0.0,0.0,0.0,0.0
2020-11-18,40514.67,40652.67,40658.15,40344.62,-0.34,47.99254811018914,40664.73807970783,40697.36642695223,-32.628347244397446,-19.699203263189453,-12.929143981207991,-0.0033946109812713,-0.0004416101430962,0.0145724145818683,Bear,True,False,False,83.21190974,0.0,0.0,0.0,0.0,0.0,0.0,0.0
2020-11-19,40540.7,40514.67,40745.02,40431.41,0.06,48.28696652946891,40645.65529821432,40685.76150643725,-40.10620822292549,-23.78060425513666,-16.32560396778883,0.0006424833276439,-0.0011167471786992,0.0141682250030632,Bear,True,False,False,83.21190974,0.0,0.0,0.0,0.0,0.0,0.0,0.0
2020-11-20,40187.18,40540.7,40598.24,40126.8,-0.87,44.59458922921101,40575.12063695058,40648.829542997446,-73.70890604686429,-33.766264613482186,-39.9426414333821,-0.0087201257008387,-0.0011472008721529,0.0141846950764645,Bear,True,False,False,83.21190974,0.0,0.0,0.0,0.0,0.0,0.0,0.0
2020-11-23,39632.52,40187.18,40187.18,39314.28,-1.38,39.49208103459458,40430.1051543428,40573.54735462726,-143.4422002844658,-55.70145174767891,-87.7407485367869,-0.0138019139437005,-0.0019185849106626,0.0144430964390411,Bear,True,False,False,83.21190974,0.0,0.0,0.0,0.0,0.0,0.0,0.0
2020-11-24,39863.36,39632.52,40021.33,39631.07,0.58,42.4437195241064,40342.91359213622,40520.94088391413,-178.0272917779148,-80.16661975372608,-97.86067202418872,0.0058245097712688,-0.0023355332213527,0.0140699447777408,Bear,True,False,False,83.21190974,0.0,0.0,0.0,0.0,0.0,0.0,0.0
2020-11-25,40377.53,39863.36,40431.56,39863.36,1.29,48.47300832774544,40348.23919334603,40510.317855476045,-162.07866213001398,-96.54902822898369,-65.52963390103031,0.0128983106291089,-0.0011307195573315,0.0143009005949088,Bear,True,False,False,83.21190974,0.0,0.0,0.0,0.0,0.0,0.0,0.0
2020-11-26,41031.03,40377.54,41127.49,40377.54,1.62,54.9346081809836,40453.283932831255,40548.88912544078,-95.60519260952424,-96.3602611050918,0.7550684955675564,0.0161847443367635,-8.590793501157545e-05,0.0147808021978077,Bear,True,False,False,83.21190974,0.0,0.0,0.0,0.0,0.0,0.0,0.0
2020-11-27,40807.09,41031.03,41066.52,40753.3,-0.55,52.504783656600615,40507.7156354726,40568.01511614887,-60.29948067627265,-89.14810501932797,28.84862434305532,-0.0054578205811552,0.0012179903323227,0.0128896730685875,Bull,False,True,False,83.21190974,0.0,0.0,0.0,0.0,0.0,0.0,0.0
2020-11-30,41068.82,40807.09,41115.1,40669.85,0.64,55.00948724151705,40594.03938386143,40605.11177421192,-11.072390350491332,-73.53296208556064,62.46057173506931,0.0064138364191126,0.0025111801476626,0.0119717114301683,Bull,False,True,False,83.21190974,0.0,0.0,0.0,0.0,0.0,0.0,0.0
2020-12-01,41665.27,41068.82,41724.04,41068.82,1.45,60.16504880963566,40758.84409403659,40683.64201315918,75.20208087741048,-43.785953492966414,118.9880343703769,0.0145231832811363,0.0014876286077904,0.0097097433095323,Bull,False,True,False,88.16083172,0.0,0.0,0.0,0.0,0.0,0.0,0.0
2020-12-02,42027.38,41665.27,42074.11,41665.27,0.87,62.94152371353762,40954.00346418481,40783.17816033257,170.825303852238,-0.8637020239255264,171.68900587616352,0.0086909313200178,0.0021678714135963,0.0097142225251303,Bull,False,True,False,88.16083172,0.0,0.0,0.0,0.0,0.0,0.0,0.0
2020-12-03,42047.72,42027.38,42412.51,42009.3,0.05,63.09711486609484,41122.26754661791,40876.847926233866,245.41962038404745,48.39296245766907,197.0266579263784,0.0004839702118,0.0012123013131257,0.0088073286487265,Bull,False,True,False,88.16083172,0.0,0.0,0.0,0.0,0.0,0.0,0.0
2020-12-04,42207.0,42047.72,42316.52,42047.72,0.38,64.35906279892822,41289.14946252285,40975.37770947581,313.77175304704724,101.46872057554472,212.3030324715025,0.0037880769753984,0.00181524210862,0.0085324382165758,Bull,False,True,False,88.16083172,0.0,0.0,0.0,0.0,0.0,0.0,0.0
2020-12-07,42115.31,42207.0,42321.37,42047.0,-0.22,63.02300384110742,41416.25108367318,41059.81713840352,356.43394526966586,152.46176551436895,203.9721797552969,-0.0021723884663682,0.0016422623518897,0.0085786499757599,Bull,False,True,False,88.16083172,0.0,0.0,0.0,0.0,0.0,0.0,0.0
2020-12-08,42101.78,42115.31,42233.96,41948.35,-0.03,62.81577740496129,41521.71707080038,41136.99957259585,384.7174982045326,198.91291205240168,185.80458615213087,-0.0003212608431469,0.0011738042061576,0.0084070594888127,Bull,False,True,False,88.16083172,0.0,0.0,0.0,0.0,0.0,0.0,0.0
2020-12-09,42204.03,42101.78,42350.23,42030.61,0.24,63.784915717936826,41626.688290677244,41216.038863514674,410.64942716257065,241.26021507443548,169.38921208813517,0.0024286384091123,0.0012414491047521,0.0084116705001172,Bull,False,True,False,88.16083172,0.0,0.0,0.0,0.0,0.0,0.0,0.0
2020-12-10,42305.84,42204.03,42441.31,42119.63,0.24,64.76951051847088,41731.17316903459,41296.7648736247,434.40829540989216,279.8898311415268,154.51846426836534,0.0024123288700155,0.0021300402611711,0.0074493219948009,Bull,False,True,False,88.16083172,0.0,0.0,0.0,0.0,0.0,0.0,0.0
2020-12-11,42470.39,42305.84,42628.01,42305.84,0.39,66.36134809767192,41844.89883533696,41383.70006817102,461.1987671659445,316.1516183464104,145.04714881953407,0.0038895339272309,0.0023186004614788,0.0074434475103519,Bull,False,True,False,88.16083172,0.0,0.0,0.0,0.0,0.0,0.0,0.0
2020-12-14,43266.22,42470.4,43316.11,42470.4,1.87,72.76961940936708,42063.563629900505,41523.14598904724,540.4176408532658,361.0048228477815,179.41281800548427,0.0187384669648666,0.0033351405647355,0.0082281379531277,Bull,False,True,False,88.16083172,0.0,0.0,0.0,0.0,0.0,0.0,0.0
2020-12-15,43250.84,43266.22,43709.71,43126.48,-0.04,72.48224067320933,42246.221532992735,41651.12332319189,595.0982098008462,407.8235002383944,187.2747095624518,-0.0003554736235336,0.003134771015173,0.0082687113352056,Bull,False,True,False,88.16083172,0.0,0.0,0.0,0.0,0.0,0.0,0.0
2020-12-16,43360.19,43250.84,43556.06,43183.77,0.25,73.28989812914463,42417.6012971477,41777.72085480731,639.8804423403926,454.23488865879415,185.64555368159847,0.0025282745953605,0.0034309152940046,0.0081274102035813,Bull,False,True,False,88.16083172,0.0,0.0,0.0,0.0,0.0,0.0,0.0
2020-12-17,43766.69,43360.19,43793.22,43360.19,0.94,76.09835857334308,42625.15340527883,41925.05190259936,700.101502679463,503.408211462928,196.69329121653504,0.0093749589196909,0.003867539073607,0.0082039291966941,Bull,False,True,False,88.16083172,0.0,0.0,0.0,0.0,0.0,0.0,0.0
2020-12-18,43740.55,43766.69,43955.56,43638.33,-0.06,75.54825191254785,42796.75288138978,42059.53324314756,737.2196382422189,550.1704968187862,187.0491414234328,-0.0005972578689409,0.0042736824652018,0.0077356682057401,Bull,False,True,False,88.16083172,0.0,0.0,0.0,0.0,0.0,0.0,0.0
2020-12-21,43333.76,43740.56,43790.72,43295.64,-0.93,67.384647638409,42879.369361175966,42153.92041032181,725.4489508541519,585.2261876258594,140.22276322829248,-0.0093000659571038,0.0044987748645317,0.0072310617191117,Bull,False,True,False,88.16083172,0.0,0.0,0.0,0.0,0.0,0.0,0.0
2020-12-22,42906.94,43333.76,43478.97,42757.49,-0.98,60.05225035741374,42883.61099791812,42209.69963918686,673.9113587312604,602.9632218469396,70.94813688432077,-0.0098495953270614,0.0037150696096152,0.0078984045481112,Bull,False,True,False,88.16083172,0.0,0.0,0.0,0.0,0.0,0.0,0.0
2020-12-23,43087.7,42906.94,43216.16,42852.79,0.42,61.941042504823,42915.00930593072,42274.7367029508,640.2726029799232,610.4250980735363,29.84750490638692,0.004212838296089,0.0032807959929642,0.0076000522168136,Bull,False,True,False,88.16083172,0.0,0.0,0.0,0.0,0.0,0.0,0.0
2020-12-24,43416.77,43087.7,43631.36,43087.7,0.76,65.16968455459474,42992.20325886446,42359.331761991474,632.8714968729837,614.9143778334259,17.957119039557824,0.0076372143326286,0.0028534194927574,0.0070571671843883,Bull,False,True,False,88.16083172,0.0,0.0,0.0,0.0,0.0,0.0,0.0
2020-12-28,43674.28,43416.77,43760.67,43416.77,0.59,67.49361026021054,43097.13814211608,42456.73533517729,640.4028069387932,620.0120636544993,20.39074328429388,0.0059311183213306,0.0034228664378817,0.0068062613848793,Bull,False,True,False,88.16083172,0.0,0.0,0.0,0.0,0.0,0.0,0.0
2020-12-29,43255.55,43674.28,43912.1,43203.68,-0.96,60.4326883563822,43121.50919717515,42515.90679183082,605.6024053443325,617.130131992466,-11.527726648133466,-0.0095875650382787,0.0026227963650122,0.0073545613132041,Bull,False,True,False,88.16083172,0.0,0.0,0.0,0.0,0.0,0.0,0.0
2020-12-30,43694.76,43282.27,43750.25,43282.27,1.02,64.61434881978411,43209.70162837897,42603.2292516952,606.4723766837706,614.9985809307269,-8.526204246956354,0.010153841530162,0.0024043292774634,0.00704065167903,Bull,False,True,False,88.16083172,0.0,0.0,0.0,0.0,0.0,0.0,0.0
2020-12-31,43755.38,43694.76,43890.14,43665.93,0.14,65.16161502791276,43293.6521470899,42688.57375156963,605.0783955202714,613.0145438486359,-7.936148328364425,0.0013873517099074,0.0020391502969579,0.0068851117394079,Bull,False,True,False,88.16083172,0.0,0.0,0.0,0.0,0.0,0.0,0.0
2021-01-01,44434.8,43755.38,44874.86,43755.38,1.55,70.64193532849755,43469.21335522991,42817.92384404595,651.2895111839607,620.6695373157008,30.61997386825988,0.0155276905377121,0.0027913363132535,0.0075005156534506,Bull,False,True,False,76.72352883,0.0,0.0,0.0,0.0,0.0,0.0,0.0
2021-01-04,44686.46,44434.8,45074.37,44434.8,0.57,72.37536048876022,43656.48206980992,42956.333929672175,700.1481401377459,636.5652578801099,63.582882257636015,0.0056635789966421,0.0028851114143157,0.0075253164891606,Bull,False,True,False,76.72352883,0.0,0.0,0.0,0.0,0.0,0.0,0.0
2021-01-05,44650.43,44686.46,44830.28,44458.71,-0.08,71.72242929517061,43809.39713599301,43081.82252747424,727.5746085187711,654.7671280078422,72.80748051092894,-0.0008062844987049,0.0029534166126989,0.0074830762170016,Bull,False,True,False,76.72352883,0.0,0.0,0.0,0.0,0.0,0.0,0.0
2021-01-06,45153.42,44650.43,45194.63,44650.43,1.13,75.09966683198071,44016.16988430177,43235.274192105775,780.895692195998,679.9928408454734,100.90285135052454,0.0112650650844794,0.0035327329090802,0.0076625542126465,Bull,False,True,False,76.72352883,0.0,0.0,0.0,0.0,0.0,0.0,0.0
2021-01-07,45344.54,45153.42,45619.8,45153.42,0.42,76.25987006551348,44220.534517486114,43391.51610380164,829.0184136844764,709.797955413274,119.22045827120236,0.004232680492419,0.0036229350132455,0.007659490768204,Bull,False,True,False,76.72352883,0.0,0.0,0.0,0.0,0.0,0.0,0.0
2021-01-08,45654.34,45344.54,45916.33,45344.54,0.68,78.04557972259859,44441.119976334405,43559.13268870522,881.9872876291847,744.2358218564561,137.75146577272858,0.006832134585553,0.0038439252990224,0.0076864365786294,Bull,False,True,False,76.72352883,0.0,0.0,0.0,0.0,0.0,0.0,0.0
2021-01-11,45605.42,46086.85,46109.36,45529.48,-0.11,77.05987738242409,44620.24305689834,43710.70952657891,909.5335303194296,777.2953635490509,132.23816677037885,-0.0010715301108283,0.0035958720971195,0.0077645410349612,Bull,False,True,False,76.72352883,0.0,0.0,0.0,0.0,0.0,0.0,0.0
2021-01-12,45922.04,45605.42,46013.36,45605.42,0.69,78.91592301518304,44820.51950968321,43874.51178386936,946.007725813848,811.0378360020104,134.96988981183767,0.0069425958581239,0.0030060785417823,0.006960108529227,Bull,False,True,False,76.72352883,0.0,0.0,0.0,0.0,0.0,0.0,0.0
2021-01-13,46091.96,45922.04,46314.15,45922.04,0.37,79.85779269039088,45016.12573896271,44038.76720728645,977.358531676262,844.3019751368607,133.0565565394012,0.0037001840510568,0.0032088614255118,0.006915955753005,Bull,False,True,False,76.72352883,0.0,0.0,0.0,0.0,0.0,0.0,0.0
2021-01-14,45989.35,46091.96,46272.58,45852.83,-0.22,77.60331286011332,45165.85254835307,44183.25482156152,982.597726791544,871.9611254677975,110.63660132374662,-0.0022262017063279,0.0029711376104274,0.0070214891813088,Bull,False,True,False,76.72352883,0.0,0.0,0.0,0.0,0.0,0.0,0.0
2021-01-15,45931.0,45989.35,46177.38,45875.21,-0.13,76.2844461509229,45283.56754091414,44312.71742737178,970.8501135423576,891.7389230827096,79.11119045964801,-0.0012687720091716,0.0024389510639843,0.0069131010330066,Bull,False,True,False,76.72352883,0.0,0.0,0.0,0.0,0.0,0.0,0.0
2021-01-18,45726.68,45931.0,46047.56,45714.17,-0.44,71.6899924248483,45351.73868846581,44417.45539571461,934.283292751199,900.2477970164075,34.03549573479154,-0.0044484117480568,0.0022463933700285,0.0070543155304837,Bull,False,True,False,76.72352883,0.0,0.0,0.0,0.0,0.0,0.0,0.0
2021-01-19,45903.23,45726.68,45978.0,45596.81,0.39,73.19243138195361,45436.58350562492,44527.51277380982,909.0707318150962,902.0123839761452,7.058347838950908,0.0038609844405936,0.0029044458899134,0.0065136678301227,Bull,False,True,False,76.72352883,0.0,0.0,0.0,0.0,0.0,0.0,0.0
2021-01-20,45676.94,45903.23,45903.23,45545.43,-0.49,68.19666296180914,45473.56142783648,44612.6555313054,860.905896531076,893.7910864871315,-32.885189956055456,-0.0049297184533637,0.0031504397335983,0.006085478001348,Bull,False,True,False,76.72352883,0.0,0.0,0.0,0.0,0.0,0.0,0.0
2021-01-21,45984.46,45676.94,46143.53,45676.94,0.67,71.08502502280955,45552.16120816933,44714.27067713463,837.8905310346963,882.6109753966446,-44.72044436194824,0.0067325000317446,0.003276422820381,0.0061345133985542,Bull,False,True,False,76.72352883,0.0,0.0,0.0,0.0,0.0,0.0,0.0
2021-01-22,45868.04,45984.46,46116.85,45690.5,-0.25,68.54694136179637,45600.75794537405,44799.73507142095,801.022873953094,866.2933551079345,-65.27048115484058,-0.0025317248479159,0.0027679758613538,0.0061753352716327,Bull,False,True,False,76.72352883,0.0,0.0,0.0,0.0,0.0,0.0,0.0
2021-01-25,46087.64,45868.04,46189.02,45868.04,0.48,70.67395709590636,45675.66287685496,44895.13543650089,780.5274403540752,849.1401721571626,-68.6127318030874,0.0047876473466055,0.0027108023126175,0.0061497487112422,Bull,False,True,False,76.72352883,0.0,0.0,0.0,0.0,0.0,0.0,0.0
2021-01-26,46287.38,46087.64,46398.01,46087.64,0.43,72.4958523392452,45769.77320349267,44998.26466342675,771.5085400659154,833.6138457389133,-62.105305672997815,0.0043339168592706,0.003406876407495,0.0054302420874592,Bull,False,True,False,76.72352883,0.0,0.0,0.0,0.0,0.0,0.0,0.0
2021-01-27,46458.13,46287.38,46698.33,46287.38,0.37,73.9838210462308,45875.67424910918,45106.40283650625,769.2714126029314,820.7453591117169,-51.4739465087855,0.0036889104546422,0.003083629853719,0.0051947913771319,Bull,False,True,False,76.72352883,0.0,0.0,0.0,0.0,0.0,0.0,0.0
2021-01-28,46166.05,46458.13,46645.17,46110.92,-0.63,67.27880717266872,45920.34744155392,45184.89521898727,735.4522225666587,803.6867318027053,-68.2345092360465,-0.0062869512828001,0.0026999147040837,0.0055947201452059,Bull,False,True,False,76.72352883,0.0,0.0,0.0,0.0,0.0,0.0,0.0
2021-01-29,46385.54,46166.05,46656.98,46166.05,0.48,69.51470007474185,45991.91552746871,45273.83186943265,718.0836580360556,786.5661170493754,-68.48245901331984,0.0047543595347663,0.0021612481539364,0.0047494191015424,Bull,False,True,False,76.72352883,0.0,0.0,0.0,0.0,0.0,0.0,0.0
2021-02-01,46248.45,46385.54,46762.64,46188.25,-0.3,66.46007159762996,46031.3823693966,45346.02580503024,685.3565643663605,766.3242065127724,-80.96764214641189,-0.0029554468914235,0.0017302968595331,0.0048056026553022,Bull,False,True,False,45.78167185,0.0,0.0,0.0,0.0,0.0,0.0,0.0
2021-02-02,46580.34,46248.45,46642.72,46248.45,0.72,69.90762699455567,46115.83738948943,45437.45648613911,678.3809033503203,748.735545880282,-70.35464252996167,0.0071762405010329,0.00212942310952,0.004914107203933,Bull,False,True,False,45.78167185,0.0,0.0,0.0,0.0,0.0,0.0,0.0
2021-02-03,46933.63,46580.34,47123.82,46580.34,0.76,73.07975034167073,46241.65163726029,45548.28415383252,693.3674834277772,737.6619333897811,-44.29444996200391,0.0075845302975461,0.0019453963701733,0.0046137179090729,Bull,False,True,False,45.78167185,0.0,0.0,0.0,0.0,0.0,0.0,0.0
2021-02-04,46905.79,46933.63,47339.21,46746.58,-0.06,72.43179444836545,46343.82676998948,45648.84014243752,694.9866275519598,729.1268722222169,-34.14024467025706,-0.0005931780686896,0.0017041034421179,0.0046139930869879,Bull,False,True,False,45.78167185,0.0,0.0,0.0,0.0,0.0,0.0,0.0
2021-02-08,46721.87,46905.79,47074.16,46659.24,-0.39,68.13389717772722,46401.98726691418,45728.32383559029,673.6634313238828,718.0341840425501,-44.37075271866729,-0.0039210511111741,0.0011664441572815,0.0046115063307799,Bull,False,True,False,45.78167185,0.0,0.0,0.0,0.0,0.0,0.0,0.0
2021-02-09,46674.77,46721.87,46990.92,46628.97,-0.1,67.03687059676021,46443.953841235074,45798.4309588799,645.5228823551734,703.5319237050747,-58.0090413499014,-0.0010080932120226,0.0011696160022218,0.004609907550571,Bull,False,True,False,45.78167185,0.0,0.0,0.0,0.0,0.0,0.0,0.0
2021-02-10,46644.29,46674.77,46845.44,46341.76,-0.07,66.2929950216236,46474.77478873737,45861.087184148055,613.687604589315,685.5630598819228,-71.87545529260774,-0.0006530294632409,0.0007898347361535,0.0044181668545986,Bull,False,True,False,45.78167185,0.0,0.0,0.0,0.0,0.0,0.0,0.0
2021-02-11,46055.52,46644.29,46935.32,45960.44,-1.26,53.86017328678532,46410.27405200855,45875.4896149519,534.7844370566527,655.4073353168687,-120.62289826021606,-0.0126225525139305,-2.630209209578127e-05,0.0052764829839051,Bull,False,True,False,45.78167185,0.0,0.0,0.0,0.0,0.0,0.0,0.0
2021-02-12,45808.36,46055.52,46358.08,45731.88,-0.54,49.650549161214784,46317.67189016108,45870.51705088139,447.1548392796904,613.7568361094332,-166.6019968297428,-0.0053665662661065,-0.0001833203200847,0.0053908789907558,Bear,True,False,False,45.78167185,0.0,0.0,0.0,0.0,0.0,0.0,0.0
2021-02-15,46375.59,45808.36,46507.42,45808.36,1.24,57.801971941552665,46326.58236859784,45907.92986192721,418.6525066706308,574.7359702216727,-156.08346355104186,0.012382674254219,0.0004992519930848,0.0060679393215249,Bull,False,True,False,45.78167185,0.0,0.0,0.0,0.0,0.0,0.0,0.0
2021-02-16,46867.95,46375.59,46884.53,46375.59,1.06,63.348693836901056,46409.86969650586,45979.04246474741,430.8272317584488,545.9542225290279,-115.12699077057914,0.0106167921529407,0.0012525121881347,0.0063499485640122,Bull,False,True,False,45.78167185,0.0,0.0,0.0,0.0,0.0,0.0,0.0
2021-02-17,46768.14,46867.95,47305.86,46726.85,-0.21,61.58155424683927,46464.98820473573,46037.49413402538,427.4940707103451,522.2621921652914,-94.76812145494624,-0.0021296002918838,0.0009529829515108,0.0063617081892168,Bull,False,True,False,45.78167185,0.0,0.0,0.0,0.0,0.0,0.0,0.0
2021-02-18,46142.74,46768.14,46817.51,46120.61,-1.34,51.82604841189036,46415.4115578533,46045.29012409758,370.12143375572487,491.8340404833781,-121.71260672765322,-0.013372351348589,0.0005308513067495,0.007018773378705,Bull,False,True,False,45.78167185,0.0,0.0,0.0,0.0,0.0,0.0,0.0
2021-02-19,46227.65,46142.74,46378.35,46137.2,0.18,52.91661569926364,46386.52516433741,46058.79826305331,327.72690128409886,459.0126126435223,-131.28571135942343,0.0018401594703738,0.000286234278681,0.0068750406936266,Bull,False,True,False,45.78167185,0.0,0.0,0.0,0.0,0.0,0.0,0.0
2021-02-22,45890.04,46227.65,46402.73,45763.05,-0.73,48.24042254057535,46310.14283136242,46046.29765097528,263.84518038713577,419.97912619224496,-156.1339458051092,-0.0073032049000977,4.7660276071936905e-05,0.0070583203927079,Bear,True,False,False,45.78167185,0.0,0.0,0.0,0.0,0.0,0.0,0.0
2021-02-23,45728.75,45890.04,46083.66,45663.03,-0.35,46.1425513970492,46220.69778038359,46022.7756027549,197.92217762869404,375.5677364795348,-177.64555885084076,-0.003514706023355,-0.000367457392426,0.0070088454308774,Bear,True,False,False,45.78167185,0.0,0.0,0.0,0.0,0.0,0.0,0.0
2021-02-24,45362.58,45728.75,45887.77,45205.48,-0.8,41.7080241847908,46088.679660324575,45973.872224773055,114.80743555152004,323.4156762939319,-208.60824074241185,-0.0080074351474728,-0.0009845249927632,0.0071156065058657,Bear,True,False,False,45.78167185,0.0,0.0,0.0,0.0,0.0,0.0,0.0
2021-02-25,45965.62,45362.58,46004.68,45362.58,1.33,50.1968993168773,46069.747404890026,45973.260948863935,96.48645602609032,278.0298322403636,-181.54337621427328,0.0132937765003666,-0.000504281690477,0.0077440010229987,Bear,True,False,False,45.78167185,0.0,0.0,0.0,0.0,0.0,0.0,0.0
2021-02-26,45865.02,45965.63,46239.89,45753.07,-0.22,48.917109356931725,46038.25088106079,45965.24310079994,73.00778026085027,237.0254218444609,-164.01764158361067,-0.0021885922565605,-0.000299363739165,0.0076364061958542,Bear,True,False,False,45.78167185,0.0,0.0,0.0,0.0,0.0,0.0,0.0
2021-03-01,45593.43,45865.02,46009.38,45092.8,-0.59,45.54137384142973,45969.81689935913,45937.701389629576,32.115509729555924,196.04343942148,-163.92792969192402,-0.0059215061936088,-0.0008331570255838,0.007637679978307,Bear,True,False,False,84.94028423,0.0,0.0,0.0,0.0,0.0,0.0,0.0
2021-03-02,45964.27,45593.43,46077.92,45535.87,0.81,50.55851808778511,45968.96353022696,45939.6694348422,29.294095384757384,162.69357061413544,-133.39947522937806,0.0081336280249149,-0.0002787032797669,0.00787434105618,Bear,True,False,False,84.94028423,0.0,0.0,0.0,0.0,0.0,0.0,0.0
2021-03-03,46160.78,45964.27,46189.25,45923.57,0.43,53.02803174181254,45998.47375634589,45956.04799522426,42.42576112163079,138.6400087156345,-96.21424759400372,0.0042752772969092,-0.000423751439973,0.0077556141541537,Bear,True,False,False,84.94028423,0.0,0.0,0.0,0.0,0.0,0.0,0.0
2021-03-04,45278.53,46160.78,46160.78,45087.63,-1.91,42.71297792178592,45887.71317844653,45905.8614770595,-18.14829861297767,107.28234724991208,-125.43064586288976,-0.0191125453252739,-0.001758605221114,0.0085604451907514,Bear,True,False,False,84.94028423,0.0,0.0,0.0,0.0,0.0,0.0,0.0
2021-03-05,45837.35,45278.54,45946.69,45168.21,1.23,49.42381936193869,45879.96499714706,45900.78655283288,-20.82155568581948,81.66156666276578,-102.48312234858524,0.0123418317688317,-0.001111854729238,0.009123254250593,Bear,True,False,False,84.94028423,0.0,0.0,0.0,0.0,0.0,0.0,0.0
2021-03-08,45051.05,45837.35,46432.39,44867.62,-1.72,41.97317883601269,45752.439612970586,45837.84310447489,-85.4034915043012,48.24855502935238,-133.6520465336536,-0.0171541330377954,-0.001773508825569,0.009792986159415,Bear,True,False,False,84.94028423,0.0,0.0,0.0,0.0,0.0,0.0,0.0
2021-03-09,44222.91,45051.06,45129.55,43946.3,-1.84,35.8443416482496,45517.12736482127,45718.21843006934,-201.0910652480743,-1.6193690261329508,-199.47169622194136,-0.0183822574612578,-0.0026422170380308,0.0104688022022968,Bear,True,False,False,84.94028423,0.0,0.0,0.0,0.0,0.0,0.0,0.0
2021-03-10,43691.68,44222.91,44424.04,43620.84,-1.2,32.559960117809325,45236.28930869492,45568.10447228642,-331.81516359150555,-67.65852793920747,-264.15663565229806,-0.0120125518650854,-0.003210193158123,0.0106615762179426,Bear,True,False,False,84.94028423,0.0,0.0,0.0,0.0,0.0,0.0,0.0
2021-03-11,42779.76,43691.68,43891.0,42689.42,-2.09,27.84350479034392,44858.36172274186,45361.56043730224,-503.19871456038527,-154.76656526344303,-348.43214929694227,-0.0208717082977811,-0.0036226509473156,0.0111912774337808,Bear,True,False,False,84.94028423,0.0,0.0,0.0,0.0,0.0,0.0,0.0
2021-03-12,43788.08,42779.76,43986.18,42779.76,2.36,38.4586346718551,44693.70299616619,45245.006330835415,-551.3033346692246,-234.07391914459936,-317.2294155246252,0.0235700247032708,-0.0021758213988467,0.0127200280845221,Bear,True,False,False,84.94028423,0.0,0.0,0.0,0.0,0.0,0.0,0.0
2021-03-15,44766.59,43788.08,44839.19,43788.08,2.23,46.659481248880304,44704.9163813714,45209.56808410687,-504.6517027354712,-288.18947586277375,-216.46222687269744,0.0223464924700966,-0.0016776304880528,0.0134919339901257,Bear,True,False,False,84.94028423,0.0,0.0,0.0,0.0,0.0,0.0,0.0
2021-03-16,44857.06,44766.59,44910.93,44545.43,0.2,47.35795218686994,44728.32309192964,45183.45637417303,-455.13328224339057,-321.5782371388971,-133.55504510449344,0.0020209267670376,-0.002107423757348,0.0132137197951927,Bear,True,False,False,84.94028423,0.0,0.0,0.0,0.0,0.0,0.0,0.0
2021-03-17,45450.31,44857.06,45540.63,44857.06,1.32,51.8138119754737,44839.39800086354,45203.22330941947,-363.8253085559263,-330.02765142230294,-33.797657133623375,0.0132253429003148,-0.001339676597738,0.0136511999727985,Bear,True,False,False,84.94028423,0.0,0.0,0.0,0.0,0.0,0.0,0.0
2021-03-18,44724.09,45450.31,45612.95,44641.49,-1.6,46.61246362994305,44821.65830842299,45167.73195316618,-346.07364474318456,-333.2368500864793,-12.836794656705251,-0.0159783288606832,-0.0014699754733427,0.0137838869999594,Bear,True,False,False,84.94028423,0.0,0.0,0.0,0.0,0.0,0.0,0.0
2021-03-19,44901.31,44724.09,45172.33,44393.28,0.4,47.984705504018905,44833.91241481946,45147.99699367239,-314.0845788529259,-329.40639583976866,15.321816986842748,0.0039625177393212,-0.0013638575598954,0.013818837342849,Bear,True,False,False,84.94028423,0.0,0.0,0.0,0.0,0.0,0.0,0.0
2021-03-22,45407.33,44901.31,45465.13,44735.59,1.13,51.79470701293633,44922.13050484724,45167.20684599295,-245.0763411457156,-312.5403849009581,67.46404375524253,0.0112696043834801,-0.0004352170957165,0.0140212734917287,Bear,True,False,False,84.94028423,0.0,0.0,0.0,0.0,0.0,0.0,0.0
2021-03-24,45544.19,45407.33,45593.61,45258.99,0.3,52.80167169737343,45017.83196563997,45195.13152406755,-177.29955842757772,-285.492219606282,108.19266117870428,0.0030140508151437,-0.0001087792537915,0.0140218045614675,Bear,True,False,False,84.94028423,0.0,0.0,0.0,0.0,0.0,0.0,0.0
2021-03-25,45726.16,45544.2,46000.11,45544.2,0.4,54.17240977341424,45126.80550938766,45234.4669667292,-107.6614573415427,-249.9260671533341,142.26460981179144,0.0039954602332372,0.0004913655152439,0.0139224574396225,Bear,True,False,False,84.94028423,0.0,0.0,0.0,0.0,0.0,0.0,0.0
2021-03-26,45521.63,45726.16,45757.56,45436.91,-0.45,52.33272621945076,45187.54773871264,45255.73830252704,-68.19056381440168,-213.57896648554765,145.38840267114597,-0.0044729319059375,-0.0003969699050712,0.0136262543169198,Bear,True,False,False,84.94028423,0.0,0.0,0.0,0.0,0.0,0.0,0.0
2021-03-29,44431.8,45521.63,45521.63,44315.43,-2.39,43.79773553299557,45071.27885583377,45194.70583567319,-123.42697983941616,-195.54856915632132,72.12158931690522,-0.0239409265441504,-0.0014845866194507,0.0146094257762127,Bear,True,False,False,84.94028423,0.0,0.0,0.0,0.0,0.0,0.0,0.0
2021-03-30,44491.03,44431.8,44808.63,44199.26,0.13,44.329140095718,44982.00980109011,45142.5816996974,-160.5718986072825,-188.55323504651363,27.981336439231143,0.0013330542539351,-0.0011218585970735,0.0145835027940228,Bear,True,False,False,84.94028423,0.0,0.0,0.0,0.0,0.0,0.0,0.0
2021-03-31,44587.85,44491.03,45133.25,44477.9,0.22,45.24060125141055,44921.369831691634,45101.49046268278,-180.12063099114312,-186.8667142354396,6.746083244296415,0.0021761689940646,-0.001419731548616,0.0144446874382737,Bear,True,False,False,84.94028423,0.0,0.0,0.0,0.0,0.0,0.0,0.0
2021-04-01,44428.1,44587.85,44877.46,44334.22,-0.36,43.96167661234891,44845.482165277535,45051.60968766924,-206.12752239170368,-190.7188758666924,-15.408646525011306,-0.0035828146008385,-0.0018126361435034,0.0143883893812183,Bear,True,False,False,86.13588666,0.0,0.0,0.0,0.0,0.0,0.0,0.0
2021-04-02,44300.95,44428.1,44609.28,44197.9,-0.29,42.92162960255872,44761.70798600407,44996.00526636041,-234.2972803563389,-199.43455676462168,-34.86272359171721,-0.0028619274738285,-0.0010001052509312,0.0138071287008908,Bear,True,False,False,86.13588666,0.0,0.0,0.0,0.0,0.0,0.0,0.0
2021-04-05,43548.21,44300.95,44431.24,43471.19,-1.7,37.29618956720111,44575.01598815728,44888.76117255593,-313.74518439864914,-222.2966822914272,-91.44850210722196,-0.0169915092114276,-0.0024667722999441,0.0138730991658251,Bear,True,False,False,86.13588666,0.0,0.0,0.0,0.0,0.0,0.0,0.0
2021-04-06,44404.7,43548.21,44478.24,43548.21,1.97,45.97287994912745,44548.813528440776,44852.90478940364,-304.0912609628649,-238.6555980257147,-65.4356629371502,0.0196676281298358,-0.0006256842415626,0.0142592827401353,Bear,True,False,False,86.13588666,0.0,0.0,0.0,0.0,0.0,0.0,0.0
2021-04-07,43953.58,44404.7,44571.91,43758.05,-1.02,42.62707821912846,44457.23913944989,44786.28813833671,-329.04899888681393,-256.73427819793454,-72.31472068887939,-0.0101592849405579,-0.0002145356155276,0.013832510383964,Bear,True,False,False,86.13588666,0.0,0.0,0.0,0.0,0.0,0.0,0.0
2021-04-08,44741.36,43953.58,44759.37,43953.58,1.79,49.53414533255578,44500.95004107298,44782.96012808954,-282.01008701656247,-261.7894399616601,-20.220647054902315,0.0179229996737466,0.0012822419614139,0.0141056141558771,Bull,False,True,False,86.13588666,0.0,0.0,0.0,0.0,0.0,0.0,0.0
2021-04-09,45186.48,44741.36,45249.61,44741.36,0.99,52.97873768630932,44606.41618860022,44812.8504889718,-206.434300371584,-250.7184120436449,44.28411167206096,0.009948736471131,0.0028232641998595,0.0132132594643799,Bull,False,True,False,86.13588666,0.0,0.0,0.0,0.0,0.0,0.0,0.0
2021-04-12,44978.05,45186.48,45267.06,44758.34,-0.46,51.21589809062194,44663.59062112327,44825.087489788704,-161.49686866543925,-232.8741033680038,71.37723470256455,-0.004612662902709,0.0014141298195605,0.0123594541572572,Bull,False,True,False,86.13588666,0.0,0.0,0.0,0.0,0.0,0.0,0.0
2021-04-13,45048.57,45009.78,45133.41,44887.03,0.16,51.80027428500837,44722.81821787354,44841.64174980435,-118.82353193081508,-210.06398908056607,91.240457149751,0.0015678758861266,0.000375198990362,0.011338426328672,Bear,True,False,False,86.13588666,0.0,0.0,0.0,0.0,0.0,0.0,0.0
2021-04-14,45311.22,45048.57,45347.4,45048.57,0.58,54.00994672568772,44813.34156896992,44876.42532389292,-63.0837549229982,-180.6679422490525,117.58418732605432,0.0058303737499325,0.0005656713395068,0.0113993611040511,Bear,True,False,False,86.13588666,0.0,0.0,0.0,0.0,0.0,0.0,0.0
2021-04-15,45230.18,45311.22,45447.49,45174.89,-0.18,53.199549404548414,44877.47055835916,44902.62937397492,-25.15881561575952,-149.56611692239392,124.4073013066344,-0.001788519488109,-0.0001850217799143,0.0110094872132244,Bear,True,False,False,86.13588666,0.0,0.0,0.0,0.0,0.0,0.0,0.0
2021-04-16,45305.63,45230.18,45471.35,45230.18,0.17,53.89318892411082,44943.34124168852,44932.481272199,10.859969489516516,-117.48089964001184,128.34086912952836,0.0016681339760309,0.0006973013619213,0.0103654362907157,Bull,False,True,False,86.13588666,0.0,0.0,0.0,0.0,0.0,0.0,0.0
2021-04-19,44913.57,45305.63,45305.63,44611.83,-0.87,49.76564760881495,44938.76105065952,44931.080437221295,7.680613438220462,-92.44859702436536,100.12921046258585,-0.0086536706365191,6.649194312933205e-05,0.0105387099712602,Bear,True,False,False,86.13588666,0.0,0.0,0.0,0.0,0.0,0.0,0.0
2021-04-20,45399.78,44913.57,45558.13,44913.57,1.08,54.42709020559607,45009.68704286575,44965.798923353046,43.88811951270327,-65.18125371695164,109.06937322965491,0.0108254587644669,4.4284662178673e-05,0.0105142998484355,Bear,True,False,False,86.13588666,0.0,0.0,0.0,0.0,0.0,0.0,0.0
2021-04-21,45306.54,45399.78,45626.88,45226.18,-0.21,53.40367066928373,45055.35672857872,44991.03900310467,64.31772547404398,-39.28145787875252,103.5991833527965,-0.002053754445506,-0.0002091056008538,0.0105000191712594,Bear,True,False,False,86.13588666,0.0,0.0,0.0,0.0,0.0,0.0,0.0
2021-04-22,44929.61,45306.54,45496.82,44882.75,-0.83,49.362743711044274,45036.01107802814,44986.4887065784,49.52237144974061,-21.520692013053896,71.04306346279449,-0.0083195494513595,-0.0008248560850836,0.0106010813792048,Bear,True,False,False,86.13588666,0.0,0.0,0.0,0.0,0.0,0.0,0.0
2021-04-23,44706.76,44929.61,44929.61,44363.4,-0.5,47.09386717765753,44985.35706602381,44965.76806164666,19.58900437715056,-13.298752735013004,32.88775711216356,-0.0049599807343085,-0.0008492085265022,0.0106104579483585,Bear,True,False,False,86.13588666,0.0,0.0,0.0,0.0,0.0,0.0,0.0
2021-04-26,45682.77,44706.76,45952.45,44389.68,2.18,56.519890569057786,45092.65136355861,45018.8793163395,73.77204721910675,4.115407255810947,69.6566399632958,0.0218313740472357,0.0014394065030671,0.0102994142639021,Bull,False,True,False,86.13588666,0.0,0.0,0.0,0.0,0.0,0.0,0.0
2021-04-27,45292.87,45682.77,45937.68,45169.8,-0.85,52.49611877408138,45123.45423070344,45039.17492253657,84.27930816686421,20.1481874380216,64.1311207288426,-0.0085349465454918,0.0009460064630957,0.0105383717042392,Bull,False,True,False,86.13588666,0.0,0.0,0.0,0.0,0.0,0.0,0.0
2021-04-28,45059.12,45292.87,45588.94,45020.83,-0.52,50.18923520711712,45113.55665674906,45040.65233568201,72.90432106704975,30.699414163827235,42.20490690322252,-0.0051608564438508,0.0005791551911999,0.0106206778526739,Bear,True,False,False,86.13588666,0.0,0.0,0.0,0.0,0.0,0.0,0.0
2021-04-29,44863.11,45059.12,45143.34,44781.3,-0.44,48.273571789122,45075.02640186459,45027.50105155742,47.52535030717263,34.064601392496314,13.460748914676316,-0.0043500627619892,0.0005407927831424,0.0106378740618218,Bear,True,False,False,86.13588666,0.0,0.0,0.0,0.0,0.0,0.0,0.0
2021-04-30,44262.35,44863.11,45056.9,44151.69,-1.34,42.87233486894693,44949.99926311619,44970.82319588649,-20.823932770304964,23.08689455993606,-43.91082733024102,-0.0133909575149828,1.4341281084723213e-05,0.011067008971881,Bear,True,False,False,86.13588666,0.0,0.0,0.0,0.0,0.0,0.0,0.0
2021-05-03,44076.2,44262.35,44326.01,43630.07,-0.42,41.32925609432121,44815.56860725216,44904.55481100601,-88.98620375385508,0.6722748971778323,-89.65847865103291,-0.0042056058930445,0.0006536364470038,0.0103809798267023,Bull,False,True,False,67.64220543,0.0,0.0,0.0,0.0,0.0,0.0,0.0
2021-05-04,44563.59,44076.2,44620.41,44076.2,1.11,46.73495120942424,44776.8026676749,44879.298158338905,-102.49549066400505,-19.961278215058744,-82.5342124489463,0.0110578951906017,0.0002231498000421,0.0097076758731653,Bear,True,False,False,67.64220543,0.0,0.0,0.0,0.0,0.0,0.0,0.0
2021-05-05,44943.61,44563.59,45173.61,44563.59,0.85,50.559885210367895,44802.46533418645,44884.06199846196,-81.5966642755011,-32.288355427147216,-49.30830884835388,0.0085275894513885,0.0011574935196395,0.0095538618517476,Bull,False,True,False,67.64220543,0.0,0.0,0.0,0.0,0.0,0.0,0.0
2021-05-06,45174.67,44943.61,45243.83,44889.59,0.51,52.78017171324659,44859.72759046547,44905.5885170944,-45.860926628934976,-35.00286966750477,-10.858056961430208,0.0051411090475375,0.000518398988329,0.0087685664946023,Bull,False,True,False,67.64220543,0.0,0.0,0.0,0.0,0.0,0.0,0.0
2021-05-17,45796.31,45174.67,45806.98,45174.67,1.38,58.216805226781474,45003.81719193232,44971.56788619852,32.2493057337997,-21.55243458724388,53.80174032104358,0.0137608088780725,0.0007090026086761,0.0090221101770263,Bull,False,True,False,67.64220543,0.0,0.0,0.0,0.0,0.0,0.0,0.0
2021-05-18,45981.82,45796.31,46033.92,45618.78,0.41,59.70767940337775,45154.27916240427,45046.40137610975,107.87778629452804,4.333609589110509,103.54417670541754,0.0040507630418258,0.0011421739059028,0.0089609252941056,Bull,False,True,False,67.64220543,0.0,0.0,0.0,0.0,0.0,0.0,0.0
2021-05-19,45682.11,45981.82,45981.82,45612.88,-0.65,56.217638331828816,45235.48390664977,45093.49090380532,141.99300284445053,31.865488240178514,110.12751460427202,-0.006518010813839,0.0007378795709045,0.0091216734094442,Bull,False,True,False,67.64220543,0.0,0.0,0.0,0.0,0.0,0.0,0.0
2021-05-20,45574.07,45682.11,45831.12,45518.74,-0.24,54.97026571162282,45287.574074857504,45129.0893553753,158.48471948220686,57.18933448858418,101.29538499362268,-0.0023650396183538,0.0003281089024902,0.0090647668431723,Bear,True,False,False,67.64220543,0.0,0.0,0.0,0.0,0.0,0.0,0.0
2021-05-21,45914.98,45574.07,45948.11,45560.13,0.75,58.12740224338099,45384.09806334096,45187.30347719935,196.7945861416156,85.11038481919047,111.68420132242512,0.0074803501201452,0.0007915523829029,0.0091869724753712,Bull,False,True,False,67.64220543,0.0,0.0,0.0,0.0,0.0,0.0,0.0
2021-05-24,46097.11,45914.98,46314.83,45914.98,0.4,59.75098944094715,45493.79220744236,45254.69655296236,239.0956544799992,115.90743875135225,123.18821572864698,0.0039666792841899,0.0009064796483109,0.0092128562118508,Bull,False,True,False,67.64220543,0.0,0.0,0.0,0.0,0.0,0.0,0.0
2021-05-25,46300.66,46097.11,46369.19,46048.84,0.44,61.54558356160756,45617.92571398968,45332.175326817,285.75038717268035,149.87602843561783,135.8743587370625,0.0044156781195177,0.0015599470861127,0.0089590744312267,Bull,False,True,False,67.64220543,0.0,0.0,0.0,0.0,0.0,0.0,0.0
2021-05-26,46812.31,46300.66,46856.27,46300.66,1.11,65.68706274911003,45801.677142606655,45441.81493223796,359.8622103686939,191.87326482223307,167.98894554646083,0.0110505984147957,0.0015712040686292,0.0089714620653456,Bull,False,True,False,67.64220543,0.0,0.0,0.0,0.0,0.0,0.0,0.0
2021-05-27,46790.75,46812.31,47204.13,46675.69,-0.05,65.36759119024717,45953.842197590246,45541.73604836848,412.1061492217632,235.9198417021391,176.18630751962408,-0.0004605626169696,0.001650863660056,0.0089446141949518,Bull,False,True,False,67.64220543,0.0,0.0,0.0,0.0,0.0,0.0,0.0
2021-05-28,47126.29,46790.75,47246.5,46698.23,0.72,67.9778472370154,46134.21878257636,45659.110415156,475.1083674203619,283.7575468457837,191.35082057457825,0.0071710754796621,0.0024253949066071,0.0087032418845463,Bull,False,True,False,67.64220543,0.0,0.0,0.0,0.0,0.0,0.0,0.0
2021-05-31,47896.34,47126.29,47979.68,47126.29,1.63,73.0061805522495,46405.314354487695,45824.83112514444,580.4832293432555,343.102683345278,237.3805459979775,0.0163401362594,0.0034904007562925,0.0090483306720891,Bull,False,True,False,67.64220543,0.0,0.0,0.0,0.0,0.0,0.0,0.0
2021-06-01,48191.26,47896.34,48226.56,47896.34,0.62,74.64810775062003,46680.07522302805,46000.12215291152,679.9530701165277,410.472760699528,269.4803094169997,0.00615746422378,0.0027067052651197,0.0079934572748781,Bull,False,True,False,73.98625387,0.0,0.0,0.0,0.0,0.0,0.0,0.0
2021-06-02,48126.9,48191.26,48286.46,47960.46,-0.13,73.59604766564908,46902.6636502545,46157.661252695856,745.0023975586446,477.37868807135135,267.62370948729324,-0.0013355118749748,0.0030666769986455,0.0076136477732896,Bull,False,True,False,73.98625387,0.0,0.0,0.0,0.0,0.0,0.0,0.0
2021-06-03,48093.53,48126.9,48434.4,48010.32,-0.07,73.02140642832674,47085.87385790766,46301.058937681344,784.8149202263157,538.8659345023443,245.94898572397145,-0.0006933752225887,0.0032900510597087,0.007422699121204,Bull,False,True,False,73.98625387,0.0,0.0,0.0,0.0,0.0,0.0,0.0
2021-06-04,48211.7,48093.53,48426.53,48093.53,0.25,73.80151349409469,47259.07787976802,46442.5879052605,816.4899745075163,594.3907425033788,222.09923200413755,0.0024570872630891,0.0036304085609626,0.0072068622544558,Bull,False,True,False,73.98625387,0.0,0.0,0.0,0.0,0.0,0.0,0.0
2021-06-07,48302.66,48211.7,48632.95,48211.7,0.19,74.41478374435276,47419.62897518832,46580.37102338935,839.2579517989725,643.3641843624976,195.8937674364749,0.0018866789596716,0.0043942903846953,0.0060196248727229,Bull,False,True,False,73.98625387,0.0,0.0,0.0,0.0,0.0,0.0,0.0
2021-06-08,48147.98,48302.66,48409.88,48000.26,-0.32,71.35582566265222,47531.68297900551,46696.490206842,835.1927721635075,681.7299019226996,153.4628702408079,-0.0032023081130521,0.0044444552736949,0.0059479388335444,Bull,False,True,False,73.98625387,0.0,0.0,0.0,0.0,0.0,0.0,0.0
2021-06-09,47777.62,48147.98,48311.92,47725.94,-0.77,64.51726297929471,47569.51944377388,46776.57389522408,792.9455485498038,703.9730312481205,88.9725173016833,-0.0076921191709392,0.0035069545556179,0.0063169040167167,Bull,False,True,False,73.98625387,0.0,0.0,0.0,0.0,0.0,0.0,0.0
2021-06-10,48251.49,47777.62,48287.52,47777.62,0.99,68.65635194703043,47674.43799088559,46885.82694002229,788.6110508632992,720.9006351711563,67.71041569214287,0.0099182420555898,0.0035764871858279,0.0063823910207334,Bull,False,True,False,73.98625387,0.0,0.0,0.0,0.0,0.0,0.0,0.0
2021-06-11,48304.72,48251.49,48531.4,48245.4,0.11,69.09249952795533,47771.40445382628,46990.930129650274,780.4743241760007,732.8153729721253,47.65895120387541,0.0011031783681707,0.0033745906518596,0.0063941476466581,Bull,False,True,False,73.98625387,0.0,0.0,0.0,0.0,0.0,0.0,0.0
2021-06-14,48726.08,48304.72,48976.09,48304.72,0.87,72.3700240878778,47918.27761477608,47119.45974967618,798.8178650999034,746.0158713976809,52.80199370222249,0.0087229570940479,0.0031226980626584,0.0060536194281887,Bull,False,True,False,73.98625387,0.0,0.0,0.0,0.0,0.0,0.0,0.0
2021-06-15,48632.56,48726.08,48841.47,48511.58,-0.19,70.5810419206004,48028.16721250284,47231.54124970017,796.6259628026746,756.1378896786797,40.48807312399492,-0.0019193007112413,0.002824194875005,0.0061518427680578,Bull,False,True,False,73.98625387,0.0,0.0,0.0,0.0,0.0,0.0,0.0
2021-06-16,48480.9,48632.56,48878.2,48431.96,-0.31,67.66004684163306,48097.818410579326,47324.08634231496,773.7320682643622,759.6567253958162,14.075342868545931,-0.0031184868738145,0.0029941710720062,0.0059228328948203,Bull,False,True,False,73.98625387,0.0,0.0,0.0,0.0,0.0,0.0,0.0
2021-06-17,48131.25,48480.9,48544.65,48115.84,-0.72,61.355637585936776,48102.96173202866,47383.87624288423,719.0854891444324,751.5424781455396,-32.45698900110722,-0.0072121185869074,0.0027518171235786,0.0062441195121193,Bull,False,True,False,73.98625387,0.0,0.0,0.0,0.0,0.0,0.0,0.0
2021-06-18,48238.67,48157.63,48411.87,48022.72,0.22,62.51134593609804,48123.83992710117,47447.19429896688,676.6456281342907,736.5631081432898,-59.91748000899906,0.0022318140501234,0.0024893903200775,0.0061444265010265,Bull,False,True,False,73.98625387,0.0,0.0,0.0,0.0,0.0,0.0,0.0
2021-06-21,48012.52,48238.67,48370.42,47963.97,-0.47,58.54194147544153,48106.71378447022,47489.07027682119,617.6435076490379,712.7791880444395,-95.13568039540156,-0.0046881474966038,0.0020566489810378,0.0063366724149773,Bull,False,True,False,73.98625387,0.0,0.0,0.0,0.0,0.0,0.0,0.0
2021-06-22,47987.14,48012.52,48154.56,47931.78,-0.05,58.09608703652346,48088.317817628646,47525.96433038999,562.353487238659,682.6940478832835,-120.34056064462447,-0.0005286121203386,0.001809434469045,0.0063362415590052,Bull,False,True,False,73.98625387,0.0,0.0,0.0,0.0,0.0,0.0,0.0
2021-06-23,47900.7,47987.14,48134.94,47873.14,-0.18,56.51732952300269,48059.45353799347,47553.72252813888,505.73100985459314,647.3014402775455,-141.5704304229523,-0.0018013159358944,0.0011668387515105,0.0059920605676349,Bull,False,True,False,73.98625387,0.0,0.0,0.0,0.0,0.0,0.0,0.0
2021-06-24,47962.54,47900.7,48118.23,47897.39,0.13,57.40904304513846,48044.54376291755,47584.00530383229,460.53845908526273,609.948844039089,-149.41038495382622,0.0012910040980613,0.001254417087262,0.0059798107239857,Bull,False,True,False,73.98625387,0.0,0.0,0.0,0.0,0.0,0.0,0.0
2021-06-25,47703.94,47962.54,48040.1,47476.38,-0.54,52.55537565589991,47992.14318400716,47592.88935540026,399.2538286068957,567.8098409526503,-168.55601234575465,-0.0053917077786121,0.0006262779243483,0.0059854100797817,Bull,False,True,False,73.98625387,0.0,0.0,0.0,0.0,0.0,0.0,0.0
2021-06-28,47002.35,47603.36,47662.35,46902.38,-1.47,42.14482864511665,47839.86730954452,47549.145699444685,290.7216100998339,512.3921947820871,-221.6705846822532,-0.0147071709380819,-0.0009260874355257,0.0057154918224246,Bear,True,False,False,73.98625387,0.0,0.0,0.0,0.0,0.0,0.0,0.0
2021-06-29,47137.77,47002.35,47508.77,46986.47,0.29,44.43284269671764,47731.85233884536,47518.67342541175,213.17891343361407,452.5495385123926,-239.3706250787785,0.0028811325391175,-0.0010899040197588,0.005546224847074,Bear,True,False,False,73.98625387,0.0,0.0,0.0,0.0,0.0,0.0,0.0
2021-06-30,47356.02,47137.77,47460.31,47137.77,0.46,48.001950628175926,47674.031979023,47506.62502352939,167.4069554936068,395.5210219086355,-228.11406641502867,0.0046300450785008,-0.000791626172085,0.0056908499596957,Bear,True,False,False,73.98625387,0.0,0.0,0.0,0.0,0.0,0.0,0.0
2021-07-01,47800.57,47356.02,47843.34,47356.02,0.94,54.42341825036585,47693.49936686561,47528.39872549018,165.1006413754294,349.4369458019943,-184.33630442656488,0.0093874020663053,-0.0002875873076403,0.0061295296939147,Bear,True,False,False,52.70717795,0.0,0.0,0.0,0.0,0.0,0.0,0.0
2021-07-02,47686.18,47800.57,48079.85,47637.76,-0.24,52.62259281287219,47692.37331042474,47540.08622730572,152.287083119023,310.0069732654,-157.719890146377,-0.0023930676977282,-0.0005300950556812,0.0061111423693882,Bear,True,False,False,52.70717795,0.0,0.0,0.0,0.0,0.0,0.0,0.0
2021-07-05,47429.12,47686.18,47739.5,47375.13,-0.54,48.721073372663234,47651.87280112863,47531.86650676456,120.00629436407326,272.00683748513467,-152.0005431210614,-0.0053906603548449,-0.000893962021407,0.0061759784016313,Bear,True,False,False,52.70717795,0.0,0.0,0.0,0.0,0.0,0.0,0.0
2021-07-06,47346.16,47429.12,47665.41,47242.52,-0.17,47.49716709194603,47604.84006249346,47518.110469226434,86.72959326702403,234.95138864151247,-148.22179537448852,-0.0017491363955308,-0.000821303435531,0.0061559075232454,Bear,True,False,False,52.70717795,0.0,0.0,0.0,0.0,0.0,0.0,0.0
2021-07-07,47247.92,47346.16,47375.36,47034.95,-0.21,46.022790071906456,47549.92928364831,47498.09636039485,51.83292325345974,198.327695563902,-146.49477231044227,-0.0020749306807564,-0.0005404440110218,0.0059506504878107,Bear,True,False,False,52.70717795,0.0,0.0,0.0,0.0,0.0,0.0,0.0
2021-07-08,48053.17,47247.92,48053.17,47247.92,1.7,57.63206730442222,47627.35093231779,47539.212926291526,88.13800602626725,176.2897576563751,-88.15175163010784,0.0170430782984731,-0.0001842021988777,0.0067669963846511,Bear,True,False,False,52.70717795,0.0,0.0,0.0,0.0,0.0,0.0,0.0
2021-07-09,47563.45,48053.17,48053.17,47544.08,-1.02,50.51620898966424,47617.52001965352,47541.00826508474,76.51175456877536,156.33415703885515,-79.8224024700798,-0.0101912111105261,-0.0007489216728125,0.0071161686848602,Bear,True,False,False,52.70717795,0.0,0.0,0.0,0.0,0.0,0.0,0.0
2021-07-12,47447.08,47563.45,47715.28,47407.85,-0.24,48.96895432392701,47591.29847816836,47534.05061581921,57.247862349155184,136.51689810091517,-79.26903575175999,-0.0024466265588386,-0.0013074008554568,0.0067632326933879,Bear,True,False,False,52.70717795,0.0,0.0,0.0,0.0,0.0,0.0,0.0
2021-07-13,47480.49,47447.08,47586.07,47439.89,0.07,49.447686054671934,47574.25101998862,47530.08316279556,44.16785719305335,118.04708991934282,-73.87923272628947,0.0007041529215285,-0.0011762281738183,0.0067761688234318,Bear,True,False,False,52.70717795,0.0,0.0,0.0,0.0,0.0,0.0,0.0
2021-07-14,47491.47,47480.49,47594.66,47442.19,0.02,49.61497597108388,47561.51547845191,47527.222928514406,34.2925499375051,101.2961819229753,-67.0036319854702,0.0002312528788139,-0.0010087411861869,0.0067670269098911,Bear,True,False,False,52.70717795,0.0,0.0,0.0,0.0,0.0,0.0,0.0
2021-07-15,47628.26,47491.47,47737.38,47388.42,0.29,51.75688376214149,47571.78386638239,47534.70715603186,37.07671035052772,88.45228760848578,-51.37557725795806,0.0028803067161324,-0.0005041199210349,0.0066554700920233,Bear,True,False,False,52.70717795,0.0,0.0,0.0,0.0,0.0,0.0,0.0
2021-07-16,47834.33,47628.26,47889.7,47627.61,0.43,54.86942606063122,47612.17557924664,47556.90144077024,55.274138476394,81.81665778206742,-26.542519305673423,0.0043266329695856,-0.0003993789750618,0.0067169925375908,Bear,True,False,False,52.70717795,0.0,0.0,0.0,0.0,0.0,0.0,0.0
2021-07-19,47873.26,47834.33,48006.44,47751.38,0.08,55.45413750889099,47652.34241320869,47580.33540812059,72.00700508809678,79.85472724327329,-7.847722155176513,0.000813850638234,-0.0001242790683199,0.0066443746596587,Bear,True,False,False,52.70717795,0.0,0.0,0.0,0.0,0.0,0.0,0.0
2021-07-23,47793.07,47873.26,47946.45,47686.5,-0.17,53.90489488489988,47673.99281117658,47596.09352603759,77.89928513899213,79.46363882241707,-1.5643536834249403,-0.0016750478241924,-0.0001816008535126,0.0066529861143481,Bear,True,False,False,52.70717795,0.0,0.0,0.0,0.0,0.0,0.0,0.0
2021-07-26,47672.68,47793.07,47930.54,47606.89,-0.25,51.57529114547698,47673.790840226335,47601.76659818295,72.02424204338604,77.97575946661087,-5.9515174232248285,-0.0025189844469083,-0.0002174842790633,0.0066641080787756,Bear,True,False,False,52.70717795,0.0,0.0,0.0,0.0,0.0,0.0,0.0
2021-07-27,47686.99,47672.68,47910.12,47616.73,0.03,51.84170625101912,47675.82148019151,47608.079442761984,67.74203742952523,75.92901505919374,-8.186977629668519,0.0003001719223671,-0.000267025887848,0.0066559816254388,Bear,True,False,False,52.70717795,0.0,0.0,0.0,0.0,0.0,0.0,0.0
2021-07-28,47318.03,47686.99,47870.56,47241.55,-0.77,44.97172284810296,47620.77663708512,47586.59429885369,34.18233823143237,67.57967969364148,-33.39734146220911,-0.00773712075348,-0.0003842965365914,0.0067706978622057,Bear,True,False,False,52.70717795,0.0,0.0,0.0,0.0,0.0,0.0,0.0
2021-07-29,47312.33,47318.03,47353.91,46955.1,-0.01,44.87279017831461,47573.3233083028,47566.27842486453,7.044883438262332,55.47272044256566,-48.42783700430333,-0.0001204614815958,0.0003450389362328,0.0058727332221003,Bull,False,True,False,52.70717795,0.0,0.0,0.0,0.0,0.0,0.0,0.0
2021-07-30,47055.29,47312.33,47642.79,46925.16,-0.54,40.54156058331941,47493.62587625621,47528.42743043012,-34.80155417390779,37.41786551927097,-72.21941969317876,-0.0054328332593216,-7.065935368911757e-05,0.0059770915715621,Bear,True,False,False,52.70717795,0.0,0.0,0.0,0.0,0.0,0.0,0.0
2021-08-02,47453.25,47055.29,47508.74,47047.14,0.85,48.78402317136244,47487.41420298602,47522.85873187974,-35.44452889372042,22.845386636672693,-58.28991553039311,0.0084572850363902,0.0001207026442053,0.0061928807790145,Bull,False,True,False,96.54296251,0.0,0.0,0.0,0.0,0.0,0.0,0.0
2021-08-03,47758.32,47453.25,47808.63,47453.25,0.64,54.04342003551091,47529.09201791124,47540.300307296064,-11.208289384820093,16.034651432374137,-27.242940817194228,0.0064288536612349,-2.722477604817364e-05,0.0059919554630815,Bear,True,False,False,96.54296251,0.0,0.0,0.0,0.0,0.0,0.0,0.0
2021-08-04,47789.88,47758.32,47980.12,47709.38,0.07,54.56324835311994,47569.2132459249,47558.7876919408,10.42555398409604,14.91283194271852,-4.487277958622478,0.0006608272652806,0.0001254699721022,0.0059673540125849,Bull,False,True,False,96.54296251,0.0,0.0,0.0,0.0,0.0,0.0,0.0
2021-08-05,47640.88,47789.88,47896.39,47582.77,-0.31,51.59594620508302,47580.23890039799,47564.86860364889,15.370296749104456,15.004324903995707,0.3659718451087475,-0.0031178149013975,0.0002391122447746,0.0058777451637189,Bull,False,True,False,96.54296251,0.0,0.0,0.0,0.0,0.0,0.0,0.0
2021-08-06,47489.95,47640.88,47752.77,47425.03,-0.32,48.70645069798518,47566.34830033676,47559.319077452674,7.029222884084447,13.409304500013455,-6.380081615929008,-0.0031680774998278,0.0001681651895597,0.005911474193153,Bull,False,True,False,96.54296251,0.0,0.0,0.0,0.0,0.0,0.0,0.0
2021-08-09,47123.62,47489.95,47625.42,47053.86,-0.77,42.48709897782401,47498.2362541311,47527.04507171544,-28.8088175843368,4.965680083143407,-33.7744976674802,-0.0077138426130158,-0.0001137804070531,0.0061536027834681,Bear,True,False,False,96.54296251,0.0,0.0,0.0,0.0,0.0,0.0,0.0
2021-08-10,47135.48,47123.62,47272.88,46928.16,0.03,42.74201175608746,47442.4275996494,47498.04025158837,-55.612651938972704,-7.149986321279815,-48.46266561769289,0.0002516784576396,-0.0009533503990948,0.0046518130094737,Bear,True,False,False,96.54296251,0.0,0.0,0.0,0.0,0.0,0.0,0.0
2021-08-11,47377.38,47135.48,47627.59,47135.48,0.51,47.82186053204329,47432.42027662641,47489.10245517441,-56.68217854799877,-17.056424766623607,-39.62575378137517,0.0051320152038336,-0.0001871890833768,0.0042987235681409,Bull,False,True,False,96.54296251,0.0,0.0,0.0,0.0,0.0,0.0,0.0
2021-08-12,47270.76,47377.38,47555.99,47175.0,-0.23,45.88938318302899,47407.549464837735,47472.92893997631,-65.37947513857216,-26.72103484101332,-38.65844029755884,-0.0022504410332524,-0.0001773798070975,0.004293517074158,Bull,False,True,False,96.54296251,0.0,0.0,0.0,0.0,0.0,0.0,0.0
2021-08-13,47169.84,47270.76,47320.31,47123.38,-0.21,44.073898224455846,47370.97877793962,47450.47790738547,-79.4991294458523,-37.27665376198112,-42.22247568387118,-0.0021349349999874,-0.0003193342031733,0.0043097404356197,Bear,True,False,False,96.54296251,0.0,0.0,0.0,0.0,0.0,0.0,0.0
2021-08-16,46912.79,47169.84,47173.03,46672.19,-0.54,39.75926546118989,47300.48819671814,47410.649173505066,-110.16097678692311,-51.85351836696952,-58.307458419953605,-0.0054494566867302,-0.0006033696814505,0.0044562485835471,Bear,True,False,False,96.54296251,0.0,0.0,0.0,0.0,0.0,0.0,0.0
2021-08-17,47258.45,46912.79,47274.52,46912.79,0.74,47.2390815594903,47294.02078183843,47399.37516065284,-105.35437881440885,-62.55369045645739,-42.80068835795146,0.0073681399038512,-0.0003789780220646,0.0047445636969748,Bear,True,False,False,96.54296251,0.0,0.0,0.0,0.0,0.0,0.0,0.0
2021-08-20,47599.82,47258.45,47644.34,47258.45,0.72,53.39376339389318,47341.06681540175,47414.222926530405,-73.15611112865736,-64.6741745908974,-8.481936537759964,0.0072234700884181,-0.000234136166123,0.0049361271203752,Bear,True,False,False,96.54296251,0.0,0.0,0.0,0.0,0.0,0.0,0.0
2021-08-23,48112.21,47599.82,48144.89,47599.82,1.08,60.78769757224261,47459.704228416864,47465.92567271334,-6.2214442964759655,-52.98362853201312,46.76218423553715,0.0107645365045498,0.0002633981271927,0.0055148764586801,Bull,False,True,False,96.54296251,0.0,0.0,0.0,0.0,0.0,0.0,0.0
2021-08-24,47828.71,48112.21,48114.95,47739.53,-0.59,55.53772834645326,47516.47434712196,47492.79858584569,23.675761276266712,-37.65175057035715,61.32751184662386,-0.0058924751118271,5.252676281105595e-05,0.0056713093852333,Bull,False,True,False,96.54296251,0.0,0.0,0.0,0.0,0.0,0.0,0.0
2021-08-25,47635.9,47828.71,47916.76,47617.93,-0.4,52.233633712991335,47534.84752448781,47503.39869059786,31.4488338899464,-23.83163367829644,55.28046756824284,-0.0040312607218551,-2.3087050936282384e-05,0.0057172939590026,Bull,False,True,False,96.54296251,0.0,0.0,0.0,0.0,0.0,0.0,0.0
2021-08-26,47363.27,47635.9,47759.5,47262.11,-0.57,47.89472216971984,47508.45098225891,47493.01878759061,15.432194668297598,-15.978868008977637,31.41106267727524,-0.005723204557907,-0.0003242558749499,0.0058563251638836,Bear,True,False,False,96.54296251,0.0,0.0,0.0,0.0,0.0,0.0,0.0
2021-08-27,47136.53,47363.27,47392.24,46869.1,-0.48,44.57813345084953,47451.23236960369,47466.61221073205,-15.37984112835693,-15.859062632853494,0.4792215044965644,-0.0047872539206013,-0.000176762533306,0.0056947207510167,Bear,True,False,False,96.54296251,0.0,0.0,0.0,0.0,0.0,0.0,0.0
2021-08-30,47365.7,47136.53,47468.14,47136.53,0.49,48.462678067245136,47438.073543510814,47459.1372321593,-21.06368864848628,-16.899987835980053,-4.1637008125062245,0.0048618343352808,7.235225753777774e-05,0.0058052162080618,Bull,False,True,False,96.54296251,0.0,0.0,0.0,0.0,0.0,0.0,0.0
2021-08-31,47419.74,47365.7,47596.04,47349.49,0.11,49.36396059887189,47435.2529983553,47456.21891866602,-20.965920310714864,-17.713174330927014,-3.25274597978785,0.0011409099833845,0.000401039419673,0.0056614309714803,Bull,False,True,False,96.54296251,0.0,0.0,0.0,0.0,0.0,0.0,0.0
2021-09-01,47413.46,47419.74,47628.59,47355.14,-0.01,49.25615814956579,47431.90022937757,47453.05159135742,-21.15136197984976,-18.400811860711563,-2.7505501191381896,-0.0001324342984587,-2.8446547069360677e-05,0.0053344784636826,Bull,False,True,False,108.6367423,0.0,0.0,0.0,0.0,0.0,0.0,0.0
2021-09-02,46903.06,47413.46,47489.4,46874.64,-1.08,41.35207281270916,47350.54019408871,47412.31147347909,-61.771279390384734,-27.0749053666462,-34.696374023738535,-0.0107648756281444,-0.0008881330115383,0.0056170301021436,Bear,True,False,False,108.6367423,0.0,0.0,0.0,0.0,0.0,0.0,0.0
2021-09-03,46957.47,46903.06,47113.42,46879.28,0.12,42.412958515048544,47290.0678565366,47378.61951248064,-88.55165594404389,-39.37025548212574,-49.18140046191815,0.0011600522439261,-0.000863171762606,0.00562537877004,Bear,True,False,False,108.6367423,0.0,0.0,0.0,0.0,0.0,0.0,0.0
2021-09-06,46918.52,46957.47,47087.3,46888.95,-0.08,41.82962978148675,47232.90664783866,47344.5380671117,-111.6314192730424,-53.82248824030908,-57.80893103273333,-0.0008294739899744,-0.0007487547170348,0.0056003229910245,Bear,True,False,False,108.6367423,0.0,0.0,0.0,0.0,0.0,0.0,0.0
2021-09-07,46729.96,46918.52,46994.84,46617.98,-0.4,39.03096500719091,47155.53024047886,47299.01376584417,-143.4835253653073,-71.75469566530873,-71.72882969999856,-0.0040188820960251,-0.0007912949468447,0.005622853515116,Bear,True,False,False,108.6367423,0.0,0.0,0.0,0.0,0.0,0.0,0.0
2021-09-08,46396.71,46729.96,46875.49,46309.86,-0.71,34.62211136890602,47038.78866502058,47232.17644985571,-193.38778483513303,-96.0813134992736,-97.30647133585946,-0.0071313992136949,-0.0007621727768787,0.0055865036863057,Bear,True,False,False,108.6367423,0.0,0.0,0.0,0.0,0.0,0.0,0.0
2021-09-09,46625.12,46396.71,46665.48,46396.71,0.49,39.6536096587098,46975.14733194049,47187.20930542195,-212.06197348146088,-119.27744549571108,-92.7845279857498,0.0049229783749753,-0.0005286077810119,0.0057270063937768,Bear,True,False,False,108.6367423,0.0,0.0,0.0,0.0,0.0,0.0,0.0
2021-09-10,47198.29,46625.12,47226.11,46625.12,1.23,50.04350988094044,47009.47697318042,47188.03009761292,-178.55312443249568,-131.13258128306802,-47.42054314942766,0.0122931587092964,-0.0001705506057387,0.0062952128302845,Bear,True,False,False,108.6367423,0.0,0.0,0.0,0.0,0.0,0.0,0.0
2021-09-13,47270.46,47198.29,47369.98,47168.75,0.15,51.18320138808357,47049.62820807575,47194.13601630825,-144.50780823250534,-133.8076266729555,-10.700181559549833,0.0015290808205128,1.8425486949469327e-05,0.0062862127771626,Bear,True,False,False,108.6367423,0.4411750193665555,10.987013176907999,24.0,13.0,2.0,9.0,0.999487954
2021-09-14,46891.34,47270.46,47387.34,46607.21,-0.8,45.33247845943579,47025.276176064086,47171.7066817669,-146.43050570281775,-136.33220247892797,-10.098303223889786,-0.0080202308164549,-0.0002758393038739,0.0065255132847143,Bear,True,False,False,108.6367423,-0.11104346761677777,-0.9993912085509999,9.0,3.0,4.0,2.0,0.99949922
2021-09-15,46716.72,46891.34,46952.31,46505.13,-0.37,42.90004056950581,46977.80599513115,47138.00396459898,-160.19796946783026,-141.10535587670844,-19.09261359112181,-0.0037239285548247,-0.0001895628972786,0.006464633661792,Bear,True,False,False,108.6367423,0.400088621011,2.000443105055,5.0,3.0,1.0,1.0,0.9993854240000001
2021-09-16,46920.46,46716.72,46958.37,46623.41,0.44,46.50664984089859,46968.98353434174,47121.88959685091,-152.90606250916608,-143.4654972032,-9.44056530596609,0.0043611794663664,-0.0003399109191528,0.0063127964156305,Bear,True,False,False,108.6367423,0.12390826446549999,0.9912661157239999,8.0,4.0,3.0,1.0,0.99894963625
2021-09-17,46636.08,46920.46,47181.74,46555.87,-0.61,42.47397137164084,46917.76760598148,47085.90370078788,-168.13609480640298,-148.39961672384058,-19.7364780825624,-0.0060608953961661,-0.001004129193382,0.0061724250370536,Bear,True,False,False,108.6367423,1.1892857142870028e-05,8.32500000000902e-05,7.0,3.0,3.0,1.0,0.99941438
2021-09-20,46528.21,46636.08,46691.23,46215.18,-0.23,41.02095463748127,46857.83566659971,47044.59305628507,-186.7573896853573,-156.07117131614393,-30.686218369213407,-0.0023130160167835,-0.0016580068194487,0.0055180963504887,Bear,True,False,False,108.6367423,-0.30383728334591664,-8.368080785495,26.0,6.0,15.0,5.0,0.9887852514166666
2021-09-21,46008.85,46528.21,46833.14,45778.19,-1.12,34.8409326425334,46727.22248712284,46967.8713484121,-240.6488612892645,-172.98670931076805,-67.66215197849641,-0.0111622604867025,-0.0019214960881925,0.0058469512680575,Bear,True,False,False,108.6367423,-9.071178899997535e-05,-0.0004535589449998767,5.0,2.0,2.0,1.0,0.9994837499999999
2021-09-22,45597.24,46008.85,46031.89,44788.17,-0.89,30.871373212192186,46553.37902756548,46866.34310038158,-312.964072816103,-200.98218201183505,-111.98189080426796,-0.0089463222836476,-0.0021672491662821,0.0060403865694038,Bear,True,False,False,108.6367423,-0.13964585309114286,-0.977520971638,7.0,2.0,3.0,2.0,0.9978833471428572
2021-09-23,45296.88,45597.24,45939.39,45083.51,-0.66,28.33444537338633,46360.071484863096,46750.08657442738,-390.01508956428734,-238.78876352232552,-151.2263260419618,-0.0065872408066803,-0.0022104509787208,0.0060701743132469,Bear,True,False,False,108.6367423,0.4457625542788333,2.674575325673,6.0,4.0,1.0,1.0,0.9465437833333333
2021-09-24,45073.52,45296.88,45424.26,44861.09,-0.49,26.584862294226795,46162.14048719185,46625.89645780313,-463.7559706112807,-283.78220494011657,-179.97376567116407,-0.0049310239469031,-0.0022176394800359,0.0060734706892645,Bear,True,False,False,108.6367423,0.09850896558450002,0.9850896558450002,10.0,4.0,3.0,3.0,0.998214451
2021-09-27,44817.76,45073.52,45236.48,44341.51,-0.57,24.703830813838664,45955.31271993157,46491.96042389179,-536.647703960225,-334.35530474413827,-202.2923992160868,-0.0056742850347608,-0.002744445448538,0.005880981105376,Bear,True,False,False,108.6367423,0.28013087680363974,2.840370846273,25.0,12.0,9.0,4.0,0.9963557307946127
2021-09-28,45274.93,44817.76,45294.37,44747.22,1.02,33.730090245814395,45850.63845532671,46401.81002212203,-551.1715667953249,-377.7185571543756,-173.4530096409493,0.0102006436734007,-0.0022914587640371,0.0065111574009132,Bear,True,False,False,108.6367423,0.33306842129422226,2.997615791648,9.0,5.0,2.0,2.0,0.9994877822222222
2021-09-29,44366.74,45274.93,45342.26,43975.04,-2.01,26.84534852646094,45622.34638527644,46251.06409455744,-628.7177092810016,-427.9183875797008,-200.7993217013008,-0.0200594457020696,-0.0032878093342177,0.0075974162065763,Bear,True,False,False,108.6367423,-0.49957798579833335,-2.99746791479,6.0,1.0,4.0,1.0,0.998959375
2021-09-30,44899.6,44366.74,44899.6,43972.09,1.2,35.20235024507127,45511.15463369545,46150.95564310874,-639.8010094132915,-470.29491194641895,-169.50609746687252,0.0120103482924371,-0.0021490481381886,0.0081074543102972,Bear,True,False,False,108.6367423,0.08303798424799999,0.9964558109759999,12.0,5.0,4.0,3.0,0.9993665158333332
2021-10-01,44871.7,44899.6,45003.26,44599.61,-0.06,34.97704699703982,45412.7769977423,46056.19596584143,-643.4189680991258,-504.9197231769604,-138.49924492216542,-0.0006213863820613,-0.002238120069488,0.0080789213108815,Bear,True,False,False,105.9297427,-0.06886567064050002,-0.6886567064050002,10.0,4.0,4.0,2.0,0.9615161369999999
2021-10-04,45044.5,44871.7,45105.04,44561.82,0.39,37.63919222218982,45356.11899808964,45981.25552392725,-625.13652583761,-528.9630837090904,-96.17344212851958,0.0038509795706425,-0.0020040973914571,0.0081889140073457,Bear,True,False,False,105.9297427,-0.3986689972085714,-2.7906829804599997,7.0,2.0,4.0,1.0,0.9425682728571428
2021-10-05,44666.57,45044.5,45101.36,44593.75,-0.84,34.328824077517666,45250.03453684508,45883.87141104375,-633.8368741986706,-549.9378418070064,-83.89903239166415,-0.008390147520785,-0.0022226606626951,0.0083030584743854,Bear,True,False,False,105.9297427,0.0,0.0,0.0,0.0,0.0,0.0,0.0
2021-10-06,44373.23,44666.57,44795.2,44284.55,-0.66,31.97794064504457,45115.14153117661,45771.97204726273,-656.83051608612,-571.3163766628292,-85.51413942329089,-0.0065673276457089,-0.0021944570842958,0.0082864484448269,Bear,True,False,False,105.9297427,0.0,0.0,0.0,0.0,0.0,0.0,0.0
2021-10-07,44586.04,44373.23,44947.38,44373.23,0.48,35.43249175470855,45033.74129561098,45684.12522894697,-650.3839333359938,-587.1298879974621,-63.25404533853168,0.0047959096058591,-0.0022008105227516,0.0082807508570338,Bear,True,False,False,105.9297427,0.0,0.0,0.0,0.0,0.0,0.0,0.0
2021-10-08,44477.23,44586.05,44670.5,44338.17,-0.24,34.4686028342376,44948.12417320929,45594.72558235831,-646.6014091490215,-599.024192227774,-47.57721692124744,-0.0024404499704391,-0.0029374909567384,0.0075462579855254,Bear,True,False,False,105.9297427,0.0,0.0,0.0,0.0,0.0,0.0,0.0
2021-10-11,43829.35,44477.24,44544.1,43718.37,-1.46,29.349072494426466,44776.00506963863,45463.95702070214,-687.9519510635073,-616.8097439949207,-71.14220706858657,-0.0145665546168231,-0.0037422727286052,0.0078950536355646,Bear,True,False,False,105.9297427,0.0,0.0,0.0,0.0,0.0,0.0,0.0
2021-10-12,43883.08,43829.35,44051.16,43149.28,0.12,30.274000942644943,44638.63198200192,45346.85501916865,-708.223037166732,-635.092402629283,-73.13063453744894,0.0012258908699307,-0.0032799666442859,0.0079020741850307,Bear,True,False,False,105.9297427,0.0,0.0,0.0,0.0,0.0,0.0,0.0
2021-10-13,43221.78,43883.08,44172.74,43067.61,-1.51,25.79753885715519,44420.65475400162,45189.44205478579,-768.7873007841699,-661.8313822602604,-106.95591852390952,-0.0150695894636384,-0.0038472496897266,0.0083312179404699,Bear,True,False,False,105.9297427,0.0,0.0,0.0,0.0,0.0,0.0,0.0
2021-10-14,44333.68,43221.78,44431.65,43046.25,2.57,41.46881314031099,44407.27402261676,45126.05227294981,-718.7782503330454,-673.2207558748174,-45.55749445822801,0.0257254560085216,-0.0027790358626189,0.0105209556614072,Bear,True,False,False,105.9297427,0.0,0.0,0.0,0.0,0.0,0.0,0.0
2021-10-15,44821.53,44333.68,44834.83,44197.14,1.1,46.77971704460128,44471.00571144495,45103.49506754612,-632.4893561011631,-665.0744759200866,32.58511981892343,0.0110040492916445,-0.0019257886282283,0.0109250120319541,Bear,True,False,False,105.9297427,0.0,0.0,0.0,0.0,0.0,0.0,0.0
2021-10-18,44629.45,44821.53,44990.11,44442.28,-0.43,45.04661630262881,44495.38175583803,45068.38061809826,-572.998862260225,-646.6593531881143,73.66049092788933,-0.0042854405014732,-0.0020244098524628,0.0109375869537922,Bear,True,False,False,105.9297427,0.0,0.0,0.0,0.0,0.0,0.0,0.0
2021-10-20,45499.46,44629.45,45563.61,44629.45,1.95,53.45751768348659,44649.85533186295,45100.31242416505,-450.457092302102,-607.4189010109119,156.96180870880994,0.0194940784616437,-0.0004915929050455,0.0117104088388525,Bear,True,False,False,105.9297427,0.0,0.0,0.0,0.0,0.0,0.0,0.0
2021-10-21,45821.4,45499.46,46164.48,45481.99,0.71,56.13311224213835,44830.092973114806,45153.72631867134,-323.6333455565328,-550.6617899200361,227.02844436350333,0.0070756883708071,0.0003095076276772,0.011649454209172,Bear,True,False,False,105.9297427,0.0,0.0,0.0,0.0,0.0,0.0,0.0
2021-10-22,45578.36,45821.4,46037.95,45180.72,-0.53,53.626772603880845,44945.21097725099,45185.18066543642,-239.9696881854325,-488.5233695731154,248.55368138768296,-0.0053040718965374,0.0003736660731843,0.0116129480686217,Bear,True,False,False,105.9297427,0.0,0.0,0.0,0.0,0.0,0.0,0.0
2021-10-25,45429.22,45608.03,45655.25,45308.07,-0.33,52.08977102130352,45019.67390382776,45203.25765318187,-183.5837493541112,-427.5354455293146,243.95169617520332,-0.0032721668791944,0.0004566089265697,0.0115789406510597,Bear,True,False,False,105.9297427,0.0,0.0,0.0,0.0,0.0,0.0,0.0
2021-10-26,45255.98,45483.54,45516.78,45213.63,-0.38,50.2868135172556,45056.028687854254,45207.16301220544,-151.1343243511801,-372.25522129368767,221.1208969425076,-0.0038134046765495,0.0005496529444803,0.0115344734486961,Bear,True,False,False,105.9297427,0.0,0.0,0.0,0.0,0.0,0.0,0.0
2021-10-27,45851.04,45544.03,46024.76,45537.46,1.31,55.929412064648766,45178.33812049206,45254.85760389392,-76.51948340186209,-313.1080737153226,236.5885903134605,0.0131487595672439,0.0006970587391725,0.0116821924161492,Bear,True,False,False,105.9297427,0.0,0.0,0.0,0.0,0.0,0.0,0.0
2021-10-28,45990.73,45865.92,46061.63,45765.76,0.3,57.15871600298301,45303.3214865702,45309.36667027215,-6.045183701942733,-251.69549571264665,245.65031201070389,0.0030466048316462,0.0018523612658583,0.0106152625595829,Bull,False,True,False,105.9297427,0.0,0.0,0.0,0.0,0.0,0.0,0.0
2021-10-29,46218.93,45980.4,46292.03,45681.59,0.5,59.16273609498968,45444.184334790174,45376.74173173347,67.44260305670468,-187.8678759587764,255.31047901548104,0.0049618694897861,0.0014999373257257,0.0103745449443888,Bull,False,True,False,105.9297427,0.0,0.0,0.0,0.0,0.0,0.0,0.0
2021-11-01,46946.21,46184.71,47251.71,46184.71,1.57,64.8121457212695,45675.26520636092,45492.99864049396,182.2665658669648,-113.84098759362814,296.1075534605929,0.0157355438561646,0.002317783837637,0.0108331059208021,Bull,False,True,False,90.01889678,0.0,0.0,0.0,0.0,0.0,0.0,0.0
2021-11-02,47112.92,46974.78,47314.75,46974.78,0.36,65.97413027224147,45896.44286692078,45612.99281527218,283.4500516485932,-34.38277974518387,317.8328313937771,0.0035510853804812,0.0023027891281289,0.0108310794054319,Bull,False,True,False,90.01889678,0.0,0.0,0.0,0.0,0.0,0.0,0.0
2021-11-03,47032.44,47112.92,47317.27,46968.41,-0.17,64.86060629565628,46071.21165662527,45718.13705117795,353.0746054473202,43.10869729331695,309.9659081540033,-0.0017082362969647,0.00263688468932,0.0105841250901417,Bull,False,True,False,90.01889678,0.0,0.0,0.0,0.0,0.0,0.0,0.0
2021-11-04,47219.18,47032.44,47242.82,46936.48,0.4,66.28265144322793,46247.82217099062,45829.32541775736,418.49675323325937,118.18630848130545,300.3104447519539,0.0039704510333717,0.003163773623274,0.0103617693319006,Bull,False,True,False,90.01889678,0.0,0.0,0.0,0.0,0.0,0.0,0.0
2021-11-05,47295.8,47219.18,47608.46,47184.15,0.16,66.87498278118197,46409.04952929976,45937.95316459015,471.09636470960686,188.76831972696573,282.3280449826412,0.0016226457130343,0.0030051104286328,0.0103597570009253,Bull,False,True,False,90.01889678,0.0,0.0,0.0,0.0,0.0,0.0,0.0
2021-11-08,47115.04,47295.8,47442.57,47020.85,-0.38,64.01768106880529,46517.66344786903,46025.14478202792,492.518665841104,249.5183889497934,243.00027689131053,-0.0038219038476989,0.0029360377347698,0.0104024929005522,Bull,False,True,False,90.01889678,0.0,0.0,0.0,0.0,0.0,0.0,0.0
2021-11-09,46399.91,47115.04,47174.49,46306.91,-1.52,54.158777497219766,46499.547532812256,46052.90516854437,446.6423642678856,288.94318401341184,157.69918025447373,-0.015178380406766,0.0029054464452726,0.010457427482329,Bull,False,True,False,90.01889678,0.0,0.0,0.0,0.0,0.0,0.0,0.0
2021-11-10,46629.88,46399.91,46755.32,46399.91,0.5,56.47985623390056,46519.59868161037,46095.644044948494,423.9546366618743,315.9454745431043,108.00916211876996,0.0049562596134344,0.0030919648824478,0.0104591615508459,Bull,False,True,False,90.01889678,0.0,0.0,0.0,0.0,0.0,0.0,0.0
2021-11-11,46348.18,46629.88,46843.69,46323.59,-0.6,52.94357122610889,46493.22657674724,46114.35041198935,378.876164757894,328.53161258606224,50.344552171831765,-0.0060411907557985,0.0035433848178398,0.009808653598984,Bull,False,True,False,90.01889678,-0.0990705308068,-0.9907053080680001,10.0,3.0,4.0,3.0,0.999104685
2021-11-12,45749.15,46348.18,46409.11,45717.21,-1.29,46.3042866438814,46378.75325724767,46087.298529619766,291.4547276279045,321.11623559443075,-29.661507966526244,-0.0129245635966719,0.0016108838375801,0.0089808036944679,Bull,False,True,False,90.01889678,0.3201884143533333,2.8816957291799996,9.0,6.0,3.0,0.0,0.9806570633333335
2021-11-15,45736.26,45749.15,45910.96,45544.99,-0.03,46.17011583321907,46279.90814074803,46061.295675573856,218.6124651741775,300.6154815103801,-82.00301633620262,-0.0002817538686511,0.0010465936795653,0.0087100181810306,Bull,False,True,False,90.01889678,-0.18202812741219843,-6.003439035061,24.0,6.0,12.0,6.0,0.9992354569480519
2021-11-16,46542.91,45736.26,46623.76,45736.26,1.76,54.96455600487737,46320.36996524834,46096.97081071653,223.3991545318131,285.1722161146667,-61.77306158285359,0.0176369908689517,0.0021427152480866,0.0093589387559029,Bull,False,True,False,90.01889678,0.787714936622,7.87714936622,10.0,9.0,1.0,0.0,0.9890366610000001
2021-11-17,46194.42,46542.91,46655.9,46071.98,-0.75,51.081794088614274,46300.99304751783,46104.18926918197,196.80377833585223,267.4985285589038,-70.69475022305153,-0.0074874991701208,0.0007936363664984,0.0086434517529167,Bull,False,True,False,90.01889678,0.16657802279266667,0.999468136756,6.0,3.0,2.0,1.0,0.9995603866666666
2021-11-18,46110.5,46194.42,46292.57,45728.42,-0.18,50.16282716428543,46271.68642482278,46104.65673072405,167.02969409873185,247.40476166686943,-80.37506756813758,-0.0018166696323927,0.0003490184663384,0.0085312790562456,Bear,True,False,False,90.01889678,-0.33590501532166667,-4.03086018386,12.0,3.0,7.0,2.0,0.9965300833333334
2021-11-19,46489.41,46110.5,46601.79,46001.41,0.82,54.17170408021836,46305.18235946543,46133.15697289264,172.02538657278637,232.32888664805284,-60.30350007526647,0.0082174342069594,0.0010250937715132,0.008595239513598,Bull,False,True,False,90.01889678,0.22175154802722222,1.995763932245,9.0,5.0,3.0,1.0,0.9993347822222223
2021-11-22,45745.0,46489.41,46599.19,45716.6,-1.6,46.293144539090974,46219.000458009206,46104.404604530224,114.59585347898246,208.7822800142388,-94.18642653525632,-0.0160124639138247,0.0003880789197817,0.0093678646333336,Bear,True,False,False,90.01889678,0.0020818812782979665,-1.973774029367,25.0,10.0,12.0,3.0,0.998925879760101
2021-11-23,44948.52,45745.0,45915.61,44881.15,-1.74,39.64880541260612,46023.54192600779,46018.783522713165,4.758403294625168,167.97750467031605,-163.21910137569088,-0.0174113017816155,-0.0002918159354715,0.0101496725812885,Bear,True,False,False,90.01889678,-0.27247192260363634,-2.99719114864,11.0,3.0,6.0,2.0,0.9994733590909092
2021-11-24,44363.7,44948.52,44983.91,44210.99,-1.3,35.60760910667514,45768.1816296989,45896.184743252925,-128.00311355402664,108.78138102544752,-236.7844945794741,-0.0130108844518128,-0.0015997981364244,0.0100110741364877,Bear,True,False,False,90.01889678,0.3633158169691818,3.996473986661,11.0,6.0,2.0,3.0,0.9995048527272726
2021-11-25,43935.75,44363.7,44516.82,43735.65,-0.96,32.96017676381912,45486.269071283685,45750.96735486382,-264.69828358013183,34.085448104331654,-298.7837316844635,-0.0096464000973768,-0.0022344483828755,0.0101029272095522,Bear,True,False,False,90.01889678,0.4995748696782,4.995748696782,10.0,6.0,1.0,3.0,0.9995005559999999
2021-11-26,44114.16,43935.75,44333.71,43736.43,0.41,35.12571321674265,45275.17536800927,45629.722365614645,-354.54699760537915,-43.641041037610506,-310.9059565677686,0.0040607022754819,-0.0022795067435907,0.0100711023585158,Bear,True,False,False,90.01889678,0.11090642314288891,0.9981578082860002,9.0,4.0,3.0,2.0,0.9994088255555555
2021-11-29,45330.05,44114.16,45416.99,43933.5,2.76,47.55847766121389,45283.61761908476,45607.52441260616,-323.90679352139705,-99.69419153436782,-224.21260198702925,0.0275623518616243,-0.0016881663433177,0.0114388897122246,Bear,True,False,False,90.01889678,-0.09958149270004656,-1.44789201234,26.0,9.0,10.0,7.0,0.9819119110281386
2021-11-30,45072.38,45330.05,45757.6,44727.96,-0.57,45.56557442284496,45251.11952384096,45567.884085746446,-316.76456190548924,-143.1082656085921,-173.65629629689715,-0.0056843087532443,-0.002149936050004,0.0114026094183817,Bear,True,False,False,90.01889678,0.2221196993457778,1.999077294112,9.0,5.0,3.0,1.0,0.9995190311111111
2021-12-01,45369.14,45072.38,45459.83,45072.38,0.66,48.25496066067876,45269.27652017312,45553.16230161708,-283.8857814439616,-171.263768775666,-112.6220126682956,0.0065840765453255,-0.0017353204078895,0.0115690610184982,Bear,True,False,False,93.27229947,0.36170563950275003,2.8936451160220003,8.0,5.0,2.0,1.0,0.99288938375
2021-12-02,43234.15,45369.14,45369.14,43087.47,-4.71,34.896941426662806,44956.180132454174,45381.383612608406,-425.2034801542322,-222.05171105137924,-203.151769102853,-0.0470581985904956,-0.0042867528890829,0.0152771442444323,Bear,True,False,False,93.27229947,0.4820319455687,4.820319455687,10.0,7.0,1.0,2.0,0.9407572140000001
2021-12-03,43232.83,43234.15,43590.52,42752.76,0.0,34.89051054982134,44691.04934284584,45222.23149315593,-531.1821503100873,-283.87779890312083,-247.30435140696648,-3.053142018516475e-05,-0.0043694117457438,0.0152479323337893,Bear,True,False,False,93.27229947,0.2218947369676667,1.9970526327090004,9.0,5.0,3.0,1.0,0.9993863277777777
2021-12-06,43280.77,43232.83,43547.95,42972.02,0.11,35.35643649926155,44474.08329010033,45078.41953069993,-604.3362405996013,-347.96948724241696,-256.36675335718434,0.0011088795251199,-0.0041228725771029,0.0152970338503857,Bear,True,False,False,93.27229947,0.15946096185220374,1.787451492078,25.0,10.0,8.0,7.0,0.9954846072222222
2021-12-07,43853.49,43280.77,44066.16,43280.77,1.32,40.80620203304777,44378.60739931567,44987.68400990735,-609.0766105916773,-400.190911912269,-208.88569867940828,0.0132326666092124,-0.002702320226304,0.015533693015381,Bear,True,False,False,93.27229947,0.0010125466299999936,0.009112919669999942,9.0,4.0,4.0,1.0,0.9989501100000001
2021-12-08,43846.87,43853.49,44139.22,43653.06,-0.02,40.76342373463542,44296.80164557479,44903.17926843272,-606.37762285793,-441.4282541014013,-164.9493687565287,-0.0001509571986173,-0.0029576810669066,0.0154428797767518,Bear,True,False,False,93.27229947,-0.00045509644444443855,-0.004095867999999947,9.0,4.0,4.0,1.0,0.9991464122222222
2021-12-09,43518.84,43846.87,43996.62,43273.76,-0.75,38.60384919582351,44177.11523856329,44800.63561891919,-623.5203803558979,-477.8466793523006,-145.67370100359733,-0.0074812637709374,-0.0030296847176635,0.0154613597450467,Bear,True,False,False,93.27229947,-0.10911812229555555,-0.9820631006599999,9.0,4.0,5.0,0.0,0.9974620666666666
2021-12-10,43395.78,43518.84,43606.41,43044.99,-0.28,37.79490450752424,44056.90981724586,44696.57223973999,-639.6624224941261,-510.2098279806657,-129.45259451346038,-0.0028277408129444,-0.0025248435784771,0.0152851047548075,Bear,True,False,False,93.27229947,-0.22036218945011113,-1.9832597050510001,9.0,3.0,5.0,1.0,0.9986142188888889
2021-12-13,42876.37,43395.78,43478.61,42806.68,-1.2,34.50800691722432,43875.28830690034,44561.742444203686,-686.4541373033426,-545.4586898452011,-140.99544745814148,-0.0119691361694616,-0.0031092126935177,0.0154176719960687,Bear,True,False,False,93.27229947,-0.3196572324851058,-6.468860950502,22.0,5.0,11.0,6.0,0.9731936385185186
2021-12-14,43246.71,42876.37,43265.8,42715.42,0.86,38.607615745115,43778.583951992594,44464.33263352193,-685.7486815293378,-573.5166881820285,-112.2319933473093,0.0086373916448616,-0.0035591926547222,0.0149030475472322,Bear,True,False,False,93.27229947,0.255285896961,2.55285896961,10.0,6.0,3.0,1.0,0.95486044
2021-12-15,44366.86,43246.71,44507.47,43246.71,2.59,49.00535713014987,43869.08795937835,44457.11243844623,-588.0244790678844,-576.4182463591997,-11.606232708684727,0.0259013922677586,-0.0018897480828282,0.0162491607330307,Bear,True,False,False,93.27229947,0.099565774324,0.99565774324,10.0,5.0,4.0,1.0,0.9988793960000001
2021-12-16,43731.2,44366.86,44392.54,43607.8,-1.43,44.40885495116791,43847.87442716629,44403.34114670948,-555.466719543183,-572.2279409959963,16.761221452813288,-0.0143273605569563,-0.0025152826290564,0.0164852921054778,Bear,True,False,False,93.27229947,0.42795109510057144,2.995657665704,7.0,4.0,1.0,2.0,0.9994539071428571
2021-12-17,43900.68,43731.2,44003.75,43556.61,0.39,45.86675002468312,43855.9983614484,44366.10698769396,-510.1086262455574,-559.8040780459086,49.69545180035118,0.003875493926533,-0.0027323796430777,0.016364660982365,Bear,True,False,False,93.27229947,-0.5526035017766666,-4.97343151599,9.0,2.0,7.0,0.0,0.9981401077777777
2021-12-20,44339.95,43900.68,44484.76,43808.84,1.0,49.55908724116533,43930.45245968711,44364.16943304996,-433.71697336285433,-534.5866571092978,100.86968374644346,0.0100059953513247,-0.0014314566798202,0.016287382912162,Bear,True,False,False,93.27229947,0.18538196501312962,5.004732717215,25.0,13.0,8.0,4.0,0.9992643452222222
2021-12-21,44177.07,44339.95,44594.66,44122.13,-0.37,48.24504044688226,43968.393619735245,44350.310215787,-381.91659605175664,-504.0526448977896,122.1360488460329,-0.003673436708882,-0.0007445634261835,0.0158621240008622,Bear,True,False,False,93.27229947,0.6974270771165714,4.881989539816,7.0,5.0,0.0,2.0,0.9914822271428572
2021-12-22,44174.97,44177.07,44292.91,44091.2,0.0,48.22728561483024,44000.17460131444,44337.32205165464,-337.1474503401987,-470.6716059862714,133.5241556460727,-4.75359728474567e-05,-9.639600223532165e-05,0.0155971545551599,Bear,True,False,False,93.27229947,3.5288396666641494e-05,0.00031759556999977345,9.0,4.0,4.0,1.0,0.9994633133333333
2021-12-23,44266.9,44174.97,44446.99,44108.69,0.21,49.11019738975185,44041.2092780353,44332.10560338392,-290.89632534862176,-434.7165498587415,143.82022451011971,0.0020810427262316,0.0004899761389451,0.0154388699299653,Bear,True,False,False,93.27229947,0.3339397487547778,3.005457738793,9.0,4.0,1.0,4.0,0.9986464577777778
2021-12-24,44118.39,44266.9,44467.85,44041.52,-0.34,47.69514136308797,44053.08323526064,44316.27481794808,-263.1915826874392,-400.4115564244811,137.21997373704187,-0.0033548768944742,0.0001191971804472,0.0154376482026698,Bear,True,False,False,93.27229947,0.2998219424242,2.998219424242,10.0,5.0,2.0,3.0,0.9996163100000001
2021-12-27,43913.44,44118.39,44167.58,43846.95,-0.46,45.73655678827616,44031.59966060516,44286.435201803775,-254.83554119861947,-371.2963533793088,116.46081218068936,-0.0046454551038692,-0.0014911931678273,0.0140409301866432,Bear,True,False,False,93.27229947,-0.1912978487735,-6.015104336337,29.0,9.0,15.0,5.0,0.9988054625595238
2021-12-28,44043.74,43913.44,44117.17,43906.41,0.3,47.22049121321758,44033.46740512744,44268.45777944794,-234.9903743204996,-344.035157567547,109.04478324704746,0.0029672009298291,-0.0010586176836737,0.0140382172324528,Bear,True,False,False,93.27229947,0.0014912948212499888,0.01193035856999991,8.0,4.0,4.0,0.0,0.99787128875
2021-12-29,44260.11,44043.74,44264.84,43941.64,0.49,49.6812795715401,44068.33549664629,44267.83942541476,-199.50392876846308,-315.1289118077302,115.62498303926714,0.0049126164126842,-0.0011421906903057,0.013995233193845,Bear,True,False,False,93.27229947,-0.22162226652212497,-1.7729781321769997,8.0,2.0,4.0,2.0,0.98527786625
2021-12-30,44416.2,44260.11,44589.28,44260.11,0.35,51.440209126060914,44121.85311254686,44278.829097606256,-156.97598505939823,-283.49832645806384,126.52234139866562,0.0035266518768253,0.0013870518330602,0.0089060637103346,Bull,False,True,False,93.27229947,0.37494740406987503,2.9995792325590003,8.0,4.0,1.0,3.0,0.998332335
2021-12-31,44596.07,44416.2,44646.49,44307.27,0.4,53.45914066633032,44194.809556770415,44302.32842370949,-107.51886693907728,-248.3024345542665,140.78356761518927,0.0040496485516545,0.0015910608316522,0.0089186054226517,Bull,False,True,False,93.27229947,-0.00020739455572727947,-0.0022813401130000743,11.0,5.0,5.0,1.0,0.9993056972727273
2022-01-03,44886.89,44596.07,44905.35,44509.57,0.65,56.60091897709023,44301.28347111343,44345.629281212496,-44.34581009906833,-207.5111096632269,163.16529956415857,0.0065212024288239,0.0018616769768374,0.0089850696813898,Bull,False,True,False,80.86164802,0.23107752218464814,6.180725943964999,27.0,12.0,5.0,10.0,0.9638004435462962
2022-01-04,45390.84,44886.89,45406.08,44886.89,1.12,61.45648953065665,44468.9075524806,44423.05229741897,45.8552550616223,-156.83783671825708,202.69309177987932,0.0112271088507134,0.0017613990889125,0.0088618308143992,Bull,False,True,False,80.86164802,0.09523570499280001,0.9523570499280002,10.0,4.0,3.0,3.0,0.995320405
2022-01-05,45407.89,45390.84,45438.16,45241.45,0.04,61.61297205433726,44613.366390560506,44496.0032383509,117.36315220960388,-101.9976389326849,219.36079114228875,0.0003756264479795,0.0017877282712423,0.0088566307512113,Bull,False,True,False,80.86164802,6.960226112501244e-05,0.0005568180890000995,8.0,3.0,3.0,2.0,0.99955764
2022-01-06,45082.3,45407.89,45407.89,45021.32,-0.72,56.86517332619877,44685.51002278197,44539.43262810269,146.07739467928332,-52.38263221029125,198.46002688957452,-0.007170339780157,0.0018032744707813,0.0088397612287706,Bull,False,True,False,80.86164802,-0.42863116387657146,-3.000418147136,7.0,1.0,4.0,2.0,0.9976841157142857
2022-01-07,45345.65,45082.3,45364.19,44968.9,0.58,59.57836786895657,44787.07001927705,44599.15243342842,187.9175858486342,-4.322588598506165,192.2401744471404,0.0058415386970052,0.0022367384462788,0.0088132366003268,Bull,False,True,False,80.86164802,-0.10095812266990001,-1.009581226699,10.0,3.0,4.0,3.0,0.998585261
2022-01-10,45887.63,45345.65,45967.29,45206.0,1.2,64.52400335646709,44956.38693938828,44694.59521613743,261.791723250848,48.900273771364674,212.89144947948333,0.0119521938708562,0.0034328049482947,0.0083972468767021,Bull,False,True,False,80.86164802,-0.11366544934463256,-3.3391123575310004,25.0,7.0,11.0,7.0,0.979171025340909
2022-01-11,45881.13,45887.63,46057.24,45524.23,-0.01,64.42220082080462,45098.655102559314,44782.48668160873,316.1684209505838,102.3539032072085,213.8145177433753,-0.0001416503750575,0.0029938528472987,0.0083401274011933,Bull,False,True,False,80.86164802,0.18162223609636363,1.99784459706,11.0,6.0,4.0,1.0,0.9994539009090908
2022-01-12,45916.25,45881.13,46220.4,45872.48,0.08,64.74584915987936,45224.438932934805,44866.46914963771,357.9697832970924,153.4770792251853,204.49270407190707,0.0007654562997903,0.0017370560489003,0.0063669227522047,Bull,False,True,False,80.86164802,-0.4544973033554545,-4.99947033691,11.0,3.0,8.0,0.0,0.999227770909091
2022-01-13,45763.2,45916.25,46002.77,45693.8,-0.33,62.09482772165809,45307.32525094484,44932.89365707196,374.431593872876,197.66798215472343,176.7636117181525,-0.0033332425884082,0.0022867619473277,0.0052905840748494,Bull,False,True,False,80.86164802,-0.09925368725419999,-0.9925368725419998,10.0,4.0,5.0,1.0,0.99880992
2022-01-14,45763.45,45763.2,45987.88,45734.3,0.0,62.09755770415119,45377.49828926101,44994.41634914071,383.0819401203044,234.75077374783967,148.33116637246468,5.462904691944104e-06,0.0020932603962357,0.005300182301843,Bull,False,True,False,80.86164802,-2.4363470833103453e-06,-2.9236164999724146e-05,12.0,5.0,5.0,2.0,0.9993555449999999
2022-01-17,45612.2,45763.3,45763.3,45385.97,-0.33,59.314254488416864,45413.606244759314,45040.17810105621,373.4281437031023,262.4862477388922,110.94189596421006,-0.0033050392835329,0.0014277086644928,0.0050856754404856,Bull,False,True,False,80.86164802,0.13234149381908486,2.69083645126,27.0,11.0,8.0,8.0,0.9880213572828284
2022-01-18,45507.41,45612.2,45758.1,45469.46,-0.23,57.394843323317936,45428.03759171942,45074.78787134834,353.24972037107364,280.63894226532847,72.61077810574517,-0.0022974116574072,0.0014965099170665,0.0050219411432466,Bull,False,True,False,80.86164802,0.002471920005999976,0.022247280053999785,9.0,3.0,3.0,3.0,0.9970475377777777
2022-01-19,44833.43,45507.41,45575.77,44734.24,-1.48,46.8858209320388,45336.55950068566,45056.90951050773,279.6499901779316,280.44115184784914,-0.7911616699175283,-0.0148103352838582,0.000758369951516,0.0062061517638394,Bull,False,True,False,80.86164802,0.09987768811020001,0.9987768811020001,10.0,5.0,4.0,1.0,0.999481677
2022-01-20,44825.97,44833.43,44875.44,44275.23,-0.02,46.78371273012829,45258.00726981094,45039.80288009975,218.2043897111944,267.9937994205182,-49.78940970932382,-0.0001663936932775,0.0006459981305405,0.006201287008216,Bull,False,True,False,80.86164802,-0.1762854233649091,-1.939139657014,11.0,3.0,5.0,3.0,0.9967441981818183
2022-01-21,45018.28,44825.97,45149.19,44755.74,0.43,49.81772395231724,45221.12615137849,45038.20859268496,182.917558693538,250.9785512751222,-68.06099258158417,0.0042901469839915,0.0010282493244638,0.006177266262175,Bull,False,True,False,80.86164802,-0.039863758226,-0.279046307582,7.0,3.0,3.0,1.0,0.9794843585714286
2022-01-24,44923.91,45018.28,45044.51,44797.42,-0.21,48.36065027237281,45175.40058962796,45029.74203026385,145.65855936410662,229.91455289291903,-84.25599352881244,-0.0020962595638925,0.0011557091014626,0.0060795622460165,Bull,False,True,False,80.86164802,0.03514166279348659,1.029136837475999,32.0,13.0,12.0,7.0,0.999082027701049
2022-01-25,44887.77,44923.91,45255.43,44846.03,-0.08,47.78425379699805,45131.14972968519,45019.22558357764,111.92414610755075,206.3164715358454,-94.39232542829464,-0.0008044713828339,0.0009671254858295,0.0060789108886278,Bull,False,True,False,80.86164802,0.28535277681742854,1.997469437722,7.0,3.0,1.0,3.0,0.9995310428571429
2022-01-26,44955.05,44887.77,45030.45,44712.65,0.15,49.00284393805402,45104.057463579775,45014.47183664597,89.585626933811,182.97030261543853,-93.38467568162751,0.0014988492411185,0.0007964371272512,0.0060098302604484,Bull,False,True,False,80.86164802,-0.4280018867685715,-2.9960132073800003,7.0,2.0,5.0,0.0,0.9992797299999999
2022-01-27,45083.04,44955.05,45179.89,44955.05,0.28,51.329829960311926,45100.82400764443,45019.55095985738,81.27304778705002,162.6308516497608,-81.3578038627108,0.0028470661249402,0.000762457839657,0.0059954853642083,Bull,False,True,False,80.86164802,-0.99296073815375,-7.94368590523,8.0,0.0,8.0,0.0,0.99344752625
2022-01-28,45077.91,45083.04,45312.05,45042.25,-0.01,51.22893043686041,45097.29877569913,45023.87385171979,73.42492397933529,144.78966611567571,-71.36474213634042,-0.0001137900194839,0.0005542859111,0.0059474299039834,Bull,False,True,False,80.86164802,-0.6675944102985714,-4.6731608720899995,7.0,1.0,6.0,0.0,0.9762573971428571
2022-01-31,45374.68,45077.91,45462.62,45077.91,0.66,56.54997215113364,45139.97281020696,45049.85949233314,90.1133178738164,133.85439646730384,-43.74107859348743,0.0065834906720385,0.0005574003232608,0.0059507343647729,Bull,False,True,False,80.86164802,0.11837057977616883,3.0216731729,24.0,10.0,7.0,7.0,0.9975628802020203
2022-02-01,45674.5,45374.68,45754.17,45374.68,0.66,61.16033536630061,45222.20776248281,45096.129159567725,126.07860291508403,132.2992377568599,-6.220634841775848,0.0066076499051894,0.0003264273759846,0.0055937437798474,Bull,False,True,False,69.90203124,0.22481719295844446,2.023354736626,9.0,5.0,3.0,1.0,0.9969494455555556
2022-02-02,46119.15,45674.5,46139.5,45674.5,0.97,66.78860151418795,45360.198875947,45171.90848108122,188.2903948657768,143.49746917864326,44.792925687133504,0.0097351914087728,0.0007944056240242,0.0059764968056031,Bull,False,True,False,69.90203124,0.2299595796877778,2.0696362171900002,9.0,4.0,2.0,3.0,0.9888683822222224
2022-02-03,45862.93,46119.15,46387.64,45818.04,-0.56,61.27818459487566,45437.5421258013,45223.09526026039,214.4468655409146,157.6873484510975,56.75951708981705,-0.0055556097629726,0.0008751421248834,0.0058732530468331,Bull,False,True,False,69.90203124,0.27202966938763634,2.992326363264,11.0,6.0,3.0,2.0,0.9992503418181818
2022-02-04,45909.65,45862.93,46129.46,45814.64,0.1,61.89553602190306,45510.17410644725,45273.95116690776,236.2229395394897,173.39446666877598,62.82847287071377,0.0010186876416313,0.0006339995721148,0.0057564583477545,Bull,False,True,False,69.90203124,-0.0998924526318,-0.9989245263179999,10.0,3.0,4.0,3.0,0.9995767969999999
2022-02-07,45841.25,45909.65,46139.82,45799.67,-0.15,60.37781452304867,45561.10885930152,45315.97330269237,245.1355566091516,187.7426846568511,57.392871952300425,-0.0014898828459811,-3.810426372706232e-05,0.0051143468199401,Bull,False,True,False,69.90203124,0.08271024566715,3.474971010939,24.0,10.0,7.0,7.0,0.9836964215555556
2022-02-08,45947.95,45841.25,46040.61,45727.64,0.23,61.94540585482756,45620.62288094744,45362.78639138182,257.8364895656196,201.7614456386048,56.07504392701475,0.0023275979603523,8.535815304342997e-05,0.0051414481389603,Bull,False,True,False,69.90203124,-0.0002909293640909093,-0.0032002230050000025,11.0,4.0,4.0,3.0,0.9991389290909091
2022-02-09,46339.76,45947.95,46405.86,45947.95,0.85,67.0937605545856,45731.25936080168,45435.15480683502,296.1045539666593,220.6300673042157,75.47448666244358,0.0085272574728578,0.0004734482116968,0.0054774472690099,Bull,False,True,False,69.90203124,0.52621851587625,4.20974812701,8.0,6.0,2.0,0.0,0.985973965
2022-02-10,45940.04,46339.76,46464.38,45936.74,-0.86,58.411640003260416,45763.37945913989,45472.55371003242,290.8257491074619,234.66920366486497,56.15654544259692,-0.0086258539103353,0.0002088176456004,0.0057899730053051,Bull,False,True,False,69.90203124,0.5554271568766667,4.99884441189,9.0,7.0,2.0,0.0,0.9992629833333333
2022-02-11,46079.37,45940.04,46143.91,45838.75,0.3,60.33822961816297,45811.99338850298,45517.50306484484,294.4903236581449,246.63342766352096,47.856895994623954,0.003032866318793,0.0003601878163055,0.0058238511395964,Bull,False,True,False,69.90203124,0.1817786656950909,1.999565322646,11.0,5.0,3.0,3.0,0.9994645845454545
2022-02-14,45644.09,46079.37,46133.87,45507.45,-0.94,52.20216005178795,45786.16209796406,45526.879874856335,259.28222310772253,249.1631867523613,10.119036355361231,-0.0094463097043211,5.312429526610485e-05,0.0061783805731931,Bull,False,True,False,69.90203124,0.11386101387898863,3.005920611207,29.0,12.0,9.0,8.0,0.9993768398106061
2022-02-15,45731.7,45644.09,45804.0,45502.81,0.19,53.55949998938788,45777.78331366189,45542.051735978086,235.7315776838077,246.47686493865052,-10.74528725484288,0.0019194160733624,0.0002639656818045,0.0061658835861777,Bull,False,True,False,69.90203124,-0.14281692601,-0.9997184820700001,7.0,3.0,4.0,0.0,0.9992892757142856
2022-02-16,45684.8,45731.7,45904.63,45603.93,-0.1,52.69678308669335,45763.47818848314,45552.62568146119,210.8525070219476,239.35199335531,-28.49948633336245,-0.001025546830754,0.0009532051044597,0.0050641753152567,Bull,False,True,False,69.90203124,-0.129670429420375,-1.037363435363,8.0,3.0,4.0,1.0,0.99705705
2022-02-17,45441.1,45684.8,45716.89,45258.85,-0.53,48.33963307529706,45713.88154410112,45544.36451987147,169.51702422964445,225.38499953017688,-55.86797530053244,-0.0053343781739222,0.0006948058804275,0.0052526502567979,Bull,False,True,False,69.90203124,0.2595533580625,2.0764268645,8.0,5.0,3.0,0.0,0.9942139375
2022-02-18,45675.87,45441.1,45705.5,45441.1,0.52,52.42099854296655,45708.03361423941,45554.10566654766,153.9279476917509,211.0935891624917,-57.16564147074081,0.0051664682413059,0.0007386219432932,0.0052877577048358,Bull,False,True,False,69.90203124,0.37464442342500004,2.9971553874000003,8.0,5.0,2.0,1.0,0.999445125
2022-02-21,45362.85,45675.87,45742.83,45342.06,-0.69,47.08026326149862,45654.92844281796,45539.93858013672,114.9898626812428,191.872843866242,-76.88298118499912,-0.0068530714357494,0.0005007813497004,0.0055236960433084,Bull,False,True,False,69.90203124,0.07861654948505,2.6915032158939995,32.0,13.0,10.0,9.0,0.9942969698333334
2022-02-22,45012.18,45362.85,45362.85,44698.45,-0.77,41.926805230958514,45556.044066999806,45500.84535197844,55.19871502136812,164.53801809726718,-109.33930307589908,-0.0077303344035922,0.0001544881986625,0.0058190356612793,Bull,False,True,False,69.90203124,0.71331759432,4.9932231602399995,7.0,6.0,1.0,0.0,0.9992462085714285
2022-02-23,45132.92,45012.18,45235.21,44756.23,0.27,44.19193990902983,45490.94805669215,45473.59162220226,17.3564344898914,135.10170137579203,-117.74526688590063,0.002682385078883,0.0002136649905507,0.0058394090485441,Bull,False,True,False,69.90203124,-2.654609600001301e-05,-0.0002654609600001301,10.0,5.0,5.0,0.0,0.9993228780000001
2022-02-24,43830.51,45132.92,45132.92,43791.31,-2.89,30.412061083715,45235.49604797028,45351.8818724095,-116.38582443922496,84.80419621278864,-201.1900206520136,-0.0288572066686577,-0.0013715486491291,0.0086930038249496,Bear,True,False,False,69.90203124,0.1810167609220909,1.9911843701429999,11.0,5.0,3.0,3.0,0.9991291981818182
2022-02-25,43984.24,43830.51,44192.52,43805.73,0.35,33.06514065631818,45042.99511751331,45250.57506704584,-207.5799495325264,26.32736706372564,-233.907316596252,0.0035073742012126,-0.0011904904380943,0.0087580467793748,Bear,True,False,False,69.90203124,0.124956339747,0.999650717976,8.0,4.0,3.0,1.0,0.99942322875
2022-02-28,44461.01,43984.24,44557.1,43646.08,1.08,40.62563598536401,44953.45894558819,45192.088765783184,-238.6298201949976,-26.66407038801901,-211.96574980697852,0.0108395643530501,-0.0009776867540437,0.0090051038517141,Bear,True,False,False,69.90203124,0.2079025387792626,3.2410292534069995,25.0,12.0,8.0,5.0,0.9807478170707071
2022-03-01,44803.58,44461.01,45016.65,44461.01,0.77,45.39797952014229,44930.40064626693,45163.31033868813,-232.90969242120627,-67.91319479465646,-164.9964976265498,0.0077049531713291,-0.0009228215907367,0.0090569447396949,Bear,True,False,False,143.5529104,0.26914142849,1.88398999943,7.0,4.0,2.0,1.0,0.9868838014285714
2022-03-02,44514.12,44803.58,44803.58,44133.88,-0.65,42.303862975114576,44866.35746991817,45115.22216545197,-248.86469553380448,-104.10349494248608,-144.7612005913184,-0.0064606444395738,-0.001732613383154,0.0087734518748501,Bear,True,False,False,143.5529104,0.09657425341777776,0.8691682807599999,9.0,5.0,4.0,0.0,0.992091908888889
2022-03-03,44525.72,44514.12,44705.74,44311.8,0.03,42.47307274526794,44813.951705315376,45071.55533838146,-257.6036330660864,-134.80352256720613,-122.8001104988802,0.0002605914707511,-0.0014418033214679,0.008736378427785,Bear,True,False,False,143.5529104,-0.249820553486625,-1.998564427893,8.0,2.0,4.0,2.0,0.9994118525
2022-03-04,44551.35,44525.72,44723.19,44461.06,0.06,42.871734922826526,44773.55144295917,45033.021609612464,-259.4701666533001,-159.73685138442494,-99.73331526887516,0.0005756223593913,-0.0014639565855799,0.0087303705470644,Bear,True,False,False,143.5529104,-0.5550497818418889,-4.995448036577,9.0,1.0,6.0,2.0,0.9991964222222222
2022-03-07,43266.97,44551.35,44551.35,43050.88,-2.88,31.20229510036873,44541.76968250391,44902.20297186339,-360.43328935948375,-199.8761389794367,-160.55715038004706,-0.0288292049511406,-0.0028309226908378,0.010661421469291,Bear,True,False,False,143.5529104,0.3263057423140833,7.028403252366999,30.0,13.0,6.0,11.0,0.9642360641666666
2022-03-08,42878.35,43266.97,43426.72,42788.53,-0.9,28.66029317502884,44285.85896211869,44752.28793691055,-466.4289747918592,-253.1867061419212,-213.242268649938,-0.0089819092947808,-0.0033963980535945,0.0106733344573897,Bear,True,False,False,143.5529104,0.20534775024644444,1.848129752218,9.0,4.0,2.0,3.0,0.8794827088888888
2022-03-09,43042.96,42878.35,43217.19,42865.81,0.38,31.216462357092496,44094.64373717736,44625.67105269496,-531.0273155175964,-308.7548280170563,-222.2724875005401,0.0038390003346677,-0.003630810910504,0.010446756588884,Bear,True,False,False,143.5529104,0.374585958511875,2.996687668095,8.0,5.0,2.0,1.0,0.99945831
2022-03-10,43853.62,43042.96,43921.82,43042.96,1.88,42.20023553383387,44057.563162226994,44568.48208582866,-510.9189236016682,-349.18764713397866,-161.73127646768955,0.0188337419173774,-0.0022578311191184,0.0115064374438967,Bear,True,False,False,143.5529104,0.01977621758857143,0.13843352312,7.0,4.0,3.0,0.0,0.9200940657142856
2022-03-11,43653.33,43853.62,43966.27,43596.16,-0.46,40.48028554068876,43995.3734449613,44500.69304243395,-505.3195974726477,-380.4140372017125,-124.9055602709352,-0.0045672398310561,-0.0026378364266108,0.0114478629559377,Bear,True,False,False,143.5529104,0.003779578023714298,0.026457046166000087,7.0,3.0,3.0,1.0,0.9976897357142857
2022-03-14,43366.89,43653.33,43767.77,43324.94,-0.66,38.089372166901136,43898.683684198026,44416.70763188328,-518.0239476852585,-407.93601929842174,-110.08792838683672,-0.0065616987295127,-0.0024936058778704,0.0113755117799867,Bear,True,False,False,143.5529104,-0.02295702742651588,-2.155723773916,26.0,10.0,12.0,4.0,0.9955258932539683
2022-03-15,43719.82,43366.89,43793.57,43326.76,0.81,42.58879233788056,43871.166194321406,44365.08632581785,-493.9201314964448,-425.1328417380264,-68.78728975841841,0.0081382363365229,-0.0021826648647124,0.0115855416172421,Bear,True,False,False,143.5529104,0.09093284293,1.00026127223,11.0,6.0,5.0,0.0,0.9992204936363636
2022-03-16,43975.69,43719.82,44281.27,43719.82,0.59,45.67151472147607,43887.24677981042,44336.24215353505,-448.9953737246324,-429.9053481353477,-19.09002558928472,0.0058524943606812,-0.0018387628051406,0.0117229648796789,Bear,True,False,False,143.5529104,0.14276398633,0.9993479043100001,7.0,4.0,3.0,0.0,0.9993787171428572
2022-03-17,43807.23,43975.69,44187.0,43798.16,-0.38,43.996502435184375,43874.93650599344,44297.056068088015,-422.11956209458,-428.3481909271941,6.228628832614106,-0.0038307528545884,-0.0017635815391739,0.0117041734772576,Bear,True,False,False,143.5529104,0.5549657428677778,4.99469168581,9.0,6.0,1.0,2.0,0.9994571744444445
2022-03-18,43029.97,43807.23,43807.23,42990.55,-1.77,37.2147505203849,43744.94165891752,44203.19784082224,-458.2561819047114,-434.3297891226976,-23.926392782013806,-0.0177427333342008,-0.0029090416179492,0.0121044402144883,Bear,True,False,False,143.5529104,0.1416169508,0.9913186556,7.0,4.0,3.0,0.0,0.9988025142857142
2022-03-21,43230.22,43029.97,43388.18,43029.97,0.47,39.78979503562911,43665.75371139175,44131.12540816874,-465.3716967769869,-440.5381706535555,-24.83352612343145,0.0046537332003717,-0.0023337013861432,0.0121803375835132,Bear,True,False,False,143.5529104,0.2878940289088302,6.994609848666,27.0,15.0,8.0,4.0,0.9994641115151515
2022-03-22,43203.79,43230.22,43398.44,43164.2,-0.06,39.559182058711606,43594.68237117764,44062.43389645253,-467.75152527489263,-445.98084157782296,-21.77068369706967,-0.000611377874089,-0.001977753559668,0.0121181912463306,Bear,True,False,False,143.5529104,0.6234008971516249,4.9872071772129996,8.0,6.0,1.0,1.0,0.9986763775
2022-03-24,43522.55,43203.79,43569.67,42936.06,0.74,43.790476813804176,43583.58508330416,44022.44249671531,-438.857413411155,-444.5561559444894,5.698742533334382,0.0073780564158838,-0.001742969992818,0.0122579135433167,Bear,True,False,False,143.5529104,-0.16730009259652726,-3.081757619806,21.0,8.0,11.0,2.0,0.9970899546818182
2022-03-25,43551.14,43522.55,43686.35,43375.51,0.07,44.16801513027784,43578.59353202659,43987.53120066233,-408.93766863573546,-437.4324584827386,28.494789847003176,0.0006569008479511,-0.0002672646169875,0.0104677345527929,Bear,True,False,False,143.5529104,0.4270255520762857,2.989178864534,7.0,4.0,1.0,2.0,0.9986661942857143
2022-03-28,43933.56,43551.15,43933.56,43291.01,0.88,49.093360485955465,43633.20375786866,43983.5333339466,-350.3295760779438,-420.01188200177967,69.68230592383588,0.0087809412107238,-3.5862665120345305e-06,0.0106329365942501,Bear,True,False,False,143.5529104,0.04597472020891666,1.1033932850139998,24.0,11.0,9.0,4.0,0.9733494875
2022-03-29,44438.7,43933.56,44478.58,43933.56,1.15,54.76935825357353,43757.12625665809,44017.24938328389,-260.12312662579643,-388.0341309265831,127.91100430078666,0.011497816247989,2.932632823491321e-05,0.0106692232030998,Bear,True,False,False,143.5529104,-0.16620157501133334,-0.997209450068,6.0,2.0,3.0,1.0,0.9994426500000001
2022-03-30,44337.56,44438.7,44444.98,43975.67,-0.23,53.48352780529756,43846.42375563377,44040.97609563323,-194.5523399994636,-349.3377727411592,154.78543274169562,-0.0022759441657833,-0.0004697185386207,0.0105237382302237,Bear,True,False,False,143.5529104,-0.06660208689779998,-0.3330104344889999,5.0,2.0,2.0,1.0,0.8868781779999999
2022-03-31,44928.83,44337.56,44928.83,44337.56,1.33,59.47359521251423,44012.94779322857,44106.743051512254,-93.7952582836806,-298.22926984966347,204.43401156598287,0.0133356458948126,0.0005200959780986,0.0108563212216037,Bear,True,False,False,143.5529104,-0.5048159647279999,-2.5240798236399997,5.0,1.0,4.0,0.0,0.9060189319999999
2022-04-01,45152.11,44928.83,45396.14,44654.95,0.5,61.49030621239617,44188.20351734725,44184.17764028912,4.025877058134938,-237.7782404681038,241.8041175262388,0.0049696375356313,0.0007555482813426,0.0109013683849106,Bull,False,True,False,223.8286775,0.0007276916719999674,0.004366150031999805,6.0,2.0,2.0,2.0,0.99870245
2022-04-04,43902.04,45152.11,45152.11,43824.08,-2.77,47.298890166858655,44144.178360832295,44163.27855582326,-19.100194990962336,-194.04263137267552,174.94243638171318,-0.0276857493481478,-0.0006575203040343,0.0126218202907323,Bear,True,False,False,223.8286775,0.2804003495953889,6.327834812623999,26.0,15.0,8.0,3.0,0.9813525268650793
2022-04-05,43928.08,43902.04,44289.83,43784.03,0.06,47.57033867512344,44110.932459165786,44145.85644057709,-34.92398141130252,-162.21890138040092,127.2949199690984,0.0005931387243052,0.0008135968797379,0.0107398255850796,Bull,False,True,False,223.8286775,-0.63915135105,-3.8349081063,6.0,1.0,5.0,0.0,0.9857913716666666
2022-04-06,44111.1,43928.08,44377.92,43928.08,0.42,49.537668888188,44110.95823467874,44143.28188942323,-32.32365474449034,-136.2398520532188,103.91619730872848,0.004166355552075,0.0014710101220807,0.010508589029522,Bull,False,True,False,223.8286775,0.16637053061583332,0.9982231836949998,6.0,3.0,2.0,1.0,0.9994387666666666
2022-04-07,43786.83,44111.1,44349.59,43751.75,-0.74,46.22790278024266,44061.09235242047,44116.87804576225,-55.78569334177882,-120.14902031093082,64.363326969152,-0.0073512109197003,0.0009114995593623,0.0106724968456892,Bull,False,True,False,223.8286775,-0.00026768983333332513,-0.001606138999999951,6.0,3.0,3.0,0.0,0.9991882716666667
2022-04-08,44444.58,43786.83,44501.55,43786.83,1.5,53.07635248744259,44120.09045204809,44141.15226459468,-21.06181254658441,-100.33157875806154,79.26976621147713,0.0150216400684863,0.0007208944669177,0.0103651853450973,Bull,False,True,False,223.8286775,-0.42771016965571423,-2.9939711875899997,7.0,2.0,5.0,0.0,0.9989599371428571
2022-04-11,46144.96,44444.58,46215.54,44444.58,3.83,65.35907395823176,44431.60884404069,44289.58246721729,142.02637682339991,-51.85998764176925,193.88636446516915,0.0382584333117783,0.0028621781240595,0.0132401002176508,Bull,False,True,False,223.8286775,-0.02511765402750001,-1.0017626260110002,23.0,9.0,10.0,4.0,0.9993752216666666
2022-04-12,46407.26,46144.96,46459.26,45896.46,0.57,66.80266139540399,44735.55517572674,44446.44746964564,289.10770608110033,16.333551102804662,272.77415497829566,0.0056842610763994,0.0034744761143551,0.0130633302402596,Bull,False,True,False,223.8286775,0.12464196036849999,0.9971356829479999,8.0,4.0,3.0,1.0,0.99920445875
2022-04-13,46165.5,46407.26,46643.05,46062.27,-0.52,64.14918291755339,44955.54668715339,44573.78469411633,381.7619930370638,89.41923948965649,292.3427535474073,-0.0052095297158246,0.0028070878117377,0.0131531755166712,Bull,False,True,False,223.8286775,0.7135256699942857,4.99467968996,7.0,6.0,1.0,0.0,0.9994273828571429
2022-04-14,46484.43,46165.5,46510.11,46054.36,0.69,66.06421190859466,45190.7595045144,44715.313976033634,475.44552848077,166.6244972878792,308.8210311928908,0.0069084056275789,0.0028598833750826,0.013168153482476,Bull,False,True,False,223.8286775,-0.299681278857,-2.99681278857,10.0,2.0,5.0,3.0,0.9995309410000001
2022-04-15,46601.54,46484.43,46785.59,46484.43,0.25,66.76621558190539,45407.802657666034,44855.03442225337,552.7682354126664,243.85324491283663,308.91499049982974,0.0025193381956065,0.0031773879275923,0.0130745639590511,Bull,False,True,False,223.8286775,0.17434966224655557,1.569146960219,9.0,4.0,3.0,2.0,0.9678237433333332
2022-04-18,46539.59,46776.58,46969.46,46428.95,-0.13,65.98856917418453,45581.92378725587,44979.81631690127,602.1074703546037,315.5040900011901,286.6033803534136,-0.0013293552101497,0.0039980568337949,0.0121766159474374,Bull,False,True,False,223.8286775,0.08552266227390477,0.9966610525000003,17.0,8.0,7.0,2.0,0.9994517147619048
2022-04-19,46333.36,46539.59,46746.24,46275.64,-0.44,63.3435839159577,45697.52935844728,45080.07881194562,617.4505465016555,375.8933813012832,241.5571652003723,-0.0044312809803437,0.0035438061247591,0.0123194892517385,Bull,False,True,False,223.8286775,0.7126252388428572,4.9883766719,7.0,6.0,1.0,0.0,0.9988747985714286
2022-04-20,45943.16,46333.36,46586.06,45891.14,-0.84,58.56079092112108,45735.31868791692,45144.0107518015,591.3079361154232,418.9762922641112,172.33164385131204,-0.0084215778868615,0.0031532961241205,0.0125791837077635,Bull,False,True,False,223.8286775,-0.14265617437142858,-0.9985932206,7.0,3.0,4.0,0.0,0.9993685142857143
2022-04-21,45652.62,45943.16,46067.18,45599.96,-0.63,55.21760979227543,45722.59581285279,45181.68551092732,540.910301925469,443.3630941963828,97.5472077290862,-0.0063239010986618,0.0024681982483932,0.0127094305599585,Bull,False,True,False,223.8286775,0.00010334524818182574,0.001136797730000083,11.0,5.0,5.0,1.0,0.9984158818181819
2022-04-22,45553.02,45652.62,45774.85,45505.07,-0.22,54.077857332045454,45696.50722626005,45209.19176937715,487.315456882905,452.1535667336872,35.161890149217754,-0.0021816929674574,0.0023262685576228,0.0127465179709963,Bull,False,True,False,223.8286775,0.299781011631,2.99781011631,10.0,5.0,2.0,3.0,0.9995551069999999
2022-04-25,46073.25,45553.02,46203.59,45553.02,1.14,58.85502491434762,45754.46765298928,45273.19608275662,481.2715702326532,457.9771674334804,23.29440279917276,0.0114203185650481,0.002458237425339,0.0128302506808829,Bull,False,True,False,223.8286775,0.061645157306476184,1.0606233314979998,19.0,8.0,8.0,3.0,0.9723096896825396
2022-04-26,45817.67,46073.25,46184.55,45782.89,-0.55,55.78473179948689,45764.19109099092,45313.527484033904,450.6636069570159,456.51445533818753,-5.850848381171659,-0.0055472535581927,0.0016059839350299,0.0127641325153384,Bull,False,True,False,223.8286775,0.5004517128793,5.004517128793,10.0,7.0,2.0,1.0,0.9985059660000001
2022-04-27,45533.3,45817.68,45958.37,45482.5,-0.62,52.50286543558888,45728.66938468463,45329.80692966103,398.86245502359816,444.9840552752697,-46.121600251671566,-0.006206557426425,0.0014094532719978,0.0128569711773062,Bull,False,True,False,223.8286775,-0.29213005425042854,-2.044910379753,7.0,2.0,4.0,1.0,0.9960797585714286
2022-04-28,45249.41,45533.3,45533.3,44656.96,-0.62,49.379632356527225,45654.937171656224,45323.85160153799,331.08557011823723,422.2043582438633,-91.11878812562604,-0.0062347776242881,0.0004309320960428,0.0126444965580224,Bear,True,False,False,223.8286775,-0.14170161629714287,-0.99191131408,7.0,3.0,4.0,0.0,0.9986563642857142
2022-05-06,44840.81,45249.41,45249.41,44784.42,-0.9,45.21095730525924,45529.68683755527,45288.0707421648,241.61609539046185,386.086705673183,-144.47061028272117,-0.0090299519927443,-0.0002690473803759,0.01276692195158,Bear,True,False,False,265.7473754,0.09475138571105775,-0.05854954173799998,45.0,19.0,19.0,7.0,0.9841080800089286
2022-05-09,43393.14,44840.81,44841.41,43233.21,-3.23,34.19602729945018,45200.987324085225,45147.70550200444,53.28182208078215,319.52572895470286,-266.2439068739207,-0.0322846531987267,-0.0004989925729049,0.0133163089550331,Bear,True,False,False,265.7473754,-0.03964173670236506,-0.33180328531299974,19.0,7.0,7.0,5.0,0.9911229873809524
2022-05-10,43504.36,43393.14,43647.55,43262.69,0.26,35.496259560680684,44939.967735764425,45025.97620555967,-86.00846979524067,238.41888920471416,-324.42735899995483,0.0025630779427348,-0.0004004956119834,0.013332088499829,Bear,True,False,False,265.7473754,-0.099927249454,-0.99927249454,10.0,4.0,5.0,1.0,0.999415662
2022-05-11,42863.15,43504.36,43649.59,42394.32,-1.47,31.61745567673067,44620.45731487759,44865.76685699969,-245.3095421221005,141.67320293935126,-386.9827450614518,-0.0147389824835947,-0.0013457625137669,0.0136574879740763,Bear,True,False,False,265.7473754,0.27291040403272726,3.00201444436,11.0,7.0,4.0,0.0,0.9992588245454546
2022-05-12,42898.44,42863.15,43032.5,42273.27,0.08,32.05749636130068,44355.53157412719,44720.03894166638,-364.50736753919045,40.437088843642925,-404.9444563828334,0.0008233179316032,-0.0009370360712017,0.0135904589806771,Bear,True,False,False,265.7473754,-0.0004663603517999845,-0.004663603517999845,10.0,4.0,4.0,2.0,0.9990556829999999
2022-05-13,43486.46,42898.44,43505.75,42853.8,1.37,39.090745224684014,44221.8282550307,44628.66272376517,-406.83446873447247,-49.01722267198016,-357.8172460624923,0.0137072583525181,-0.0010027551570001,0.0135121788454483,Bear,True,False,False,265.7473754,0.6335849547690909,6.96943450246,11.0,9.0,2.0,0.0,0.9983272645454545
2022-05-16,42667.32,43486.46,43486.46,42375.39,-1.88,33.836078443590225,43982.67313887213,44483.37807756034,-500.7049386882063,-139.3547658752254,-361.3501728129809,-0.0188366677811898,-0.0038575102116485,0.0104695436912119,Bear,True,False,False,265.7473754,0.17008554882049354,5.014805258188,22.0,11.0,6.0,5.0,0.9991306395925926
2022-05-17,42726.06,42667.32,42883.86,42607.15,0.14,34.51585763573178,43789.34804058411,44353.20636811142,-563.8583275273122,-224.2554782056428,-339.6028493216694,0.0013766976693168,-0.0040728883820026,0.0103059495710109,Bear,True,False,False,265.7473754,-0.39959462287779995,-1.9979731143889998,5.0,1.0,3.0,1.0,0.999471752
2022-05-18,43026.88,42726.06,43161.43,42509.55,0.7,38.02744500602356,43672.04526510963,44254.95997047354,-582.9147053639099,-295.9873236372962,-286.9273817266137,0.0070406679202341,-0.0034603785001997,0.0105948228362508,Bear,True,False,False,265.7473754,0.1819766483951818,2.001743132347,11.0,6.0,4.0,1.0,0.9993186154545455
2022-05-19,42983.45,43026.88,43256.32,42938.75,-0.1,37.71301326956745,43566.10753201584,44160.77404673476,-594.6665147189196,-355.7231618536209,-238.94335286529872,-0.0010093690269896,-0.0038562672329281,0.0103316487528028,Bear,True,False,False,265.7473754,-0.3328610816,-2.9957497344,9.0,3.0,6.0,0.0,0.9993745133333333
2022-05-20,43100.7,42983.45,43185.8,42938.6,0.27,39.17524860674373,43494.50637324418,44082.25004327293,-587.7436700287508,-402.1272634886469,-185.61640654010387,0.002727794069578,-0.0038458444392296,0.0103385219829243,Bear,True,False,False,265.7473754,-0.1921089906211111,-1.7289809155899998,9.0,4.0,5.0,0.0,0.9586859088888888
2022-05-23,42440.25,43100.71,43100.71,42345.08,-1.53,34.29184536839543,43332.31308505277,43960.62041043789,-628.3073253851253,-447.3632758679426,-180.9440495171827,-0.0153234170210692,-0.0045455475297755,0.0106287246476351,Bear,True,False,False,265.7473754,-0.19016920711062002,-5.929012396331,30.0,9.0,15.0,6.0,0.9894150415527067
2022-05-24,41950.32,42440.25,42637.54,41915.98,-1.15,31.18619872945412,43119.69876427542,43811.70926892397,-692.0105046485551,-496.2927216240651,-195.71778302449,-0.0115439942036156,-0.0049011831909391,0.0107430800973957,Bear,True,False,False,265.7473754,0.11109875121133334,0.999888760902,9.0,4.0,3.0,2.0,0.9993841022222222
2022-05-25,42012.66,41950.32,42128.41,41356.02,0.15,32.029723168864194,42949.38510823304,43678.44636011479,-729.0612518817434,-542.8464276756008,-186.21482420614257,0.0014860434914443,-0.0044058021220238,0.0108004801730742,Bear,True,False,False,265.7473754,0.2499789263075,1.99983141046,8.0,5.0,3.0,0.0,0.99938839125
2022-05-26,42541.71,42012.66,42607.43,41904.46,1.26,38.87733320093138,42886.66586081258,43594.24366677296,-707.5778059603763,-575.7927033325559,-131.78510262782038,0.0125926327921153,-0.003459975427485,0.0114334067090914,Bear,True,False,False,265.7473754,0.10428027539444444,0.9385224785499999,9.0,5.0,4.0,0.0,0.9927696222222223
2022-05-27,42861.45,42541.71,43554.75,42541.71,0.75,42.63852293454199,42882.78649761064,43539.9626544194,-657.1761568087604,-592.0693940277969,-65.10676278096355,0.00751591790739,-0.0029750948837426,0.0116931537237807,Bear,True,False,False,265.7473754,0.00022574253066667517,0.0020316827760000766,9.0,4.0,4.0,1.0,0.9994005411111111
2022-05-30,43040.14,42861.45,43257.78,42861.45,0.42,44.68703191629344,42906.99472874746,43502.93875409204,-595.9440253445719,-592.8443202911519,-3.099705053419939,0.0041690143473913,-0.0033376600946254,0.0113300911267141,Bear,True,False,False,265.7473754,0.28640974309446426,5.913047591416,25.0,15.0,9.0,1.0,0.995971565047619
2022-05-31,43078.14,43040.14,43339.22,43018.4,0.09,45.13575148815765,42933.32477047863,43471.47217971485,-538.1474092362259,-581.9049380801667,43.7575288439408,0.0008828967563767,-0.003016152578897,0.0113552950529655,Bear,True,False,False,265.7473754,-5.114931825001001e-05,-0.0004091945460000801,8.0,3.0,3.0,2.0,0.999493745
2022-06-01,42756.04,43078.14,43148.77,42723.51,-0.75,42.02378423092492,42906.05019040499,43418.47720343968,-512.4270130346922,-568.0093530710718,55.582340036379605,-0.0074771102002082,-0.0030796802175861,0.0113776154509601,Bear,True,False,False,158.9597372,0.0654276904,0.5888492136,9.0,5.0,4.0,0.0,0.9763164033333334
2022-06-02,42237.91,42756.04,42822.77,42132.98,-1.21,37.540031341489225,42803.25939188114,43331.02778096267,-527.7683890815315,-559.9611602731637,32.19277119163223,-0.0121182878489214,-0.0033738557288178,0.0115384107664423,Bear,True,False,False,158.9597372,-0.26612063652818185,-2.92732700181,11.0,3.0,6.0,2.0,0.99256662
2022-06-03,41314.88,42237.91,42237.91,41229.43,-2.19,31.161427658883795,42574.27794697635,43181.68350089136,-607.405553915014,-569.4500390015338,-37.955514913480215,-0.0218531172588796,-0.0040150139921246,0.0122061967451942,Bear,True,False,False,158.9597372,-0.7225776732171428,-5.05804371252,7.0,0.0,6.0,1.0,0.9325234785714286
2022-06-06,41577.21,41314.88,41674.1,41031.91,0.63,34.564425951437016,42420.88287821076,43062.83361193645,-641.9507337256873,-583.9501779463645,-58.00055577932278,0.0063495283055403,-0.0020833049169112,0.0104237955957278,Bear,True,False,False,158.9597372,-0.03947324652833927,-1.0901670375229997,23.0,10.0,11.0,2.0,0.9958111334523809
2022-06-07,41568.41,41577.21,41854.25,41524.07,-0.02,34.502808501572886,42289.73320463987,42952.135566607816,-662.4023619679429,-599.6406147506802,-62.76174721726261,-0.0002116544135596,-0.0022220415347259,0.0103770597771558,Bear,True,False,False,158.9597372,0.014197534946363633,0.15617288440999996,11.0,3.0,3.0,5.0,0.9849133327272728
2022-06-08,41553.16,41568.41,41620.35,41391.53,-0.04,34.38840002653703,42176.41425007989,42848.50774685909,-672.0934967791982,-614.1311911563839,-57.962305622814256,-0.000366865126667,-0.0015034356668795,0.009953639915222,Bear,True,False,False,158.9597372,-0.08964933306018183,-0.9861426636620001,11.0,4.0,5.0,2.0,0.9989186954545454
2022-06-09,41735.96,41553.16,41994.62,41553.16,0.44,37.081622887979165,42108.65205775991,42766.096802647306,-657.444744887398,-622.7939019025868,-34.65084298481122,0.0043991840813069,-0.0013246423593944,0.0100294613391687,Bear,True,False,False,158.9597372,0.3629423192718182,3.99236551199,11.0,7.0,3.0,1.0,0.9983352645454545
2022-06-10,42014.73,41735.96,42076.14,41715.05,0.67,41.0552860949252,42094.20251041223,42710.44000245121,-616.2374920389775,-621.482619929865,5.245127890887488,0.0066793719372935,-0.0016760366801556,0.0095885031124155,Bear,True,False,False,158.9597372,0.18154938319963637,1.997043215196,11.0,6.0,4.0,1.0,0.9993726509090909
2022-06-13,40879.93,42014.73,42069.65,40834.97,-2.7,32.15313690724622,41907.3913549642,42574.84666893631,-667.4553139721102,-630.6771587383141,-36.77815523379604,-0.0270095749752528,-0.0020846820398587,0.0104901194839476,Bear,True,False,False,158.9597372,0.14158605088464704,5.9444476141789995,40.0,18.0,12.0,10.0,0.9936657419856832
2022-06-14,41054.68,40879.93,41115.72,40657.88,0.43,34.50816182188436,41776.20499266202,42462.24173049658,-686.0367378345618,-641.7490745575637,-44.287663276998046,0.0042747137776411,-0.0019397812344425,0.0105602291885187,Bear,True,False,False,158.9597372,0.199842009363,1.99842009363,10.0,6.0,4.0,0.0,0.999387163
2022-06-15,41438.79,41054.68,41534.99,41054.68,0.94,39.48074883781945,41724.294993790936,42386.43049120054,-662.135497409603,-645.8263591279717,-16.30913828163125,0.0093560587976815,-0.0018240116905702,0.0106759194181471,Bear,True,False,False,158.9597372,0.24983015219525004,2.9979618263430003,12.0,7.0,4.0,1.0,0.9994788891666667
2022-06-16,41730.16,41438.79,41764.19,41322.89,0.7,43.01524719211143,41725.197302438486,42337.81786222272,-612.6205597842345,-639.1851992592243,26.564639474989804,0.0070313346504566,-0.0014219765066978,0.010858057215488,Bear,True,False,False,158.9597372,0.22175066293444448,1.9957559664100004,9.0,5.0,3.0,1.0,0.9992485511111112
2022-06-17,42140.76,41730.16,42420.64,41730.16,0.98,47.6547389017417,41789.13002514026,42323.22098353956,-534.090958399298,-618.166351087239,84.07539268794108,0.0098394063190747,-0.001066395894223,0.0111145237350314,Bear,True,False,False,158.9597372,-0.20520954762272725,-2.25730502385,11.0,4.0,7.0,0.0,0.9634993309090909
2022-06-20,41776.98,42140.76,42357.92,41740.12,-0.86,44.219696893028114,41787.26079050329,42282.75868846256,-495.49789795926336,-593.6326604616439,98.13476250238055,-0.0086324973730895,-0.000731849911824,0.0107577754968339,Bear,True,False,False,158.9597372,-0.11687292096158249,-3.5962014815780003,25.0,8.0,12.0,5.0,0.9823450048013468
2022-06-21,42525.95,41776.98,42564.79,41745.27,1.79,51.906147067912656,41900.90528427202,42300.77285968755,-399.8675754155338,-554.879643452422,155.0120680368882,0.0179278157492475,0.000741740585819,0.0112078830774239,Bear,True,False,False,158.9597372,0.11106599695733332,0.9995939726159999,9.0,4.0,3.0,2.0,0.9988066211111111
2022-06-22,42458.14,42525.95,42880.17,42408.17,-0.16,51.217999524869136,41986.63370207632,42312.42968489589,-325.79598281955987,-509.0629113258496,183.26692850628973,-0.0015945557947558,0.000587710621509,0.011218279274731,Bear,True,False,False,158.9597372,0.4026293367555555,3.6236640307999997,9.0,6.0,2.0,1.0,0.9787407266666666
2022-06-23,42716.97,42458.14,42983.41,42458.14,0.61,53.739057311199154,42098.99313252612,42342.39563416286,-243.40250163673767,-455.9308293880272,212.5283277512895,0.0060961219686024,0.0002628850803334,0.0109430588777444,Bear,True,False,False,158.9597372,0.18158248841545455,1.9974073725700001,11.0,5.0,3.0,3.0,0.9993731309090909
2022-06-24,41051.79,42716.97,42782.34,40555.41,-3.9,39.57049139633391,41937.88495829134,42246.79521681747,-308.910258526128,-426.5267152156474,117.6164566895194,-0.0389816974378098,-0.0020619956869265,0.0138691053379488,Bear,True,False,False,158.9597372,-0.25182499091363636,-2.77007490005,11.0,3.0,6.0,2.0,0.9756022281818182
2022-06-27,41878.57,41051.79,41949.93,41051.79,2.01,47.03706506400705,41928.75958009267,42219.51927483099,-290.75969473832083,-399.3733111201821,108.61361638186128,0.0201399256889893,-0.0012634501198466,0.0146826713131462,Bear,True,False,False,158.9597372,-0.24796399641847777,-6.996300944741,28.0,7.0,14.0,7.0,0.9986821817777778
2022-06-28,41765.62,41878.57,42149.29,41614.6,-0.27,46.19727713683071,41903.66118315534,42185.89710632499,-282.2359231696537,-375.94583353007647,93.70991036042278,-0.0026970834964039,-0.0014424491324856,0.0146769486067933,Bear,True,False,False,158.9597372,-0.09147966117236363,-1.006276272896,11.0,4.0,5.0,2.0,0.9985921745454545
2022-06-29,41297.73,41765.62,41813.62,41119.19,-1.12,42.78922635681097,41810.44100113145,42120.10695030092,-309.6659491694736,-362.689856657956,53.02390748848234,-0.0112027548016765,-0.0016287313625591,0.0147808482038708,Bear,True,False,False,158.9597372,-0.42769232038142857,-2.99384624267,7.0,1.0,4.0,2.0,0.9991115442857144
2022-06-30,41540.83,41297.73,41559.31,41220.49,0.59,45.05714153387347,41768.96238557276,42077.19754657493,-308.2351610021651,-351.7989175267978,43.56375652463271,0.0058865220921342,-0.0007284908655063,0.0146561206525295,Bear,True,False,False,158.9597372,0.33305087611725,3.996610513407,12.0,7.0,3.0,2.0,0.9993549366666666
2022-07-01,41630.35,41540.83,41744.86,41538.49,0.22,45.907507322732606,41747.63740317695,42044.09772831012,-296.4603251331646,-340.73119904807123,44.270873914906645,0.0021549882368743,0.0004719144092813,0.0137926004838751,Bear,True,False,False,229.1917707,0.7758065496633333,6.98225894697,9.0,8.0,1.0,0.0,0.9988127033333333
2022-07-04,41348.19,41630.35,41685.69,41323.42,-0.68,43.6161044156965,41686.18395653435,41992.54900769455,-306.3650511602027,-333.85796947049755,27.49291831029484,-0.0067777474847076,-0.000184449380231,0.0138105141449855,Bear,True,False,False,229.1917707,-0.1943407030790182,-5.495511223126001,29.0,7.0,13.0,9.0,0.98857304
2022-07-05,41102.57,41348.19,41458.08,41068.6,-0.59,41.66645182878083,41596.39719399061,41926.62463675422,-330.2274427636148,-333.131864129121,2.904421365506209,-0.0059402842059108,-0.0004708808698485,0.013870384490724,Bear,True,False,False,229.1917707,-0.3056210339563636,-3.3618313735199994,11.0,3.0,7.0,1.0,0.969986669090909
2022-07-06,41159.79,41102.57,41334.9,41102.57,0.14,42.31337734288283,41529.22685645359,41869.82207106872,-340.59521461513214,-334.62453422632325,-5.970680388808887,0.0013921270616412,-0.0003829312604331,0.0138766540580552,Bear,True,False,False,229.1917707,0.24453336030366668,2.200800242733,9.0,5.0,3.0,1.0,0.9812602199999999
2022-07-07,41344.01,41159.79,41396.57,41009.64,0.45,44.44936397226975,41500.73195546073,41830.87302876734,-330.1410733066077,-333.7278420423802,3.5867687357724662,0.0044757274028852,-0.0003791040943542,0.0138780528609456,Bear,True,False,False,229.1917707,-0.0007144661946250075,-0.00571572955700006,8.0,3.0,3.0,2.0,0.9991194075000001
2022-07-13,41862.77,41344.01,41971.83,41223.97,1.25,50.057378596227,41556.43011615908,41833.23576737716,-276.8056512180847,-322.34340387752115,45.53775265943648,0.0125474040858637,-8.570248692574278e-05,0.0140954593524818,Bear,True,False,False,229.1917707,-0.4238317948016771,-15.47307487052,36.0,9.0,24.0,3.0,0.9917211511979167
2022-07-14,42348.91,41862.77,42362.91,41862.77,1.16,54.67518479359047,41678.35009828845,41871.43385868256,-193.0837603941036,-296.4914751808377,103.40771478673412,0.0116127050360024,0.001845411513637,0.0127987074099266,Bull,False,True,False,229.1917707,-0.4973948101775,-3.97915848142,8.0,2.0,6.0,0.0,0.99839424125
2022-07-15,42074.91,42348.91,42499.48,42027.37,-0.65,51.76972977709594,41739.35931393638,41886.506165446815,-147.14685151043523,-266.6225504467572,119.47569893632198,-0.0064700602683752,0.0013081728113362,0.012916338834645,Bull,False,True,False,229.1917707,-0.39949563336800004,-1.9974781668400001,5.0,1.0,3.0,1.0,0.999447234
2022-07-18,41367.11,42074.91,42074.91,41275.08,-1.68,45.10218210756262,41682.0901887154,41848.03237541372,-165.9421866983248,-246.4864776970708,80.54429099874594,-0.0168223770413294,-7.489806143512467e-07,0.0133761122762258,Bear,True,False,False,229.1917707,-0.038566632428762626,-1.787505074522,28.0,11.0,13.0,4.0,0.9929035377441077
2022-07-19,40389.07,41367.11,41551.53,40216.38,-2.36,37.84834404295234,41483.1640058361,41739.96108834604,-256.7970825099401,-248.54859865964465,-8.248483850295457,-0.0236429375897905,-0.0015344625926267,0.0142569365316119,Bear,True,False,False,229.1917707,0.37475051416925,2.998004113354,8.0,5.0,2.0,1.0,0.999545195
2022-07-20,40459.7,40389.07,40533.6,40135.38,0.17,38.61613292552547,41325.70800493824,41645.126933653744,-319.41892871550954,-262.7226646708176,-56.69626404469193,0.0017487404389355,-0.0019389958866336,0.0140302045047715,Bear,True,False,False,229.1917707,0.24987669536124996,1.9990135628899997,8.0,5.0,3.0,0.0,0.999464695
2022-07-21,39831.75,40459.7,40577.06,39801.21,-1.55,34.531734921579,41095.868311870814,41510.80271634606,-414.93440447524335,-293.1650126317028,-121.76939184354056,-0.0155203820097528,-0.0022833901184668,0.0142853717406564,Bear,True,False,False,229.1917707,-0.006249195353916687,-0.07499034424700024,12.0,5.0,5.0,2.0,0.9952245175000001
2022-07-22,40077.3,39831.75,40180.78,39541.09,0.62,37.32340582819741,40939.16549465992,41404.61732995005,-465.4518352901287,-327.622377163388,-137.8294581267407,0.0061646801860326,-0.0028715468966275,0.0136368763805215,Bear,True,False,False,229.1917707,-0.5546463524233334,-4.99181717181,9.0,2.0,7.0,0.0,0.9992043055555556
2022-07-25,39844.02,40077.3,40077.3,39720.8,-0.58,35.76316517878759,40770.68157240455,41289.01752773153,-518.3359553269838,-365.7650927961071,-152.5708625308767,-0.0058207513979237,-0.0030828566767859,0.0136487855935346,Bear,True,False,False,229.1917707,-0.189082849344375,-5.935529036969999,23.0,6.0,12.0,5.0,0.9980631820833333
2022-07-26,39894.05,39844.02,40135.44,39712.94,0.13,36.37743499443005,40635.81517665,41185.68659975141,-549.8714231014092,-402.5863588571675,-147.28506424424165,0.0012556463931101,-0.0033248804555605,0.0135197614918086,Bear,True,False,False,229.1917707,0.0,0.0,0.0,0.0,0.0,0.0,0.0
2022-07-27,39972.64,39894.05,40097.19,39605.1,0.2,37.390269171156575,40533.78822639615,41095.83129606612,-562.0430696699696,-434.477701019728,-127.56536865024157,0.0019699679526143,-0.0012772971860393,0.0106268526373916,Bear,True,False,False,229.1917707,0.0,0.0,0.0,0.0,0.0,0.0,0.0
2022-07-28,40276.64,39972.64,40623.6,39972.64,0.76,41.28407304801494,40494.22696079674,41035.15045932048,-540.9234985237417,-455.7668605205308,-85.15663800321096,0.0076052019581394,-0.0019040333725818,0.009619101974107,Bear,True,False,False,229.1917707,0.0,0.0,0.0,0.0,0.0,0.0,0.0
2022-07-29,40150.36,40276.64,40420.57,40026.86,-0.31,40.16658517072022,40441.32435144339,40969.61042529674,-528.2860738533491,-470.27070318709445,-58.01537066625463,-0.0031353161534825,-0.0019259450054357,0.00962150239765,Bear,True,False,False,229.1917707,0.0,0.0,0.0,0.0,0.0,0.0,0.0
2022-08-01,40075.96,40150.36,40380.64,40070.67,-0.19,39.48839297414856,40385.114451221336,40903.41409749698,-518.2996462756419,-479.876491804804,-38.42315447083792,-0.0018530344435268,-0.0014584589875283,0.009370918372641,Bear,True,False,False,149.9616054,0.0,0.0,0.0,0.0,0.0,0.0,0.0
2022-08-02,40191.61,40075.96,40458.09,39762.5,0.29,41.151725185484224,40355.34453564882,40850.68786805276,-495.3433324039361,-482.9698599246304,-12.37347247930569,0.0028857699229163,-0.0016084965959892,0.0092706141960669,Bear,True,False,False,149.9616054,0.0,0.0,0.0,0.0,0.0,0.0,0.0
2022-08-03,41068.87,40191.61,41208.09,40191.61,2.18,51.94282931924054,40465.11768401054,40866.84950745626,-401.7318234457198,-466.7222526288483,64.99042918312853,0.0218269434839759,-0.0006248988336341,0.0106342252986989,Bear,True,False,False,149.9616054,0.0,0.0,0.0,0.0,0.0,0.0,0.0
2022-08-04,41425.37,41068.87,41609.9,41068.87,0.87,55.51294048076497,40612.84880954738,40908.22139579283,-295.3725862454521,-432.4523193521691,137.079733106717,0.0086805407599479,0.0001480155785986,0.0107248700939263,Bear,True,False,False,149.9616054,0.0,0.0,0.0,0.0,0.0,0.0,0.0
2022-08-05,42096.24,41425.37,42168.08,41425.37,1.62,61.33416621565181,40841.062838847785,40996.22277388225,-155.15993503446225,-376.99384248862776,221.8339074541655,0.0161946652498214,0.0012547630513852,0.0111953084725955,Bull,False,True,False,149.9616054,0.0,0.0,0.0,0.0,0.0,0.0,0.0
2022-08-10,42494.85,42096.24,42776.47,42096.24,0.95,64.32148780259854,41095.4916328712,41107.23219803911,-11.74056516791461,-303.9431870244852,292.20262185657054,0.0094690167102811,0.0016586075338172,0.0113451983609027,Bull,False,True,False,149.9616054,0.0,0.0,0.0,0.0,0.0,0.0,0.0
2022-08-11,42243.33,42494.85,42678.94,42215.73,-0.59,61.11302227643661,41272.08215089101,41191.38759077696,80.69456011404691,-227.0156375967788,307.71019771082564,-0.0059188348705783,0.001138879420144,0.0114469856154102,Bull,False,True,False,149.9616054,0.0,0.0,0.0,0.0,0.0,0.0,0.0
2022-08-12,42857.57,42243.33,42874.22,42243.33,1.45,65.62286346501736,41516.00335844624,41314.80850997867,201.19484846757405,-141.3735403839082,342.56838885148227,0.0145405203614392,0.0012385352339228,0.0115596554154512,Bull,False,True,False,149.9616054,0.0,0.0,0.0,0.0,0.0,0.0,0.0
2022-08-15,43621.82,42857.57,43659.04,42857.57,1.78,70.24643980403476,41839.97514945451,41485.69824998025,354.2768994742655,-42.243452412273456,396.52035188653895,0.017832322271188,0.0015495160956821,0.0119311251959419,Bull,False,True,False,149.9616054,0.0,0.0,0.0,0.0,0.0,0.0,0.0
2022-08-16,43436.48,43621.82,43887.62,43379.79,-0.42,67.86270522643244,42085.591280307664,41630.20060183357,455.3906784740975,57.28337376500074,398.1073047090968,-0.0042487910866625,0.0016605795547677,0.0118626864794095,Bull,False,True,False,149.9616054,0.0,0.0,0.0,0.0,0.0,0.0,0.0
2022-08-17,43676.56,43436.48,43736.43,43389.48,0.55,69.31524407979805,42330.35569872187,41781.78277947553,548.5729192463405,155.54128286126868,393.0316363850718,0.0055271513713817,0.0027780559754033,0.0110551224176917,Bull,False,True,False,149.9616054,0.0,0.0,0.0,0.0,0.0,0.0,0.0
2022-08-18,43481.5,43676.56,43879.23,43390.33,-0.45,66.67830606741727,42507.45482199543,41907.68775877364,599.7670632217923,244.38643893337343,355.3806242884189,-0.0044660110594789,0.0037369023019189,0.0093418097604525,Bull,False,True,False,149.9616054,0.0,0.0,0.0,0.0,0.0,0.0,0.0
2022-08-19,43270.65,43481.5,43531.65,43232.95,-0.48,63.85065018000138,42624.86946476536,42008.6479247904,616.2215399749621,318.7534591416912,297.4680808332709,-0.0048491887354391,0.0034070058432001,0.0095303126381814,Bull,False,True,False,149.9616054,0.0,0.0,0.0,0.0,0.0,0.0,0.0
2022-08-22,42826.66,43270.65,43314.19,42787.86,-1.03,58.24901464773206,42655.91416249376,42069.241411842966,586.6727506507959,372.3373174435121,214.3354332072838,-0.0102607656691082,0.0036699866602324,0.0090405202156505,Bull,False,True,False,149.9616054,0.0,0.0,0.0,0.0,0.0,0.0,0.0
2022-08-23,43366.78,42826.66,43419.59,42826.66,1.26,62.55297799264835,42765.27813749472,42165.35538133608,599.9227561586449,417.85440518653866,182.06835097210623,0.0126117703318446,0.003992341167523,0.009246742984188,Bull,False,True,False,149.9616054,0.0,0.0,0.0,0.0,0.0,0.0,0.0
2022-08-24,43337.97,43366.77,43684.11,43299.48,-0.07,62.18474442908976,42853.38457788015,42252.21572345933,601.1688544208155,454.5172950333941,146.6515593874214,-0.0006643333906736,0.0042501620678855,0.0090280302112413,Bull,False,True,False,149.9616054,0.0,0.0,0.0,0.0,0.0,0.0,0.0
2022-08-25,43032.57,43337.97,43457.55,42961.1,-0.7,58.268923416542414,42880.95156589858,42310.01974394383,570.9318219547567,477.8002004176666,93.13162153709015,-0.0070469382852957,0.0038350328339652,0.0093578336647709,Bull,False,True,False,149.9616054,0.0,0.0,0.0,0.0,0.0,0.0,0.0
2022-08-26,42591.51,43032.57,43201.21,42547.72,-1.02,53.07122131905448,42836.42209422188,42330.87087402206,505.5512201998208,483.3504043740975,22.20081582572334,-0.0102494459429217,0.0032240621391884,0.0098708511302092,Bull,False,True,False,149.9616054,0.0,0.0,0.0,0.0,0.0,0.0,0.0
2022-08-29,42504.34,42591.51,42591.51,41828.13,-0.2,52.08239639330607,42785.332541264666,42343.72043890932,441.6121023553496,475.002743970348,-33.390641614998344,-0.0020466520205554,0.0027414694402536,0.0098813180082936,Bull,False,True,False,149.9616054,0.0,0.0,0.0,0.0,0.0,0.0,0.0
2022-08-30,42195.25,42504.34,43052.27,42106.02,-0.73,48.62296774166324,42694.55061183933,42332.72262861974,361.82798321959126,452.3677918201967,-90.5398086006054,-0.0072719632865725,0.0025346370835991,0.0100526118617692,Bull,False,True,False,149.9616054,0.0,0.0,0.0,0.0,0.0,0.0,0.0
2022-08-31,42351.15,42195.26,42472.14,42079.05,0.37,50.412070314036754,42641.71974847943,42334.08761909235,307.63212938707875,423.4206593335731,-115.78852994649436,0.0036947286720661,0.0028120252393788,0.0100015797881308,Bull,False,True,False,149.9616054,0.0,0.0,0.0,0.0,0.0,0.0,0.0
2022-09-01,42460.08,42351.15,42667.53,42351.15,0.26,51.67824889310614,42613.77517179029,42343.42038804847,270.3547837418155,392.8074842152216,-122.45270047340614,0.0025720671103381,0.0027963400987499,0.0100017040339219,Bull,False,True,False,114.5239745,0.0,0.0,0.0,0.0,0.0,0.0,0.0
2022-09-02,42309.11,42460.08,42568.66,42238.22,-0.36,49.78105837370457,42566.90360689948,42340.87887782266,226.02472907681656,359.4509331875406,-133.42620411072403,-0.0035555750248233,0.0015272141733099,0.009022244254298,Bull,False,True,False,114.5239745,0.0,0.0,0.0,0.0,0.0,0.0,0.0
2022-09-05,41859.3,42309.11,42388.34,41859.1,-1.06,44.53505804173656,42458.04151353033,42305.20636835431,152.83514517601725,318.12777558523595,-165.2926304092187,-0.0106315164748206,0.0005616113115715,0.0092470018136372,Bull,False,True,False,114.5239745,0.0,0.0,0.0,0.0,0.0,0.0,0.0
2022-09-06,41860.36,41859.3,41927.05,41684.01,0.0,44.54988759476198,42366.09051144874,42272.25478551325,93.83572593548888,273.2693656552865,-179.43363971979767,2.532292704371386e-05,-0.0002468558045673,0.0084835961110231,Bear,True,False,False,114.5239745,0.00014811275600000012,0.0014811275600000013,10.0,4.0,4.0,2.0,0.9985960760000001
2022-09-07,41766.05,41860.36,42064.94,41703.95,-0.23,43.43711346951736,42273.77658661047,42234.7581347345,39.01845187597064,226.41918289942336,-187.40073102345272,-0.0022529667685609,-0.0008329549785094,0.0081763867781285,Bear,True,False,False,114.5239745,0.0751358666177,0.751358666177,10.0,5.0,4.0,1.0,0.9833822099999999
2022-09-08,41824.79,41766.05,41936.93,41676.94,0.14,44.36915854418271,42204.70172713193,42204.390124754165,0.3116023777620285,181.19766679509112,-180.8860644173291,0.0014064054417404,-0.0004666929628935,0.0081002869270139,Bear,True,False,False,114.5239745,-0.499719469262,-4.99719469262,10.0,2.0,7.0,1.0,0.9991988810000001
2022-09-09,41948.16,41824.79,42099.54,41815.49,0.29,46.36805014843734,42165.23376911163,42185.41011551312,-20.17634640148753,140.9228641557754,-161.09921055726292,0.002949686059392,-0.0010462346779959,0.0073499593252369,Bear,True,False,False,114.5239745,0.08223186350444443,0.7400867715399999,9.0,4.0,4.0,1.0,0.9579801633333334
2022-09-12,41862.29,41948.16,42137.8,41812.93,-0.2,45.15195718201545,42118.62703540216,42161.47529214178,-42.848256739627686,104.16863997669478,-147.01689671632246,-0.0020470504546564,-0.0020402033142881,0.0058546355287102,Bear,True,False,False,114.5239745,-0.1738709099934667,-5.903220842021,28.0,9.0,15.0,4.0,0.9863536717777778
2022-09-13,42001.34,41862.29,42092.72,41862.29,0.33,47.55079594881719,42100.58287610952,42149.6134186498,-49.030542540276656,73.5288034733005,-122.55934601357716,0.0033216051964666,-0.0016616835001316,0.0059483034815785,Bear,True,False,False,114.5239745,-0.26144901391450004,-3.1373881669740005,12.0,4.0,6.0,2.0,0.9435113475
2022-09-14,41937.62,42001.34,42084.45,41912.84,-0.15,46.54614975434377,42075.511664400365,42133.91020245351,-58.39853805314488,47.14333516801143,-105.5418732211563,-0.0015170944546053,-0.002013895791431,0.0057037589687096,Bear,True,False,False,114.5239745,-0.2722019700436364,-2.9942216704800004,11.0,3.0,6.0,2.0,0.9994126781818181
2022-09-15,41772.09,42011.82,42311.63,41724.81,-0.39,43.9484748873112,42028.83140833877,42107.10870597547,-78.27729763670504,22.059208607068136,-100.3365062437732,-0.0039470527893572,-0.0019879478779249,0.0056931871653578,Bear,True,False,False,114.5239745,0.4992814552882,4.992814552882,10.0,7.0,2.0,1.0,0.9992798350000001
2022-09-16,41679.49,41772.09,41916.86,41603.48,-0.22,42.51891562066284,41975.08657628665,42075.43324627359,-100.34666998693864,-2.4219671117332204,-97.92470287520544,-0.0022167911636692,-0.0018563279993364,0.0056538501835011,Bear,True,False,False,114.5239745,-0.4433001627992222,-3.989701465193,9.0,1.0,5.0,3.0,0.999189348888889
2022-09-19,41520.59,41679.49,41896.62,41504.64,-0.38,40.1079741012577,41905.16402608871,42034.33374654962,-129.1697204609154,-27.77151778156966,-101.39820267934576,-0.0038124266875626,-0.0015339110502591,0.0053235678173076,Bear,True,False,False,114.5239745,-0.04758660868907743,-2.0153796749329995,26.0,11.0,13.0,2.0,0.9985813237037037
2022-09-20,41220.91,41520.59,41642.02,41078.71,-0.72,35.96593326361128,41799.89417592121,41974.080135694094,-174.1859597728835,-57.054406179832434,-117.13155359305108,-0.0072176238343432,-0.0025253807585685,0.0042981707088264,Bear,True,False,False,114.5239745,-0.37298345396545457,-4.10281799362,11.0,3.0,7.0,1.0,0.9940882881818183
2022-09-21,40965.58,41220.91,41357.75,40871.82,-0.62,32.8528844844826,41671.53814885641,41899.37642193898,-227.8382730825688,-91.2111795603797,-136.62709352218906,-0.0061941863971465,-0.0028018734088922,0.0043497055629119,Bear,True,False,False,114.5239745,-0.2854224083267857,-3.995913716575,14.0,3.0,7.0,4.0,0.9994558521428571
2022-09-22,40927.95,40965.58,40986.95,40417.92,-0.09,32.40767993954945,41557.13997210927,41827.41890920275,-270.2789370934843,-127.02473106700064,-143.25420602648364,-0.0009185760338314,-0.0024954552963189,0.0042496267526521,Bear,True,False,False,114.5239745,-0.09315516140314284,-0.6520861298219999,7.0,2.0,3.0,2.0,0.9698974914285714
2022-09-23,40620.21,40927.95,41128.83,40514.33,-0.75,28.95224484352424,41412.99689947707,41737.99602703958,-324.99912756251433,-166.61961036610336,-158.37951719641097,-0.0075190670434263,-0.0023589363513442,0.0040253589496146,Bear,True,False,False,114.5239745,-0.07730959761715385,-1.005024769023,13.0,5.0,6.0,2.0,0.9991602584615384
2022-09-26,41151.54,40620.21,41196.63,40620.21,1.31,40.70721927994256,41372.77276109598,41694.554839851466,-321.7820787554883,-197.6521040439804,-124.12997471150796,0.0130804345915493,-0.0016025820207389,0.0053049232095842,Bear,True,False,False,114.5239745,0.2083064115824148,3.9384332832389997,32.0,14.0,10.0,8.0,0.9975216220555555
2022-09-27,41518.23,41151.54,41589.89,41151.54,0.89,47.199919156390905,41395.15079785044,41681.4937406032,-286.34294275276625,-215.39027178573755,-70.9526709670287,0.0089107236327001,-0.0007934476747753,0.0056194949153114,Bear,True,False,False,114.5239745,0.18183647379954546,2.000201211795,11.0,5.0,3.0,3.0,0.9993881009090909
2022-09-28,41435.13,41518.23,41820.95,41391.18,-0.2,45.97135606184802,41401.30144433499,41663.2445746326,-261.9431302976081,-224.7008434881117,-37.24228680949645,-0.0020015304120625,-0.0010782606289817,0.0055235815400551,Bear,True,False,False,114.5239745,-0.49610583641392864,-6.945481709795001,14.0,2.0,9.0,3.0,0.9977760714285715
2022-09-29,41013.86,41435.13,41435.13,40910.82,-1.02,40.251530306261934,41341.69506828346,41615.1420135487,-273.4469452652411,-234.4500638435376,-38.99688142170351,-0.010166976669314,-0.0017152128179643,0.0058076846206215,Bear,True,False,False,114.5239745,-0.27050702220727274,-2.97557724428,11.0,4.0,7.0,0.0,0.9973158054545455
2022-09-30,41128.67,41013.86,41134.99,40753.94,0.28,42.35651798821801,41308.92198085524,41579.10704958213,-270.18506872689613,-241.5970648202093,-28.588003906686826,0.002799297603298,-0.0013974691865583,0.0058751459707946,Bear,True,False,False,114.5239745,0.061769372655375014,0.9883099624860002,16.0,8.0,7.0,1.0,0.99908590875
2022-10-03,41211.7,41128.67,41403.73,41090.52,0.2,43.895937843480695,41293.96475303135,41551.89171257605,-257.9269595446968,-244.8630437651068,-13.063915779589903,0.0020187864086049,-0.000764954042387,0.0054975167992478,Bear,True,False,False,113.7809131,-0.06705129989602991,-1.4917670620709997,31.0,11.0,13.0,7.0,0.9920485367521367
2022-10-04,41350.43,41211.7,41587.73,41211.7,0.34,46.46833296081573,41302.65171410346,41536.9686227556,-234.3169086521448,-242.75381674251443,8.436908090369656,0.0033662770523905,-0.0005979063361196,0.0055730345232476,Bear,True,False,False,113.7809131,-0.06658369696966666,-0.998755454545,15.0,6.0,7.0,2.0,0.9993900113333333
2022-10-05,41611.42,41350.43,41668.46,41350.43,0.63,51.01836842206352,41350.15452731831,41542.48353958852,-192.3290122702092,-232.6688558480534,40.33984357784419,0.0063116635062803,-0.0001696748223776,0.0057649158844168,Bear,True,False,False,113.7809131,-0.003162998378375026,-0.025303987027000208,8.0,3.0,3.0,2.0,0.99622453125
2022-10-06,42160.57,41611.42,42201.55,41611.42,1.32,58.928693563044845,41474.8338308078,41588.267721841214,-113.43389103341906,-208.8218628851265,95.38797185170748,0.0131970982965734,0.000419859820364,0.0064916400516695,Bull,False,True,False,113.7809131,-0.4536789855527273,-4.99046884108,11.0,3.0,8.0,0.0,0.9992198036363636
2022-10-07,42085.25,42160.57,42389.2,41992.11,-0.18,57.55574652178973,41568.74401068351,41625.08122392705,-56.337213243539736,-178.3249329568092,121.98771971326946,-0.0017865033608416,0.0001830503493523,0.0064808741443567,Bull,False,True,False,113.7809131,0.010001344016000013,0.10001344016000013,10.0,4.0,4.0,2.0,0.9886894350000001
2022-10-10,42211.64,42085.25,42441.29,42071.67,0.3,59.27058125226368,41667.65108596297,41668.53002215468,-0.8789361917079077,-142.83573360378892,141.95679741208102,0.0030031899537248,0.0004355623697714,0.0064877919981252,Bull,False,True,False,113.7809131,-0.11076909661355556,-3.843298000394,17.0,5.0,9.0,3.0,0.9824513071428571
2022-10-11,42155.48,42211.64,42410.83,42053.81,-0.13,58.14642810345958,41742.70168812251,41704.60039088396,38.101297238550615,-106.64832743532102,144.74962467387164,-0.0013304387131131,0.0002029601742924,0.0064622177071938,Bull,False,True,False,113.7809131,-0.2622837542451579,-4.983391330658,19.0,5.0,10.0,4.0,0.9986596168421052
2022-10-12,42007.14,42155.48,42195.36,41950.98,-0.35,55.16993665435112,41783.38450533444,41727.01073229997,56.37377303447283,-74.04390734136226,130.4176803758351,-0.003518878209903,0.0001028709865275,0.0065056171369936,Bull,False,True,False,113.7809131,-0.44298067653,-4.87278744183,11.0,1.0,6.0,4.0,0.9939489472727273
2022-10-13,42085.72,42007.14,42121.4,41900.85,0.19,56.44194087122836,41829.89765835992,41753.58178916664,76.31586919327674,-43.97195203443446,120.2878212277112,0.0018706343731089,0.0003937553446508,0.0064447810911098,Bull,False,True,False,113.7809131,-0.27445242046199997,-2.74452420462,10.0,3.0,6.0,1.0,0.9726595570000001
2022-10-14,41948.5,42085.72,42237.29,41897.05,-0.33,53.58280548236471,41848.14417245839,41768.0201751543,80.12399730408652,-19.152762166730263,99.27675947081678,-0.0032604883556702,0.0003415704850507,0.0064712031814314,Bull,False,True,False,113.7809131,-0.129875083001375,-1.039000664011,8.0,2.0,3.0,3.0,0.99701764
2022-10-17,41755.45,41948.5,41988.5,41725.96,-0.46,49.7635295863143,41833.88353054171,41767.0890510688,66.79447947291192,-1.9633138388018287,68.75779331171374,-0.0046020715877803,0.0003020882400399,0.0065002253773589,Bull,False,True,False,113.7809131,-0.37210300472658725,-8.701821893569,23.0,3.0,12.0,8.0,0.9891284416931218
2022-10-18,41839.26,41755.45,42007.23,41755.45,0.2,51.38365489959124,41834.71067968913,41772.43504728593,62.2756324032016,10.884475409598856,51.39115699360274,0.0020071631367881,0.0007633275885964,0.0062614612602622,Bull,False,True,False,113.7809131,-0.3745464292275,-2.99637143382,8.0,2.0,5.0,1.0,0.99941779125
2022-10-19,42226.05,41839.27,42265.22,41839.27,0.92,58.09966131897056,41894.91672896773,41806.036154894384,88.88057407334418,26.483695142347923,62.39687893099625,0.0092446663731624,0.0015352702271119,0.0063100598176126,Bull,False,True,False,113.7809131,-0.24057364628100003,-2.40573646281,10.0,4.0,6.0,0.0,0.9789837200000001
2022-10-20,42137.04,42226.05,42422.22,42097.31,-0.21,56.17643146786344,41932.16646297269,41830.55495823554,101.61150473714952,41.50925706130825,60.10224767584127,-0.0021079404775015,0.0014758020049284,0.0063399366446776,Bull,False,True,False,113.7809131,0.4258578147042857,2.98100470293,7.0,5.0,2.0,0.0,0.9982090457142857
2022-10-21,42213.48,42137.04,42245.51,41793.64,0.18,57.47820588242646,41975.4454686692,41858.919776144015,116.52569252518153,56.5125441540829,60.01314837109861,0.0018140809131348,0.0019424594027564,0.0059760597712246,Bull,False,True,False,113.7809131,0.18160799119545454,1.9976879031499999,11.0,5.0,3.0,3.0,0.99935294
2022-10-24,42347.23,42213.48,42672.34,42213.48,0.32,59.73215533765739,42032.643088873934,41895.09090383705,137.5521850368823,72.72047233064279,64.8317127062395,0.0031684191874254,0.0014468586325502,0.0053855977580298,Bull,False,True,False,113.7809131,-0.08260878729969445,-2.8403928450120004,19.0,6.0,9.0,4.0,0.9714548655
2022-10-25,42190.02,42347.23,42523.51,42156.68,-0.37,55.97630822735234,42056.85492135487,41916.93750355283,139.9174178020403,86.1598614249223,53.75755637711799,-0.0037124033850621,0.0008157022816621,0.0052013669157616,Bull,False,True,False,113.7809131,0.11115590879220001,1.111559087922,10.0,4.0,3.0,3.0,0.993770857
2022-10-26,41540.03,42190.02,42190.02,41490.13,-1.54,43.73252871808988,41977.34339499258,41889.01842921558,88.3249657769993,86.59288229533772,1.73208348166159,-0.0154062501036974,0.0001454662970804,0.0063256401868524,Bull,False,True,False,113.7809131,-0.3002015528062,-3.002015528062,10.0,2.0,5.0,3.0,0.998618849
2022-10-27,41602.85,41540.03,41711.66,41318.66,0.15,44.9850014907453,41919.729026532186,41867.82076779221,51.90825873998256,79.65595758426669,-27.74769884428413,0.0015122762309029,0.0007294289420912,0.0058443053422772,Bull,False,True,False,113.7809131,0.665449361691889,5.989044255227,9.0,7.0,1.0,1.0,0.9990513344444444
2022-10-28,41140.33,41602.86,41641.51,41115.21,-1.11,38.23651389772793,41799.82148398877,41813.93256277056,-14.111078781781544,60.90255031105705,-75.01362909283858,-0.0111175075746011,3.3588683196317246e-05,0.0063880804668973,Bear,True,False,False,113.7809131,-0.14287890257557143,-2.000304636058,14.0,5.0,7.0,2.0,0.9991905957142857
2022-10-31,41264.66,41140.34,41375.4,41140.34,0.3,40.80713560745444,41717.4889479905,41773.24570626904,-55.75675827853411,37.570688593138826,-93.32744687167292,0.0030220953502317,8.375413027765788e-05,0.0064083978604881,Bull,False,True,False,113.7809131,-0.3662216617755556,-7.989408570749,26.0,7.0,15.0,4.0,0.9993669912962964
2022-11-01,41808.69,41264.66,41833.43,41264.66,1.32,50.51290427486419,41731.51987906889,41775.87120950837,-44.35133043948008,21.186284786615044,-65.53761522609513,0.0131839205751362,0.0005746363064149,0.0070199107715115,Bull,False,True,False,136.7210077,0.08334197681691669,1.0001037218030002,12.0,5.0,4.0,3.0,0.9993766016666666
2022-11-02,41944.59,41808.69,42004.9,41727.15,0.33,52.60358338029248,41764.29989767367,41788.36889769293,-24.069000019262603,12.135227825439516,-36.20422784470212,0.0032505204061641,0.0004215791514091,0.0069209146882893,Bull,False,True,False,136.7210077,-0.18154174234609088,-1.9969591658069996,11.0,3.0,5.0,3.0,0.9994955472727273
2022-11-03,42090.71,41944.59,42173.46,41887.51,0.35,54.81400030484964,41814.51683649311,41810.76453490087,3.752301592241565,10.458642578799926,-6.706340986558361,0.0034836435402039,-6.409358640934171e-05,0.0062892009828731,Bear,True,False,False,136.7210077,0.15170498096192855,2.1238697334669996,14.0,7.0,5.0,2.0,0.9880837042857143
2022-11-04,41856.31,42090.71,42090.71,41720.9,-0.56,50.72703636159195,41820.946553955706,41814.13827305636,6.808280899349484,9.728570242909838,-2.920289343560354,-0.0055689248292557,-0.00025321465983,0.0063996219749763,Bear,True,False,False,136.7210077,-0.39936484464620003,-3.993648446462,10.0,2.0,6.0,2.0,0.9992315680000001
2022-11-07,42047.36,41856.31,42207.42,41856.31,0.46,53.753675531567815,41855.77939180867,41831.41395653366,24.36543527500908,12.655943249329685,11.709492025679392,0.0045644252921484,-0.0001751528929088,0.0064507513962166,Bear,True,False,False,136.7210077,0.13877383715993333,0.9994636459760002,28.0,13.0,12.0,3.0,0.9994690228055556
2022-11-08,42265.36,42047.36,42313.64,42047.36,0.52,56.99946229492889,41918.79179306888,41863.55810790154,55.23368516733899,21.17149163293155,34.06219353440744,0.0051846299030426,0.0001506005378989,0.0065530304692191,Bull,False,True,False,136.7210077,0.27184793832627274,2.990327321589,11.0,6.0,3.0,2.0,0.9991794827272727
2022-11-10,42901.27,42265.36,42959.28,42265.36,1.5,64.76748157681124,42069.9422864429,41940.42565546439,129.5166309785127,42.84051950204778,86.67611147646491,0.0150456544082433,0.0010788271688062,0.0072803535926027,Bull,False,True,False,136.7210077,0.13605029197703788,2.946205118409,23.0,12.0,8.0,3.0,0.9667254417424243
2022-11-11,43092.95,42901.27,43120.83,42805.88,0.45,66.71911015023848,42227.32808852861,42025.79782913369,201.5302593949164,74.5784674806215,126.95179191429486,0.0044679330005847,0.00120869210018,0.0073182871231318,Bull,False,True,False,136.7210077,-0.15286716782515383,-1.9872731817269997,13.0,4.0,6.0,3.0,0.9988355261538462
2022-11-14,42850.83,43092.95,43092.95,42761.88,-0.56,62.04400030478983,42323.2514595242,42086.91132327194,236.3401362522636,106.93080123494993,129.4093350173137,-0.0056185524546357,0.0010907888952317,0.0074124677078019,Bull,False,True,False,136.7210077,-0.20346685920494445,-3.994594834539,21.0,6.0,10.0,5.0,0.9995045181481482
2022-11-15,42796.85,42850.83,43035.78,42748.71,-0.13,61.01744467645951,42396.11277344355,42139.49937339994,256.6134000436068,136.86732099668131,119.7460790469255,-0.0012597188899259,0.0012579065301244,0.0073143929242502,Bull,False,True,False,136.7210077,0.5702765029828571,3.9919355208800003,7.0,5.0,1.0,1.0,0.9992023914285715
2022-11-16,42983.75,42796.85,43097.57,42728.67,0.44,63.282687127943085,42486.518500606086,42202.0364568518,284.4820437542876,166.3902655482026,118.091778206085,0.0043671438435306,0.0013759055654616,0.0073460839152849,Bull,False,True,False,136.7210077,-0.2854089401671428,-1.9978625811699997,7.0,2.0,4.0,1.0,0.9993967714285714
2022-11-17,42819.72,42983.75,43099.75,42769.37,-0.38,59.988048480060215,42537.78026974361,42247.7907933813,289.98947636231605,191.11010771102528,98.87936865129078,-0.0038160932910692,0.00072286758225,0.0071886032324741,Bull,False,True,False,136.7210077,-0.2996200755933077,-3.8950609827130003,13.0,3.0,7.0,3.0,0.991251906923077
2022-11-18,42730.24,42819.72,42819.72,42600.99,-0.21,58.20775699440672,42567.38945901382,42283.52777164935,283.86168736447144,209.6604236417145,74.20126372275692,-0.0020896913851843,0.0007237800368658,0.0071882261528561,Bull,False,True,False,136.7210077,-0.3074875893179231,-3.997338661133,13.0,4.0,8.0,1.0,0.9990813961538462
2022-11-21,42761.19,42730.24,42853.94,42664.53,0.07,58.664704997528254,42597.204926857856,42318.91015893459,278.2947679232675,223.38729249802515,54.90747542524235,0.0007243114010127,0.0006692915612597,0.0071836553284067,Bull,False,True,False,136.7210077,-0.22769994109927774,-6.832252875602,31.0,8.0,15.0,8.0,0.9887930225555556
2022-11-22,42928.62,42761.19,43076.45,42761.19,0.39,61.14002272863502,42648.19186118741,42364.07385086536,284.11801032205403,235.53343606283093,48.5845742592231,0.0039154663375833,0.0007066439187676,0.0071992590316238,Bull,False,True,False,136.7210077,-0.48276229421260003,-4.827622942126,10.0,2.0,7.0,1.0,0.9858790949999999
2022-11-23,42880.31,42928.62,43040.58,42790.25,-0.11,60.0231160378828,42683.90234408166,42402.31356561608,281.5887784655861,244.744504543382,36.84427392220411,-0.001125356463823,0.0008359962648296,0.0071386674535076,Bull,False,True,False,136.7210077,0.07476883685670002,0.7476883685670002,10.0,5.0,4.0,1.0,0.9748623679999999
2022-11-24,42903.65,42880.31,43014.6,42865.38,0.05,60.39950803050048,42717.709675761405,42439.44959779266,278.2600779687418,251.447619228454,26.81245874028789,0.0005443057664462,0.0016335240583368,0.0060341327020202,Bull,False,True,False,136.7210077,-0.18177254279872726,-1.999497970786,11.0,3.0,5.0,3.0,0.9992753045454545
2022-11-25,42936.73,42903.65,43120.54,42876.24,0.08,60.96053612962916,42751.40511025965,42476.28518314136,275.11992711829225,256.1820808064216,18.937846311870658,0.0007710299706435,0.0015964617453238,0.0060371922480611,Bull,False,True,False,136.7210077,0.38458294515030766,4.999578286954,13.0,8.0,3.0,2.0,0.998354016923077
2022-11-28,42071.34,42936.73,42936.73,41963.94,-2.02,43.57029547066384,42646.77970868124,42446.28924364941,200.4904650318349,245.04375765150428,-44.55329261966938,-0.0201550048175538,0.0011445868831762,0.0072544127351568,Bull,False,True,False,136.7210077,-0.11240142082300002,-1.4985926597399999,21.0,6.0,7.0,8.0,0.9787052355
2022-11-29,42373.59,42071.34,42438.08,42042.48,0.72,49.03842480514626,42604.75052273028,42440.90411449019,163.84640824008966,228.80428776922136,-64.9578795291317,0.0071842256510012,0.0013526933982146,0.0073698875606577,Bull,False,True,False,136.7210077,0.263095960007875,2.104767680063,8.0,3.0,1.0,4.0,0.96703600125
2022-11-30,42348.63,42373.59,42515.63,42274.16,-0.06,48.61943460924604,42565.34736538716,42434.06899489833,131.2783704888352,209.2991043131441,-78.02073382430893,-0.0005890461487921,0.0006640450620182,0.0068298774583119,Bull,False,True,False,136.7210077,0.9935194837085713,6.95463638596,7.0,7.0,0.0,0.0,0.9966791571428572
2022-12-01,42393.52,42348.63,42658.39,42348.63,0.11,49.45586125184352,42538.91238609683,42431.0653656466,107.84702045023003,189.0086875405613,-81.16166709033129,0.0010600106780314,0.0005545195756116,0.0068037308388982,Bull,False,True,False,186.7853508,0.001067426486111109,0.009606838374999982,9.0,4.0,4.0,1.0,0.9139297444444444
2022-12-02,42150.1,42393.52,42471.19,41946.49,-0.57,45.16249226153576,42479.09509592809,42410.253116339445,68.84197958864388,164.97534595017785,-96.13336636153396,-0.0057419152738437,9.324163490923577e-05,0.0069066485553575,Bear,True,False,False,186.7853508,-0.11091237964100001,-0.998211416769,9.0,3.0,4.0,2.0,0.99937438
2022-12-05,41612.67,42150.1,42248.53,41514.81,-1.28,37.43544192895632,42345.79892732376,42351.17288549949,-5.37395817572542,130.9054851249972,-136.27944330072262,-0.0127503849338436,-0.0002658313703201,0.007386524134442,Bear,True,False,False,186.7853508,-0.25348410924045456,-4.517040375645,26.0,9.0,14.0,3.0,0.9914333973030303
2022-12-06,41539.94,41612.67,41743.92,41296.54,-0.17,36.5246927720634,42221.82063081241,42291.08156064768,-69.26092983526178,90.8722021329454,-160.13313196820718,-0.0017477849895235,-0.0005814418844037,0.0073036639837296,Bear,True,False,False,186.7853508,-0.11062262465944445,-0.9956036219350001,9.0,3.0,4.0,2.0,0.9990983811111112
2022-12-07,41819.29,41539.94,41900.81,41539.94,0.67,42.32830395156484,42159.89284145666,42256.13403763674,-96.24119618007536,53.44952247034127,-149.6907186504166,0.0067248532376309,-0.0005044307176743,0.0073754300296165,Bear,True,False,False,186.7853508,0.3328227050263333,2.995404345237,9.0,5.0,2.0,2.0,0.9993722933333333
2022-12-08,41651.61,41819.29,41927.37,41598.94,-0.4,39.966176267969615,42081.69548123256,42211.35447929327,-129.65899806070956,16.827818364131097,-146.48681642484067,-0.0040096328751636,-0.0014571950818446,0.0064312906553675,Bear,True,False,False,186.7853508,0.2853710161271429,1.99759711289,7.0,3.0,1.0,3.0,0.9994124099999999
2022-12-09,41698.28,41651.61,41747.57,41550.7,0.11,40.953831665800855,42022.70848411987,42173.34896230858,-150.64047818871768,-16.66584094643866,-133.97463724227902,0.0011204848984227,-0.0016245674869527,0.0063114161861877,Bear,True,False,False,186.7853508,-0.49829231972337495,-3.9863385577869996,8.0,1.0,5.0,2.0,0.99846133
2022-12-12,41540.55,41698.28,41784.48,41511.2,-0.38,38.64012074462224,41948.53025579373,42126.47496510054,-177.94470930680836,-48.921614618512606,-129.02309468829577,-0.0037826500277707,-0.0015327723656095,0.006263437717063,Bear,True,False,False,186.7853508,-0.12106150009912221,-2.966264930487,26.0,9.0,12.0,5.0,0.9988129523333334
2022-12-13,41714.3,41540.55,41770.57,41512.43,0.42,42.49420629861817,41912.49483182546,42095.9434862042,-183.4486543787425,-75.8270225705586,-107.6216318081839,0.0041826600755165,-0.0012606534173374,0.006392812674869,Bear,True,False,False,186.7853508,0.19987575441386665,2.998136316208,15.0,7.0,4.0,4.0,0.9995848746666667
2022-12-14,41737.62,41714.3,41873.91,41542.32,0.06,43.01158889916948,41885.591011544624,42069.40100574464,-183.8099942000117,-97.42361689644925,-86.38637730356248,0.000559040904438,-0.001451058564292,0.0062719388718779,Bear,True,False,False,186.7853508,-0.28538265559035714,-3.995357178265,14.0,4.0,8.0,2.0,0.9994823278571429
2022-12-15,41179.76,41737.62,41996.82,41109.95,-1.34,34.9181543714454,41777.00162515315,42003.501671985774,-226.50004683262523,-123.23890288368445,-103.2611439489408,-0.0133658795110981,-0.0019285478752934,0.0068025412245876,Bear,True,False,False,186.7853508,-0.018507305713533338,-0.2776095857030001,15.0,7.0,7.0,1.0,0.988041574
2022-12-16,41301.48,41179.76,41393.97,41087.59,0.3,37.67389757643432,41703.84445205267,41951.50006665349,-247.65561460082245,-148.12224522711205,-99.5333693737104,0.002955821014984,-0.001676272255285,0.0068892555842167,Bear,True,False,False,186.7853508,0.09066846245936362,0.9973530870529999,11.0,4.0,3.0,4.0,0.9994499872727274
2022-12-19,40970.82,41301.48,41393.37,40814.95,-0.8,33.52143363362988,41591.07145942918,41878.85709875323,-287.78563932405086,-176.05492404649982,-111.73071527755104,-0.0080060085013903,-0.0021127882504052,0.0070047609462311,Bear,True,False,False,186.7853508,-0.2356422882301378,-12.140269675571,34.0,8.0,20.0,6.0,0.9916885787179487
2022-12-20,39832.45,40970.82,41037.14,39533.29,-2.78,23.796846205597845,41320.514311824685,41727.27138773447,-406.7570759097871,-222.1953544191573,-184.5617214906298,-0.0277848966654805,-0.0036978064005584,0.0088992562928019,Bear,True,False,False,186.7853508,0.10738039787416666,1.28856477449,12.0,6.0,4.0,2.0,0.9646075033333333
2022-12-21,39342.89,39832.45,40022.37,39276.7,-1.23,20.9782948426972,41016.26441769781,41550.65054419859,-534.3861265007727,-284.6335088354804,-249.7526176652923,-0.0122904817554531,-0.0042560626651399,0.0090777984192587,Bear,True,False,False,186.7853508,-0.2997205058505714,-2.098043540954,7.0,2.0,4.0,1.0,0.9849437842857143
2022-12-22,39838.33,39342.89,39926.34,39330.02,1.26,30.012627229187046,40835.043738052,41423.811985369066,-588.7682473170717,-345.4604565317986,-243.30779078527303,0.0125928725622344,-0.0036536343253505,0.009785345492647,Bear,True,False,False,186.7853508,-0.15357206576253846,-1.996436854913,13.0,5.0,7.0,1.0,0.9994294661538461
2022-12-23,39669.2,39838.33,39938.32,39497.73,-0.42,28.802063822705264,40655.68316296707,41293.84072719358,-638.1575642265088,-403.9998780707407,-234.1576861557681,-0.0042454088813462,-0.00390445626795,0.0097300972350147,Bear,True,False,False,186.7853508,-0.29964313832030004,-2.9964313832030003,10.0,3.0,6.0,1.0,0.9993028259999999
2022-12-26,40155.16,39669.2,40367.43,39669.2,1.23,36.70223434722632,40578.67959943367,41209.49400666072,-630.8144072270516,-449.3627839020029,-181.45162332504867,0.0122503100642312,-0.0022841905238607,0.009578517568274,Bear,True,False,False,186.7853508,-0.18476283861424073,-6.981604420175,30.0,9.0,16.0,5.0,0.9991724746296295
2022-12-27,39802.91,40155.16,40315.77,39705.66,-0.88,33.776599335326026,40459.33043029003,41105.30259875993,-645.9721684699034,-488.684660815583,-157.2875076543204,-0.0087722225487334,-0.0030820129338474,0.0094114298372463,Bear,True,False,False,186.7853508,0.124930746282875,0.999445970263,8.0,4.0,3.0,1.0,0.99934197375
2022-12-28,39279.43,39802.91,39866.99,39027.51,-1.32,29.9551124744781,40277.807287168485,40970.05277662957,-692.2454894610855,-529.3968265446836,-162.84866291640196,-0.0131518022174761,-0.0037101507372816,0.0096524331562184,Bear,True,False,False,186.7853508,-9.51960945454446e-05,-0.0010471570399998905,11.0,5.0,5.0,1.0,0.9992342627272727
2022-12-29,39747.35,39279.43,39747.35,39205.17,1.19,36.83454014269349,40196.19847375795,40879.48220058293,-683.2837268249859,-560.174206600744,-123.10952022424192,0.0119125964913442,-0.003167521446616,0.0102229018204217,Bear,True,False,False,186.7853508,-0.22187580563722223,-1.9968822507350001,9.0,3.0,5.0,1.0,0.9989146988888888
2022-12-30,40420.45,39747.35,40420.45,39694.12,1.69,45.17595310178231,40230.698708564414,40845.47981535456,-614.7811067901494,-571.0955866386252,-43.6855201515242,0.0169344622974865,-0.0020337025680495,0.0111388321528366,Bear,True,False,False,186.7853508,0.0994355199471,0.9943551994709999,10.0,4.0,3.0,3.0,0.997950481
2023-01-02,40815.9,40420.45,41027.51,40348.89,0.98,49.40339825546782,40320.72967647758,40843.28871792089,-522.55904144331,-561.3882775995621,38.829236156252136,0.0097834140886605,-0.0009070126169243,0.0111374343003128,Bear,True,False,False,187.3039,-0.49339542208601855,-12.978782082723999,26.0,4.0,17.0,5.0,0.9992457453544974
2023-01-03,40630.64,40815.9,41015.92,40595.58,-0.45,47.55343317220709,40368.40818778872,40827.53696103786,-459.12877324914007,-540.9363767294777,81.80760348033766,-0.0045389174316872,-0.0010465692390325,0.0111659744583062,Bear,True,False,False,187.3039,0.09966258743700002,0.9966258743700002,10.0,5.0,4.0,1.0,0.999235949
2023-01-04,40539.3,40630.64,40896.18,40497.98,-0.22,46.626384617922206,40394.69923582123,40806.18607503506,-411.48683921383054,-515.0464692263483,103.5596300125178,-0.0022480571312682,-0.0014952147574774,0.0110165512711493,Bear,True,False,False,187.3039,-0.38433860581538465,-4.9964018756,13.0,3.0,8.0,2.0,0.9992900276923076
2023-01-05,40716.74,40539.3,40790.74,40539.3,0.44,48.7179025327633,40444.24396877181,40799.56043984728,-355.3164710754718,-483.100469596173,127.78399852070125,0.0043769872691437,-0.0010758837502621,0.0110752624409585,Bear,True,False,False,187.3039,-0.2140278450955,-2.996389831337,14.0,5.0,8.0,1.0,0.9992123107142856
2023-01-06,41007.52,40716.74,41097.89,40684.49,0.71,52.03499192769189,40530.90181972999,40814.96485171044,-284.063031980455,-443.2929820730294,159.22995009257443,0.0071415344155745,-0.0007748312744045,0.0112190078339653,Bear,True,False,False,187.3039,-0.07674053759869233,-0.9976269887830003,13.0,5.0,6.0,2.0,0.999456463076923
2023-01-09,40504.76,41007.52,41074.73,40436.82,-1.23,46.441551870325554,40526.88000130999,40791.98671454671,-265.10671323671704,-407.65572830576696,142.54901506904991,-0.0122601903260668,-0.0011987082893193,0.0114953758740084,Bear,True,False,False,187.3039,-0.11137059449399223,-3.0029474134070004,28.0,9.0,12.0,7.0,0.9987271153116883
2023-01-10,40801.5,40504.76,40986.44,40504.76,0.73,49.86692508845215,40569.12923187768,40792.69140235806,-223.562170480378,-370.8370167406892,147.27484626031122,0.0073260525429603,-0.0010415386659471,0.0115938914024159,Bear,True,False,False,187.3039,-0.3399185730137647,-5.778615741234,17.0,5.0,11.0,1.0,0.9904931505882353
2023-01-11,40758.2,40801.51,40984.67,40597.35,-0.11,49.370737365961645,40598.21704235804,40790.13648366487,-191.9194413068326,-335.05350165391786,143.13406034708527,-0.0010612354937932,-0.0011225524858586,0.0115877778338186,Bear,True,False,False,187.3039,0.00040819305600000205,0.006122895840000031,15.0,7.0,7.0,1.0,0.999109924
2023-01-12,40803.89,40758.2,41219.67,40671.34,0.11,49.936807072737786,40629.859035841415,40791.15526265266,-161.29622681124602,-300.3020466853835,139.0058198741375,0.0011210014181195,-0.0003982084393978,0.011229416957525,Bear,True,False,False,187.3039,-0.16721396702083333,-2.00656760425,12.0,4.0,6.0,2.0,0.9989586225
2023-01-13,40323.45,40803.89,40803.89,40195.67,-1.18,44.32480492658886,40582.719184173504,40756.5104283821,-173.79124420859443,-274.99988619002573,101.2086419814313,-0.0117743675909331,-0.0011347178696936,0.0114781597176068,Bear,True,False,False,187.3039,-0.27224117057236363,-2.994652876296,11.0,3.0,6.0,2.0,0.999374710909091
2023-01-16,39720.75,40323.45,40354.72,39660.75,-1.49,38.48223332942764,40450.1085404545,40679.78743368713,-229.6788932326308,-265.9356875985468,36.256794365916,-0.0149466377504899,-0.0014817493321486,0.0117973251622306,Bear,True,False,False,187.3039,-0.2582961679393001,-8.981015843156001,28.0,6.0,15.0,7.0,0.9989869509217172
2023-01-17,38342.21,39720.75,39942.28,38287.81,-3.47,29.05013648200964,40125.81645730765,40506.63354971032,-380.8170924026636,-288.91196855937017,-91.90512384329338,-0.0347057897950063,-0.0018277939886249,0.01267809363396,Bear,True,False,False,187.3039,-0.4335529942136363,-4.769082936349999,11.0,3.0,8.0,0.0,0.97041289
2023-01-18,38791.09,38342.21,38945.97,38257.56,1.17,34.665598174906535,39920.47392541417,40379.55624973177,-459.0823243176055,-322.94603971101725,-136.13628460658828,0.0117072020626876,-0.0006279097977179,0.0127710217763103,Bear,True,False,False,187.3039,-0.09073492976836363,-0.9980842274519999,11.0,4.0,5.0,2.0,0.999465949090909
2023-01-19,38831.58,38791.09,39064.9,38730.3,0.1,35.16408280024203,39752.95178304276,40264.89134234423,-511.9395593014706,-360.744743629108,-151.1948156723626,0.0010437963975749,-0.0012053636059508,0.0123974050858492,Bear,True,False,False,187.3039,-0.21198399796735715,-2.967775971543,14.0,4.0,7.0,3.0,0.998442765
2023-01-20,38407.98,38831.58,38982.16,38291.7,-1.09,32.38060556811186,39546.03304719002,40127.34235402244,-581.309306832416,-404.8576562697696,-176.45165056264642,-0.0109086470341922,-0.0015385255135931,0.012571708633336,Bear,True,False,False,187.3039,-0.2890789604407143,-2.023552723085,7.0,2.0,4.0,1.0,0.9974836271428572
2023-01-23,38443.59,38407.98,38553.12,38135.53,0.09,32.86173200176806,39376.4264245454,40002.619957428185,-626.1935328827822,-449.1248315923722,-177.06870129041,0.0009271510764168,-0.0021046834629839,0.0121664901725351,Bear,True,False,False,187.3039,-0.14884681637777383,-3.6200415687610006,33.0,12.0,15.0,6.0,0.9859425689393939
2023-01-24,39055.65,38443.59,39091.7,38443.59,1.59,40.67499482711568,39327.07620538457,39932.47403465573,-605.3978292711618,-480.3794311281301,-125.01839814303162,0.0159209896890484,-0.0008700228510948,0.0126956835968649,Bear,True,False,False,187.3039,-0.1455260211158182,-1.600786232274,11.0,4.0,5.0,2.0,0.9718729809090909
2023-01-25,39784.9,39055.65,39945.62,39055.65,1.87,48.38269402374842,39397.51063532541,39921.54262468124,-524.0319893558262,-489.1099427736694,-34.92204658215684,0.0186720743349553,0.0007211709765267,0.0130642959806403,Bear,True,False,False,187.3039,-0.153552843355,-1.996186963615,13.0,5.0,7.0,1.0,0.999433456923077
2023-01-26,40846.53,39784.9,40994.69,39784.9,2.67,57.117420371897104,39620.4366914292,39990.06020803818,-369.6235166089828,-465.212657540732,95.58914093174928,0.0266842445249326,0.0014597533782061,0.0141062954659305,Bull,False,True,False,187.3039,0.2498047720958125,3.996876353533,16.0,9.0,5.0,2.0,0.99947128125
2023-01-27,40450.53,40846.53,41095.56,40402.72,-0.97,53.4818929355468,39748.14335428624,40024.16908151683,-276.02572723058984,-427.3752714787036,151.34954424811377,-0.0096948259742014,0.0001282889646217,0.0138226852794702,Bear,True,False,False,187.3039,-0.18115956224946153,-2.3550743092429998,13.0,5.0,7.0,1.0,0.9827267407692308
2023-01-30,39871.27,40450.53,40666.96,39844.39,-1.43,48.608064806184416,39767.08591516528,40012.843223626696,-245.75730846141232,-391.0516788752454,145.29437041383306,-0.0143202079181657,-0.0010768921357195,0.0139863736876648,Bear,True,False,False,187.3039,-0.04835213527570301,-2.6375273621059994,35.0,14.0,16.0,5.0,0.9884692316363636
2023-01-31,40673.06,39871.27,40717.26,39871.27,2.01,54.75434180546822,39906.4665436014,40061.74817002472,-155.2816264233261,-343.8976683848616,188.61604196153547,0.0201094672931161,0.0001555271005206,0.014731372524953,Bear,True,False,False,187.3039,-0.3073539106978461,-3.995600839072,13.0,4.0,8.0,1.0,0.9994664023076923
2023-02-01,40619.94,40673.06,40985.46,40611.15,-0.13,54.29107867002811,40016.231690739645,40103.09571298586,-86.8640222462127,-292.49093915713183,205.6269169109192,-0.0013060241840666,0.0002026287478807,0.0147247874376658,Bear,True,False,False,141.9783095,0.36057649927355556,3.245188493462,9.0,6.0,2.0,1.0,0.957743411111111
2023-02-02,40733.51,40619.95,40826.67,40444.91,0.28,55.16449535610696,40126.582199856624,40149.7930675795,-23.210867722875264,-238.6349248702805,215.42405714740528,0.002795917473044,0.0001235752580757,0.0147054283297509,Bear,True,False,False,141.9783095,-0.13393257274633333,-2.008988591195,15.0,6.0,8.0,1.0,0.998995742
2023-02-03,40471.16,40733.51,40872.87,40329.75,-0.64,52.66119287095485,40179.594169109456,40173.59802553657,5.996143572883739,-189.7087111816477,195.70485475453145,-0.006440643097047,-0.0005555336175553,0.0146778677991292,Bear,True,False,False,141.9783095,-0.5379470509003077,-6.993311661704,13.0,2.0,9.0,2.0,0.9994661215384616
2023-02-06,41190.77,40471.16,41302.29,40471.16,1.78,58.25672057805636,40335.15968155416,40248.94409771905,86.21558383510273,-134.5238521782976,220.7394360134004,0.017780809840884,0.0009465163907921,0.0149515985374136,Bear,True,False,False,141.9783095,-0.014957061089311108,-0.32147617416099994,32.0,13.0,13.0,6.0,0.9928759805
2023-02-07,41522.76,41190.77,41763.95,41190.77,0.81,60.57218920065704,40517.86742285352,40343.30083122135,174.56659163216682,-72.70576341620472,247.2723550483716,0.0080598153421265,0.0009832045307505,0.0149689666656645,Bear,True,False,False,141.9783095,0.07687252111923075,0.9993427745499998,13.0,5.0,4.0,4.0,0.9994682184615384
2023-02-08,41723.32,41522.76,41846.85,41404.62,0.48,61.9454802291582,40703.32166549144,40445.52447335311,257.797192138336,-6.605172305296584,264.40236444363256,0.0048301220824433,0.0012777724095623,0.0149845761625408,Bear,True,False,False,141.9783095,-0.10930052065777779,-0.98370468592,9.0,4.0,5.0,0.0,0.9985667355555555
2023-02-09,42466.59,41723.32,42567.75,41723.32,1.78,66.5898361170157,40974.593716954296,40595.2330308825,379.3606860717919,70.58799937012111,308.77268670167075,0.0178142583092619,0.0021124352541194,0.0154335766570202,Bull,False,True,False,141.9783095,0.14726610326646153,1.9144593424639997,13.0,6.0,4.0,3.0,0.9962300399999999
2023-02-10,41741.78,42466.59,42544.47,41663.22,-1.71,59.02472248989627,41092.622375884406,40680.16243600232,412.4599398820865,138.9623874725142,273.4975524095723,-0.0170677702165396,0.0018477651228391,0.0157268567863782,Bull,False,True,False,141.9783095,-0.11846995002027275,-1.3031694502230002,11.0,4.0,5.0,2.0,0.9855903545454545
2023-02-13,41716.95,41741.78,41991.16,41644.31,-0.06,58.77836699591192,41188.6727795945,40756.96151481696,431.7112647775357,197.5121629335185,234.1991018440172,-0.0005948476562331,0.0025653546275519,0.015240117002205,Bull,False,True,False,141.9783095,-0.13035515900625685,-5.688275421577,30.0,9.0,15.0,6.0,0.9948219590873015
2023-02-14,41150.16,41716.95,41848.76,41047.03,-1.36,53.30874972645943,41182.74773657996,40786.087328534224,396.6604080457328,237.34181195596136,159.3185960897714,-0.0135865637348845,0.003621315930558,0.0131036502213129,Bull,False,True,False,141.9783095,-0.31390165720659996,-3.1390165720659997,10.0,3.0,6.0,1.0,0.9923061649999999
2023-02-15,41326.85,41150.16,41457.76,40918.85,0.43,54.72320611967388,41204.91731556765,40826.14382271687,378.77349285078526,265.62814813492616,113.1453447158591,0.0042937864640135,0.0032506451506243,0.0129670230704102,Bull,False,True,False,141.9783095,0.11793240532111111,1.06139164789,9.0,4.0,3.0,2.0,0.9903559544444445
2023-02-16,41078.65,41326.86,41619.2,41024.78,-0.6,52.325257234500114,41185.49157471109,40844.847983997104,340.6435907139894,280.63123665073886,60.01235406325054,-0.0060057807454475,0.0028981662934732,0.0131250192399224,Bull,False,True,False,141.9783095,0.48134223033,6.25744899429,13.0,9.0,3.0,1.0,0.98760025
2023-02-17,41118.61,41078.65,41214.07,40964.98,0.1,52.68473994261844,41175.20210167862,40865.12665184917,310.0754498294482,286.5200792864807,23.555370542967463,0.0009727680924276,0.0034922370498042,0.0127301489089057,Bull,False,True,False,141.9783095,-0.16806043949425,-2.016725273931,12.0,4.0,6.0,2.0,0.9985968191666666
2023-02-20,40673.64,41118.61,41162.89,40623.97,-1.08,48.31586751318846,41098.038701420366,40850.94245541589,247.0962460044757,278.63531263007974,-31.53906662560405,-0.0108216206724887,0.0029047984623589,0.0131198570045523,Bull,False,True,False,141.9783095,-0.2418173376713916,-8.52129119101,34.0,8.0,17.0,9.0,0.9906234703240093
2023-02-21,40949.84,40673.64,40966.71,40673.64,0.68,51.0303624644296,41075.23890120185,40858.26819945916,216.9707017426917,266.30239045260214,-49.3316887099104,0.0067906388511083,0.0024482809204619,0.0127980110805383,Bull,False,True,False,141.9783095,-0.1877451673694,-1.877451673694,10.0,3.0,5.0,2.0,0.993373764
2023-02-22,41167.6,40949.84,41212.95,40923.03,0.53,53.12086414802746,41089.44830101695,40881.18166616589,208.2666348510611,254.695239332294,-46.42860448123284,0.0053177252951415,0.0017805634684712,0.012243361189433,Bull,False,True,False,141.9783095,0.4274011898785715,2.9918083291500004,7.0,5.0,2.0,0.0,0.9990269871428571
2023-02-23,40838.51,41167.6,41168.22,40772.52,-0.8,49.66991685431261,41050.84240855281,40878.02080200545,172.82160654736072,238.3205127753073,-65.4989062279466,-0.0079939078304296,4.665585070314782e-05,0.0109142982452893,Bear,True,False,False,141.9783095,0.7758371421438889,6.982534279295,9.0,7.0,0.0,2.0,0.9982705288888888
2023-02-24,40707.76,40838.51,40978.46,40682.46,-0.32,48.32662206487495,40998.060499544685,40865.40889074578,132.65160879890027,217.186731980026,-84.53512318112567,-0.003201634927425,0.0003713154030419,0.0107038189591409,Bear,True,False,False,141.9783095,0.18204148102636364,2.00245629129,11.0,6.0,4.0,1.0,0.9991360909090908
2023-02-27,40784.13,40707.76,40820.09,40616.6,0.19,49.19096213035147,40965.14811499935,40859.38823217202,105.75988282732578,194.90136214948592,-89.14147932216014,0.0018760550813898,0.0011811285530197,0.010131167395548,Bull,False,True,False,141.9783095,-0.20842964784144247,-4.635240899871,24.0,7.0,12.0,5.0,0.9815742315542328
2023-02-28,40510.37,40784.13,40810.04,40436.36,-0.67,46.20723141696905,40895.182251153296,40833.53502978891,61.647221364386496,168.25053399246605,-106.60331262807956,-0.0067124148535225,-0.0001599655543121,0.0092287475773785,Bear,True,False,False,141.9783095,-0.16709436808416667,-1.002566208505,6.0,2.0,3.0,1.0,0.9991299416666667
2023-03-01,40412.77,40510.37,40539.87,40029.72,-0.24,45.15563104170378,40820.96498174509,40802.36724980454,18.597731940550148,138.31997358208287,-119.72224164153272,-0.0024092596537628,-0.0002151273277969,0.0092392494347422,Bear,True,False,False,130.799111,-0.025578618191111117,-0.23020756372000006,9.0,4.0,4.0,1.0,0.9850098588888889
2023-03-02,40670.88,40412.77,40852.97,40353.46,0.64,48.49402866790098,40797.874984553535,40792.62745352273,5.247531030807295,111.70548507182777,-106.45795404102046,0.0063868425747604,-3.5581072711177164e-05,0.0093352353193287,Bear,True,False,False,130.799111,0.1998970227954,1.998970227954,10.0,5.0,3.0,2.0,0.9995099570000001
2023-03-03,41337.0,40670.88,41359.11,40487.28,1.64,55.94677078440892,40880.81729462222,40832.95134585438,47.86594876783784,98.93757781102975,-51.07162904319193,0.0163783031004001,0.0011053662371611,0.0098892320752162,Bull,False,True,False,130.799111,0.4616307500926154,6.001199751204,13.0,9.0,3.0,1.0,0.9967131723076924
2023-03-06,41434.33,41337.0,41797.71,41337.0,0.24,56.92747441493407,40965.973095449575,40877.49791282813,88.47518262144149,96.84509877311211,-8.369916151670623,0.0023545491932168,0.0003340532047778,0.0090894180014903,Bear,True,False,False,130.799111,-0.08826816532660488,-2.646592867061,32.0,12.0,15.0,5.0,0.9887030756264569
2023-03-07,41334.69,41434.33,41530.19,41334.69,-0.24,55.563760279871374,41022.69877307272,40911.36399335938,111.33477971333924,99.74303496115756,11.591744752181684,-0.002404769185359,-0.0001891760215964,0.0089209134637473,Bear,True,False,False,130.799111,-0.2831000404457143,-1.9817002831200001,7.0,2.0,4.0,1.0,0.9982388471428572
2023-03-08,41358.93,41334.69,41618.66,41334.69,0.06,55.84090408700177,41074.42665413845,40944.51703088832,129.90962325013243,105.77635261895252,24.133270631179897,0.0005864323646795,-0.0004013605074846,0.0088453943213888,Bear,True,False,False,130.799111,-0.33316309050566667,-1.998978543034,6.0,1.0,3.0,2.0,0.999190445
2023-03-09,41585.54,41358.93,41648.08,41358.93,0.55,58.44988694747537,41153.05947657869,40992.00021378548,161.05926279320556,116.83293465380314,44.226328139402426,0.0054791069304742,-0.001018118076424,0.0078865052755067,Bear,True,False,False,130.799111,0.4448193997322222,4.00337459759,9.0,6.0,2.0,1.0,0.9985121033333333
2023-03-10,41793.87,41585.54,41902.02,41585.54,0.5,60.74599565403272,41251.6457109512,41051.3979757273,200.24773522390024,133.51589476782257,66.73184045607766,0.0050096740357346,8.575413618968075e-05,0.0070192015232067,Bear,True,False,False,130.799111,0.22219457722777783,1.9997511950500004,9.0,5.0,3.0,1.0,0.9995348622222223
2023-03-13,41856.85,41793.87,42291.77,41787.35,0.15,61.43973412868663,41344.75406311255,41111.06108863639,233.6929744761656,153.5513107094912,80.14166376667436,0.0015069195554275,0.0001908424967727,0.0070242071345896,Bull,False,True,False,130.799111,-0.13676524128440953,-2.468328000228,22.0,7.0,9.0,6.0,0.9879870369999999
2023-03-14,41816.43,41856.85,41953.78,41705.82,-0.1,60.69830994098199,41417.31959186446,41163.31063762629,254.00895423817565,173.64283941522808,80.36611482294757,-0.0009656722854204,0.0008218870692459,0.0062450253484089,Bull,False,True,False,130.799111,-0.4438990240708889,-3.995091216638,9.0,2.0,6.0,1.0,0.9993703922222222
2023-03-15,41874.04,41816.43,42010.06,41607.05,0.14,61.413043537414815,41487.584270039166,41215.957257061375,271.6270129777913,193.2396741277408,78.38733885005055,0.0013776881479361,0.000676082153442,0.0061935286193072,Bull,False,True,False,130.799111,0.230350407845,1.84280326276,8.0,5.0,3.0,0.0,0.9886047825
2023-03-16,41694.09,41874.04,42119.03,41639.5,-0.43,57.872700244515634,41519.35438234083,41251.37449727905,267.9798850617808,208.1877163145488,59.79216874723201,-0.0042974119526084,0.000761500593084,0.0061077111055663,Bull,False,True,False,130.799111,-0.33160792676766665,-0.994823780303,3.0,0.0,1.0,2.0,0.9974784933333334
2023-03-17,41329.95,41694.09,41808.88,41270.81,-0.87,51.41370616565608,41490.21524659609,41257.19490488801,233.02034170807747,213.15424139325447,19.866100314822944,-0.008733611886001,0.0002761815941625,0.006465212173227,Bull,False,True,False,130.799111,-0.1119570846144444,-1.0076137615299996,9.0,4.0,5.0,0.0,0.9984919322222221
2023-03-20,40918.45,41329.95,41398.03,40909.24,-1.0,45.26554767451743,41402.25136250438,41232.10268971112,170.148672793257,204.55312767325503,-34.40445487999804,-0.0099564601457297,0.0003194396205005,0.0063895009159453,Bull,False,True,False,130.799111,-0.4548423891221334,-8.986771024713,21.0,4.0,13.0,4.0,0.9992737777777778
2023-03-21,40877.98,40918.45,40990.12,40696.74,-0.1,44.699417819296265,41321.5942298114,41205.87137936215,115.72285044924502,186.78707222845304,-71.06422177920803,-0.0009890403962025,-6.95443418650188e-05,0.0062090691189531,Bear,True,False,False,130.799111,-0.09590942409154547,-1.0550036650070003,11.0,3.0,4.0,4.0,0.9967955245454546
2023-03-22,40376.1,40877.98,40996.72,40352.71,-1.23,38.30179319890187,41176.133579071175,41144.40683274274,31.726746328437,155.77500704844982,-124.04826072001282,-0.0122775146912837,-0.0009493063411862,0.0066373365360238,Bear,True,False,False,130.799111,0.27254757614218184,2.998023337564,11.0,6.0,3.0,2.0,0.9994980236363635
2023-03-24,39942.05,40376.1,40440.7,39922.89,-1.08,33.796590535320405,40986.27456690638,41055.34336365068,-69.06879674430093,110.80624628989968,-179.8750430342006,-0.010750171512355,-0.0010871195252825,0.006817474405191,Bear,True,False,False,130.799111,-0.4951757115700167,-7.918158304379,16.0,3.0,11.0,2.0,0.9958098416666666
2023-03-27,40000.37,39942.05,40066.73,39845.06,0.15,34.904510931343495,40834.59694122848,40977.19718856544,-142.60024733696628,60.12494756452649,-202.7251949014928,0.0014601153421018,-0.0008540320118062,0.0068210657538486,Bear,True,False,False,130.799111,0.044069328762595956,-0.19210158678300004,25.0,10.0,10.0,5.0,0.9961105256161615
2023-03-28,40082.37,40000.37,40203.77,40000.37,0.2,36.51327423520856,40718.86971950102,40910.91369311616,-192.0439736151384,9.691163328593513,-201.7351369437319,0.0020499810376755,-0.0008453357139919,0.0068248394085267,Bear,True,False,False,130.799111,-2.7561809999854248e-06,-2.7561809999854248e-05,10.0,5.0,5.0,0.0,0.999375899
2023-03-29,39879.89,40082.37,40186.11,39866.25,-0.51,34.261617989131764,40589.79591650086,40834.541567700144,-244.745651199286,-41.19619957698238,-203.5494516223036,-0.0050515974978526,-0.0007622948462084,0.0067594858530022,Bear,True,False,False,130.799111,0.022678365604999973,0.09071346241999989,4.0,2.0,2.0,0.0,0.9881681275
2023-03-30,39848.35,39879.89,40005.07,39796.69,-0.08,33.91082260114575,40475.72731396226,40761.49034046309,-285.7630265008265,-90.1095649617512,-195.65346153907527,-0.0007908747993036,-0.0006813756034854,0.0067484099343606,Bear,True,False,False,130.799111,-6.857900500001346e-05,-0.0005486320400001077,8.0,4.0,4.0,0.0,0.999356735
2023-03-31,40000.83,39848.35,40000.83,39729.44,0.38,37.25552421226538,40402.6661887373,40705.145130058416,-302.4789413211183,-132.58344023362463,-169.8955010874937,0.0038265072455949,-0.0008093923699437,0.0066305244291963,Bear,True,False,False,130.799111,-0.05145805127142859,-0.36020635890000013,7.0,3.0,3.0,1.0,0.9473175871428572
2023-04-03,39889.9,40000.83,40077.77,39860.62,-0.28,35.83466453568718,40323.77908277771,40644.756601905945,-320.9775191282315,-170.262256012546,-150.7152631156855,-0.0027731924562565,-0.0017669671477765,0.0052586463938331,Bear,True,False,False,169.1053942,-0.21429104994890405,-6.987918233398,34.0,11.0,18.0,5.0,0.9990663848232323
2023-04-04,39687.26,39889.9,39920.35,39482.17,-0.51,33.33371421145905,40225.85307004268,40573.830927690695,-347.97785764801665,-205.80537633964013,-142.17248130837652,-0.0050799826522502,-0.0021386937400499,0.0052145516919273,Bear,True,False,False,169.1053942,-0.817771088977625,-6.542168711821,8.0,0.0,7.0,1.0,0.97116286125
2023-04-05,39717.15,39687.26,39910.05,39664.98,0.08,34.06469366881019,40147.59105926688,40510.37308119509,-362.78202192820754,-237.2007054573536,-125.58131647085392,0.0007531384126795,-0.001980798360148,0.0052537340888218,Bear,True,False,False,169.1053942,-0.4993745531575,-1.99749821263,4.0,1.0,3.0,0.0,0.99937133
2023-04-06,40350.89,39717.15,40374.33,39717.15,1.6,47.267035839230985,40178.86781937967,40498.55951962509,-319.6917002454211,-253.6989044149672,-65.99279583045396,0.0159563312070478,-0.0012123034180295,0.0066005221868368,Bear,True,False,False,169.1053942,0.0005052071040000225,0.0035364497280001572,7.0,3.0,3.0,1.0,0.9993026042857143
2023-04-07,40049.65,40350.89,40549.86,40005.04,-0.75,42.87263806078039,40158.98815485972,40465.30696261582,-306.318807756099,-264.22288508319355,-42.09592267290543,-0.00746551067399,-0.0018595342982528,0.0065442640289325,Bear,True,False,False,169.1053942,0.11097472753999998,0.9987725478599999,9.0,5.0,4.0,0.0,0.9993435266666667
2023-04-10,39835.9,40049.65,40183.81,39815.86,-0.53,40.02888024494564,40109.2822848813,40418.68422464428,-309.4019397629745,-273.25869601914974,-36.14324374382477,-0.0053371252932298,-0.002376874264701,0.0063795530494415,Bear,True,False,False,169.1053942,-0.30898210025725004,-7.592629033981,27.0,7.0,15.0,5.0,0.9917684291666667
2023-04-11,39804.71,39835.9,39919.99,39723.01,-0.08,39.6159502673702,40062.425010284176,40373.2046524484,-310.77964216422697,-280.7628852481652,-30.01675691606181,-0.0007829621020236,-0.0024913683475735,0.0063265096752389,Bear,True,False,False,169.1053942,0.165453190715,0.99271914429,6.0,3.0,2.0,1.0,0.9989937366666667
2023-04-12,40126.05,39804.71,40172.76,39803.95,0.81,45.81744718399318,40072.21347024046,40354.89690041519,-282.68343017472944,-281.14699423347804,-1.5364359412513977,0.0080729139842998,-0.0020394390340875,0.0067498977745579,Bear,True,False,False,169.1053942,-0.14265416978714288,-0.99857918851,7.0,3.0,4.0,0.0,0.99939235
2023-04-13,40205.54,40126.05,40418.6,40126.05,0.2,47.26037215022744,40092.725244049616,40343.83342631036,-251.1081822607448,-275.1392318389314,24.031049578186582,0.0019810073505863,-0.002009273073955,0.0067672987327353,Bear,True,False,False,169.1053942,-0.10798690810666667,-0.97188217296,9.0,4.0,5.0,0.0,0.9977348722222222
2023-04-17,40246.66,40205.54,40372.8,40182.37,0.1,48.03136593886013,40116.40751419583,40336.63539473182,-220.22788053598924,-264.156961578343,43.929081042353744,0.0010227446267356,-0.0017432652449878,0.0067771778753611,Bear,True,False,False,169.1053942,-0.05340206088482093,-1.6232780431109999,38.0,13.0,15.0,10.0,0.991729719844017
2023-04-18,40448.05,40246.67,40484.29,40221.08,0.5,51.75156778195999,40167.42943508878,40344.88832845539,-177.45889336660912,-246.81734793599625,69.3584545693871,0.005003893490789,-0.0010563899761483,0.0067273828150985,Bear,True,False,False,169.1053942,8.580956571427446e-05,0.0006006669599999213,7.0,3.0,3.0,1.0,0.9990831228571428
2023-04-19,40499.34,40448.05,40532.76,40289.95,0.13,52.68062755977503,40218.49259892128,40356.32919301425,-137.83659409297252,-225.0211971673915,87.18460307441899,0.001268046296422,-0.0004951646540407,0.0064063627458425,Bear,True,False,False,169.1053942,0.1657858464925,1.32628677194,8.0,5.0,3.0,0.0,0.9520046575
2023-04-20,41007.82,40499.34,41086.67,40499.34,1.26,60.74978751268685,40339.92758370261,40404.587771309496,-64.66018760688166,-192.9489952552896,128.2888076484079,0.0125552663327352,0.0001820506824061,0.0070363178635023,Bull,False,True,False,169.1053942,0.44337857652877777,3.990407188759,9.0,6.0,2.0,1.0,0.99909757
2023-04-26,41099.58,41007.82,41363.89,41007.82,0.22,62.00881833677602,40456.79718620991,40456.06867713842,0.7285090714867692,-154.2134943899343,154.94200346142108,0.0022376219950244,0.0009078075167215,0.0064036821517718,Bull,False,True,False,169.1053942,-0.19502256739215476,-4.262390686016,32.0,12.0,16.0,4.0,0.9957686616666667
2023-04-27,41463.91,41099.58,41518.74,41081.07,0.89,66.59110889434552,40611.73761910069,40530.72358994298,81.01402915771178,-107.1679896804051,188.18201883811687,0.0088645674724656,0.0018885444659625,0.0060144580698089,Bull,False,True,False,169.1053942,0.3289486277232222,2.960537649509,9.0,5.0,2.0,2.0,0.9964538422222221
2023-04-28,41580.85,41463.91,41790.68,41463.91,0.28,67.92824432241352,40760.83183154674,40608.51073142869,152.32110011805344,-55.27017172071339,207.59127183876683,0.0028202839529605,0.0019565528965055,0.0060170481293233,Bull,False,True,False,169.1053942,0.200048663425,2.00048663425,10.0,6.0,4.0,0.0,0.999162703
2023-05-02,41927.64,41580.85,41990.15,41580.85,0.83,71.56307457120283,40940.34078053955,40706.22401058212,234.1167699574289,2.6072166149150746,231.50955334251384,0.0083401373468796,0.0022710607119657,0.0061842568115764,Bull,False,True,False,179.003891,0.18868426517837597,4.226450160484999,37.0,16.0,12.0,9.0,0.9943139488353174
2023-05-03,42087.93,41927.64,42171.68,41915.81,0.38,73.0816434213359,41116.89296814885,40808.57260239085,308.3203657580016,63.74984644353238,244.5705193144692,0.0038230150802669,0.0027147913408716,0.0059449444050427,Bull,False,True,False,179.003891,0.25240395351808337,3.0288474422170006,12.0,7.0,4.0,1.0,0.998012955
2023-05-04,42093.8,42087.93,42336.44,42055.9,0.01,73.138215620595,41267.18635766441,40903.77463184338,363.4117258210317,123.68222231903226,239.72950350199943,0.0001394699145338,0.0027613085765635,0.0059196560350829,Bull,False,True,False,179.003891,0.23859429574944446,2.147348661745,9.0,4.0,2.0,3.0,0.9816352322222222
2023-05-05,42241.98,42093.8,42323.29,41962.9,0.35,74.58997862044447,41417.15461033143,41002.900955410536,414.25365492088895,181.7965088394036,232.4571460814853,0.0035202333835386,0.0027459948834607,0.0059171510408944,Bull,False,True,False,179.003891,0.019988937782999993,0.19988937782999994,10.0,5.0,5.0,0.0,0.9792579829999999
2023-05-08,41829.49,42241.98,42389.22,41767.45,-0.98,64.18991114946559,41480.59082412659,41064.12977352828,416.4610505983146,228.7294171911858,187.7316334071288,-0.0097649305264574,0.0023964079799507,0.00644351349904,Bull,False,True,False,179.003891,0.037558960078694435,3.292402099587,28.0,12.0,8.0,8.0,0.9827986628333334
2023-05-09,41373.81,41829.49,41830.35,41277.73,-1.09,55.0571765549042,41464.16300503019,41087.06904956322,377.0939554669676,258.4023248463422,118.6916306206254,-0.0108937498401248,0.0021057196205569,0.0069126137245253,Bull,False,True,False,179.003891,-0.25110223465,-2.0088178772,8.0,2.0,4.0,2.0,0.99808670625
2023-05-10,41074.95,41373.81,41407.09,41041.32,-0.72,50.02965355940615,41404.28408117939,41086.171342188165,318.1127389912217,270.3444076753181,47.7683313159036,-0.007223410171797,0.0017068921913331,0.0072181141361894,Bull,False,True,False,179.003891,-0.5992122600683001,-5.992122600683,10.0,1.0,7.0,2.0,0.999364441
2023-05-11,41325.63,41074.95,41498.77,41074.95,0.61,53.83739147519227,41392.18345330563,41103.9090205446,288.2744327610344,273.9304126924614,14.344020068573002,0.0061029897784417,0.0012142251199028,0.0064943173817595,Bull,False,True,False,179.003891,2.573999136363197e-05,0.0002831399049999517,11.0,4.0,4.0,3.0,0.9995218354545454
2023-05-12,41487.58,41325.63,41649.15,41299.39,0.39,56.161499592658906,41406.859845104766,41132.32909309685,274.530752007915,274.0504805555521,0.4802714523628992,0.0039188755259147,0.001783444429898,0.0061850588847768,Bull,False,True,False,179.003891,3.605724263635672e-05,0.00039662966899992394,11.0,4.0,4.0,3.0,0.9995164863636364
2023-05-15,41716.26,41498.01,41716.26,41310.19,0.55,59.27906545318155,41454.459868934806,41175.58323434893,278.87663458587485,275.0157113616167,3.8609232242581584,0.0055120110645161,0.0023259012477853,0.006000695673426,Bull,False,True,False,179.003891,0.11692450350271323,-0.7683610347089997,33.0,11.0,11.0,11.0,0.9908176337745097
2023-05-16,41980.13,41827.94,42081.58,41817.01,0.63,62.58540542639292,41535.33219679099,41235.17929106383,300.15290572716185,280.0431502347258,20.10975549243608,0.0063253513138521,0.0026813169185791,0.0060173555402539,Bull,False,True,False,179.003891,0.16663667832083331,0.9998200699249999,6.0,3.0,2.0,1.0,0.99949462
2023-05-17,41835.57,42083.63,42110.03,41818.34,-0.34,59.72436422307785,41581.52262805392,41279.65267691095,301.8699511429659,284.4085104163738,17.46144072659206,-0.0034435338813861,0.0021054945252948,0.0060252793605872,Bull,False,True,False,179.003891,0.22029921316714285,1.54209449217,7.0,4.0,2.0,1.0,0.966820132857143
2023-05-18,41472.2,41878.59,41964.27,41411.64,-0.87,53.14749164968441,41564.70376219947,41293.91544158421,270.78832061525463,281.68447245615,-10.896151840895357,-0.0086856710689015,0.0015721606043204,0.0064909681886235,Bull,False,True,False,179.003891,-0.102957021925,-1.02957021925,10.0,4.0,5.0,1.0,0.997819976
2023-05-19,41614.87,41462.64,41628.79,41354.33,0.34,55.23200101599931,41572.42164493801,41317.68985331872,254.73179161929147,276.2939362887783,-21.562144669486827,0.0034401358018143,0.0016930301630744,0.0065026957037916,Bull,False,True,False,179.003891,-0.8562492330294286,-5.993744631206,7.0,0.0,6.0,1.0,0.9993766299999999
2023-05-22,41203.5,41600.63,41690.28,41155.48,-0.99,48.52781059917511,41515.6644687937,41309.23134566548,206.43312312821945,262.3217736566665,-55.8886505284471,-0.0098851684506043,0.0009485770660047,0.0069411990310879,Bull,False,True,False,179.003891,-0.24365615136689697,-6.992169417835,29.0,9.0,16.0,4.0,0.9994546005075757
2023-05-23,41116.63,41224.39,41295.65,41098.7,-0.21,47.22421700612109,41454.27455051775,41294.96457931989,159.3099711978648,241.71941316490623,-82.40944196704143,-0.002108316041113,0.0007797589491279,0.0069740012661379,Bull,False,True,False,179.003891,-0.50140275887,-4.01122207096,8.0,2.0,6.0,0.0,0.9974646225
2023-05-24,41098.48,41128.92,41342.23,41064.4,-0.04,46.94049652363126,41399.53692736117,41280.41016603693,119.12676132423805,217.2008827967726,-98.07412147253456,-0.0004414272278636,0.000129924271098,0.0064009875837695,Bull,False,True,False,179.003891,0.1649400746975,1.97928089637,12.0,6.0,4.0,2.0,0.9981431241666666
2023-05-25,41070.3,41165.06,41219.03,40956.88,-0.07,46.47364188987813,41348.88509238253,41264.846450034194,84.038642348336,190.5684347070853,-106.52979235874928,-0.000685670126973,-1.624033500183808e-05,0.0063836787018023,Bear,True,False,False,179.003891,4.249557333335652e-05,0.0002549734400001391,6.0,3.0,3.0,0.0,0.9995057983333333
2023-05-26,41002.6,41055.62,41148.56,40783.8,-0.16,45.30780084599084,41295.61046278522,41245.420787068695,50.1896757165232,162.49268290897288,-112.30300719244968,-0.0016483931210632,-0.0005418883646782,0.0060373607861072,Bear,True,False,False,179.003891,-0.4993809734062,-4.993809734062,10.0,1.0,6.0,3.0,0.999401007
2023-05-29,41350.25,41005.15,41649.14,41005.15,0.85,51.97088726208147,41304.016545433646,41253.1859139525,50.830631481148885,140.16027262340808,-89.32964114225919,0.0084787306170828,-0.0002589660314721,0.0063287615948268,Bear,True,False,False,179.003891,0.18348662290801485,6.768242245721,34.0,17.0,10.0,7.0,0.9940446161111112
2023-05-30,41665.85,41362.07,41693.47,41362.07,0.76,57.08256284709842,41359.68323075154,41283.75362403009,75.92960672145273,127.314139443017,-51.38453272156429,0.0076323601429253,-0.0002943548916698,0.0062799373346252,Bear,True,False,False,179.003891,-0.33290533283788887,-2.996147995541,9.0,2.0,5.0,2.0,0.9994470944444444
2023-05-31,41337.82,41726.69,41852.24,41265.04,-0.79,51.00620947508807,41356.31965678977,41287.7585407686,68.56111602117016,115.56353475864763,-47.00241873747749,-0.0078728743083363,-0.0008791493611,0.0064193628772358,Bear,True,False,False,179.003891,-0.09973082155909999,-0.9973082155909998,10.0,2.0,3.0,5.0,0.999426383
2023-06-01,41273.72,41388.2,41481.54,41226.95,-0.16,49.88865046599649,41343.612017283645,41286.718648859816,56.89336842382909,103.82950149168394,-46.93613306785485,-0.0015506381323446,-0.0009636547634439,0.0064163715928115,Bear,True,False,False,169.9320113,0.042205303824000014,0.6330795573600002,15.0,8.0,7.0,0.0,0.982142628
2023-06-02,41356.24,41258.43,41403.44,41237.41,0.2,51.36596704497728,41345.55478385539,41291.86837857391,53.68640528148535,93.80088224964422,-40.11447696815887,0.0019993351701759,-0.0010396996741121,0.0063692727164222,Bear,True,False,False,169.9320113,0.0028673146694999764,0.028673146694999763,10.0,4.0,4.0,2.0,0.9979916640000001
2023-06-05,41638.53,41390.47,41681.68,41375.58,0.68,56.1305077198237,41390.62789403148,41317.547017198056,73.08087683342455,89.6568811664003,-16.576004332975742,0.0068258139521388,-0.0002101624501822,0.0062524061677648,Bear,True,False,False,169.9320113,-0.014989033459094012,-1.028547140428,34.0,14.0,15.0,5.0,0.9817270408618234
2023-06-06,41912.88,41752.64,42026.94,41751.21,0.66,60.2103640843426,41470.97437187279,41361.64575666487,109.32861520792358,93.59122797470496,15.737387233218628,0.0065888493181676,0.0006639675077323,0.0058918522361885,Bull,False,True,False,169.9320113,0.10615162168415385,1.379971081894,13.0,7.0,5.0,1.0,0.9537473776923077
2023-06-07,42119.22,41975.36,42231.63,41924.49,0.49,62.99760939701456,41570.70446850774,41417.76236728228,152.94210122546065,105.4614026248561,47.48069860060454,0.0049230689945429,0.0012712914660493,0.0056573980614907,Bull,False,True,False,169.9320113,-0.1660370844634,-1.660370844634,10.0,3.0,5.0,2.0,0.9825825079999999
2023-06-08,41668.07,42223.62,42307.12,41648.84,-1.07,54.07796064155686,41585.683781045016,41436.30367340952,149.3801076355012,114.24514362698513,35.134964008516064,-0.0107112619844337,0.0004305788779055,0.0061310994514655,Bull,False,True,False,169.9320113,0.27149475983099997,2.986442358141,11.0,5.0,2.0,4.0,0.9990957836363635
2023-06-09,41904.86,41735.08,41931.83,41677.14,0.57,57.48075937278576,41634.7878147304,41471.01154945325,163.77626527714892,124.1513679570179,39.62489732013103,0.0056827686043534,0.0005187735318274,0.006196259256366,Bull,False,True,False,169.9320113,-0.28676531210994444,-5.161775617979,18.0,5.0,10.0,3.0,0.9935366166666666
2023-06-12,41772.33,41915.66,42029.14,41715.31,-0.32,55.02324092432579,41655.94815092572,41493.33143467893,162.61671624678274,131.84443761497087,30.772278631811872,-0.0031626403238191,8.504096241072068e-05,0.0061316128845481,Bull,False,True,False,169.9320113,-0.08721046674723976,-5.713385498856,43.0,11.0,17.0,15.0,0.9955532954824561
2023-06-13,41536.16,41887.6,42025.54,41522.64,-0.57,50.85100333781641,41637.519204629454,41496.50392099901,141.01528363044054,133.6786068180648,7.336676812375742,-0.0056537425611642,-0.00051391373134,0.006074771311693,Bear,True,False,False,169.9320113,-0.28517886885942856,-1.996252082016,7.0,2.0,4.0,1.0,0.9993061385714286
2023-06-14,41536.87,41594.97,41744.44,41448.61,0.0,50.86306616814698,41622.034711609536,41499.49400092501,122.54071068452322,131.45102759135648,-8.910316906833259,1.7093539701251714e-05,-0.0003408823602857,0.0060360957261469,Bear,True,False,False,169.9320113,-0.3339509491650666,-5.009264237476,15.0,4.0,9.0,2.0,0.998958892
2023-06-15,41404.5,41631.57,41639.34,41269.13,-0.32,48.47436094771763,41588.56783290038,41492.4574082639,96.11042463647756,124.3829070003807,-28.27248236390315,-0.0031868072871162,-6.593917119646631e-05,0.0057546617059204,Bear,True,False,False,169.9320113,0.4542787829765454,4.997066612742,11.0,6.0,1.0,4.0,0.9984401036363636
2023-06-16,41335.53,41467.91,41612.67,41280.16,-0.17,47.22975728198469,41549.63893553109,41480.833155799904,68.80577973118488,113.26748154654156,-44.46170181535666,-0.0016657609680107,-0.0003212340096877,0.0057039683998171,Bear,True,False,False,169.9320113,-0.21441651215014285,-3.0018311701019997,14.0,4.0,7.0,3.0,0.99928641
2023-06-19,40650.45,41411.76,41484.33,40610.28,-1.66,37.05302408844346,41411.30217621862,41419.32329240732,-8.021116188698215,89.00976199949359,-97.0308781881918,-0.01657363532051,-0.000655657353183,0.0064424773820264,Bear,True,False,False,169.9320113,-0.13466641001138385,-3.9992398520710006,31.0,10.0,14.0,7.0,0.999410118956229
2023-06-20,40647.48,40638.86,40739.98,40507.18,-0.01,37.01578667538849,41293.79107218498,41362.149715191954,-68.35864300696994,57.536080998200894,-125.89472400517084,-7.306192182354732e-05,-0.0005538946472185,0.0064343930673048,Bear,True,False,False,169.9320113,0.24974675999533336,2.9969611199440003,12.0,6.0,3.0,3.0,0.9994914600000001
2023-06-21,40229.76,40693.22,40804.88,40191.25,-1.03,32.125647333439815,41130.09398415652,41278.2689955481,-148.17501139158412,16.393862520243893,-164.568873911828,-0.0102766518367191,-0.0010456558776613,0.0067912856121002,Bear,True,False,False,169.9320113,0.125432430656375,2.006918890502,16.0,8.0,6.0,2.0,0.999251841875
2023-06-22,40181.84,40231.16,40378.6,40091.38,-0.12,31.609740354777173,40984.20875582475,41197.05203291492,-212.8432770901636,-29.45356540183761,-183.389711688326,-0.0011911579885141,-0.0010709302707383,0.0067908159739999,Bear,True,False,False,169.9320113,0.0625195612305625,1.000312979689,16.0,7.0,6.0,3.0,0.999150601875
2023-06-23,40090.36,40175.95,40235.58,39894.43,-0.23,30.599492878757587,40846.69356262094,41115.07484529159,-268.38128267064894,-77.23910885559988,-191.14217381504903,-0.0022766503475201,-0.0011023431320611,0.0067950795373713,Bear,True,False,False,169.9320113,-0.09002903119645454,-0.990319343161,11.0,4.0,5.0,2.0,0.9990159636363636
2023-06-26,41386.57,40334.05,41491.88,40334.05,3.23,53.35004602071008,40929.75147606387,41135.185597492215,-205.4341214283413,-102.87811137014816,-102.55601005819317,0.0323322115341444,9.033091379188618e-05,0.0099337597070022,Bear,True,False,False,169.9320113,-0.04970275302314952,0.06925786618100016,35.0,14.0,14.0,7.0,0.9980591965324074
2023-06-27,41452.68,41431.86,41606.25,41208.2,0.16,54.17514656545818,41010.20201820789,41158.70370138168,-148.50168317378848,-112.00282573087622,-36.498857442912254,0.0015973780866596,-0.0002114181890214,0.0097831218574589,Bear,True,False,False,169.9320113,0.12483413749312501,0.9986730999450001,8.0,3.0,2.0,3.0,0.9995654425
2023-07-03,43903.29,43683.78,43933.95,43404.7,5.91,73.14009980872896,41455.29247694514,41362.00639016822,93.28608677691956,-70.94504322931708,164.23113000623664,0.0591182524266222,0.0031381381477265,0.016311767377719,Bull,False,True,False,156.9893752,0.28993175348248496,10.135950917600999,49.0,26.0,15.0,8.0,0.9915081398153847
2023-07-04,43502.89,44511.52,44511.52,43488.38,-0.91,68.17550715975779,41770.30748049205,41520.59036126688,249.71711922516988,-6.812610738419693,256.5297299635896,-0.0091200454453413,0.0027596677820766,0.0165128578137332,Bull,False,True,False,156.9893752,0.14282244781,0.99975713467,7.0,4.0,3.0,0.0,0.9994256728571429
2023-07-05,43553.81,43536.6,44041.26,43464.06,0.12,68.46863017478152,42044.69248349327,41671.19922339526,373.49326009801007,69.24856342886626,304.2446966691438,0.0011704969485935,0.0027182258709975,0.0165159062086606,Bull,False,True,False,156.9893752,0.378959586060875,3.031676688487,8.0,4.0,1.0,3.0,0.99551006
2023-07-06,44211.72,43691.55,44212.77,43550.14,1.51,72.05061293895835,42378.081332186615,41859.385947588205,518.6953845984099,159.13792766277498,359.5574569356349,0.0151056819139359,0.0031322192690874,0.0167267151219875,Bull,False,True,False,156.9893752,0.216726678018,2.817446814234,13.0,7.0,4.0,2.0,0.9923339961538461
2023-07-07,44284.92,44179.14,44293.51,44086.74,0.17,72.42594065519005,42671.44112723483,42039.05513665575,632.3859905790814,253.7875402460363,378.5984503330451,0.0016556695826355,0.0028855602823108,0.0167094238636317,Bull,False,True,False,156.9893752,-0.12464253785712498,-0.9971403028569998,8.0,3.0,4.0,1.0,0.99931071
2023-07-10,44561.82,44275.02,44601.78,44260.11,0.63,73.8561651059769,42962.26864612178,42225.92660801458,736.3420381071992,350.2984398182689,386.0435982889303,0.0062526927902319,0.0029520414720952,0.0167205984151241,Bull,False,True,False,156.9893752,0.06758353362126665,1.0295811820499998,32.0,11.0,10.0,11.0,0.9955582326071428
2023-07-11,45179.23,44691.46,45250.49,44691.46,1.39,76.75170757471922,43303.33962364151,42444.68982223573,858.6498014057797,451.9687121357711,406.6810892700086,0.013855134283115,0.0041803612854727,0.0165656683600038,Bull,False,True,False,156.9893752,0.22221059637422222,1.999895367368,9.0,5.0,3.0,1.0,0.99927837
2023-07-12,45581.13,45297.24,45582.31,45200.35,0.89,78.42667642427563,43653.76891231204,42677.018724292335,976.7501880197088,556.9250073125586,419.8251807071501,0.0088956806036755,0.0043410068854388,0.0165965545955272,Bull,False,True,False,156.9893752,0.4996391991516,4.996391991516,10.0,7.0,2.0,1.0,0.9994666540000001
2023-07-13,45296.52,45808.98,45971.0,45255.58,-0.62,74.34191896433369,43906.49984887942,42871.05585582624,1035.443993053188,652.6288044606845,382.8151885925036,-0.0062440312471411,0.0041869373392727,0.0166839513600883,Bull,False,True,False,156.9893752,0.4675157375099474,8.882799012689,19.0,12.0,3.0,4.0,0.9964737736842104
2023-07-14,45071.94,45289.44,45488.45,45043.17,-0.5,71.19102828656884,44085.7983336672,43034.08431095022,1051.7140227169875,732.4458481119451,319.2681746050424,-0.0049579967732619,0.0042217246286678,0.0166630651483733,Bull,False,True,False,156.9893752,0.1079770415022222,0.9717933735199998,9.0,4.0,3.0,2.0,0.9976656666666668
2023-07-17,45047.35,45114.91,45283.31,45013.98,-0.05,70.83700494805532,44233.72935925687,43183.21510273169,1050.5142565251808,796.0595297945923,254.4547267305885,-0.0005455722562641,0.0041935913388695,0.0166710108145446,Bull,False,True,False,156.9893752,-0.09756868316187133,-4.084382471684,34.0,9.0,13.0,12.0,0.997633760974026
2023-07-18,45019.59,45157.5,45240.21,44848.39,-0.06,70.41131372970128,44354.63099629427,43319.24287289971,1035.3881233945576,843.9252485145854,191.46287487997225,-0.0006162404669753,0.0043221196798766,0.0166209494272927,Bull,False,True,False,156.9893752,-0.090858282467,-0.9994411071370001,11.0,3.0,4.0,4.0,0.9995507536363636
2023-07-19,45086.33,45101.57,45227.49,44928.03,0.15,70.86463529869597,44467.200073787455,43450.13821564788,1017.0618581395756,878.5525704395835,138.50928769999211,0.0014824657443572,0.004479531015495,0.0165761029492147,Bull,False,True,False,156.9893752,0.08076388804,0.96916665648,12.0,6.0,5.0,1.0,0.9981566975000001
2023-07-20,45426.58,45079.61,45451.65,45067.96,0.75,73.1252269558743,44614.79698551246,43596.54131078507,1018.255674727392,906.4931912971454,111.76248343024668,0.007546633314355,0.0056855444472382,0.0158241296866619,Bull,False,True,False,156.9893752,0.5449760676335454,5.994736743969,11.0,7.0,1.0,3.0,0.9995777100000001
2023-07-21,45888.26,45392.37,46122.16,45391.55,1.02,75.86195342985125,44810.7143723567,43766.29825072691,1044.416121629787,934.0777773636736,110.33834426611338,0.0101632128150523,0.006197358184082,0.0157935820195212,Bull,False,True,False,156.9893752,-0.27275834927881815,-3.000341842067,11.0,3.0,6.0,2.0,0.9992804818181817
2023-07-24,46065.55,46070.67,46195.71,45872.67,0.39,76.83739627447832,45003.76600737874,43936.61319511751,1067.1528122612362,960.6927843431864,106.46002791804996,0.0038635154176689,0.0069043665468014,0.0153269010609885,Bull,False,True,False,156.9893752,-0.014987132394754363,-2.5743637461489994,33.0,11.0,14.0,8.0,0.9950819005764412
2023-07-25,46399.22,46063.6,46540.88,46019.63,0.72,78.59093369568146,45218.45123701278,44119.02851399768,1099.4227230150937,988.4387720775678,110.98395093752583,0.0072433738444455,0.0073260931384494,0.0152080040709475,Bull,False,True,False,156.9893752,-0.18001387672514288,-1.2600971370760001,7.0,2.0,3.0,2.0,0.9612576128571428
2023-07-26,46724.58,46531.52,46724.58,46499.37,0.7,80.1675826115432,45450.16335439542,44312.03232777563,1138.1310266197906,1018.3772229860124,119.75380363377816,0.0070121868427961,0.0077905349979652,0.0150402199355855,Bull,False,True,False,156.9893752,0.6910073073914614,8.983094996089,13.0,10.0,1.0,2.0,0.9990635223076924
2023-07-27,47139.06,46779.75,47393.47,46779.75,0.89,81.98743793279283,45709.99360756535,44521.44178497744,1188.5518225879132,1052.4121429063923,136.13967968152065,0.0088707057398909,0.0066174597082525,0.0138968130905945,Bull,False,True,False,156.9893752,0.28251165525928573,3.95516317363,14.0,8.0,4.0,2.0,0.9961696921428571
2023-07-31,48034.59,47372.54,48126.5,47372.54,1.9,85.15666851780222,46067.62382178607,44781.67498609022,1285.9488356958464,1099.1194814642834,186.829354231563,0.0189976210811162,0.0074874718579754,0.0141090408132719,Bull,False,True,False,156.9893752,0.1940599841013,8.593338415867999,35.0,16.0,7.0,12.0,0.9942209776785714
2023-08-01,48230.5,48326.51,48441.84,47998.27,0.41,85.74745678718736,46400.37400304975,45037.14350563909,1363.2304974106592,1151.9416846535587,211.2888127571005,0.0040785192503984,0.0047354851991642,0.0071695645653889,Bull,False,True,False,154.247266,-0.3995570441866,-1.997785220933,5.0,0.0,2.0,3.0,0.999605714
2023-08-02,48764.55,48277.82,48852.05,48178.89,1.11,87.23856753878728,46764.09338719594,45313.24769040656,1450.84569678938,1211.7224870807229,239.123209708657,0.0110728688278165,0.0057451309128221,0.0065068768381979,Bull,False,True,False,154.247266,3.359985833334411e-05,0.00020159915000006468,6.0,3.0,3.0,0.0,0.9993740366666666
2023-08-03,48611.18,48993.33,49404.5,48541.35,-0.31,84.50430903300582,47048.26055839657,45557.53897259867,1490.721585797903,1267.522306824159,223.19927897374373,-0.0031451125869099,0.0055293504360469,0.0067341525737985,Bull,False,True,False,154.247266,-0.12475443538837498,-0.9980354831069999,8.0,2.0,3.0,3.0,0.99951344875
2023-08-04,48585.71,48584.59,48840.27,48427.99,-0.05,84.03327148451797,47284.79124172017,45781.84793759136,1502.943304128814,1314.60650628509,188.33679784372384,-0.0005239535431973,0.0047478686631902,0.0064659004181098,Bull,False,True,False,154.247266,0.3995988741151,3.995988741151,10.0,6.0,2.0,2.0,0.999481718
2023-08-07,48386.25,48716.46,49034.92,48276.54,-0.41,80.26025451279811,47454.24643530168,45974.76660888088,1479.4798264208002,1347.5811703122322,131.89865610856805,-0.004105322326256,0.0044598190677457,0.0067336833600483,Bull,False,True,False,154.247266,-0.06647162480433334,-1.9942584213940002,24.0,9.0,11.0,4.0,0.9994225038095238
2023-08-08,47429.82,48359.55,48415.46,47335.32,-1.98,65.15389179316843,47450.48852217835,46082.54834155637,1367.9401806219755,1351.652972374181,16.28720824779475,-0.0197665659149035,0.0031588561324889,0.0086187084825578,Bull,False,True,False,154.247266,-0.06556920228930004,-0.6556920228930003,10.0,3.0,4.0,3.0,0.9311011629999999
2023-08-09,48227.6,47322.66,48334.54,47262.38,1.68,70.19338308976015,47570.04413415091,46241.44105699664,1328.6030771542646,1347.042993330198,-18.439916175933377,0.0168202198532483,0.0033071104109955,0.0088351674337108,Bull,False,True,False,154.247266,0.066374760265375,0.530998082123,8.0,4.0,3.0,1.0,0.900311865
2023-08-10,47808.34,48503.9,48622.91,47626.75,-0.87,64.88274616754538,47606.70503658924,46357.50764536726,1249.1973912219764,1327.473872908554,-78.27648168657743,-0.0086933623070607,0.0024276582654587,0.0091204051017626,Bull,False,True,False,154.247266,0.49867142262991665,5.984057071559,12.0,8.0,2.0,2.0,0.9990758416666666
2023-08-11,48424.4,47968.51,48898.82,47968.51,1.29,68.63753015975985,47732.50426172935,46510.61078274746,1221.8934789818886,1306.3577941232209,-84.46431514133224,0.0128860362020519,0.0033841616379184,0.0091661146312068,Bull,False,True,False,154.247266,-0.12472505413674999,-0.9978004330939999,8.0,3.0,4.0,1.0,0.999391465
2023-08-15,48565.75,48478.19,48794.13,48293.03,0.29,69.4447788100066,47860.695913770985,46662.84331735876,1197.8525964122236,1284.6567545810217,-86.80415816879781,0.0029189829920452,0.0037780106261837,0.0089556155124217,Bull,False,True,False,154.247266,-0.14491934285506874,-3.895243639503,28.0,8.0,12.0,8.0,0.9916201480267857
2023-08-16,48146.43,48575.05,48614.47,48108.88,-0.86,64.16821182834263,47904.65500396007,46772.73862718404,1131.9163767760328,1254.1086790200238,-122.19230224399098,-0.0086340682476848,0.0033735858266127,0.0093357070027418,Bull,False,True,False,154.247266,-0.22877986237999998,-1.8302388990399998,8.0,3.0,5.0,0.0,0.98827694
2023-08-17,48325.84,47961.18,48397.38,47893.71,0.37,65.38026412595715,47969.452695658525,46887.78317331855,1081.669522339973,1219.6208476840138,-137.95132534404092,0.0037263406653409,0.0035907148832285,0.0092884078890629,Bull,False,True,False,154.247266,-0.624981100650625,-4.999848805205,8.0,0.0,5.0,3.0,0.998064905
2023-08-18,48218.49,48406.43,48615.14,48196.19,-0.22,63.98558246332422,48007.76612709568,46986.35404936903,1021.4120777266436,1179.9790936925397,-158.5670159658962,-0.0022213788730831,0.0034055226523565,0.0093692264953764,Bull,False,True,False,154.247266,0.7765730632966668,6.989157569670001,9.0,8.0,1.0,0.0,0.9991803188888889
2023-08-21,47447.95,48141.31,48234.26,47432.72,-1.6,54.928219627126765,47921.64056908096,47020.54634200836,901.0942270725936,1124.2021203685506,-223.10789329595696,-0.0159801768989448,0.0022291821416915,0.0102568249600202,Bull,False,True,False,154.247266,-0.24298491907289946,-3.9918878026350004,22.0,7.0,11.0,4.0,0.9993926131481482
2023-08-22,47417.9,47451.64,47675.22,47359.18,-0.06,54.60359991732226,47844.14201999157,47049.97994630404,794.1620736875338,1058.194111032347,-264.0320373448135,-0.0006333255704408,0.0016893552224168,0.0101001916411472,Bull,False,True,False,154.247266,0.00015522714799999702,0.0010865900359999792,7.0,3.0,3.0,1.0,0.99944247
2023-08-23,47418.63,47503.35,47588.24,47007.66,0.0,54.61061764809113,47778.678632300565,47077.287357688925,701.3912746116403,986.833543748206,-285.44226913656576,1.539503014669208e-05,0.0014969492030407,0.0100932450606045,Bull,False,True,False,154.247266,-0.09515038236159999,-0.9515038236159999,10.0,2.0,3.0,5.0,0.997229385
2023-08-24,47750.76,47463.68,47994.19,47463.68,0.7,57.8064998990694,47774.38345810048,47127.174220082336,647.2092380181421,918.9086826021932,-271.6994445840512,0.0070042091051556,0.0014849909660762,0.0100862177374465,Bull,False,True,False,154.247266,-0.22147305245477777,-1.993257472093,9.0,2.0,4.0,3.0,0.9992576177777779
2023-08-25,47671.21,47818.32,47853.55,47570.31,-0.17,56.775370345593466,47758.51061839271,47167.47316674291,591.037451649805,853.3344364117157,-262.2969847619107,-0.0016659420708696,0.001051084520393,0.0100223880056181,Bull,False,True,False,154.247266,-0.5615852642814286,-3.9310968499700003,7.0,1.0,5.0,1.0,0.9946171942857143
2023-08-28,47478.61,47732.79,47733.51,47399.28,-0.4,54.25215489458637,47715.44898479384,47190.52033957677,524.9286452170709,787.6532781727868,-262.72463295571595,-0.0040401743526123,0.0004055405157678,0.0099073520415407,Bear,True,False,False,154.247266,-0.09902262881642594,-2.9980650460910008,27.0,9.0,12.0,6.0,0.999398171611111
2023-08-29,46770.41,47322.44,47372.09,46598.24,-1.49,46.13332504154233,47570.05837174864,47159.40105516368,410.6573165849623,712.254085855222,-301.59676927025976,-0.0149161906803926,-0.0012901500723076,0.0094494208140934,Bear,True,False,False,154.247266,-0.13666042665133335,-1.2299438398620002,9.0,3.0,4.0,2.0,0.9741282522222223
2023-08-30,46244.55,46771.14,46857.88,46101.34,-1.12,41.20270969323072,47366.13400686423,47091.63431033673,274.4996965274986,624.7032079896774,-350.2035114621788,-0.0112434336153991,-0.0020562477155974,0.0096109768705704,Bear,True,False,False,154.247266,-0.2854065409455714,-1.9978457866189998,7.0,1.0,3.0,3.0,0.9996171385714286
2023-08-31,45002.41,46286.73,46358.02,44459.63,-2.69,32.395216020122575,47002.48415965435,46936.87695401549,65.60720563885843,512.8840075195136,-447.2768018806552,-0.026860246234421,-0.0039529034687093,0.0105779443633319,Bear,True,False,False,154.247266,-0.12467262466250001,-0.9973809973000001,8.0,3.0,4.0,1.0,0.9993410225
2023-09-01,45312.65,45005.74,45358.29,44795.82,0.69,36.07089131036881,46742.50967355368,46816.56384631064,-74.054172756958,395.4963714642193,-469.5505442211773,0.0068938530180939,-0.0034509551884591,0.0108529059673229,Bear,True,False,False,145.9118551,-0.4994849336908125,-7.991758939053,16.0,3.0,11.0,2.0,0.99936076
2023-09-04,45707.42,45461.58,45788.74,45448.02,0.87,40.50371626711629,46583.26510839157,46734.40504288022,-151.13993448865222,286.169110273645,-437.3090447622972,0.0087121366770648,-0.002989150677446,0.0111757114167651,Bear,True,False,False,145.9118551,-0.18925400051143434,-6.159420047799,33.0,11.0,17.0,5.0,0.9947673927121213
2023-09-05,45491.48,45825.12,45950.68,45417.0,-0.47,38.91420456665831,46415.29816863902,46642.33652118539,-227.03835254636945,183.52761770964213,-410.5659702560116,-0.0047243970453811,-0.0030201044134023,0.0111798222043059,Bear,True,False,False,145.9118551,0.5550994882822222,4.99589539454,9.0,7.0,2.0,0.0,0.99949418
2023-09-06,45807.57,45515.03,45854.19,45460.28,0.69,42.47299924079764,46321.80152730994,46580.50196406055,-258.7004367506088,95.08200681759196,-353.78244356820073,0.0069483340616747,-0.0016843594145734,0.0106573956645142,Bear,True,False,False,145.9118551,-0.16632652349391666,-1.995918281927,12.0,4.0,6.0,2.0,0.9993632033333334
2023-09-07,45757.23,45854.24,46035.81,45703.53,-0.11,42.0528100672788,46234.94436926226,46519.51885561161,-284.5744863493528,19.150708184203,-303.7251945335558,-0.0010989449997019,-0.0025803176572209,0.0097329878502166,Bear,True,False,False,145.9118551,0.3288401117191875,5.261441787507,16.0,10.0,5.0,1.0,0.99106463125
2023-09-08,46013.48,45812.7,46077.39,45728.89,0.56,45.033816140770206,46200.87292783729,46482.03449593668,-281.1615680993855,-40.9117470725147,-240.2498210268708,0.0056002078797166,-0.001865639147882,0.0097851293542055,Bear,True,False,False,145.9118551,0.0005639391754545582,0.006203330930000139,11.0,5.0,5.0,1.0,0.9992178763636363
2023-09-11,45865.73,46071.19,46174.69,45678.15,-0.32,43.63981950676078,46149.31247740079,46436.38231105248,-287.06983365169435,-90.14336438835063,-196.92646926334373,-0.0032110155545722,-0.0026704917357132,0.0091492557401515,Bear,True,False,False,145.9118551,0.15680092736405318,2.333305349881,31.0,12.0,9.0,10.0,0.9918586152661065
2023-09-12,45508.39,45902.72,45902.72,45468.27,-0.78,40.383924977398536,46050.70901933913,46367.64213986341,-316.9331205242852,-135.50131561553755,-181.43180490874764,-0.0077910021272964,-0.0032059909916803,0.0091182608604077,Bear,True,False,False,145.9118551,-0.10080252508900003,-1.0080252508900003,10.0,4.0,5.0,1.0,0.998862753
2023-09-13,45590.92,45507.73,45732.73,45500.22,0.18,41.47005150164149,45979.97224713311,46310.1071665402,-330.1349194070863,-174.4280363738473,-155.70688303323897,0.0018135117502509,-0.0026836119917835,0.009090147152821,Bear,True,False,False,145.9118551,-0.2723242910968182,-2.995567202065,11.0,3.0,6.0,2.0,0.999350329090909
2023-09-14,45650.05,45581.72,45776.97,45581.49,0.13,42.28141125467714,45929.2149783434,46261.214043092776,-331.999064749376,-205.94224204895303,-126.05682270042291,0.0012969687823805,-0.0028050805859315,0.0090159133226367,Bear,True,False,False,145.9118551,-0.10012957022183334,-1.2015548426620002,12.0,3.0,4.0,5.0,0.9910866141666667
2023-09-15,45753.51,45986.58,46093.01,45700.65,0.23,43.75068208975062,45902.183443213646,46223.606336197015,-321.4228929833698,-229.03837223583645,-92.38452074753336,0.0022663721069309,-0.0025806930369308,0.0090867720430017,Bear,True,False,False,145.9118551,-0.11566045025811111,-1.040944052323,9.0,3.0,5.0,1.0,0.9462431744444445
2023-09-18,45837.42,45824.42,45907.08,45662.7,0.18,44.9741121393588,45892.21983656539,46194.99994092316,-302.78010435777105,-243.78671866022336,-58.99338569754767,0.0018339576570189,-0.0016899863091326,0.0085621409661197,Bear,True,False,False,145.9118551,-0.0847949853998889,-2.0537814636610006,32.0,12.0,14.0,6.0,0.9984380809722223
2023-09-19,45914.18,45850.2,46036.04,45850.2,0.17,46.12843527780418,45895.59832324764,46174.19846381775,-278.60014057010994,-250.74940304220075,-27.850737527909217,0.0016746143216612,-0.0015745893145275,0.0085926301858694,Bear,True,False,False,145.9118551,0.19988427346410004,1.9988427346410003,10.0,5.0,3.0,2.0,0.9995496709999999
2023-09-20,45932.52,45947.39,46035.09,45808.11,0.04,46.41765712145414,45901.27858120954,46156.2963553868,-255.01777417726407,-251.60307726921343,-3.414696908050644,0.000399440869901,-0.0015553870225398,0.0085967985078398,Bear,True,False,False,145.9118551,0.2543264067195,2.034611253756,8.0,4.0,1.0,3.0,0.9394402525
2023-09-21,46304.73,45917.5,46309.8,45733.44,0.81,52.04471480677192,45963.34803025422,46167.29144017297,-203.94340991874924,-242.07114379912065,38.12773388037138,0.0081034090879403,-0.0015004270234006,0.0086576987081715,Bear,True,False,False,145.9118551,-0.4030067727536667,-6.045101591305,15.0,4.0,10.0,1.0,0.9974499286666667
2023-09-22,46436.41,46322.34,46500.45,46182.0,0.28,53.88962318765204,46036.126794830496,46187.22614830831,-151.0993534778172,-223.87678573486,72.77743225704273,0.0028437699561145,-0.0012749414220514,0.008711719174542,Bear,True,False,False,145.9118551,-0.00017945708754543962,-0.001974027962999836,11.0,3.0,3.0,5.0,0.9957411036363637
2023-09-25,46394.32,46486.05,46590.26,46305.88,-0.09,53.18529720901512,46091.23344177965,46202.56643361881,-111.33299183916095,-201.36802695572013,90.03503511655919,-0.0009064008178065,-0.0011182527453111,0.0086875144853614,Bear,True,False,False,145.9118551,-0.21450744853110792,-5.74313231707,29.0,8.0,14.0,7.0,0.9859508817142858
2023-09-26,46308.54,46399.88,46503.82,46258.96,-0.18,51.70220077777879,46124.6652199674,46210.41632742483,-85.75110745742859,-178.24464305606185,92.49353559863326,-0.0018489332314817,-0.0004648898728655,0.0080642107082193,Bear,True,False,False,145.9118551,0.14872068994407692,1.933368969273,13.0,6.0,4.0,3.0,0.9964308761538461
2023-09-27,46408.02,46291.28,46448.34,46238.12,0.21,53.3276444989383,46168.25826304933,46225.05363650448,-56.79537345514109,-153.9547891358777,97.1594156807366,0.0021481998784671,0.0002046918018277,0.007668400070013,Bear,True,False,False,145.9118551,0.07137903649614286,0.999306510946,14.0,5.0,4.0,5.0,0.9993278828571429
2023-09-28,46232.59,46464.29,46469.6,46177.5,-0.38,50.12400853182479,46178.15545334944,46225.611885652295,-47.4564323028535,-132.65511776927286,85.19868546641936,-0.0037801655834487,0.0013586958343763,0.0044367872704065,Bull,False,True,False,145.9118551,0.053012713451470586,0.901216128675,17.0,6.0,5.0,6.0,0.9967117452941177
2023-10-02,46627.08,46294.62,46704.64,46294.62,0.85,56.45848992999842,46247.22076821876,46255.35026449287,-8.129496274108533,-107.74999347024,99.62049719613148,0.008532725508132,0.0014406394588782,0.0045578791578489,Bull,False,True,False,120.9276807,0.25272145391615625,0.9335509826720007,30.0,10.0,10.0,10.0,0.9826691672767858
2023-10-03,46756.8,46685.93,46820.72,46670.79,0.28,58.33250277371381,46325.61757310818,46292.49468934525,33.12288376293145,-79.5754180236057,112.69830178653716,0.0027820742795816,0.001144136339004,0.0042418806623311,Bull,False,True,False,120.9276807,-0.11077785710666667,-0.99700071396,9.0,4.0,5.0,0.0,0.9993900722222223
2023-10-04,47079.83,46760.83,47199.5,46748.79,0.69,62.64419521247808,46441.65025416847,46350.81582346782,90.83443070064824,-45.493448278754926,136.32787897940315,0.0069087277144714,0.0017257925769967,0.0041921093144035,Bull,False,True,False,120.9276807,0.3996810713255,3.996810713255,10.0,6.0,2.0,2.0,0.999572652
2023-10-05,47484.56,47152.98,47484.56,47152.98,0.86,67.22091578760686,46602.09790737332,46434.79687358131,167.3010337920059,-2.93455186460276,170.23558565660866,0.0085966750517152,0.0018082096264987,0.004314602284504,Bull,False,True,False,120.9276807,0.20287936104874998,3.2460697767799997,16.0,9.0,6.0,1.0,0.9916389575
2023-10-06,47508.67,47545.3,47619.26,47402.58,0.05,67.47654441045468,46741.57053700819,46514.34303109381,227.22750591437944,43.09785969119368,184.12964622318577,0.0005077439908889,0.0018885440760282,0.0042723754945897,Bull,False,True,False,120.9276807,0.07672974932376925,0.9974867412090002,13.0,5.0,4.0,4.0,0.9994665084615384
2023-10-09,47736.61,47376.59,47775.73,47217.74,0.48,69.86895070933794,46894.65353131462,46604.88132508686,289.7722062277608,92.43272899850707,197.33947722925367,0.0047978611061938,0.0018484267373521,0.0042393280521539,Bull,False,True,False,120.9276807,0.09443704532557523,1.4741987594520003,29.0,11.0,10.0,8.0,0.9912041652393162
2023-10-10,48143.5,47752.69,48166.36,47708.11,0.85,73.60189992166137,47086.78375726623,46718.85307878413,367.93067848209466,147.5323188952246,220.39835958687007,0.0085236467357023,0.0024351598518658,0.0043136358770124,Bull,False,True,False,120.9276807,0.37488348919875,2.99906791359,8.0,5.0,2.0,1.0,0.99795270875
2023-10-11,48501.8,48210.6,48516.64,48208.3,0.74,76.37727849103061,47304.478563840654,46850.92322109641,453.5553427442428,208.73692366502823,244.8184190792145,0.007442333856076,0.0031968266510345,0.0037165087715756,Bull,False,True,False,120.9276807,-0.16639840566091665,-1.9967808679309997,12.0,3.0,5.0,4.0,0.9992179583333334
2023-10-12,48771.71,48520.71,48830.26,48359.38,0.56,78.23375683123461,47530.20647709594,46993.20372323742,537.00275385852,274.39008970372663,262.6126641547934,0.0055649481050186,0.0033843984687729,0.0037376258078081,Bull,False,True,False,120.9276807,0.24052082004666664,2.1646873804199998,9.0,5.0,3.0,1.0,0.98108308
2023-10-13,49493.47,48821.58,49520.38,48767.59,1.48,82.25073029806799,47832.24701908119,47178.408632627245,653.8383864539428,350.2797490537699,303.5586374001729,0.0147987429598019,0.0040594871776439,0.0044853098764746,Bull,False,True,False,120.9276807,0.10979048961111111,0.9881144065,9.0,5.0,4.0,0.0,0.9977327366666666
2023-10-16,49719.87,49705.41,49919.03,49317.59,0.46,83.29232734576712,48122.65055460716,47366.66503021041,755.9855243967468,431.4209041223653,324.5646202743815,0.0045743408170815,0.0041748856131515,0.0044663983235458,Bull,False,True,False,120.9276807,0.1475461008533111,3.48703150547,21.0,11.0,7.0,3.0,0.9697034423333334
2023-10-17,49527.88,49792.49,50017.45,49508.42,-0.39,79.05552366324294,48338.83970005221,47526.7550279726,812.0846720796108,507.5536577138144,304.5310143657964,-0.0038614340705236,0.0038901160267743,0.0047931210671501,Bull,False,True,False,120.9276807,0.427479341995,4.27479341995,10.0,7.0,3.0,0.0,0.9855103030000001
2023-10-18,49406.19,49496.19,49740.98,49383.72,-0.25,76.40273168262756,48503.04743850572,47665.97243330796,837.0750051977593,573.4579272106033,263.617077987156,-0.0024569999765787,0.0036835353118623,0.0049790619685259,Bull,False,True,False,120.9276807,3.7250566499991974e-05,0.0001490022659999679,4.0,1.0,1.0,2.0,0.99967517
2023-10-19,50323.97,49487.16,50399.92,49436.92,1.86,81.45664391896675,48783.1893710433,47862.86114195181,920.3282290914868,642.8319875867801,277.49624150470663,0.0185762148427151,0.004592374010503,0.005918378935877,Bull,False,True,False,120.9276807,0.124448779030125,1.991180464482,16.0,7.0,5.0,4.0,0.9990265725
2023-10-20,50674.52,50417.99,50952.67,50332.76,0.7,82.9579964547037,49074.16331395972,48071.1321684739,1003.0311454858164,714.8718191665874,288.1593263192291,0.0069658653719091,0.0045354968247015,0.0058882504281448,Bull,False,True,False,120.9276807,0.21390168989928574,2.99462365859,14.0,7.0,4.0,3.0,0.998713885
2023-10-23,51072.73,50924.38,51419.87,50924.38,0.79,84.49383517931183,49381.63511181207,48293.472748586944,1088.1623632251212,789.5299279782942,298.6324352468271,0.0078581898753062,0.004786217820661,0.0059191015407334,Bull,False,True,False,120.9276807,0.20254446141142127,3.00811787488,30.0,15.0,12.0,3.0,0.9991437361355312
2023-10-24,51068.15,51121.92,51121.92,50624.38,-0.01,84.39962377607966,49641.09894076405,48499.004396839766,1142.094543924286,860.0428511674926,282.0516927567934,-8.967603650722467e-05,0.004827054059726,0.0058804519156611,Bull,False,True,False,120.9276807,-0.09070975843727275,-0.9978073428100002,11.0,5.0,6.0,0.0,0.9994090072727272
2023-10-25,51125.32,51023.31,51483.85,51023.31,0.11,84.63000107599153,49869.44064218497,48693.54629337015,1175.8943488148216,923.2131506969585,252.68119811786323,0.0011194844536173,0.004975474943981,0.005738839378397,Bull,False,True,False,120.9276807,0.3329239424341666,3.9950873092099997,12.0,8.0,4.0,0.0,0.9993831758333332
2023-10-26,51158.4,51341.92,51520.68,51140.64,0.06,84.77014758965794,50067.74208184882,48876.1280494168,1191.614032432015,976.8933270439696,214.7207053880452,0.0006470375148752,0.0049004168258014,0.0057873750193134,Bull,False,True,False,120.9276807,-9.68882818180356e-06,-0.00010657710999983916,11.0,5.0,5.0,1.0,0.9994714727272727
2023-10-27,50958.45,51219.11,51269.74,50834.72,-0.39,80.02061432620316,50204.77406925669,49030.37411983037,1174.399949426319,1016.3946515204397,158.0052979058794,-0.0039084490523551,0.0048940026523561,0.0057975642205309,Bull,False,True,False,120.9276807,-0.16642618616275004,-1.9971142339530004,12.0,4.0,6.0,2.0,0.9993970633333333
2023-10-30,51482.93,50971.84,51501.82,50971.84,1.03,82.75067503800443,50401.41344321719,49212.04492576886,1189.3685174483326,1050.989424706018,138.37909274231447,0.0102923067714972,0.0049819817155243,0.0058686044425664,Bull,False,True,False,120.9276807,0.27689442820681004,8.448202687637,33.0,16.0,8.0,9.0,0.9940012646084657
2023-10-31,51976.31,51633.0,52088.71,51508.58,0.96,84.84813448923829,50643.70522118377,49416.80530163783,1226.89991954594,1086.1715236740024,140.72839587193766,0.0095833706434345,0.005322046533717,0.0059311406096202,Bull,False,True,False,120.9276807,0.08437207074454546,0.9280927781900001,11.0,6.0,5.0,0.0,0.9961336290909091
2023-11-01,52357.05,52075.16,52451.21,52075.16,0.73,86.238761439349,50907.29672561704,49634.60120522022,1272.6955203968173,1123.4763230185654,149.21919737825192,0.0073252602964697,0.0053428731628169,0.0059377329668687,Bull,False,True,False,95.21597915,-0.08230974146259999,-0.823097414626,10.0,4.0,5.0,1.0,0.990175574
2023-11-02,52701.43,52421.09,52706.01,52239.59,0.66,87.368059794476,51183.31722936826,49861.77370853724,1321.5435208310157,1163.0897625810555,158.45375824995995,0.0065775287186728,0.0052419158461648,0.00589652030726,Bull,False,True,False,95.21597915,-0.2733723980327273,-3.00709637836,11.0,3.0,6.0,2.0,0.9811633863636363
2023-11-03,53175.72,52916.99,53263.07,52782.21,0.9,88.73871959029442,51489.840732542376,50107.25121160856,1382.5895209338196,1206.9897142516083,175.59980668221124,0.0089995660459307,0.0056665069489169,0.0058431790316503,Bull,False,True,False,95.21597915,0.16667410334408336,2.0000892401290002,12.0,6.0,4.0,2.0,0.9994361541666666
2023-11-06,53941.04,53286.64,53944.89,53166.86,1.44,90.52525255325558,51866.948312151246,50391.23556630422,1475.7127458470277,1260.7343205706925,214.97842527633543,0.0143922827937261,0.0061462280332935,0.0061537068624927,Bull,False,True,False,95.21597915,0.07682473233700128,1.1722548637,31.0,13.0,11.0,7.0,0.9796664000512821
2023-11-07,53810.82,53977.16,54312.9,53711.47,-0.24,87.96803622074175,52166.00549489721,50644.53811694834,1521.4673779488658,1312.880932046327,208.5864459025388,-0.0024141173399697,0.0055993398295099,0.0064119120800131,Bull,False,True,False,95.21597915,0.08336522627699998,1.0003827153239997,12.0,6.0,5.0,1.0,0.9992983799999999
2023-11-08,54307.37,53720.46,54419.65,53720.46,0.92,89.21869551406067,52495.446187989946,50915.85899717439,1579.5871908155532,1366.2221838001724,213.3650070153808,0.0092276980726182,0.005688608040337,0.00645122874548,Bull,False,True,False,95.21597915,-4.001571999998374e-05,-0.0003601414799998537,9.0,4.0,4.0,1.0,0.9994282899999999
2023-11-10,55399.66,54371.75,55506.33,54371.75,2.01,91.34894798129476,52942.24831291457,51247.992404791104,1694.255908123465,1431.828928664831,262.4269794586339,0.0201131080367176,0.0064160160369219,0.0072118949794573,Bull,False,True,False,95.21597915,0.0632333606990625,1.014711324607,18.0,7.0,6.0,5.0,0.99876046825
2023-11-13,56526.71,55644.68,56583.59,55644.68,2.03,92.90640498104464,53493.70395708156,51639.008522954726,1854.695434126836,1516.402229757232,338.2932043696035,0.0203439876706823,0.0066932782724659,0.0076447365825734,Bull,False,True,False,95.21597915,0.25481681189747196,6.994577658408,26.0,12.0,5.0,9.0,0.9992652605820105
2023-11-14,56644.58,56732.99,56873.99,56118.18,0.21,93.04737944539156,53978.45411753055,52009.79159532845,1968.662522202103,1606.8542882462064,361.80823395589664,0.0020852089215877,0.0065688216776912,0.007701102345033,Bull,False,True,False,95.21597915,0.18172608849245456,1.998986973417,11.0,5.0,3.0,3.0,0.9995167090909092
2023-11-15,56765.28,56793.35,56846.68,56433.05,0.21,93.19648575817509,54407.19656098739,52362.04999567448,2045.1465653129053,1694.5127436595462,350.63382165335906,0.0021308305225318,0.006868434907344,0.0073839895721017,Bull,False,True,False,95.21597915,-0.07350377378063637,-0.808541511587,11.0,3.0,4.0,4.0,0.9908181327272728
2023-11-16,57344.16,56838.66,57549.27,56531.54,1.02,93.87494456582954,54859.03709006625,52731.09518118008,2127.941908886176,1781.1985767048725,346.7433321813037,0.0101977828700925,0.0075011740496776,0.0070787167423689,Bull,False,True,False,95.21597915,0.3456747525475001,4.148097030570001,12.0,8.0,4.0,0.0,0.9346872425
2023-11-17,57016.96,57503.68,57750.93,56977.02,-0.57,88.50269574739067,55191.02523005605,53048.56664924081,2142.458580815241,1853.450577526946,289.0080032882945,-0.0057058992580936,0.0062870683446371,0.0071610995450359,Bull,False,True,False,95.21597915,0.36059581030754545,3.9665539133829997,11.0,7.0,3.0,1.0,0.9968004399999999
2023-11-20,57065.99,57099.82,57309.27,56738.4,0.09,88.60790244834342,55479.48134850897,53346.15356411186,2133.327784397108,1909.4260189009788,223.90176549612943,0.0008599195748071,0.005981771054782,0.0072601096006158,Bull,False,True,False,95.21597915,0.019618253203954366,0.9936824154830001,21.0,9.0,8.0,4.0,0.9993029130952381
2023-11-21,57408.18,57176.46,57691.22,57176.46,0.6,89.34098764151084,55776.204217969134,53647.04441121468,2129.1598067544546,1953.372776471674,175.78703028278073,0.0059963911955265,0.0058886811207931,0.0072467073767784,Bull,False,True,False,95.21597915,0.799447268923,7.99447268923,10.0,9.0,1.0,0.0,0.9993777789999999
2023-11-22,58178.27,57418.5,58405.92,57418.5,1.34,90.77907163988544,56145.75279982004,53982.6907511247,2163.062048695341,1995.3106309164075,167.75141777893373,0.0134142904373557,0.0065638794444862,0.0072893461335791,Bull,False,True,False,95.21597915,0.49955939540249994,3.9964751632199995,8.0,6.0,2.0,0.0,0.999483335
2023-11-23,58910.8,58246.21,58920.41,58246.21,1.26,91.89873788817268,56571.1446767708,54347.73588067101,2223.408796099786,2040.930263953084,182.4785321467025,0.0125911272370251,0.0071374615836566,0.0072897300642245,Bull,False,True,False,95.21597915,-0.015752931882333333,-0.189035182588,12.0,4.0,4.0,4.0,0.9832593283333333
2023-11-24,59173.34,59059.56,59502.28,58990.21,0.45,92.26142305408246,56971.48241880606,54705.18803765834,2266.294381147716,2086.00308739201,180.2912937557062,0.0044565682353658,0.0073279381196811,0.0071598260862173,Bull,False,True,False,95.21597915,0.24959030978000002,1.9967224782400002,8.0,5.0,3.0,0.0,0.9991904149999999
2023-11-27,59774.06,59298.9,59896.08,58999.31,1.02,93.03029306202576,57402.6482005282,55080.66003486884,2321.9881656593643,2133.200103045481,188.78806261388308,0.0101518690680635,0.0080309540257021,0.0066721441521395,Bull,False,True,False,95.21597915,0.025684935208842925,1.9807024616239999,32.0,12.0,10.0,10.0,0.9991832001653439
2023-11-28,60845.53,60023.86,60845.61,60023.86,1.79,94.14726720541674,57932.32232352386,55507.68743969337,2424.634883830491,2191.487059202484,233.1478246280076,0.0179253341666938,0.0084126053954619,0.007017663919764,Bull,False,True,False,95.21597915,0.33320182929777775,2.99881646368,9.0,6.0,3.0,0.0,0.9995181533333333
2023-11-29,60498.96,60916.67,61555.84,60328.18,-0.57,89.16943501965854,58327.18965836635,55877.411333049415,2449.7783253169328,2243.145312425373,206.63301289155925,-0.0056958991071324,0.0076486419079335,0.0076835810413221,Bull,False,True,False,95.21597915,0.21130057370654545,2.324306310772,11.0,5.0,3.0,3.0,0.9694522981818181
2023-11-30,60526.77,60787.9,60981.68,60428.14,0.05,89.2186954896992,58665.58663400229,56221.80827134205,2443.7783626602395,2283.271922472347,160.50644018789262,0.0004596773233787,0.007305362759279,0.0078503461519593,Bull,False,True,False,95.21597915,-0.29885994646229996,-2.988599464623,10.0,2.0,5.0,3.0,0.999101817
2023-12-01,61691.25,60667.83,61779.73,60576.42,1.92,91.05359302773586,59131.07330569425,56626.95210309449,2504.12120259976,2327.441778497829,176.67942410192973,0.0192390904057824,0.0079384408436345,0.0082869558735035,Bull,False,True,False,117.9477336,-0.33181985045377776,-2.986378654084,9.0,2.0,5.0,2.0,0.9986787222222221
2023-12-04,62575.35,62061.57,62912.61,62061.57,1.43,92.1464438835744,59660.96202789513,57067.57416953193,2593.387858363203,2380.6309944709046,212.7568638922985,0.0143310437055497,0.0082050147266154,0.0084077572805743,Bull,False,True,False,117.9477336,0.3891276340396561,9.757480531380999,26.0,15.0,5.0,6.0,0.9867950135343916
2023-12-05,63028.13,62653.4,63036.51,62215.19,0.72,92.64216008050688,60178.987869757424,57509.09682364068,2669.891046116747,2438.483004800073,231.40804131667392,0.007235756571877,0.007847188415523,0.0082819195879051,Bull,False,True,False,117.9477336,-0.29969243706720006,-2.9969243706720006,10.0,3.0,6.0,1.0,0.999465521
2023-12-06,63778.75,63205.42,64038.83,63188.72,1.19,93.38733905625934,60732.79742825628,57973.51557744508,2759.281850811203,2502.642774002299,256.63907680890406,0.0119092855840718,0.008563358561725,0.0079609636192149,Bull,False,True,False,117.9477336,0.2000124321854,2.000124321854,10.0,5.0,3.0,2.0,0.9995008289999999
2023-12-07,64718.08,64159.02,64958.1,63853.05,1.47,94.18149278614796,61345.91782390916,58473.11294207878,2872.804881830387,2576.675195567917,296.12968626247,0.014727946220332,0.0088383709691107,0.0080792458308583,Bull,False,True,False,117.9477336,0.332925227541,3.995102730492,12.0,6.0,2.0,4.0,0.9994814833333333
2023-12-08,66223.63,65055.17,66273.73,65055.17,2.33,95.18054450714364,62096.33508176929,59047.22531673961,3049.10976502968,2671.1621094602697,377.94765556941,0.0232632055833548,0.0089958758464426,0.0083372027768069,Bull,False,True,False,117.9477336,0.6653283546493333,5.987955191844,9.0,7.0,1.0,1.0,0.99878598
2023-12-11,66012.33,66162.29,66564.04,65129.0,-0.32,92.77293154652776,62698.79583842017,59563.15899698112,3135.6368414390527,2764.057055856026,371.5797855830265,-0.0031907039828532,0.0078191412637658,0.0083120364630214,Bull,False,True,False,117.9477336,-0.004639923768999447,-0.11462553907899986,26.0,9.0,9.0,8.0,0.9946526398051948
2023-12-12,66426.78,66121.14,66604.04,66121.14,0.63,93.13949719506772,63272.33186327861,60071.575367575104,3200.7564957035065,2851.396943825522,349.3595518779844,0.0062783725404025,0.0080287994447066,0.0082120768261938,Bull,False,True,False,117.9477336,0.2998893574805,2.998893574805,10.0,6.0,3.0,1.0,0.999395657
2023-12-13,65280.16,66764.3,67093.96,64427.39,-1.73,80.91207307403113,63581.22849969729,60457.39645145843,3123.832048238859,2905.88396470819,217.948083530669,-0.0172614117378562,0.0070591873316872,0.0099136580466288,Bull,False,True,False,117.9477336,0.07685355047946153,0.999096156233,13.0,6.0,5.0,2.0,0.9994522423076924
2023-12-14,65450.19,65323.06,65622.56,64437.7,0.26,81.30403130154879,63868.7610382054,60827.233010609656,3041.528027595741,2933.0127772857004,108.51525031004076,0.002604619841618,0.0066795291802634,0.0099325124949258,Bull,False,True,False,117.9477336,-0.18175636135654544,-1.9993199749219999,11.0,2.0,4.0,5.0,0.9991040272727272
2023-12-15,66130.02,65774.74,66346.77,65559.49,1.04,82.8228038874148,64216.647032327644,61220.0320468608,2996.6149854668474,2945.7332189219296,50.88176654491781,0.0103869828338161,0.0074841732848589,0.0095196158067813,Bull,False,True,False,117.9477336,0.18157318893554547,1.9973050782910002,11.0,5.0,3.0,3.0,0.9994105545454546
2023-12-18,65204.68,66525.7,66586.62,65064.94,-1.4,74.00987724953748,64368.65210427724,61515.19115450073,2853.460949776505,2927.278765092845,-73.81781531633987,-0.0139927373377477,0.0067415404392312,0.01058346649726,Bull,False,True,False,117.9477336,0.03827661453866666,1.3863225605179998,23.0,9.0,8.0,6.0,0.9899775349537037
2023-12-19,62833.03,65124.3,65132.03,62360.78,-3.64,57.207906443155,64132.40254977305,61612.80884675994,2519.59370301311,2845.741752676898,-326.14804966378824,-0.0363723892211418,0.0046231014183978,0.0143209186425024,Bull,False,True,False,117.9477336,0.5682941048071428,3.9780587336499997,7.0,5.0,1.0,1.0,0.9981753971428571
2023-12-20,62448.01,62862.54,63261.05,61082.5,-0.61,55.02397075695079,63873.26523442335,61674.6755988518,2198.589635571552,2716.311329255829,-517.7216936842769,-0.0061276688391439,0.0036460034545728,0.0143561561207131,Bull,False,True,False,117.9477336,0.00034349809766666254,0.0030914828789999627,9.0,4.0,4.0,1.0,0.9991344444444444
2023-12-21,62693.57,62742.26,62850.1,61750.97,0.39,56.17313786291956,63691.77365989668,61750.14925819611,1941.6244017005736,2561.373943744778,-619.7495420442042,0.0039322309870242,0.0032130586420727,0.0142019328098733,Bull,False,True,False,117.9477336,0.19968047270790001,1.9968047270790001,10.0,5.0,3.0,2.0,0.999422528
2023-12-22,61705.09,62838.18,62995.22,61569.14,-1.58,50.5716413483379,63386.13001991257,61746.81153536676,1639.318484545809,2376.9628519049843,-737.6443673591752,-0.0157668481791674,0.0022018878213461,0.0148154333354881,Bull,False,True,False,117.9477336,-0.17463890736466667,-1.047833444188,6.0,2.0,3.0,1.0,0.9952838083333333
2023-12-26,59170.98,61606.46,61634.55,59026.81,-4.11,39.65447654394568,62737.64540146448,61556.00919941367,1181.6362020508168,2137.897521934151,-956.2613198833342,-0.0410680869276747,-0.0003591099784408,0.0175444676417187,Bear,True,False,False,117.9477336,-0.2495173368657619,-6.5697439189,25.0,6.0,13.0,6.0,0.9919467560267857
2023-12-27,60863.62,59097.62,61009.88,58758.48,2.86,47.76563615412073,62449.333801239176,61504.72111056821,944.6126906709688,1899.2405556815145,-954.6278650105456,0.0286059145885364,0.0001749190426513,0.0182775481517578,Bear,True,False,False,117.9477336,-0.00044051988500001804,-0.0035241590800001443,8.0,4.0,4.0,0.0,0.99915696125
2023-12-28,62052.24,61130.13,62750.78,61092.27,1.95,52.58527243797759,62388.24244720238,61545.278065340935,842.9643818614422,1687.9853209175,-845.0209390560578,0.0195292360198093,0.0014361757989984,0.0187161825141444,Sideways,False,False,True,117.9477336,8.846086599999526e-05,0.0008846086599999525,10.0,5.0,5.0,0.0,0.999462333
2023-12-29,62451.04,62225.33,62644.38,61807.54,0.64,54.11503885676027,62397.90360917124,61612.37154198235,785.5320671888912,1507.4946701717784,-721.9626029828871,0.006426842931053,0.0017345340793821,0.0187473326187363,Sideways,False,False,True,117.9477336,0.87334056127675,6.986724490214,8.0,7.0,0.0,1.0,0.9990957525
2024-01-01,64661.78,62696.99,64718.88,62672.97,3.54,61.52559753149692,62746.19228468336,61838.25364998366,907.9386346997052,1387.5834630773638,-479.64482837765854,0.0353995706076311,0.0025425580894745,0.0198569280794276,Sideways,False,False,True,122.2527127,0.1097270299810635,1.9809825368860001,24.0,10.0,8.0,6.0,0.9982255336044975
2024-01-02,64349.6,65120.39,65333.7,64213.63,-0.48,60.05073679923403,62992.87039473208,62024.27930554042,968.5910891916574,1303.7849883002227,-335.19389910856535,-0.0048278906024548,0.0015846113740743,0.0197199553550374,Sideways,False,False,True,122.2527127,0.2854832216945714,1.998382551862,7.0,4.0,2.0,1.0,0.9993549342857142
2024-01-03,64646.85,64504.22,65244.6,64219.54,0.46,61.00916412743622,63247.32879554253,62218.54380142631,1028.7849941162203,1248.7849894634223,-219.999995347202,0.0046192983328567,0.0014537884621233,0.0196891470707435,Sideways,False,False,True,122.2527127,-0.19945255130120004,-1.9945255130120003,10.0,3.0,5.0,2.0,0.999219235
2024-01-04,64639.16,64815.34,64936.76,64098.11,-0.01,60.968412546480415,63461.45667315138,62397.84870502437,1063.607968127013,1211.7495851961403,-148.1416170691275,-0.0001189539784226,0.0008523764839985,0.0195360798557339,Sideways,False,False,True,122.2527127,0.25002619398875,2.00020955191,8.0,5.0,3.0,0.0,0.99938205625
2024-01-05,64514.9,64738.85,65077.48,63757.96,-0.19,60.26788529780406,63623.52487728193,62554.66731946701,1068.8575578149248,1183.1711797198973,-114.31362190497248,-0.0019223640901274,1.986096847562124e-05,0.0192665731999843,Sideways,False,False,True,122.2527127,0.11097045977855557,0.9987341380070002,9.0,4.0,3.0,2.0,0.9994645988888888
2024-01-08,64237.03,64684.23,65069.43,64183.53,-0.43,58.64515160301603,63717.91028077703,62679.286777284266,1038.6235034927597,1154.2616444744697,-115.6381409817102,-0.0043070670496273,-0.0013586526631734,0.0184865231923316,Bear,True,False,False,122.2527127,0.17913804162550953,3.697124718065,25.0,12.0,8.0,5.0,0.9849862401785714
2024-01-09,64170.58,64536.58,64786.35,63878.22,-0.1,58.24129209683473,63787.5517760421,62789.75294192987,997.7988341122254,1122.9690824020208,-125.17024828979538,-0.0010344500671963,-0.0012508399673906,0.0184815633293084,Bear,True,False,False,122.2527127,0.1248702966845,0.998962373476,8.0,4.0,3.0,1.0,0.99940632625
2024-01-10,63919.85,64234.83,64550.94,63873.63,-0.39,56.65589059190381,63807.9053489587,62873.46383512026,934.4415138384428,1085.2635686893052,-150.8220548508623,-0.003907242228448,-0.0017601207058331,0.0184033400477991,Bear,True,False,False,122.2527127,0.37463397265162496,2.9970717812129997,8.0,4.0,1.0,3.0,0.99958293375
2024-01-11,64617.57,64057.49,64700.97,63914.94,1.09,59.92508278728224,63932.46914142659,63002.656884370605,929.8122570559864,1054.1733063626414,-124.3610493066551,0.0109155450145768,-0.0003512728682115,0.0182319283366589,Bear,True,False,False,122.2527127,0.16828611158272727,1.85114722741,11.0,6.0,4.0,1.0,0.9681978263636364
2024-01-12,64637.64,64917.06,65356.85,64491.08,0.03,60.01849859047558,64040.9569658225,63123.7667447876,917.1902210349,1026.776689297093,-109.5864682621932,0.0003105966380352,-0.0004659740283906,0.018219565320652,Bear,True,False,False,122.2527127,0.10004382555279998,1.0004382555279998,10.0,5.0,4.0,1.0,0.999497246
2024-01-15,64269.38,64885.15,65173.87,64130.96,-0.57,57.37567958884747,64076.09897108057,63208.626985914445,867.4719851661284,994.9157484709002,-127.44376330477178,-0.0056972995920024,-0.0012701881496815,0.0180696656777952,Bear,True,False,False,122.2527127,-0.2493393315771956,-8.172256279842,30.0,7.0,15.0,8.0,0.9732132494542124
2024-01-16,63737.46,64246.68,64246.68,63397.94,-0.83,53.69765943754034,64024.000667837405,63247.79980177264,776.2008660647698,951.1727719896742,-174.97190592490438,-0.0082764140559625,-0.0009843719855923,0.0179022692805196,Bear,True,False,False,122.2527127,-0.122896154501875,-0.983169236015,8.0,3.0,4.0,1.0,0.98819303875
2024-01-17,63567.34,63692.22,64043.87,63290.18,-0.27,52.53767843353626,63953.74518047781,63271.46944608577,682.2757343920384,897.3933644701472,-215.1176300781088,-0.0026690740421724,0.0007007937733561,0.0158663238983601,Bear,True,False,False,122.2527127,0.249766006115375,1.998128048923,8.0,4.0,2.0,2.0,0.99955603625
2024-01-18,63202.4,63579.97,63579.97,62528.56,-0.57,50.04039943009815,63838.153614250456,63266.35319082016,571.8004234303007,832.274776262178,-260.47435283187724,-0.0057409984435402,0.0007201272931363,0.0158577986069637,Bear,True,False,False,122.2527127,-0.1427346827457143,-0.99914277922,7.0,3.0,4.0,0.0,0.9993399242857143
2024-01-19,63282.23,63351.07,63911.86,63214.86,0.13,50.593632908974655,63752.626904365774,63267.529250759406,485.0976536063681,762.8393517310161,-277.741698124648,0.0012630849461412,0.0005866699910921,0.0158405654012008,Bear,True,False,False,122.2527127,0.10147384048100001,1.01473840481,10.0,5.0,4.0,1.0,0.9976237080000001
2024-01-22,63939.41,63354.43,64090.88,63139.73,1.04,55.01040020205606,63781.36276523258,63317.2981951476,464.0645700849782,703.0843954018085,-239.0198253168303,0.0103849058416556,0.0018942576921333,0.0154951926155801,Bull,False,True,False,122.2527127,-0.10484502561576191,-2.659181771,25.0,10.0,13.0,2.0,0.9923212178333333
2024-01-23,64454.22,64121.46,64658.17,63549.61,0.81,58.16543514060288,63884.87926288911,63401.51462513667,483.3646377524419,659.1404438719353,-175.77580611949338,0.0080515287832652,0.0043502384776803,0.0117729193923657,Bull,False,True,False,122.2527127,0.33282177764575,3.993861331749,12.0,7.0,3.0,2.0,0.9989781191666666
2024-01-24,64822.43,64569.49,65063.08,64460.95,0.57,60.30937813903967,64029.117837829246,63506.76761586728,522.3502219619622,631.7823994899406,-109.4321775279784,0.0057127368851876,0.0032055795925128,0.0103128552593647,Bull,False,True,False,122.2527127,0.4509515944451428,3.156661161116,7.0,4.0,1.0,2.0,0.9880932514285714
2024-01-25,64298.01,64918.32,65213.61,64180.45,-0.81,55.91427541322639,64070.485862778594,63565.37816284008,505.1076999385186,606.4474595796563,-101.33975964113768,-0.0080901009110581,0.0018246127459695,0.009850818663999,Bull,False,True,False,122.2527127,-0.09993085175640001,-0.9993085175640001,10.0,3.0,4.0,3.0,0.999470809
2024-01-26,63813.06,64220.91,64534.3,63743.4,-0.75,52.130880781398936,64030.88188388958,63583.72496559266,447.15691829691787,574.5893513231086,-127.43243302619078,-0.0075422240906056,0.0011261593948865,0.0100014059712743,Bull,False,True,False,122.2527127,0.14714002590666667,1.32426023316,9.0,4.0,3.0,2.0,0.9813452933333333
2024-01-29,62773.72,63792.84,63792.84,62717.71,-1.63,45.08919298824849,63837.47236329119,63523.72459777098,313.74776552020194,522.4210341625273,-208.6732686423254,-0.0162872615731011,-0.00145818221415,0.0068653147635475,Bear,True,False,False,122.2527127,-0.2706558878443646,-5.938671107723,28.0,7.0,13.0,8.0,0.9971361562108262
2024-01-30,61841.74,62799.23,63074.51,61637.62,-1.48,39.88636151646746,63530.43661509253,63399.13314608425,131.3034690082859,444.1975211316791,-312.8940521233932,-0.0148466587610229,-0.0019591206220784,0.0074635816613681,Bear,True,False,False,122.2527127,-0.005259708153846141,-0.06837620599999983,13.0,5.0,5.0,3.0,0.99655814
2024-01-31,61979.18,62072.82,62600.12,61896.01,0.22,40.96815629522346,63291.78175123214,63293.95143155949,-2.1696803273516707,354.92408083987294,-357.0937611672246,0.0022224471691774,-0.0020789631802624,0.0073710623442495,Bear,True,False,False,122.2527127,0.000536033100799993,0.00536033100799993,10.0,4.0,4.0,2.0,0.999098995
2024-02-01,62393.74,62054.25,62480.23,61764.7,0.67,44.22835629150457,63153.62148181181,63227.26910329583,-73.64762148401496,269.2097403750953,-342.8573618591103,0.0066886977207507,-0.0017385805953037,0.0076193371624076,Bear,True,False,False,261.2064508,0.3597088168589091,3.9567969854480003,11.0,6.0,2.0,3.0,0.9959536563636363
2024-02-02,63002.92,62536.1,63075.3,62448.72,0.98,48.71091295387861,63130.43663845614,63210.65065119984,-80.21401274369418,199.32498975133743,-279.53900249503164,0.009763479477268,-0.0011542884169339,0.0080409064023001,Bear,True,False,False,261.2064508,0.22207243203144444,1.998651888283,9.0,5.0,3.0,1.0,0.9995229477777777
2024-02-06,63799.02,63178.09,63885.1,63176.97,1.26,53.92290888935723,63233.2956171552,63254.23356592577,-20.937948770573712,155.27240204695522,-176.21035081752893,0.012635922271539,-0.0003071389508756,0.008566593602352,Bear,True,False,False,261.2064508,0.20727988203132838,7.143453139283,34.0,16.0,9.0,9.0,0.9858279986319445
2024-02-07,64143.87,63955.05,64196.62,63927.29,0.54,56.00834408739023,63373.3839837467,63320.13256104238,53.25142270432116,134.8682061784284,-81.61678347410725,0.0054052554412278,1.4846324545564336e-05,0.0086583484838518,Bear,True,False,False,261.2064508,0.19979935662159998,1.9979935662159998,10.0,5.0,3.0,2.0,0.999431499
2024-02-09,62943.75,63291.62,63305.71,61781.76,-1.87,47.88571298184614,63307.28644778568,63292.25237133554,15.034076450137944,110.90138023277032,-95.86730378263238,-0.0187098159184969,-0.0007252823599568,0.009593438983286,Bear,True,False,False,261.2064508,0.174968009716375,1.0006308428800004,13.0,7.0,6.0,0.0,0.9994052205
2024-02-12,61065.32,62444.76,62634.38,60647.68,-2.98,38.47926269200799,62962.368532741726,63127.29441790328,-164.9258851615523,55.735927153905806,-220.6618123154581,-0.0298429947373647,-0.0027632093475539,0.0111872030815966,Bear,True,False,False,261.2064508,0.005453236468407415,0.430914945513,21.0,8.0,8.0,5.0,0.9874593977777778
2024-02-13,61226.93,60536.13,61654.65,59613.18,0.26,39.57894194285901,62695.377989243,62986.52668324378,-291.1486940007744,-13.640997077030235,-277.50769692374416,0.0026465103269743,-0.002646413663107,0.0112330824894258,Bear,True,False,False,261.2064508,0.11149036594799999,1.003413293532,9.0,4.0,3.0,2.0,0.9993558866666667
2024-02-14,62153.84,61635.62,62432.26,61635.62,1.51,45.58658975419928,62612.06445243639,62924.84618818868,-312.7817357522945,-73.46914481208309,-239.3125909402114,0.0151389266128483,-0.0016046023528644,0.0118826802526066,Bear,True,False,False,261.2064508,0.2994941274313,2.9949412743129997,10.0,6.0,3.0,1.0,0.999303901
2024-02-15,61020.06,62394.25,62394.25,60926.86,-1.82,40.30729725773774,62367.1406905231,62783.75091498952,-416.6102244664216,-142.0973607429508,-274.51286372347084,-0.0182415117070803,-0.0021028572354203,0.0123758513425967,Bear,True,False,False,261.2064508,-0.851923059238875,-6.815384473911,8.0,0.0,7.0,1.0,0.98827517875
2024-02-16,59872.96,60787.3,61173.31,59739.47,-1.88,35.79111907041322,61983.420584288775,62568.136773138445,-584.7161888496703,-230.6211263642947,-354.0950624853756,-0.0187987360222195,-0.0029093403344227,0.0129279291699441,Bear,True,False,False,261.2064508,-0.19787944200261537,-2.572432746034,13.0,4.0,7.0,2.0,0.9669944407692307
2024-02-19,60459.75,59444.46,60504.48,59191.86,0.98,39.52393863197298,61749.00972516742,62411.95997512819,-662.9502499607697,-317.0869510835897,-345.86329887718,0.0098005844374489,-0.0021322611903732,0.0132127182748013,Bear,True,False,False,261.2064508,-0.38057218086103956,-10.818691792336999,27.0,5.0,16.0,6.0,0.9931653019764957
2024-02-20,60464.24,60576.38,61237.51,60420.84,0.01,39.55289644185241,61551.35284437244,62267.68442141499,-716.3315770425543,-396.9358762753826,-319.39570076717166,7.426428326273715e-05,-0.0021917022235171,0.0131993067491934,Bear,True,False,False,261.2064508,0.07221596249800001,0.36107981249000004,5.0,3.0,2.0,0.0,0.935432474
2024-02-21,61559.16,61237.78,61620.86,60906.98,1.81,46.30496819002956,61552.553945238215,62215.20113093981,-662.6471857015931,-450.0781381606248,-212.5690475409684,0.0181085547424395,-0.0018055197784779,0.0136904863228535,Bear,True,False,False,261.2064508,0.647358643985,7.76830372782,12.0,10.0,2.0,0.0,0.9900607208333333
2024-02-22,61914.34,61741.57,61952.1,61460.45,0.58,48.32157674375865,61608.21333827849,62192.91512124056,-584.7017829620745,-477.00286712091474,-107.69891584115976,0.0057697343498512,-0.0019196095001486,0.0136133093521646,Bear,True,False,False,261.2064508,0.011292884703499984,0.11292884703499984,10.0,4.0,4.0,2.0,0.993952206
2024-02-23,62815.82,61939.01,62945.37,61849.67,1.46,53.1327324408372,61793.99897854334,62239.05622337089,-445.05724482754886,-470.6137426622416,25.55649783469272,0.0145601164447526,-0.0014772405221704,0.0140122812456875,Bear,True,False,False,261.2064508,0.5450953001719091,5.996048301891,11.0,8.0,2.0,1.0,0.9995372581818182
2024-02-26,63305.93,62915.4,63732.5,61849.67,0.78,55.555333802281545,62026.603751075134,62318.0839105286,-291.4801594534656,-434.7870260204865,143.30686656702085,0.0078023338706714,-0.0006826187830839,0.0140680462726919,Bear,True,False,False,261.2064508,0.05364777301521998,-0.8500275766009997,32.0,12.0,13.0,7.0,0.9973789192715617
2024-02-27,63219.1,63450.4,63622.0,63055.64,-0.14,55.012787392689255,62210.06471244819,62384.82584308204,-174.761130633844,-382.781846943158,208.020716309314,-0.0013715934668363,-0.0003740872518954,0.0139770587593922,Bear,True,False,False,261.2064508,0.0002615188737499913,0.00209215098999993,8.0,4.0,4.0,0.0,0.99935255
2024-02-28,63703.45,63173.45,63929.58,63042.15,0.77,57.50574849797525,62439.81629514847,62482.50170655744,-42.68541140896559,-314.7625598363195,272.0771484273539,0.0076614504160925,0.0008233483475642,0.0135616893995861,Bear,True,False,False,261.2064508,-0.5408485748533334,-4.86763717368,9.0,2.0,7.0,0.0,0.9912013377777777
2024-02-29,64578.52,63827.25,64801.64,63827.25,1.37,61.64151522983326,62768.8476343564,62637.76232088651,131.08531346988457,-225.5929851750787,356.67829864496326,0.0137366186603709,0.0022525122186338,0.0133274986953708,Bull,False,True,False,261.2064508,0.00016142370538462493,0.002098508170000124,13.0,6.0,6.0,1.0,0.9993893838461538
2024-03-01,65325.69,64755.31,65486.46,64530.21,1.16,64.79234050774593,63162.20799830157,62836.86807489492,325.3399234066528,-115.40640345873238,440.7463268653852,0.0115699461678588,0.0027198871685679,0.0134893078372651,Bull,False,True,False,139.0906371,7.419395137499285e-05,0.0005935516109999428,8.0,3.0,3.0,2.0,0.99954348
2024-03-04,65951.73,65695.03,66007.44,65532.58,0.96,67.22182945837348,63591.3652293321,63067.59858786567,523.7666414664345,12.428205526301,511.3384359401336,0.0095833660539979,0.0028646205852303,0.0135495271283097,Bull,False,True,False,139.0906371,0.16988822848975396,3.477169381124,26.0,11.0,8.0,7.0,0.9764613166666667
2024-03-05,65726.04,66126.7,66134.85,65500.07,-0.34,65.46794335122394,63919.776732511775,63264.52017394969,655.2565585620832,140.99387613345746,514.2626824286258,-0.0034220482161726,0.0022053442005582,0.0135169271387159,Bull,False,True,False,139.0906371,0.01778925400079998,0.17789254000799978,10.0,4.0,4.0,2.0,0.990572143
2024-03-06,65656.62,65757.72,66150.95,65603.88,-0.11,64.90697366074934,64186.98338904843,63441.71275365712,745.270635391309,261.8492279850278,483.4214074062812,-0.0010562023818869,0.0015207379678869,0.0133059268146352,Bull,False,True,False,139.0906371,0.25114522679681817,2.762597494765,11.0,6.0,3.0,2.0,0.9788955136363636
2024-03-07,65603.09,65673.8,65874.15,65187.69,-0.08,64.44838841477112,64404.84594457944,63601.81477190474,803.0311726747022,370.0856169229627,432.9455557517396,-0.0008153024021034,0.0012097100757204,0.0132830301733721,Bull,False,True,False,139.0906371,0.19786284644799998,1.9786284644799998,10.0,6.0,4.0,0.0,0.9980683850000001
2024-03-08,65793.76,65760.55,66067.53,65693.22,0.29,65.38647800401759,64618.52503002876,63764.18108509698,854.3439449317812,466.9372825247264,387.4066624070548,0.0029064179751288,0.0022905217704017,0.0124288864399832,Bull,False,True,False,139.0906371,0.007580375865000016,0.06064300692000013,8.0,4.0,4.0,0.0,0.9917152775
2024-03-11,65755.31,65948.02,66119.34,65698.76,-0.06,65.01392329319492,64793.41502540895,63911.67211583054,881.74290957841,549.8984079354632,331.84450164294685,-0.0005844019250457,0.0037534514110176,0.0099153421393151,Bull,False,True,False,139.0906371,0.10496247263780954,0.023225854514000055,33.0,14.0,14.0,5.0,0.9969832769179895
2024-03-12,64801.7,65815.11,65859.64,64664.67,-1.45,56.42681761660625,64794.68963688449,63977.600107250495,817.089529633995,603.3366322751696,213.7528973588254,-0.0145024029238095,0.0028960057484784,0.0107245729216908,Bull,False,True,False,139.0906371,-0.4678930805623333,-4.211037725061,9.0,1.0,5.0,3.0,0.9769550933333334
2024-03-13,64048.44,64859.77,65043.38,63856.51,-1.16,50.7272661089016,64679.88200044072,63982.84750671343,697.0344937272894,622.0762045655936,74.9582891616958,-0.0116240777633919,0.0015578555296664,0.0107860621965254,Bull,False,True,False,139.0906371,0.11129554317066666,1.001659888536,9.0,4.0,3.0,2.0,0.9994080399999999
2024-03-14,65064.27,64079.97,65205.82,64079.97,1.59,57.03066220080933,64739.01861575754,64062.95287658651,676.0657391710265,632.8741114866802,43.19162768434626,0.0158603394555745,0.0032629480877991,0.0101692076679352,Bull,False,True,False,139.0906371,0.7126391330551429,4.988473931386,7.0,5.0,0.0,2.0,0.9990835171428571
2024-03-15,64816.47,65309.79,65353.66,64759.61,-0.38,55.17633760179952,64750.9342133333,64118.76895980233,632.1652535309695,632.7323398955382,-0.567086364568695,-0.0038085419232398,0.0040124577927481,0.0089351337177517,Bull,False,True,False,139.0906371,-0.28466572575771426,-1.9926600803039998,7.0,2.0,4.0,1.0,0.9989943385714286
2024-03-18,64890.51,64987.15,65148.36,64811.92,0.11,55.6404405857056,64772.407411282016,64175.93496277994,596.4724485020779,625.4803616168462,-29.007913114768257,0.0011423022574355,0.0035795436837475,0.0088492722470754,Bull,False,True,False,139.0906371,0.2667033585593444,7.575734809267,25.0,14.0,6.0,5.0,0.989034346074074
2024-03-19,65502.6,64955.94,65624.73,64940.18,0.94,59.38441831927882,64884.74473262324,64274.20644701846,610.53828560478,622.491946414433,-11.953660809653002,0.00943265818068,0.0040474633786183,0.0089014361809178,Bull,False,True,False,139.0906371,0.33133639309655555,2.982027537869,9.0,4.0,1.0,4.0,0.9896131677777777
2024-03-20,65731.79,65727.73,65968.03,65614.94,0.35,60.72122626345842,65015.05938914274,64382.17559909117,632.8837900515719,624.5703151418608,8.31347490971109,0.0034989450800424,0.0033169828954985,0.0082633951950243,Bull,False,True,False,139.0906371,0.060677265330142824,0.42474085731099975,7.0,3.0,2.0,2.0,0.9581537942857142
2024-03-21,65417.4,66021.54,66196.24,65326.01,-0.48,57.90572586707111,65076.95794465924,64458.85888804738,618.0990566118562,623.2760634358599,-5.177006824003684,-0.0047829216274194,0.0027893500966349,0.0084336882080103,Bull,False,True,False,139.0906371,0.635649964495909,6.992149609455,11.0,8.0,1.0,2.0,0.9989615318181818
2024-03-22,65151.83,65510.16,65534.02,65056.66,-0.41,55.562097920852416,65088.47672240397,64510.19008152536,578.286640878614,614.2781789244107,-35.99153804579669,-0.0040596232806562,0.0018583631103645,0.0080864981671447,Bull,False,True,False,139.0906371,0.27255668980645453,2.998123587871,11.0,6.0,3.0,2.0,0.9994963827272727
2024-03-25,65525.65,65412.92,65656.5,65301.74,0.57,58.13089076280127,65155.73414972644,64585.409334745695,570.3248149807405,605.4875061356767,-35.16269115493617,0.0057376745979353,0.0017551301467277,0.008019524621231,Bull,False,True,False,139.0906371,-0.026940334296023816,0.2962694677490001,28.0,10.0,10.0,8.0,0.9921570006746032
2024-03-26,65906.28,65629.76,65989.54,65492.71,0.58,60.62665205438386,65271.20274207621,64683.25160624602,587.9511358301897,601.9802320745794,-14.02909624438962,0.0058088702668344,0.0021141533334112,0.0080328967813422,Bull,False,True,False,139.0906371,-2.8857101818153215e-05,-0.00031742811999968534,11.0,5.0,5.0,1.0,0.9994238672727274
2024-03-27,66547.79,66003.44,66607.88,66003.44,0.97,64.47063832057172,65467.60078175679,64821.36556133891,646.2352204178751,610.8312297432385,35.40399067463659,0.0097336702966697,0.0022177643274401,0.0081210934328693,Bull,False,True,False,139.0906371,0.22275984765955556,2.004838628936,9.0,3.0,1.0,5.0,0.9988981022222223
2024-03-28,67142.12,66690.94,67246.03,66690.94,0.89,67.62425006963801,65725.21912302497,64993.27329753603,731.9458254889469,635.0541488923802,96.89167659656664,0.0089308750899166,0.0019774771489174,0.0078281479451273,Bull,False,True,False,139.0906371,0.6654165908783334,3.9924995452700003,6.0,5.0,1.0,0.0,0.9989346283333332
2024-03-29,67005.11,67232.2,67307.63,66822.43,-0.2,66.16622012878716,65922.12541179036,65142.29823845928,779.8271733310758,664.0087537801194,115.81841955095638,-0.0020405968712337,0.0012969499969627,0.0075365258561444,Bull,False,True,False,139.0906371,0.7137670092442857,4.99636906471,7.0,6.0,1.0,0.0,0.9995292128571428
2024-04-01,66796.32,67162.7,67304.37,66740.91,-0.31,63.905009614147126,66056.61688689953,65264.81836894378,791.7985179557509,689.5667066152457,102.23181134050516,-0.0031160310012176,0.000661980144202,0.0073338838478022,Bull,False,True,False,110.1572024,0.28724184588221796,7.203438585409,30.0,15.0,8.0,7.0,0.9958828734009971
2024-04-02,66886.26,66793.38,66959.55,66573.63,0.13,64.46832067267223,66184.25428891499,65384.92515642943,799.3291324855672,711.5191917893101,87.80994069625717,0.001346481363045,0.0009004066231629,0.0072713696100778,Bull,False,True,False,110.1572024,-0.12471255771650001,-0.9977004617320001,8.0,3.0,4.0,1.0,0.9993434062500001
2024-04-03,67756.04,66998.21,67873.22,66985.02,1.3,69.43599214154212,66426.06747523576,65560.5632929902,865.5041822455532,742.3161898805588,123.18799236499444,0.0130038665639251,0.0016034100704535,0.0077370082988801,Bull,False,True,False,110.1572024,0.18073464463499997,1.9880810909849997,11.0,6.0,4.0,1.0,0.9990108636363636
2024-04-04,68416.78,68210.16,68439.37,67912.35,0.98,72.57303693200676,66732.3309405841,65772.13490091686,960.1960396672366,785.8921598378944,174.30387982934224,0.0097517505450437,0.0021317627178108,0.0079217449001148,Bull,False,True,False,110.1572024,0.3485240495566667,3.1367164460100003,9.0,6.0,3.0,0.0,0.9908657244444444
2024-04-08,69619.99,68716.64,69720.03,68710.5,1.76,77.16859776458428,67176.58618049424,66057.16120455264,1119.424975941598,852.5987230586352,266.8262528829628,0.0175864751308085,0.0028657655755948,0.0086444373476256,Bull,False,True,False,110.1572024,-0.027223010780567467,-1.4439353520870002,40.0,16.0,17.0,7.0,0.9921114367539683
2024-04-09,70314.72,69857.15,70677.3,69857.15,1.0,79.3229139147488,67659.37599887974,66372.53593014134,1286.8400687383985,939.446992194588,347.3930765438104,0.0099788868111012,0.0033939300124022,0.0087446625181362,Bull,False,True,False,110.1572024,0.38540188803200004,3.8540188803200004,10.0,5.0,1.0,4.0,0.9919943090000001
2024-04-15,70544.58,70218.51,70608.88,69914.11,0.33,79.99548308013325,68103.25353751362,66681.57623161236,1421.677305901263,1035.893054935923,385.7842509653401,0.0032690167862432,0.0042825009979048,0.0076669455641551,Bull,False,True,False,110.1572024,0.08695293038541332,2.3699941839939997,37.0,15.0,12.0,10.0,0.99011872745
2024-04-16,70483.66,70661.42,71092.61,70405.24,-0.09,79.2596472557704,68469.46991635769,66963.21206630774,1506.2578500499512,1129.9660139587286,376.29183609122265,-0.0008635674065958,0.0048205265157446,0.0068230737569706,Bull,False,True,False,110.1572024,0.09090917872009091,1.000000965921,11.0,4.0,3.0,4.0,0.9995348818181818
2024-04-17,70333.32,70396.65,70725.5,70037.28,-0.21,77.36827203786885,68756.2160830719,67212.84969102568,1543.3663920462132,1212.6460895762254,330.7203024699877,-0.0021329766360032,0.0039208607111657,0.006467807484622,Bull,False,True,False,110.1572024,0.44980800382874997,3.5984640306299998,8.0,6.0,2.0,0.0,0.974505085
2024-04-18,70290.12,70506.2,70645.3,69783.32,-0.06,76.80113620412597,68992.20130106084,67440.79563983859,1551.4056612222485,1280.3980039054302,271.00765731681827,-0.0006142181259183,0.0040805769010318,0.0063042643431262,Bull,False,True,False,110.1572024,0.07672610095307693,0.99743931239,13.0,6.0,5.0,2.0,0.9993631892307692
2024-04-19,70909.9,70423.71,70968.98,70186.93,0.88,79.16125686513558,69287.2318701284,67697.76633318388,1589.46553694451,1342.2115105132464,247.2540264312636,0.0088174554261679,0.0044643345594684,0.0063494317637372,Bull,False,True,False,110.1572024,0.0766005448900769,0.9958070835709997,13.0,6.0,5.0,2.0,0.9993105753846153
2024-04-22,71433.46,71009.67,71861.18,70882.45,0.74,80.92652581532987,69617.42081318557,67974.48438257768,1642.9364306078933,1402.356494532176,240.5799360757173,0.0073834542144328,0.0043618743611561,0.0062812060894926,Bull,False,True,False,110.1572024,0.18762016796414813,6.837100130374999,30.0,16.0,9.0,5.0,0.9937678472592593
2024-04-23,71359.41,71553.58,71846.64,71338.43,-0.1,79.89565133248088,69885.41914961855,68225.21961349784,1660.1995361207082,1453.9251028498825,206.2744332708257,-0.0010366290531076,0.0041350956544985,0.0063948501869973,Bull,False,True,False,110.1572024,-0.1243414535515,-0.994731628412,8.0,3.0,4.0,1.0,0.9990305125
2024-04-24,72051.89,71472.87,72414.33,71467.02,0.97,82.18152526032355,70218.72235736955,68508.67667916467,1710.045678204886,1505.149217920883,204.89646028400284,0.0097041161074622,0.0048594475412426,0.006147217225863,Bull,False,True,False,110.1572024,0.02754778902818183,0.30302567931000013,11.0,4.0,4.0,3.0,0.9732862054545456
2024-04-25,71971.4,72254.38,72593.25,71700.54,-0.11,81.02828894260196,70488.36507162038,68765.17470293025,1723.190368690135,1548.7574480747337,174.4329206154016,-0.001117111570564,0.0050065731267472,0.0059547143134868,Bull,False,True,False,110.1572024,0.390021419211,3.90021419211,10.0,6.0,3.0,1.0,0.953977218
2024-04-26,72742.75,72109.79,72862.41,71764.18,1.07,83.42826221926674,70835.19352214033,69059.8099101206,1775.383612019723,1594.0826808637314,181.30093115599152,0.0107174516544072,0.0052555619795708,0.0060894799007432,Bull,False,True,False,110.1572024,0.4640885140066666,4.17679662606,9.0,7.0,2.0,0.0,0.9538636966666666
2024-04-29,71695.03,73022.89,73300.75,71602.94,-1.44,70.40089846647167,70967.47605719566,69255.01139825981,1712.4646589358454,1617.7590764781542,94.7055824576912,-0.0144030848435067,0.0042449642240538,0.0075053792363743,Bull,False,True,False,110.1572024,0.08903983552905953,2.6571475900249997,28.0,13.0,10.0,5.0,0.9902276956150793
2024-04-30,71102.55,71780.95,72119.66,71059.63,-0.83,64.28749588982757,70988.25666378094,69391.86610949982,1596.3905542811117,1613.4853720387457,-17.09481775763402,-0.0082638922112173,0.0033450860986594,0.0078821370809991,Bull,False,True,False,110.1572024,0.11807039132357142,1.6529854785299998,14.0,7.0,5.0,2.0,0.9570196564285715
2024-05-02,70657.64,71199.95,71292.83,70562.12,-0.63,60.06917496788199,70937.39256166079,69485.62713842576,1451.7654232350324,1581.141382278003,-129.37595904297063,-0.0062573001952813,0.0025856773343995,0.00804560803619,Bull,False,True,False,124.4990454,-0.10056985375817676,-1.991803693221,20.0,6.0,8.0,6.0,0.9991356603030304
2024-05-03,71902.09,70734.47,71986.43,70671.72,1.76,66.65909899241026,71085.80755217452,69664.62438743125,1421.18316474327,1549.1497387710565,-127.96657402778646,0.0176123912431833,0.0035683267401204,0.0086297895490213,Bull,False,True,False,124.4990454,0.7763827356771429,5.43467914974,7.0,6.0,1.0,0.0,0.9679932885714286
2024-05-06,72764.24,72485.86,73060.74,72462.49,1.2,70.31428664218431,71344.02792876305,69894.22554391783,1449.8023848452283,1529.280267985891,-79.47788314066247,0.0119906111213179,0.0043236588462472,0.0086749360365311,Bull,False,True,False,124.4990454,-0.040610612203555545,-2.9516641787619995,29.0,11.0,13.0,5.0,0.9705163386666666
2024-05-07,72761.2,73062.52,73260.09,72707.96,0.0,70.28502689324561,71562.05440126105,70106.59402214614,1455.460379114913,1514.5162902116956,-59.055911096782665,-4.177876385447199e-05,0.0042542458399022,0.0087055121254852,Bull,False,True,False,124.4990454,0.39966242886709996,3.9966242886709997,10.0,6.0,2.0,2.0,0.9995815650000001
2024-05-08,72601.82,73079.18,73079.18,72358.19,-0.22,68.67160066372355,71722.01833952857,70291.42557606124,1430.592763467328,1497.7315848628225,-67.13882139549423,-0.0021904531536036,0.0034945298540257,0.0085635943040756,Bull,False,True,False,124.4990454,0.12496523832606249,1.9994438132169998,16.0,8.0,6.0,2.0,0.999330760625
2024-05-09,72658.05,72819.48,72889.78,72325.35,0.08,68.94247761262892,71866.02321037033,70466.7310889456,1399.2921214247326,1478.0436921752043,-78.75157075047173,0.0007744984905335,0.0030456672513002,0.0084529160580704,Bull,False,True,False,124.4990454,-0.11103997466333333,-0.99935977197,9.0,4.0,5.0,0.0,0.9993719833333334
2024-05-10,73085.5,72888.93,73449.38,72876.84,0.59,70.99553294438957,72053.6350241595,70660.71397124593,1392.9210529135744,1461.0191643228784,-68.09811140930401,0.0058830370482003,0.0024604953471698,0.0077709007072567,Bull,False,True,False,124.4990454,0.07976411380833333,0.9571693656999999,12.0,6.0,6.0,0.0,0.9588806091666666
2024-05-13,73799.11,73315.02,74114.23,73109.76,0.98,74.07650455496943,72322.16963582727,70893.18775115364,1428.9818846736307,1454.611708393029,-25.62982371939825,0.0097640434833174,0.0024497531807806,0.0077601015848212,Bull,False,True,False,124.4990454,0.0971637709093861,1.9155711265759998,38.0,15.0,13.0,10.0,0.9968836032222222
2024-05-14,74531.19,74022.18,74575.31,73977.01,0.99,76.79925050082768,72662.01892262307,71162.66939921633,1499.3495234067375,1463.5592713957708,35.790252010966924,0.0099199028280965,0.0027822974828733,0.0079375343651776,Bull,False,True,False,124.4990454,0.0001971548588888878,0.0017743937299999901,9.0,4.0,4.0,1.0,0.9992905244444444
2024-05-15,74663.98,74771.18,75115.33,74440.88,0.18,77.26568108518065,72970.01293452721,71422.02574001512,1547.9871945120976,1480.4448560190365,67.54233849306138,0.0017816701974031,0.0029145593630732,0.0078955138636217,Bull,False,True,False,124.4990454,-0.24886290081625,-1.99090320653,8.0,3.0,5.0,0.0,0.99900296625
2024-05-16,74930.7,74744.65,75029.03,74450.26,0.36,78.21312778210233,73271.6570984461,71681.92753705103,1589.72956139507,1502.301797094243,87.427764300827,0.0035722713951225,0.0031998217646295,0.0078061079895389,Bull,False,True,False,124.4990454,0.39618294173690904,4.358012359106,11.0,6.0,1.0,4.0,0.9706113900000001
2024-05-17,75342.35,74981.29,75401.12,74947.71,0.55,79.62449018079776,73590.2252371467,71953.06994171391,1637.1552954327926,1529.2724967619529,107.88279867083976,0.0054937428850925,0.0035052198151801,0.0077684277735253,Bull,False,True,False,124.4990454,0.399625232044,3.99625232044,10.0,7.0,3.0,0.0,0.9993338140000001
2024-05-20,75084.0,75454.97,75618.49,74734.25,-0.34,76.284501472783,73820.03673912413,72184.99068677214,1635.0460523519869,1550.4272078799595,84.61884447202715,-0.0034290143591221,0.0028928963259156,0.0078102021224079,Bull,False,True,False,124.4990454,0.16212497504041615,6.008977647677,36.0,16.0,10.0,10.0,0.9932884756666667
2024-05-21,75206.77,75158.68,75482.46,74958.1,0.16,76.78289778546983,74033.38031772042,72408.8261914557,1624.5541262647312,1565.2525915569142,59.30153470781693,0.0016351020190721,0.0026054787161475,0.0077417210291978,Bull,False,True,False,124.4990454,0.3659455783635555,3.293510205272,9.0,5.0,2.0,2.0,0.9661083955555555
2024-05-22,74956.67,75246.33,75513.9,74835.49,-0.33,73.39883920001226,74175.42488422498,72597.55536245898,1577.8695217659988,1567.7759775987313,10.09354416726751,-0.0033254984890324,0.0024910352443513,0.007814966211414,Bull,False,True,False,124.4990454,0.44378772098200003,3.994089488838,9.0,6.0,2.0,1.0,0.99927009
2024-05-23,75114.47,74982.16,75284.74,74726.07,0.21,74.17229790846494,74319.89336357499,72783.99348375831,1535.8998798166722,1561.4007580423197,-25.50087822564751,0.0021052162536037,0.0021110902516584,0.0076283177342255,Bull,False,True,False,124.4990454,0.1526693308758461,1.9847013013859995,13.0,6.0,4.0,3.0,0.9985066476923077
2024-05-24,75983.04,75266.61,76248.76,75263.06,1.16,77.96934858514528,74575.76207687113,73020.95989236882,1554.8021845023177,1560.0810433343192,-5.278858832001561,0.0115632846773729,0.0027451100640552,0.0078690481857317,Bull,False,True,False,124.4990454,0.4939358429597,4.939358429597,10.0,7.0,2.0,1.0,0.99011545
2024-05-27,75517.49,76089.66,76187.45,75485.62,-0.61,71.87037535113426,74720.64329581404,73205.88804848965,1514.755247324385,1551.0158841323323,-36.26063680794755,-0.0061270251887788,0.0019028862218959,0.0078722905151492,Bull,False,True,False,124.4990454,0.35681372406290474,11.73537940503,34.0,20.0,9.0,5.0,0.9880156597142857
2024-05-29,74836.3,75617.79,75667.31,74760.1,-0.9,63.98378367148961,74738.43663491956,73326.65930415707,1411.7773307624884,1523.1681734583638,-111.39084269587534,-0.0090202945039619,0.0021720257388732,0.007360880469129,Bull,False,True,False,124.4990454,0.41930727307243054,7.04863881903,17.0,12.0,5.0,0.0,0.9973935316666667
2024-05-30,74878.12,74986.02,75300.03,74585.35,0.06,64.24320072829528,74759.92638339347,73441.58231866396,1318.3440647295065,1482.2033517125924,-163.8592869830859,0.0005588197171693,0.0026131613352925,0.0069557651297102,Bull,False,True,False,124.4990454,-0.2659579853033333,-3.98936977955,15.0,4.0,8.0,3.0,0.998981236
2024-05-31,75878.48,75078.43,75953.74,74989.26,1.34,69.8394458741121,74932.01155517908,73622.09325802219,1309.9182971568953,1447.746340801453,-137.82804364455774,0.0133598439704416,0.0035940185435786,0.0070219025195547,Bull,False,True,False,124.4990454,-0.38388304097776926,-4.990479532711,13.0,3.0,8.0,2.0,0.9992243392307691
2024-06-03,75575.26,76091.42,76209.97,75495.38,-0.4,66.44486822372488,75030.9728543823,73766.77227594647,1264.2005784358334,1411.0371883283292,-146.83660989249574,-0.0039961264379571,0.0025135926595216,0.0063849506891941,Bull,False,True,False,127.2334013,0.29317906318878234,8.094914163603,36.0,18.0,10.0,8.0,0.9982930458300654
2024-06-04,74666.66,75657.68,75669.76,74592.74,-1.2,57.436027120025706,74974.92472293887,73833.43062587635,1141.4940970625175,1357.1285700751669,-215.63447301264927,-0.012022452850311,0.0013129394609402,0.006756033127738,Bull,False,True,False,127.2334013,-0.04116827783857145,-0.5763558897400003,14.0,7.0,7.0,0.0,0.9762521842857143
2024-06-05,74219.44,74672.38,74758.11,74136.52,-0.6,53.58493953644378,74858.6963040252,73862.02391284847,996.6723911767332,1285.0373342954804,-288.3649431187473,-0.0059895541062101,0.0010155506938224,0.0069470101031508,Bull,False,True,False,127.2334013,0.4992641427275,4.992641427275,10.0,7.0,2.0,1.0,0.999306569
2024-06-06,73862.93,74276.84,74593.33,73768.4,-0.48,50.66837772117324,74705.50148802133,73862.09103041525,843.4104576060781,1196.7119589576,-353.3015013515219,-0.0048034585008995,0.0008849004264576,0.00703449790818,Bull,False,True,False,127.2334013,0.26285384783081817,2.891392326139,11.0,5.0,2.0,4.0,0.9898607209090909
2024-06-07,73754.02,73805.95,73902.79,71781.96,-0.15,49.77704817137643,74559.11972063343,73854.08576890301,705.0339517304237,1098.3763575121648,-393.342405781741,-0.0014744879467953,0.0007724511045911,0.0070543032163362,Bull,False,True,False,127.2334013,0.3242835669632857,4.539969937486,14.0,7.0,3.0,4.0,0.9591365178571428
2024-06-10,73252.56,73841.92,73915.45,72981.35,-0.68,45.78346118270545,74358.11053284368,73809.52830453982,548.5822283038578,988.4175316705034,-439.8353033666456,-0.0067990870192568,0.0001383449012183,0.0071402084991781,Bear,True,False,False,127.2334013,0.07551173858624537,3.305373021596,37.0,13.0,10.0,14.0,0.9939197783425926
2024-06-11,72589.49,73779.99,73866.45,72476.05,-0.91,41.08917854126692,74086.01506625235,73719.15509679614,366.85996945621446,864.1060192276457,-497.2460497714312,-0.0090518338198691,-0.0008024489639409,0.007044118190753,Bear,True,False,False,127.2334013,-0.122314184468,-1.83471276702,15.0,4.0,6.0,5.0,0.9882347886666667
2024-06-12,72797.43,72545.24,73169.0,72464.24,0.29,43.06085169705076,73887.77120990584,73650.87916370013,236.892046205714,738.6632246232593,-501.7711784175453,0.0028646020243425,-0.0011552140041286,0.0066441980710816,Bear,True,False,False,127.2334013,0.19486451982495004,3.8972903964990007,20.0,10.0,6.0,4.0,0.994492593
2024-06-13,76208.16,73329.8,76338.15,73329.8,4.69,64.21620329823503,74244.75410068956,73840.30737379642,404.4467268931476,671.819925077237,-267.37319818408946,0.0468523408037895,0.0010983195261906,0.0126351509572223,Bull,False,True,False,127.2334013,0.29144276498716665,6.994626359692,24.0,14.0,7.0,3.0,0.9992900445833334
2024-06-14,76706.77,76555.91,77310.45,76103.56,0.65,66.19365475005867,74623.52577750655,74052.63793870038,570.8878388061712,651.6335078230239,-80.74566901685273,0.0065427376805844,0.0012468428404637,0.0126831297445331,Bull,False,True,False,127.2334013,-0.14236923237857144,-1.9931692533,14.0,6.0,8.0,0.0,0.9992452578571429
2024-06-20,78801.53,76896.82,78890.37,76896.82,2.73,72.95538930529167,75266.29565789015,74404.40772101887,861.8879368712805,693.6843936326753,168.20354323860522,0.0273086717117667,0.0023375892817974,0.013943045862136,Bull,False,True,False,127.2334013,-0.04034989309644043,-2.001282098231001,46.0,18.0,20.0,8.0,0.9990372796874237
2024-06-21,78810.49,79156.52,80059.87,78169.03,0.01,72.9802835585222,75811.55632590705,74730.78418612859,1080.7721397784626,771.1019428618329,309.6701969166297,0.0001137033760638,0.0025147251685567,0.0138883261067129,Bull,False,True,False,127.2334013,-0.46279425071150004,-6.479119509961,14.0,3.0,9.0,2.0,0.963919065
2024-06-24,78232.1,79247.15,79388.12,78167.43,-0.73,68.59110149885143,76183.94766038288,74990.14091308202,1193.806747300856,855.6429037496375,338.1638435512184,-0.0073389976385123,0.0020660201856775,0.0140621212593149,Bull,False,True,False,127.2334013,-0.22561092542631214,-7.767110187042,35.0,9.0,17.0,9.0,0.9907650637301587
2024-06-25,77940.58,78297.4,78541.22,77908.98,-0.37,66.42276218659511,76454.19878955475,75208.69195655744,1245.5068329973146,933.615689599173,311.8911433981416,-0.0037263476245684,0.0020459777289007,0.0140704932939183,Bull,False,True,False,127.2334013,0.16592038907749998,1.9910446689299999,12.0,5.0,3.0,4.0,0.9937897358333334
2024-06-26,78275.65,77968.91,78679.5,77968.91,0.43,67.68716766074657,76734.42205270017,75435.87403384948,1298.5480188506915,1006.6021554494768,291.94586340121487,0.0042990442206101,0.002155669127251,0.0140795278862715,Bull,False,True,False,127.2334013,-0.018130867740866637,-0.27196301611299956,15.0,6.0,6.0,3.0,0.9817983913333334
2024-06-27,78528.25,78470.34,78978.6,78294.23,0.32,68.6457304636619,77010.39558305399,75664.938920231,1345.456662822995,1074.3730569241804,271.08360589881454,0.0032270572010582,0.0017388577534352,0.0139087231472396,Bull,False,True,False,127.2334013,0.4995003749576667,2.997002249746,6.0,4.0,1.0,1.0,0.9993808883333334
2024-06-28,78444.96,78698.47,78784.23,78312.36,-0.11,67.93016003969672,77231.09780104569,75870.86640762129,1360.2313934244012,1131.5447242242246,228.6866692001765,-0.0010606374139242,0.001992177142178,0.0138036620934671,Bull,False,True,False,127.2334013,0.199837993112,1.9983799311200001,10.0,5.0,3.0,2.0,0.999505811
2024-07-01,78824.33,78531.93,79536.23,78427.8,0.48,69.49019075562397,77476.21044703867,76089.64148853823,1386.5689585004438,1182.5495710794685,204.01938742097536,0.0048361296888925,0.0026849983518207,0.0135675583778328,Bull,False,True,False,118.5104542,0.0633011615521859,1.822821473159,37.0,16.0,14.0,7.0,0.9944413550961538
2024-07-02,79552.89,78978.55,79740.35,78978.55,0.92,72.2790785485272,77795.69960903272,76346.17841531317,1449.5211937195418,1235.9438956074832,213.5772981120585,0.0092428314963159,0.003119198940778,0.0136347236733385,Bull,False,True,False,118.5104542,0.19415056982611112,1.7473551284350002,9.0,4.0,2.0,3.0,0.9724144355555556
2024-07-03,80233.67,79697.25,80405.24,79697.25,0.86,74.61419546054981,78170.77197687383,76634.1407549196,1536.6312219542306,1296.0813608768326,240.549861077398,0.0085575772294381,0.0028790856037278,0.0134863677034335,Bull,False,True,False,118.5104542,0.15386282252484615,2.000216692823,13.0,7.0,5.0,1.0,0.999221003076923
2024-07-04,80282.8,80438.84,80888.86,80134.89,0.06,74.77930896976736,78495.69936504708,76904.41181011075,1591.287554936338,1355.1225996887338,236.1649552476042,0.0006123364417955,0.0031095087477155,0.0134018221020627,Bull,False,True,False,118.5104542,-0.37449930064375,-2.99599440515,8.0,2.0,5.0,1.0,0.9994177675
2024-07-05,80212.79,80427.84,80627.49,80080.25,-0.09,74.04028629753074,78759.86715503983,77149.47686121365,1610.3902938261745,1406.1761385162222,204.21415530995228,-0.0008720423303623,0.0036670292737129,0.0129639739316234,Bull,False,True,False,118.5104542,0.24976085605475,1.998086848438,8.0,4.0,2.0,2.0,0.9995539575
2024-07-08,80566.21,80332.79,80737.71,80192.31,0.44,75.36390794436045,79037.76605426447,77402.56820482746,1635.1978494370123,1451.9804807003802,183.21736873663207,0.0044060305095985,0.0041868085045034,0.0127632715101089,Bull,False,True,False,118.5104542,0.11040158012026817,3.087983841512,32.0,13.0,10.0,9.0,0.997340662199074
2024-07-09,80672.06,80752.94,81087.43,80530.86,0.13,75.7625068347446,79289.19589206993,77644.75278224764,1644.443109822285,1490.473006524761,153.97010329752356,0.0013138262306242,0.0044926727410795,0.012608850193557,Bull,False,True,False,118.5104542,0.0009856928847999768,0.009856928847999769,10.0,4.0,4.0,2.0,0.999034711
2024-07-10,79841.56,80885.06,80971.96,79841.32,-1.03,66.6507381040696,79374.17498559764,77807.4792428219,1566.6957427757443,1505.717553774958,60.97818900078619,-0.0102947662424883,0.0040516588262949,0.012977410414832,Bull,False,True,False,118.5104542,0.4281690948514286,2.9971836639600005,7.0,5.0,2.0,0.0,0.9994115914285714
2024-07-11,79992.35,79884.02,80114.73,79708.87,0.19,67.41696514188627,79469.27883396723,77969.32152113138,1499.957312835846,1504.5655055871357,-4.608192751289607,0.0018886154028052,0.004486043947398,0.0127382901918074,Bull,False,True,False,118.5104542,0.04059099000533334,0.48709188006400006,12.0,5.0,3.0,4.0,0.9213175083333334
2024-07-12,79944.1,80094.69,80321.69,78611.68,-0.06,66.88739318798417,79542.32824412611,78115.60140845498,1426.7268356711284,1488.9977716039343,-62.27093593280597,-0.0006031826793436,0.0049084765044243,0.0124013450270427,Bull,False,True,False,118.5104542,0.0001132471207272748,0.0012457183280000228,11.0,5.0,5.0,1.0,0.9994521763636364
2024-07-15,81155.61,80743.46,81428.43,80743.46,1.52,72.68855330877034,79790.52543733748,78340.78723005092,1449.7382072865585,1481.145858740459,-31.4076514539006,0.015154464181847,0.0055229696122995,0.0125976702443421,Bull,False,True,False,118.5104542,-0.032865117343599995,-1.9814088045469997,33.0,13.0,15.0,5.0,0.9989436888333333
2024-07-18,81839.86,81418.12,81909.95,81418.12,0.84,75.31860163485464,80105.8076777471,78599.9778056027,1505.8298721444007,1486.0826614212474,19.74721072315333,0.0084313333360441,0.0036019192389122,0.0080846104024943,Bull,False,True,False,118.5104542,0.04753451517285715,1.0005477466300001,16.0,8.0,7.0,1.0,0.9992529826190477
2024-07-19,80117.89,81921.71,81939.84,79812.7,-2.1,59.73000463115606,80107.66649655523,78712.41574592843,1395.2507506268012,1467.916279262358,-72.66552863555694,-0.0210407251429805,0.002222746097734,0.0097398441568664,Bull,False,True,False,118.5104542,0.11130339565888889,1.00173056093,9.0,5.0,4.0,0.0,0.9993630855555556
2024-07-22,78539.19,79920.23,80085.63,78404.76,-1.97,49.59543721317597,79866.36242016211,78699.584209193,1166.778210969118,1407.68866560371,-240.91045463459204,-0.0197047126428316,-0.0001279231199958,0.0090129251846084,Bear,True,False,False,118.5104542,0.0437015385042037,-0.17228071042899984,29.0,10.0,10.0,9.0,0.9958883561574075
2024-07-23,78987.09,78700.25,79585.34,78634.15,0.57,52.07970434456879,79731.08974013718,78720.88093443796,1010.2088056992216,1328.1926936228124,-317.9838879235908,0.0057028854002694,0.0001515359812143,0.0091069712572727,Bear,True,False,False,118.5104542,0.4295016383172222,3.865514744855,9.0,6.0,2.0,1.0,0.9922175677777777
2024-07-24,79397.01,79194.74,79704.37,79071.48,0.52,54.29969072235442,79679.69285703915,78770.96456892403,908.7282881151186,1244.2998125212737,-335.57152440615505,0.0051897088498893,0.0007779713056344,0.0089948179577489,Bull,False,True,False,118.5104542,-0.14265995604428566,-0.9986196923099997,7.0,3.0,4.0,0.0,0.9994569171428571
2024-07-25,78469.33,79568.48,79776.96,78330.59,-1.17,48.79093254084443,79493.48318672543,78748.62126752225,744.8619192031765,1144.4122338576544,-399.5503146544779,-0.0116840671959812,0.0003800853270638,0.009372623913122,Bear,True,False,False,118.5104542,-0.22245393003188893,-2.0020853702870003,9.0,2.0,4.0,3.0,0.9991958633333334
2024-07-26,78029.51,78440.36,78569.89,77921.48,-0.56,46.38809528498938,79268.25654261382,78695.3537662243,572.9027763895137,1030.1103423640263,-457.2075659745126,-0.00560499242188,-0.0001151165050606,0.009416206413135,Bear,True,False,False,118.5104542,0.22206081742,1.99854735678,9.0,5.0,3.0,1.0,0.9994572877777776
2024-07-29,78827.74,78023.89,79055.99,78016.3,1.02,51.09540387779119,79200.48476682708,78705.16015391139,495.3246129156905,923.1531964743592,-427.8285835586687,0.0102298476563547,0.0002350230177041,0.0096737031656134,Bear,True,False,False,118.5104542,-0.09132136450783768,-6.014318483733,36.0,11.0,17.0,8.0,0.9973120821861472
2024-07-30,78628.81,79319.2,79327.05,78518.23,-0.25,49.91905879554216,79112.53480269984,78699.50458695498,413.03021574486047,821.1286003284595,-408.098384583599,-0.0025236040003177,0.0001618746883844,0.0096895342327374,Bear,True,False,False,118.5104542,0.14212920464462497,1.1370336371569998,8.0,4.0,3.0,1.0,0.990548825
2024-07-31,77886.99,78725.96,79151.82,77810.17,-0.94,45.69433603158128,78923.98944843833,78639.31832125461,284.6711271837121,713.8371056995101,-429.165978515798,-0.0094344553860091,-0.0005516545653606,0.0098512964962095,Bear,True,False,False,118.5104542,-0.11261563102111112,-1.0135406791900001,9.0,4.0,5.0,0.0,0.9985183288888889
2024-08-01,77740.31,78101.16,78241.02,77595.93,-0.19,44.88543697173861,78741.88491790935,78572.72511227279,169.15980563656194,604.9016456869205,-435.7418400503585,-0.0018832413474959,-0.0011079582075512,0.0095794860365592,Bear,True,False,False,131.3805846,0.249895284575,2.9987434149,12.0,7.0,4.0,1.0,0.999423975
2024-08-02,78225.98,77946.16,78434.17,77926.54,0.62,48.15786354222565,78662.51493053869,78547.04028914147,115.47464139721706,507.01624482897984,-391.5416034317628,0.006247338092683,-0.0012234701643889,0.0094701065683581,Bear,True,False,False,131.3805846,0.124892269970625,0.999138159765,8.0,4.0,3.0,1.0,0.9995135187499999
2024-08-05,77084.49,78303.67,78330.1,76943.24,-1.46,41.865984475786135,78419.74186430196,78438.70323068654,-18.9613663845812,401.8207225862676,-420.7820889708488,-0.0145922109253215,-0.0019836975327448,0.0099148203277796,Bear,True,False,False,131.3805846,-0.29810581936186115,-6.987650742139,34.0,9.0,16.0,9.0,0.9991543731250001
2024-08-06,77191.34,77417.21,77746.56,77035.96,0.14,42.62168211540477,78230.75696210166,78346.30595433939,-115.548992237731,298.3467796214679,-413.8957718591989,0.0013861413625488,-0.0018707883480992,0.0099409695802737,Bear,True,False,False,131.3805846,9.153170930001898e-05,0.0009153170930001897,10.0,3.0,3.0,4.0,0.9995149440000001
2024-08-07,77114.49,77344.86,77800.04,77086.82,-0.1,42.196816621470695,78059.02358331678,78255.06032809203,-196.03674477525053,199.47007474212413,-395.5068195173748,-0.0009955780013664,-0.0021408687736475,0.0098342669359316,Bear,True,False,False,131.3805846,-0.12617696710475,-1.009415736838,8.0,3.0,4.0,1.0,0.998791975
2024-08-08,77874.22,77218.12,77969.27,77085.48,0.99,47.74266763902256,78030.59226280652,78226.84993341856,-196.25767061204533,120.32452567129027,-316.58219628333563,0.0098519746418603,-0.0017139613530857,0.0101716626335328,Bear,True,False,False,131.3805846,0.2526333060994167,3.0315996731930004,12.0,6.0,3.0,3.0,0.9963300691666667
2024-08-09,78569.59,78322.33,78823.14,78051.08,0.89,52.25770255798983,78113.51499160552,78252.23808649868,-138.72309489315376,68.51500155840148,-207.23809645155524,0.0089293992286534,-0.0007527530795286,0.0102262926834332,Bear,True,False,False,131.3805846,0.4542169299863636,4.99638622985,11.0,8.0,3.0,0.0,0.9994339590909092
2024-08-12,77980.29,78867.3,78886.46,77940.53,-0.75,48.43819802286277,78093.01883905083,78232.09378379506,-139.07494474423584,26.99701229787402,-166.07195704210986,-0.0075003573265433,-0.001222201715996,0.0103137870783846,Bear,True,False,False,131.3805846,0.2977728202778917,4.964493586607,36.0,16.0,11.0,9.0,0.9989868242500001
2024-08-13,77877.42,77966.72,78275.97,77817.33,-0.13,47.781667381298135,78059.84978688916,78205.8216516621,-145.971864772946,-7.596763116289981,-138.375101656656,-0.0013191795003583,-0.0012580015570467,0.010312767920902,Bear,True,False,False,131.3805846,-0.19846163488200003,-1.9846163488200002,10.0,4.0,6.0,0.0,0.9985740630000001
2024-08-15,78105.98,77989.36,78709.14,77987.83,0.29,49.42197411302711,78066.94674275236,78198.4259737612,-131.4792310088378,-32.37325669479955,-99.10597431403826,0.0029348686692496,-0.0018689813326766,0.0096285093807181,Bear,True,False,False,131.3805846,-0.06351429769615455,-0.9977047528040002,21.0,8.0,9.0,4.0,0.9992244305454545
2024-08-16,78045.31,78197.15,78619.18,78041.08,-0.08,48.98213060141392,78063.61801309815,78187.08404977889,-123.46603668073658,-50.59181269198696,-72.87422398874962,-0.0007767651081261,-0.0023293862548851,0.0093254396401388,Bear,True,False,False,131.3805846,-0.10907619498,-0.98168575482,9.0,2.0,3.0,4.0,0.9986460455555556
2024-08-19,77830.34,78272.12,78382.05,77566.62,-0.28,47.37333594939262,78027.72908800613,78160.65856461009,-132.9294766039529,-67.05934547438015,-65.87013112957278,-0.0027544256022559,-0.0014150712778489,0.0082259527781944,Bear,True,False,False,131.3805846,-0.15077409163421837,-6.057295517268,40.0,14.0,21.0,5.0,0.9863332047136751
2024-08-20,77745.52,77857.79,77930.04,77460.4,-0.11,46.72128309825687,77984.31230523596,78129.90755982415,-145.59525458818823,-82.76652729714178,-62.82872729104648,-0.0010898063660006,-0.0004843259640073,0.0070110017389627,Bear,True,False,False,131.3805846,0.22202265511577776,1.9982038960419999,9.0,5.0,3.0,1.0,0.9993129133333333
2024-08-21,78260.86,77993.2,78457.37,77968.74,0.66,51.12310723399761,78026.85810443043,78139.60774057792,-112.7496361474914,-88.7631490672117,-23.9864870802797,0.0066285491434103,-0.0004380427768503,0.0070569015395914,Bear,True,False,False,131.3805846,0.07682458362176924,0.9987195870830001,13.0,6.0,5.0,2.0,0.999466446923077
2024-08-22,78793.41,78442.25,78996.22,78442.25,0.68,55.23870386545991,78144.7891652873,78188.03753757215,-43.24837228485558,-79.66019371074047,36.411821425884895,0.0068048063872541,-0.000357287899982,0.0071335167974451,Bear,True,False,False,131.3805846,0.5013635395644166,6.016362474773,12.0,8.0,2.0,2.0,0.99855894
2024-08-23,78801.43,78902.33,79173.94,78760.03,0.01,55.29974714481699,78245.81083216617,78233.4740162705,12.336815895672771,-61.26079178945783,73.5976076851306,0.0001017851619822,0.000232004717916,0.006616660308625,Bull,False,True,False,131.3805846,0.35448939041528565,4.9628514658139995,14.0,9.0,4.0,1.0,0.9982953514285714
2024-08-26,78571.06,78907.54,79160.4,78553.87,-0.29,53.06128772391818,78295.84916567906,78258.48038543566,37.36878024339967,-41.534877382886336,78.903657626286,-0.0029234241053747,0.0003660831337413,0.0065185982274687,Bull,False,True,False,131.3805846,0.02598926834664136,-1.0036903281719995,31.0,12.0,13.0,6.0,0.9991975834565435
2024-08-27,78084.24,78737.23,78857.62,78077.83,-0.62,48.58559012691372,78263.29390942074,78245.5736902182,17.720219202543376,-29.6838580658004,47.40407726834377,-0.0061959199735881,-0.0004552052477557,0.0062392057367458,Bear,True,False,False,131.3805846,-0.3074359429793846,-3.996667258732,13.0,4.0,8.0,1.0,0.9993726261538461
2024-08-28,77992.79,78253.05,78334.61,77990.35,-0.12,47.770431562273465,78221.67792335601,78226.84897242425,-5.171049068245338,-24.781296266289385,19.610247198044046,-0.0011711710327206,-0.0003875835993759,0.006222915868163,Bear,True,False,False,131.3805846,-0.08045752372061539,-1.045947808368,13.0,5.0,6.0,2.0,0.9976357961538462
2024-08-29,78349.66,78019.51,78513.86,78017.36,0.46,51.21053635342948,78241.36747360893,78235.946085578,5.4213880309253,-18.740759406846447,24.162147437771747,0.0045756793672853,0.0003129231382887,0.0059327053050936,Bull,False,True,False,131.3805846,0.0001032509249166702,0.0012390110990000425,12.0,5.0,5.0,2.0,0.9995164325
2024-08-30,78488.22,78552.01,78914.28,78439.62,0.18,52.51819670601722,78279.3447853614,78254.63304220185,24.71174315955432,-10.050258893566294,34.76200205312061,0.0017684824669308,0.0004955093290101,0.0059177325524062,Bull,False,True,False,131.3805846,-0.35290590490857143,-4.94068266872,14.0,4.0,9.0,1.0,0.9967646435714286
2024-09-02,78283.3,78715.16,79014.69,78240.37,-0.26,50.368111190228426,78279.95327992119,78256.75652055728,23.19675936391286,-3.400855242070464,26.597614605983324,-0.0026108376518158,5.260054178517493e-05,0.0057947985126273,Bull,False,True,False,126.253775,0.16329799999320369,5.523388698562,36.0,17.0,11.0,8.0,0.9910319175
2024-09-03,78356.32,78566.04,78644.96,78250.9,0.09,51.13578899357096,78291.70200608716,78264.13159310858,27.570412978573582,2.7933984020583464,24.77701457651524,0.000932765992236,0.000828849387663,0.0046581397299755,Bull,False,True,False,126.253775,0.3620289457515455,3.982318403267,11.0,6.0,2.0,3.0,0.9982465072727272
2024-09-04,78848.01,78488.88,78890.79,78488.88,0.63,56.06383299809679,78377.28785130451,78307.38184547091,69.90600583360356,16.215919888367388,53.69008594523617,0.006275052222973,0.0010732949306842,0.0048145750626479,Bull,False,True,False,126.253775,0.19983434721506668,2.9975152082260004,15.0,8.0,5.0,2.0,0.999001272
2024-09-05,78863.34,79027.52,79154.3,78578.02,0.02,56.2121097860261,78452.06510494997,78348.56393099159,103.50117395838606,33.672970702371124,69.82820325601494,0.0001944246912508,0.0011327950653151,0.0047949748916083,Bull,False,True,False,126.253775,0.4012069379613,4.012069379613,10.0,6.0,2.0,2.0,0.998791472
2024-09-06,78897.73,79009.84,79254.25,78917.29,0.04,56.56623203557509,78520.62893495767,78389.24289906629,131.38603589138074,53.21558374017305,78.17045215120768,0.0004360708029864,0.0006619998733714,0.0043339071345456,Bull,False,True,False,126.253775,0.09198024718545454,1.01178271904,11.0,5.0,4.0,2.0,0.9967638445454546
2024-09-09,78615.0,79117.78,79214.28,78545.69,-0.36,52.786618166634966,78535.1475603488,78405.96564728359,129.18191306521476,68.4088496051814,60.77306346003336,-0.0035834998041134,3.635492173308941e-05,0.0039650978169924,Bull,False,True,False,126.253775,0.0886915358445552,2.020424825574,33.0,14.0,12.0,7.0,0.9987746196536796
2024-09-10,79286.74,78776.77,79335.59,78642.87,0.85,59.67989659558308,78650.777166449,78471.20819192924,179.56897451975965,90.64087458809706,88.92809993166259,0.008544679768492,0.0008386067764848,0.003983091979881,Bull,False,True,False,126.253775,-0.08324983468416666,-0.99899801621,12.0,5.0,6.0,1.0,0.9994032599999999
2024-09-11,78651.8,79428.49,79507.18,78612.17,-0.8,51.95791770748527,78650.93452545685,78484.58536289744,166.34916255940334,105.78253218235832,60.566630377045016,-0.0080081486513381,0.0005041583189358,0.0044296093284533,Bull,False,True,False,126.253775,0.5985006707896,5.985006707896,10.0,7.0,1.0,2.0,0.998962444
2024-09-12,79017.62,78843.06,79217.62,78577.65,0.47,55.52821629309605,78707.34767538655,78524.06941009022,183.27826529633603,121.28167880515387,61.99658649118216,0.0046511332226344,0.0005899715466051,0.0044953139758947,Bull,False,True,False,126.253775,-0.1419415550667857,-1.987181770935,14.0,5.0,7.0,2.0,0.9983514542857143
2024-09-13,79333.06,79912.34,80016.74,79262.72,0.4,58.399123763233504,78803.61110994246,78583.99463897242,219.6164709700388,140.94863723813086,78.66783373190793,0.0039920210201218,0.0008284108530175,0.0045451999699836,Bull,False,True,False,126.253775,0.3633860615764546,3.9972466773410003,11.0,6.0,2.0,3.0,0.9995615245454545
2024-09-16,79491.14,79682.1,79993.18,79368.18,0.2,59.79970633763118,78909.38478533593,78651.19059164113,258.19419369479874,164.39774852946442,93.79644516533432,0.0019926119073183,0.0010657627284962,0.0044716059834269,Bull,False,True,False,126.253775,0.15164512088528181,3.754409581771,29.0,13.0,9.0,7.0,0.9917238014242424
2024-09-18,80461.34,79884.41,80587.44,79798.75,1.22,67.11694782976872,79148.14712605347,78785.27573300105,362.8713930524245,204.09247743405643,158.7789156183681,0.0122051338048492,0.0017305097370387,0.0050809824966685,Bull,False,True,False,126.253775,0.3916607386783333,5.00151492841,12.0,8.0,3.0,1.0,0.9960053655555555
2024-09-19,81459.29,80802.77,82003.58,80680.24,1.24,72.63457715830283,79503.70756819908,78983.35086388986,520.3567043092189,267.34532280908894,253.01138150013,0.0124028508598041,0.0020192248228584,0.0055191161882864,Bull,False,True,False,126.253775,-0.20675713608,-2.68784276904,13.0,5.0,7.0,1.0,0.9711792892307692
2024-09-20,82074.45,81694.98,82372.2,81387.57,0.76,75.37728942749828,79899.20640386075,79212.32117026839,686.8852335923584,351.2533049657428,335.6319286266156,0.0075517476275572,0.0020565718848735,0.0055556104790823,Bull,False,True,False,126.253775,0.1998875192076,2.998312788114,15.0,8.0,5.0,2.0,0.999456308
2024-09-23,81850.5,82113.42,82463.05,81548.65,-0.27,72.5274009673131,80199.4054186514,79407.74182432258,791.6635943288129,439.3353628383569,352.328231490456,-0.0027286201735131,0.0019150516180987,0.0056433829920116,Bull,False,True,False,126.253775,0.4633836848230534,11.982493033693,32.0,18.0,6.0,8.0,0.9992930423202614
2024-09-24,81483.64,81873.63,82010.1,81107.39,-0.45,67.99235778703343,80396.97996962811,79561.51205955795,835.4679100701615,518.5618722847179,316.9060377854436,-0.0044820740252045,0.0018371191221073,0.0057239044457935,Bull,False,True,False,126.253775,0.08069490411916666,0.9683388494299999,12.0,6.0,5.0,1.0,0.9968206058333333
2024-09-25,82247.92,81643.5,82331.86,81524.41,0.94,71.93017722982547,80681.7399743007,79760.50524033145,921.2347339692496,599.0964446216242,322.13828934762546,0.009379551527153,0.0026158926971443,0.00563227243956,Bull,False,True,False,126.253775,0.3409998596467143,4.773998035054,14.0,7.0,2.0,5.0,0.9910830949999999
2024-09-26,81657.97,82752.07,82905.73,81552.66,-0.72,65.25638724907286,80831.92920902367,79901.05818549207,930.8710235315956,665.4513604036185,265.4196631279772,-0.0071728257687245,0.0023158099603441,0.0059929938409103,Bull,False,True,False,126.253775,0.33301369642,2.99712326778,9.0,6.0,3.0,0.0,0.999087238888889
2024-09-27,81292.13,81737.61,81842.75,81183.5,-0.45,61.448918765742135,80902.72933071233,80004.1005421223,898.6287885900383,712.0868460409025,186.5419425491358,-0.0044801505597065,0.0018630184639945,0.0061532242093365,Bull,False,True,False,126.253775,0.33838976141163635,3.722287375528,11.0,7.0,3.0,1.0,0.9869905427272727
2024-09-30,81114.2,81271.08,81321.64,80352.22,-0.22,59.626715374361964,80935.26327983351,80086.33013159472,848.9331482387934,739.4561064804807,109.47704175831268,-0.00218877276312,0.001665155702492,0.0062196897743017,Bull,False,True,False,126.253775,-0.02120062518611851,-1.493568503088,36.0,13.0,14.0,9.0,0.9842800394444445
2024-10-01,81804.59,81199.43,81980.37,81119.24,0.85,64.07788824580564,81069.00585216681,80213.60864036548,855.3972118013335,762.6443275446513,92.75288425668214,0.0085113334040156,0.0022212642552836,0.0063137576282921,Bull,False,True,False,113.8742981,-0.00438875774499999,-0.03949881970499991,9.0,4.0,4.0,1.0,0.9971288388888888
2024-10-02,81967.01,81706.43,82360.29,81529.45,0.2,65.05401750387924,81207.16033644884,80343.49022256063,863.6701138882054,782.8494848133621,80.82062907484328,0.0019854631628861,0.0022738991138161,0.0063068347979422,Bull,False,True,False,113.8742981,-0.19943919506,-1.9943919505999999,10.0,4.0,6.0,0.0,0.999274902
2024-10-03,82721.77,82076.34,82958.74,81981.5,0.92,69.23735749486211,81440.17720776441,80519.65909496354,920.51811280087,810.3832104108637,110.13490239000612,0.0092080948176591,0.0024205512435504,0.0064375168681039,Bull,False,True,False,113.8742981,0.21346626808071428,2.98852775313,14.0,7.0,4.0,3.0,0.9989111692857142
2024-10-04,83531.96,82804.3,83605.73,82594.8,0.98,72.97693999557204,81761.98994503143,80742.79249533662,1019.1974496948096,852.146058267653,167.05139142715666,0.009794156967386,0.0029005378573571,0.0066181469980588,Bull,False,True,False,113.8742981,-0.19968171512299998,-1.99681715123,10.0,3.0,5.0,2.0,0.99925842
2024-10-07,84910.3,83651.99,85047.81,83303.55,1.65,77.89917301719798,82246.3453381035,81051.49675494131,1194.8485831621947,920.6865632465614,274.1620199156333,0.0165007501320453,0.0037037718238101,0.0072481794593633,Bull,False,True,False,113.8742981,0.2775479591463191,7.890021341616,32.0,16.0,8.0,8.0,0.9967310491190476
2024-10-08,85663.98,84905.56,85824.27,84897.99,0.89,80.04009761290843,82772.13528608758,81393.16218050121,1378.9731055863667,1012.3438717145224,366.6292338718442,0.0088761905210557,0.0043267563400685,0.0071232510218229,Bull,False,True,False,113.8742981,0.33330157383333336,2.9997141645000003,9.0,6.0,3.0,0.0,0.9994235244444444
2024-10-09,85669.28,85823.81,86451.43,85444.31,0.01,80.05472970194789,83217.84985745871,81709.91164861224,1507.9382088464772,1111.4627391409135,396.4754697055637,6.186964462773226e-05,0.0039026158338753,0.0071114210378545,Bull,False,True,False,113.8742981,0.08041313309676923,1.045370730258,13.0,5.0,4.0,4.0,0.9975262846153845
2024-10-10,85453.22,85743.41,86013.46,85425.74,-0.25,77.55863385119788,83561.75295631122,81987.19374871503,1574.5592075961904,1204.082032831969,370.4771747642215,-0.0025220242308561,0.0041769220548994,0.0067230110956657,Bull,False,True,False,113.8742981,0.00011459192938888763,0.0020626547289999773,18.0,5.0,5.0,8.0,0.9994602133333333
2024-10-11,85483.4,85432.84,85750.19,84774.46,0.04,77.66339997535341,83857.39096303257,82246.17198955094,1611.2189734816202,1285.5094209618992,325.709552519721,0.0003531756907462,0.003962024178305,0.0067755412436161,Bull,False,True,False,113.8742981,1.072977374999562e-05,8.583818999996495e-05,8.0,4.0,4.0,0.0,0.99944126625
2024-10-14,85261.39,85596.91,86105.03,85156.11,-0.26,74.89356389620491,84073.39081487371,82469.52147180644,1603.869343067272,1349.1814053829737,254.68793768429828,-0.0025971124218269,0.0036325675062076,0.00693238685594,Bull,False,True,False,113.8742981,-0.11210092254592613,-5.329227675418999,35.0,12.0,18.0,5.0,0.9846563207765152
2024-10-15,85840.34,85264.93,85893.99,84856.21,0.68,77.17927008676452,84345.22915104698,82719.21173315411,1626.017417892872,1404.5486078849533,221.4688100079186,0.0067902951148226,0.0038724516665828,0.0069556212177206,Bull,False,True,False,113.8742981,0.37446862665,2.9957490132,8.0,5.0,2.0,1.0,0.9993780975
2024-10-16,86205.66,86060.69,86513.46,85948.05,0.43,78.5088431391404,84631.44928165514,82977.46716032787,1653.9821213272662,1454.4353105734158,199.5468107538504,0.0042558079336592,0.0034749853730233,0.0066759050058026,Bull,False,True,False,113.8742981,0.00018680545906665607,0.002802081885999841,15.0,6.0,6.0,3.0,0.9994514866666667
2024-10-17,85585.43,86439.57,86520.29,85539.2,-0.72,70.95088482262577,84778.21554601588,83170.64959289618,1607.5659531197016,1485.061439082673,122.50451403702868,-0.0071947712017982,0.0024951042699432,0.0067345145137251,Bull,False,True,False,113.8742981,0.1428991576,2.0005882064,14.0,8.0,6.0,0.0,0.9993294992857144
2024-10-18,85250.09,85638.58,85773.83,85120.9,-0.39,67.18493039254665,84850.8116158596,83324.68221564461,1526.1294002149807,1493.2750313091344,32.854368905846286,-0.0039181902807521,0.0019216073745277,0.0067695244338244,Bull,False,True,False,113.8742981,0.12489515186675,0.999161214934,8.0,4.0,3.0,1.0,0.99949664125
2024-10-21,86057.52,85353.34,86172.79,85349.33,0.95,71.15495075519156,85036.4590595735,83527.11464411538,1509.344415458123,1496.4889081389322,12.855507319190792,0.0094713096490572,0.0025316038656562,0.0068772478964086,Bull,False,True,False,113.8742981,0.06896891697890212,1.3432675417950004,30.0,12.0,11.0,7.0,0.9952818361904763
2024-10-22,86466.58,86294.7,86846.04,86294.7,0.48,72.94101749144686,85256.47766579298,83744.85281862535,1511.6248471676226,1499.5160959446705,12.108751222952378,0.0047533324223147,0.0029933741880322,0.006689009042942,Bull,False,True,False,113.8742981,0.00015206339388890773,0.0013685705450001695,9.0,4.0,4.0,1.0,0.9992975444444444
2024-10-23,87194.54,86667.99,87309.23,86284.25,0.84,75.8114150132131,85554.64110182482,84000.38520243087,1554.2558993939456,1510.4640566345256,43.79184275941998,0.0084189752850174,0.0029453453759254,0.0066440386753671,Bull,False,True,False,113.8742981,0.49938781295400003,6.991429381356,14.0,10.0,3.0,1.0,0.9992650792857143
2024-10-24,88945.99,87553.63,89126.16,87382.05,2.01,81.0264204706417,86076.38708615946,84366.72629854712,1709.6607876123453,1550.3034028300897,159.35738478225585,0.0200866935016803,0.0043083213394456,0.0072293848729696,Bull,False,True,False,113.8742981,0.46926397498315386,6.100431674781,13.0,8.0,2.0,3.0,0.9950398969230769
2024-10-25,89993.97,89373.82,90593.61,89373.82,1.18,83.34081778491513,86679.09214982724,84783.5591653214,1895.5329845058293,1619.3493191652376,276.1836653405919,0.0117822062579773,0.0051214391803298,0.0071023147160067,Bull,False,True,False,113.8742981,0.2001056780451,2.001056780451,10.0,5.0,3.0,2.0,0.999294753
2024-10-28,90195.52,90633.65,91054.84,89732.73,0.22,83.75132527056822,87220.08104985382,85184.44515307537,2035.6358967784472,1702.6066346878797,333.0292620905675,0.0022395944972757,0.0053428575433496,0.0069293423416517,Bull,False,True,False,113.8742981,0.17086323697650796,6.012093824475,28.0,15.0,9.0,4.0,0.9989165916468253
2024-10-29,90864.09,90509.48,91358.15,90449.42,0.74,85.06592766508592,87780.69781141476,85605.1595861809,2175.5382252338604,1797.192952797076,378.3452724367844,0.0074124524144878,0.0052879134938732,0.0069072179148753,Bull,False,True,False,113.8742981,0.2217914281372222,1.9961228532349997,9.0,5.0,3.0,1.0,0.9993659377777777
2024-10-30,90286.57,91375.53,91872.63,90003.31,-0.64,79.11174358218861,88166.21660965866,85951.93072794529,2214.2858817133674,1880.6115385803344,333.67434313303306,-0.006355866217336,0.0048708470248621,0.0073544689819791,Bull,False,True,False,113.8742981,-0.2064077929096923,-2.683301307826,13.0,4.0,7.0,2.0,0.9873506561538462
2024-10-31,88966.77,90459.17,90700.23,89063.34,-1.46,67.48633473529833,88289.37866971118,86175.2521555049,2114.1265142062766,1927.3145337055228,186.81198050075383,-0.0146178994284532,0.0036795473125565,0.0084613414574935,Bull,False,True,False,113.8742981,0.07714080945353846,1.002830522896,13.0,6.0,5.0,2.0,0.9992746469230769
2024-11-01,90859.85,89292.74,91133.28,88852.68,2.13,73.50134797685581,88684.83579744791,86522.25940324528,2162.5763942026388,1974.366905804946,188.20948839769267,0.021278506570487,0.0042537647927115,0.009250980282016,Bull,False,True,False,122.7524758,-0.14625592418492858,-2.047582938589,14.0,4.0,6.0,4.0,0.9977011707142857
2024-11-04,91938.01,91454.3,92159.08,91395.35,1.19,76.20167286399501,89185.32413630208,86923.426114116,2261.898022186084,2031.8731290811736,230.02489310491,0.011866187320362,0.0040220366521274,0.0089822001044216,Bull,False,True,False,122.7524758,-0.02355009172594581,-2.875399843255,42.0,12.0,15.0,15.0,0.9857599673489011
2024-11-05,92304.32,92510.48,92514.3,91536.09,0.4,77.05711475263362,89665.16965379407,87322.0108464037,2343.158807390369,2094.130264743013,249.0285426473565,0.0039843150836091,0.0037774428802551,0.008909369835564,Bull,False,True,False,122.7524758,0.22118777596977776,1.9906899837279999,9.0,4.0,2.0,3.0,0.9991460522222222
2024-11-06,92021.44,92509.76,92966.95,91891.47,-0.31,74.82044171609826,90027.67278397961,87670.11670963306,2357.5560743465467,2146.81542666372,210.74064768282688,-0.0030646452950414,0.0036211171332716,0.0090049123372106,Bull,False,True,False,122.7524758,0.0032756218869000155,0.03275621886900015,10.0,4.0,4.0,2.0,0.9979141840000001
2024-11-07,92520.49,92259.48,92694.54,92185.69,0.54,76.13642899646376,90411.18312490582,88029.40362003061,2381.7795048752014,2193.8082423060164,187.971262569185,0.0054231926820531,0.0040183779789171,0.0088942129165404,Bull,False,True,False,122.7524758,0.42462397525875,3.39699180207,8.0,5.0,2.0,1.0,0.9487629825
2024-11-08,93291.68,92623.84,93514.56,92566.49,0.83,78.04593303787392,90854.33649030492,88419.20187039871,2435.13461990621,2242.073517826055,193.0611020801548,0.0083353427981194,0.0044174863342857,0.0089001779182123,Bull,False,True,False,122.7524758,-0.09044778767154547,-0.9949256643870001,11.0,4.0,5.0,2.0,0.9993251054545454
2024-11-11,93648.33,93485.41,94020.03,93318.91,0.38,78.88731675498535,91284.18164564262,88806.54469481362,2477.6369508289936,2289.186204426643,188.45074640235043,0.0038229561307074,0.0047384897619124,0.0087483477507217,Bull,False,True,False,122.7524758,0.30879458542595234,8.816375006592999,33.0,17.0,9.0,7.0,0.9596774140530303
2024-11-12,93224.56,93799.93,93871.62,92893.11,-0.45,75.19952103096267,91582.70139246684,89133.80508779039,2448.89630467644,2321.1282244766026,127.76808019983764,-0.0045251207362694,0.0041727189693578,0.0089717123327338,Bull,False,True,False,122.7524758,0.8163117073972728,8.97942878137,11.0,10.0,1.0,0.0,0.9988429372727272
2024-11-13,93355.43,93362.53,93803.59,92943.08,0.14,75.57919792937538,91855.42887054886,89446.51804425035,2408.91082629851,2338.6847448409844,70.22608145752565,0.0014038146170922,0.0040301193035295,0.0089929623235042,Bull,False,True,False,122.7524758,0.02380595802172728,0.26186553823900005,11.0,4.0,4.0,3.0,0.98327554
2024-11-14,94191.89,93672.72,94289.97,93672.72,0.9,77.90725461498303,92214.88442892596,89798.02707800957,2416.8573509163834,2354.3192660560644,62.53808486031903,0.0089599501603709,0.004837855371638,0.0086506780080899,Bull,False,True,False,122.7524758,0.23078847871461539,3.00025022329,13.0,7.0,4.0,2.0,0.9993028953846154
2024-11-15,94763.64,94431.19,95278.27,94431.19,0.61,79.3559410595079,92607.00067062966,90165.85025741628,2441.150413213385,2371.685495487529,69.46491772585614,0.0060700555005319,0.0053372676607022,0.0084033580349101,Bull,False,True,False,122.7524758,0.00043662925859999646,0.004366292585999965,10.0,4.0,4.0,2.0,0.9991974490000001
2024-11-18,94995.67,95060.85,95307.92,94620.45,0.24,79.93107818195743,92974.48825976356,90523.61468279285,2450.873576970728,2387.5231117841686,63.35046518655872,0.0024485129528581,0.0049861278258922,0.0083681750381829,Bull,False,True,False,122.7524758,0.15793631017567777,3.887123524831,33.0,16.0,12.0,5.0,0.9939440345555556
2024-11-19,95856.67,95241.64,96036.49,95212.63,0.91,81.94156035543554,93417.90083518456,90918.65581740077,2499.245017783789,2409.8674929840927,89.3775247996964,0.0090635710027624,0.0052016397549146,0.008417222811322,Bull,False,True,False,122.7524758,0.38428915515446155,4.995759017008,13.0,8.0,3.0,2.0,0.99950006
2024-11-20,95546.46,96055.66,96711.33,95311.97,-0.32,78.87567031744624,93745.3714759254,91261.45612722292,2483.91534870246,2424.6770641277662,59.23828457469335,-0.0032361858595754,0.0046188816976849,0.0085845536664018,Bull,False,True,False,122.7524758,0.11658255667199999,1.16582556672,10.0,5.0,4.0,1.0,0.990960252
2024-11-21,97328.4,95674.5,97437.15,95300.21,1.86,82.84609759514228,94296.60663347534,91710.85937705828,2585.747256417075,2456.891102585628,128.8561538314466,0.0186499845206193,0.0045470462486319,0.0084533148563913,Bull,False,True,False,122.7524758,0.4651656583953846,6.04715355914,13.0,9.0,3.0,1.0,0.9963295461538462
2024-11-22,97798.23,97835.39,99623.04,97471.12,0.48,83.71519646174082,94835.31792063298,92161.7757194984,2673.54220113458,2500.2213222954188,173.3208788391612,0.004827265217552,0.0041992991966106,0.0082813186441417,Bull,False,True,False,122.7524758,-0.104269477995,-0.729886345965,7.0,3.0,3.0,1.0,0.9472177985714286
2024-11-25,98079.78,97851.82,99317.48,97137.64,0.29,84.23079941576626,95334.4659328433,92600.14640694296,2734.3195259003405,2547.040963016403,187.2785628839374,0.0028788864583746,0.0042312637946656,0.0082745874243165,Bull,False,True,False,122.7524758,0.19489708502639425,3.231296140825,29.0,14.0,11.0,4.0,0.9926786832051282
2024-11-26,94574.16,98049.38,99819.59,94180.6,-3.57,59.12808535580661,95217.49578932894,92746.3696360583,2471.126153270641,2531.858001067251,-60.7318477966096,-0.0357425353115595,0.0020735144083632,0.0121299415312486,Bull,False,True,False,122.7524758,-5.8021357800000856e-05,-0.0005802135780000085,10.0,4.0,4.0,2.0,0.999423554
2024-11-27,99269.25,97425.06,99549.81,97188.28,4.96,71.41517568634485,95840.84259097064,93229.54595931324,2611.296631657402,2547.745727185281,63.55090447212115,0.0496445329252726,0.0048735343654936,0.0159451679849138,Bull,False,True,False,122.7524758,0.26517009195799995,2.6517009195799996,10.0,6.0,3.0,1.0,0.9643909519999999
2024-11-28,100082.77,100059.29,100540.29,99354.24,0.82,72.93350204595485,96493.4468077444,93737.19218454928,2756.2546231950982,2589.4475063872446,166.80711680785362,0.0081950855879338,0.006014183616313,0.0152795259574216,Bull,False,True,False,122.7524758,-0.3633080755082727,-3.996388830591,11.0,3.0,7.0,1.0,0.99940179
2024-11-29,101357.32,100393.16,101496.18,99822.62,1.27,75.15968112690238,97241.73499116833,94301.64609680488,2940.0888943634345,2659.575783982483,280.51311038095173,0.0127349592742087,0.0055870062514991,0.0149461031998683,Bull,False,True,False,122.7524758,0.08340603157133335,1.0008723788560001,12.0,5.0,4.0,3.0,0.9964233583333333
2024-12-02,103274.95,101921.21,103386.47,101921.21,1.89,78.08077697191948,98169.92191560396,94966.33527481934,3203.586640784619,2768.3779553429104,435.2086854417085,0.0189195018179249,0.0059396719763772,0.0151833944565216,Bull,False,True,False,132.0735526,0.3392683909009518,6.420766331948001,37.0,18.0,12.0,7.0,0.9901754675877193
2024-12-03,104559.07,103520.0,104680.89,102825.6,1.24,79.79429299462406,99152.8677747418,95676.90821742533,3475.9595573164843,2909.8942757376253,566.065281578859,0.0124339929479511,0.0063621558695943,0.0152435608644358,Bull,False,True,False,132.0735526,-0.182628185311,-1.6436536677990001,9.0,3.0,5.0,1.0,0.9798144911111112
2024-12-04,105104.34,105080.29,105473.56,104315.41,0.52,80.49167955276172,100068.47888632,96375.23649761605,3693.242388703948,3066.56389833089,626.6784903730577,0.0052149469194779,0.0067761354803203,0.0150856863747397,Bull,False,True,False,132.0735526,0.45403718444827273,4.994409028931,11.0,7.0,2.0,2.0,0.9995042345454546
2024-12-05,108238.97,105661.16,108345.99,105448.06,2.98,83.92627389253829,101325.47751919384,97254.0315718667,4071.4459473271418,3267.5403081301406,803.9056391970012,0.029823982530122,0.0079961749727237,0.0159333870035588,Bull,False,True,False,132.0735526,0.3568676892814286,4.99614764994,14.0,8.0,3.0,3.0,0.9995574128571428
2024-12-06,109053.95,108864.72,109478.09,108550.87,0.75,84.68140084206271,102514.47328547171,98128.09960358028,4386.373681891433,3491.306982882399,895.066699009034,0.0075294508068581,0.0079558803731607,0.0159335031504068,Bull,False,True,False,132.0735526,0.4129416658957143,2.8905916612700002,7.0,5.0,2.0,0.0,0.9915964514285714
2024-12-09,109970.39,109094.07,110358.85,107625.92,0.84,85.50598301448844,103661.53739539917,99005.30629961136,4656.231095787778,3724.291805463475,931.9392903243028,0.0084035470517116,0.0081849099192109,0.0159038627916855,Bull,False,True,False,132.0735526,0.11780008744344139,6.536244010531999,28.0,14.0,7.0,7.0,0.993425761620879
2024-12-10,108896.65,110738.04,111759.58,107711.4,-0.98,80.0678147220303,104466.93933456852,99737.99842556608,4728.940909002427,3925.2216261712656,803.7192828311618,-0.0097639009918942,0.0079229709064296,0.0161652109810404,Bull,False,True,False,132.0735526,-0.17458711923999998,-1.9204583116399998,11.0,5.0,6.0,0.0,0.957285769090909
2024-12-11,110810.22,109455.51,111012.02,109416.32,1.76,82.23613534162456,105442.82866771182,100558.16298663526,4884.665681076556,4117.110437152324,767.555243924232,0.0175723495626358,0.0087313976537068,0.0162262083465077,Bull,False,True,False,132.0735526,0.08330700751950003,0.9996840902340003,12.0,6.0,5.0,1.0,0.9994579008333333
2024-12-12,114180.51,111308.66,114408.62,111308.66,3.04,85.27453676865996,106787.0873342177,101567.225728366,5219.861605851707,4337.660670892201,882.2009349595064,0.0304149743588633,0.0098041488636314,0.0169358173362558,Bull,False,True,False,132.0735526,0.3074488087938461,3.9968345143199997,13.0,8.0,4.0,1.0,0.9994365584615384
2024-12-13,114301.8,114627.54,115172.45,112609.26,0.11,85.37150949760563,107943.19697510728,102510.5275262648,5432.669448842469,4556.662426482255,876.0070223602143,0.0010622653550944,0.0095537593563596,0.0170306835231047,Bull,False,True,False,132.0735526,0.18194035759899999,2.0013439335889998,11.0,5.0,3.0,3.0,0.9992381536363637
2024-12-16,116169.41,115433.26,116681.59,115346.0,1.63,86.81168626210894,109208.76820970616,103522.29659839334,5686.471611312809,4782.624263448366,903.8473478644428,0.0163392877452499,0.0102482980959791,0.0170088995774259,Bull,False,True,False,132.0735526,0.2802158176744007,8.213342486417,35.0,17.0,10.0,8.0,0.9745364072390572
2024-12-17,114860.69,116308.02,117039.18,113688.55,-1.13,80.80802719052923,110078.29463898212,104362.17759110496,5716.117047877182,4969.32282033413,746.7942275430523,-0.0112656163098358,0.0092318387303492,0.0176777168295361,Bull,False,True,False,132.0735526,0.0018093022333333468,0.0271395335000002,15.0,7.0,7.0,1.0,0.9983416253333334
2024-12-18,111070.29,114854.05,116236.71,110896.27,-3.3,66.47007885262178,110230.90930990796,104859.07480657865,5371.834503329315,5049.825156933167,322.00934639614843,-0.0329999758838294,0.0077436492291365,0.019896193952879,Bull,False,True,False,132.0735526,0.5128732074807693,6.66735169725,13.0,10.0,3.0,0.0,0.9861211907692307
2024-12-19,106274.98,110140.75,111745.03,105937.37,-4.32,53.52978030847291,109622.30480069136,104963.956672758,4658.348127933336,4971.529751133201,-313.1816231998655,-0.0431736515678494,0.0046524674247131,0.0227154334439704,Sideways,False,False,True,132.0735526,0.07637373852146155,0.9928586007790001,13.0,6.0,5.0,2.0,0.9992101476923078
2024-12-20,109513.15,106073.21,109846.64,105601.04,3.05,59.29287985564757,109605.51175443114,105300.93395625742,4304.577798173719,4838.139360541305,-533.5615623675858,0.0304697305047716,0.0059345906890741,0.0234379933708383,Sideways,False,False,True,132.0735526,0.4398240362695454,4.838064398965,11.0,7.0,2.0,2.0,0.9854143090909091
2024-12-23,113924.42,110990.57,114189.72,110891.36,4.03,65.55908678974447,110269.95917682636,105939.71070023834,4330.248476588007,4736.561183750646,-406.3127071626386,0.0402807334096408,0.0078046830366374,0.0246425246650085,Sideways,False,False,True,132.0735526,-0.01859537167410898,-1.9741595608150002,30.0,12.0,14.0,4.0,0.9988249363817664
2024-12-24,112414.81,114987.83,115036.5,112294.42,-1.33,62.039524763990734,110599.93622654535,106419.34768540588,4180.588541139499,4625.366655228417,-444.7781140889174,-0.0132509781484952,0.0089292608947906,0.0230097388424326,Sideways,False,False,True,132.0735526,0.08771831866777778,0.78946486801,9.0,5.0,4.0,0.0,0.9874537911111112
2024-12-26,110423.32,112480.6,112480.6,109858.88,-1.77,57.64308626302774,110572.76449938456,106715.93822722766,3856.82627215689,4471.658578614111,-614.8323064572214,-0.0177155483338893,0.0055612568318325,0.0216246168269024,Sideways,False,False,True,132.0735526,0.20206327738197727,3.4979362639660003,19.0,10.0,6.0,3.0,0.9658452872159091
2024-12-27,111351.18,110658.65,112043.77,110246.93,0.84,59.097446420322605,110692.52073024846,107059.28946965524,3633.231260593224,4303.973115009934,-670.7418544167103,0.0084027540559366,0.0055716402552326,0.0216259978796783,Sideways,False,False,True,132.0735526,-0.06750638467200001,-0.6750638467200001,10.0,4.0,5.0,1.0,0.9832769100000001
2024-12-30,115259.0,111916.71,115422.34,111916.71,3.51,64.60903560274107,111395.05600251791,107666.67543486596,3728.380567651955,4188.854605538339,-460.4740378863835,0.0350945540047262,0.0066896199917585,0.0225730202542909,Sideways,False,False,True,132.0735526,-0.05953878968691387,-3.1189704777059992,36.0,12.0,15.0,9.0,0.9926220188796296
2024-12-31,115126.9,116700.02,116700.02,114804.81,-0.11,64.29364596447081,111969.1858482844,108219.28466191294,3749.901186371455,4101.063921704962,-351.16273533350704,-0.0011461144032136,0.0056863391807016,0.0224464050584612,Sideways,False,False,True,132.0735526,0.2691315518700769,3.498710174311,13.0,7.0,3.0,3.0,0.9624942630769231
2025-01-01,117008.08,115258.12,117341.03,114719.89,1.63,66.78054889074872,112744.4003331637,108870.30653880828,3874.093794355431,4055.669896235056,-181.5761018796252,0.0163400560598783,0.0058816423362979,0.022525060764506,Sideways,False,False,True,144.4994152,-0.20177612471272724,-2.2195373718399996,11.0,4.0,7.0,0.0,0.9640534854545454
2025-01-02,117119.66,117150.31,118367.81,116857.61,0.1,66.92768477813836,113417.51720498467,109481.3697581558,3936.147446828865,4031.765406353818,-95.61795952495277,0.0009536093575759,0.0056685754582028,0.0225518373190334,Sideways,False,False,True,144.4994152,-0.28508999058614287,-1.9956299341030002,7.0,2.0,4.0,1.0,0.9993418371428572
2025-01-03,117586.98,117484.9,117891.62,115580.02,0.4,67.5754429591798,114058.97301960242,110081.78533162575,3977.187687976664,4020.849862678387,-43.66217470172296,0.0039901072117183,0.0043768816922827,0.0218235580966566,Sideways,False,False,True,144.4994152,-0.125912753909875,-1.007302031279,8.0,2.0,3.0,3.0,0.9984258225
2025-01-06,116255.13,118309.5,118735.1,115941.95,-1.13,63.74357649990796,114396.84332427896,110539.0701218757,3857.7732024032593,3988.234530623362,-130.4613282201026,-0.0113265091084062,0.0034340836965194,0.0220859165668573,Sideways,False,False,True,144.4994152,0.060920993832945164,2.00956661863,24.0,11.0,9.0,4.0,0.9990896755699855
2025-01-07,116052.68,116667.55,116843.41,113677.5,-0.17,63.15731379951265,114651.58742823605,110947.48566840345,3704.1017598326,3931.4079764652097,-227.3062166326099,-0.0017414285287884,0.0029268349174944,0.0220822753829075,Sideways,False,False,True,144.4994152,-0.4439800650811111,-3.9958205857299998,9.0,2.0,6.0,1.0,0.9994252922222222
2025-01-08,114148.46,116591.08,117750.23,113847.04,-1.64,57.77487754361079,114574.1832085074,111184.59487815131,3389.588330356084,3823.0440472433847,-433.4557168873007,-0.0164082380518915,0.0025946180644946,0.022331820280424,Sideways,False,False,True,144.4994152,0.36962351654333336,3.32661164889,9.0,5.0,2.0,2.0,0.9812656322222222
2025-01-09,112638.26,114313.0,114329.95,112594.67,-1.32,53.85490911518469,114276.34886873704,111292.27377606604,2984.0750926710025,3655.250256328909,-671.1751636579061,-0.0132301390662652,0.0010544936330495,0.0223066482606189,Sideways,False,False,True,144.4994152,-0.012439558074999968,-0.09951646459999974,8.0,4.0,4.0,0.0,0.9929123475
2025-01-10,113247.29,112544.62,113554.07,112013.59,0.54,55.17573513155702,114118.03211970055,111437.08979265374,2680.942327046825,3460.3886704724923,-779.4463434256672,0.0054069549724933,-0.0001959073362689,0.0212501153128951,Sideways,False,False,True,144.4994152,0.31029705873323077,4.033861763532,13.0,8.0,4.0,1.0,0.9978147615384615
2025-01-13,114230.06,113715.5,114496.09,113083.86,0.87,57.29970742830453,114135.26717820816,111643.9764746794,2491.290703528779,3266.56907708375,-775.278373554971,0.0086780884558033,0.0001848838187665,0.0213418854049679,Sideways,False,False,True,144.4994152,0.05369425386801737,2.385109586184,36.0,16.0,14.0,6.0,0.991253628504902
2025-01-14,114804.17,114541.46,115044.79,113836.61,0.5,58.53576094913054,114238.1753046377,111878.0648839624,2360.1104206752934,3085.277345802059,-725.1669251267654,0.0050259099925185,-0.00038078506887,0.0210389570015183,Sideways,False,False,True,144.4994152,0.9032019159133846,11.741624906874,13.0,12.0,0.0,1.0,0.9899725176923078
2025-01-15,114495.71,115360.64,115773.39,114298.29,-0.27,57.57148292901641,114277.79602700114,112071.9645221874,2205.83150481373,2909.388177604393,-703.556672790663,-0.0026868362011588,4.815393656378287e-05,0.0208922990972319,Sideways,False,False,True,144.4994152,0.38090206707546154,4.951726871981,13.0,8.0,3.0,2.0,0.9978285538461538
2025-01-16,113836.74,114800.98,114884.63,113630.45,-0.58,55.46923166636787,114209.94125361634,112202.688631655,2007.2526219613355,2728.961066475782,-721.7084445144465,-0.0057554121460097,0.0014103821234547,0.0194634127096022,Sideways,False,False,True,144.4994152,0.24929630370083333,2.99155564441,12.0,7.0,4.0,1.0,0.9990564583333333
2025-01-17,115272.08,114060.38,115356.12,113571.96,1.26,58.98256631096875,114373.34721459844,112430.05095523612,1943.2962593623088,2571.828105053088,-628.5318456907789,0.01260875882426,0.0041995026430602,0.0165111572594347,Bull,False,True,False,144.4994152,-0.24942708190950003,-1.9954166552760002,8.0,2.0,4.0,2.0,0.99936403625
2025-01-20,115844.82,115868.94,116276.42,115668.08,0.5,60.32760614747463,114599.72764312176,112682.99681040384,1916.7308327179344,2440.8086505860574,-524.077817868123,0.0049685925681224,0.0029244457462277,0.0153171716374884,Bull,False,True,False,144.4994152,0.4472793683294595,12.98815108806,32.0,19.0,6.0,7.0,0.9994159618452381
2025-01-21,115042.25,116320.3,116424.85,114783.72,-0.69,57.48303723505365,114667.80800571844,112857.75630592946,1810.0516997889645,2314.657260426639,-504.6055606376744,-0.0069279748546374,0.0005640103330138,0.012665419247074,Bear,True,False,False,144.4994152,0.4995494467816,4.995494467816,10.0,5.0,0.0,5.0,0.99967976
2025-01-22,113443.43,114996.26,115256.16,113359.38,-1.39,52.2023355441226,114479.44215868483,112901.1395425273,1578.30261615754,2167.3863315728195,-589.0837154152796,-0.013897676723117,0.0005316754042827,0.0127033141639077,Bear,True,False,False,144.4994152,0.16620162992899998,1.9944195591479996,12.0,6.0,4.0,2.0,0.9992000666666666
2025-01-23,114037.79,113580.21,114319.62,113234.31,0.52,53.89787370600985,114411.49567273332,112985.33587271044,1426.1598000228696,2019.141025262829,-592.9812252399599,0.0052392633050675,0.0016794159862306,0.0119845595071227,Bull,False,True,False,144.4994152,-0.0019806503589999912,-0.019806503589999913,10.0,5.0,5.0,0.0,0.998190557
2025-01-24,114880.49,114407.66,115779.06,114383.17,0.74,56.26663806779673,114483.64864615897,113125.71765991708,1357.9309862418886,1886.8990174586413,-528.9680312167529,0.0073896556571291,0.0016287610662902,0.011956755212226,Bull,False,True,False,144.4994152,0.37464084630737504,2.9971267704590003,8.0,5.0,2.0,1.0,0.99948432
2025-01-27,113520.32,115075.86,115596.87,113482.23,-1.18,51.65341138996309,114335.4442390576,113154.94746288618,1180.4967761714215,1745.6185692011975,-565.1217930297762,-0.0118398694155987,-0.000717960104726,0.0093685324747157,Bear,True,False,False,144.4994152,0.03994506136761111,-0.03278471545799988,30.0,13.0,13.0,4.0,0.9576573154861112
2025-01-28,112030.36,113398.28,113644.72,111434.95,-1.31,47.09804981976717,113980.8158945872,113071.64468785757,909.171206729632,1578.329096706885,-669.1578899772526,-0.0131250510921745,-0.001316906939174,0.0097715927116468,Bear,True,False,False,144.4994152,-0.39956990557100003,-3.9956990557100003,10.0,3.0,7.0,0.0,0.9993258349999999
2025-01-29,111487.36,112274.42,112569.9,111157.19,-0.48,45.5224028247401,113597.20729541992,112954.29026653478,642.9170288851456,1391.246683142537,-748.3296542573914,-0.0048469004294907,-0.0023762547636425,0.0088628277944028,Bear,True,False,False,144.4994152,0.5986323733266999,5.986323733267,10.0,7.0,1.0,2.0,0.998794253
2025-01-30,113206.4,111805.66,113400.57,111805.66,1.54,51.09986801190733,113537.08309612457,112972.96506160629,564.1180345182656,1225.8209534176829,-661.7029188994172,0.0154191470674343,-0.0016529778781495,0.0096996211427736,Bear,True,False,False,144.4994152,-0.1409348747512,-1.4093487475120001,10.0,3.0,5.0,2.0,0.9699232529999999
2025-01-31,114255.73,113745.99,115106.99,113692.87,0.93,54.18342736833992,113647.64415825924,113067.9846866725,579.6594715867395,1096.5886570514942,-516.9291854647547,0.0092691755943126,-0.0013890244590198,0.0099303520766243,Bear,True,False,False,144.4994152,0.5443643801613637,5.988008181775,11.0,8.0,2.0,1.0,0.9990542672727273
2025-02-03,112745.01,114550.59,114620.79,112681.34,-1.32,49.357791244147535,113508.7773646809,113044.06063580788,464.716728873027,970.2142714158008,-505.4975425427738,-0.0132222690275577,-0.0014838124549774,0.0100386577408669,Bear,True,False,False,164.8612309,0.3146704742705417,11.315719108997,41.0,24.0,11.0,6.0,0.9844628299603175
2025-02-04,111935.38,113091.72,113649.08,111828.11,-0.72,46.944762257817615,113266.71623165306,112961.93614426654,304.7800873865199,837.1274346099447,-532.3473472234248,-0.0071810716944367,-0.0017557946132598,0.0101193697703665,Bear,True,False,False,164.8612309,-0.00045873224214286267,-0.006422251390000078,14.0,6.0,6.0,2.0,0.9981515685714285
2025-02-06,110301.16,112053.96,112234.15,109405.54,-1.46,42.43513147278178,112810.47681139874,112764.8416150616,45.63519633712713,678.8289869553812,-633.1937906182541,-0.0145996734901869,-0.0016653663851746,0.0099887800926126,Bear,True,False,False,164.8612309,-0.12825328765697497,-2.6513851125719996,18.0,6.0,9.0,3.0,0.9885861791249999
2025-02-07,110322.94,110575.28,110905.09,109686.53,0.02,42.514389822541496,112427.7788404143,112583.96001394594,-156.1811735316296,511.826954857979,-668.0081283896086,0.0001974593920861,-0.000993986462257,0.009614818496593,Bear,True,False,False,164.8612309,0.2211651718631111,1.990486546768,9.0,4.0,2.0,3.0,0.9987933577777777
2025-02-10,111377.97,110610.81,111622.72,109948.57,0.96,46.36663707874743,112266.26978804288,112494.6274203203,-228.35763227743155,363.79003743089686,-592.1476697083284,0.0095631062768994,-0.0007861788970367,0.0098035075245517,Bear,True,False,False,164.8612309,0.1508990927098186,4.794801227005,35.0,17.0,12.0,6.0,0.9931393761861472
2025-02-11,113010.38,111834.21,113233.41,111834.21,1.47,51.75387959146492,112380.74828219012,112532.8313151114,-152.08303292127675,260.61542336046216,-412.6984562817389,0.0146564890705047,-0.0004872588663016,0.0101907672600693,Bear,True,False,False,164.8612309,0.1555716613349231,2.022431597354,13.0,6.0,4.0,3.0,0.9985750546153846
2025-02-12,112924.94,113302.68,113436.72,112621.14,-0.08,51.46251339356433,112464.4700849301,112561.87640288092,-97.406317950823,189.0110750982052,-286.41739304902814,-0.000756036746359,-0.0007763562032455,0.0101078100988854,Bear,True,False,False,164.8612309,0.21658777263525,2.599053271623,12.0,6.0,3.0,3.0,0.9661731558333333
2025-02-13,112564.08,113023.24,113477.71,112540.12,-0.32,50.17761594328906,112479.79468724856,112562.03963229716,-82.24494504860195,134.75987106884375,-217.0048161174457,-0.0031955739803802,-0.0008017930922066,0.0101135095033999,Bear,True,False,False,164.8612309,0.1577779691206154,2.051113598568,13.0,6.0,4.0,3.0,0.9973481630769231
2025-02-14,112085.3,113070.07,113482.13,111861.56,-0.43,48.44920860812493,112419.10319690262,112526.72558546031,-107.62238855770556,86.28341914353389,-193.90580770123944,-0.0042533994858751,-0.0007266924591999,0.0100803113409962,Bear,True,False,False,164.8612309,-0.4467315063073,-4.467315063073,10.0,2.0,7.0,1.0,0.9730387220000001
2025-02-17,111743.53,112283.82,112524.81,111513.67,-0.3,47.19936729514788,112315.1688589176,112468.71109764844,-153.54223873084993,38.318287568657134,-191.86052629950703,-0.0030491955680183,-0.0015095901788138,0.0095860151450634,Bear,True,False,False,164.8612309,0.06282200851756754,1.8018052013989998,33.0,12.0,11.0,10.0,0.9910421731502526
2025-02-18,113088.48,112023.31,113252.55,111642.02,1.2,52.40297859815069,112434.13980369952,112514.61990523004,-80.48010153054202,14.558609748817304,-95.03871127935932,0.0120360436080728,-0.0011562176268162,0.0099603475437196,Bear,True,False,False,164.8612309,0.15551811297107693,2.021735468624,13.0,6.0,4.0,3.0,0.9983989230769231
2025-02-19,113342.44,113465.7,114029.76,113060.26,0.22,53.33810845657229,112573.87829543804,112575.93991225005,-2.0616168120031944,11.234564436653203,-13.2961812486564,0.0022456752447288,-0.0006975351218479,0.0098915536575596,Bear,True,False,False,164.8612309,0.5932373918678,5.9323739186780005,10.0,7.0,1.0,2.0,0.9959477720000001
2025-02-20,113739.16,113601.96,114202.14,113525.9,0.35,54.831026043337,112753.1524038322,112662.10436319448,91.0480406377028,27.197259676863123,63.85078096083967,0.0035001893377273,0.0001723581811942,0.0094235335495172,Bear,True,False,False,164.8612309,-0.07641490123953848,-0.9933937161140003,13.0,5.0,6.0,2.0,0.9992703407692307
2025-02-21,112800.93,114441.59,114444.01,112813.87,-0.82,50.69970601185249,112760.50280324263,112672.3877436986,88.11505954402674,39.38081965029585,48.73423989373089,-0.0082489619230528,-0.0005020530802117,0.0095239454462293,Bear,True,False,False,164.8612309,-0.004410354872555542,-0.039693193852999874,9.0,4.0,4.0,1.0,0.9965992911111111
2025-02-24,114330.1,112700.1,114573.68,111857.34,1.36,56.45809535381853,113001.97929505144,112795.18124416536,206.79805088607827,72.86426589745234,133.93378498862592,0.0135563598633452,-0.0001937178699009,0.0098858316905146,Bear,True,False,False,164.8612309,0.1255271104892071,5.050916938357,38.0,17.0,12.0,9.0,0.9964286506060606
2025-02-25,114528.09,114900.47,115889.6,114178.56,0.17,57.155869730287336,113236.76555735125,112923.54485570868,313.22070164255274,120.93555304647242,192.28514859608032,0.0017317399355025,0.000484862597654,0.0095027109953633,Bear,True,False,False,164.8612309,0.30757756256,3.99850831328,13.0,7.0,3.0,3.0,0.9993825146153846
2025-02-26,113862.33,114580.4,114762.93,113849.93,-0.58,54.02093285329728,113333.00624083566,112993.08449602655,339.92174480909307,164.73279139899654,175.18895341009653,-0.0058130717101804,0.0008504615667538,0.0090829214600626,Bull,False,True,False,164.8612309,0.49893433849179997,4.989343384918,10.0,7.0,2.0,1.0,0.9984847699999999
2025-02-27,113784.31,114045.13,114456.92,113729.53,-0.07,53.64956262933947,113402.4375883994,113051.69379261718,350.7437957822258,201.9349922756424,148.8088035065834,-0.0006852134503132,0.0010585459157126,0.0089927519494424,Bull,False,True,False,164.8612309,-0.38400413447638465,-4.992053748193,13.0,1.0,6.0,6.0,0.9993842561538462
2025-02-28,113251.67,113890.68,114265.97,113201.84,-0.47,51.06843169245128,113379.2425747995,113066.50684501592,312.73572978358425,224.0951397772308,88.64059000635345,-0.004681137496022,5.353168753985949e-05,0.0084075097793621,Bear,True,False,False,164.8612309,-0.1414523873576667,-0.8487143241460001,6.0,2.0,3.0,1.0,0.9868789283333333
2025-03-03,111986.89,113498.58,113591.83,111829.15,-1.12,45.473805831587725,113165.0344863688,112986.5352268666,178.4992595022195,214.97596372222853,-36.47670422000903,-0.0111678706371394,-0.0009683206240327,0.0084702150836231,Bear,True,False,False,181.6874007,-0.12472689303604578,-4.586317108139999,35.0,11.0,16.0,8.0,0.9947886245387206
2025-03-04,112743.8,112106.68,112877.02,111717.17,0.68,49.06971390099458,113100.2291807736,112968.55483969128,131.67434108232555,198.31563919424795,-66.6412981119224,0.006758916155275,3.0738635108895626e-05,0.0081199393191782,Bear,True,False,False,181.6874007,-0.07697446606692308,-1.00066805887,13.0,6.0,7.0,0.0,0.999118536923077
2025-03-05,112253.76,112952.94,113327.12,112146.1,-0.43,46.91263897727272,112970.00315296228,112915.60707378824,54.39607917405374,169.5317271902091,-115.13564801615536,-0.0043464917804793,0.0001724676308067,0.0080114492811783,Bear,True,False,False,181.6874007,0.06463112871046667,0.969466930657,15.0,7.0,6.0,2.0,0.9979868586666666
2025-03-06,113713.18,112506.52,113871.22,112446.01,1.3,53.47250303555072,113084.33805250651,112974.68654980393,109.65150270261802,157.55568229269088,-47.90417959007286,0.0130010789839021,0.0015525052545112,0.0077042370816884,Bull,False,True,False,181.6874007,-0.4983021579772857,-6.976230211682,14.0,2.0,9.0,3.0,0.9988618478571428
2025-03-07,114398.7,114169.2,114721.58,114169.2,0.6,56.20970055068043,113286.54758289014,113080.16902759622,206.3785552939225,167.3202568929372,39.058298400985336,0.006028500829895,0.0018440573264016,0.0077603867446203,Bull,False,True,False,181.6874007,0.38756124662,3.48805121958,9.0,7.0,2.0,0.0,0.91559116
2025-03-10,114356.34,114432.8,115048.42,114152.31,-0.04,55.99050519971485,113451.13103167628,113174.70021073724,276.4308209390292,189.1423697021556,87.28845123687361,-0.0003702839280516,0.0013473878161541,0.007555529256387,Bull,False,True,False,181.6874007,0.23035938144019444,5.9309100324749995,29.0,16.0,9.0,4.0,0.9607291238492063
2025-03-11,114177.66,114180.1,114486.2,113610.31,-0.16,55.01593474956042,113562.90471911068,113248.9935284604,313.91119065028033,214.09613389178057,99.81505675849976,-0.0015624844236882,0.0005364391414444,0.0068932340959572,Bull,False,True,False,181.6874007,-0.18167569876154546,-1.9984326863770001,11.0,3.0,5.0,3.0,0.9994059063636364
2025-03-12,114084.54,114503.4,114661.89,114001.5,-0.08,54.483683097645454,113643.15630078597,113310.88585968556,332.27044110039424,237.7309953335033,94.53944576689094,-0.0008155711020878,0.000533462423658,0.0068938344318168,Bull,False,True,False,181.6874007,-0.09471915958592309,-1.2313490746170002,13.0,4.0,5.0,4.0,0.9904232523076922
2025-03-13,115094.24,114429.93,115247.4,114429.93,0.89,59.10372912993439,113866.39994681888,113442.98616637551,423.4137804433704,274.86755235547673,148.5462280878936,0.0088504542333256,0.0011357638343433,0.007074734180485,Bull,False,True,False,181.6874007,0.2596351160037143,3.634891624052,14.0,8.0,4.0,2.0,0.9835192607142857
2025-03-14,115536.17,115705.29,115730.98,115162.69,0.38,60.971020940425454,114123.28764730829,113598.03682071809,525.2508265902143,324.94420720242425,200.30661938779,0.0038397229956945,0.0015404199584218,0.006981097761079,Bull,False,True,False,181.6874007,-0.24836402806125,-1.98691222449,8.0,3.0,5.0,0.0,0.9984322575
2025-03-17,116199.59,116012.73,116626.83,115883.22,0.57,63.65392855982346,114442.71877849165,113790.74446362784,651.9743148637936,390.3502287346981,261.6240861290954,0.0057420979075211,0.0019799846321987,0.0069536207073947,Bull,False,True,False,181.6874007,0.0813339057017843,1.043882452969,40.0,17.0,15.0,8.0,0.9880237557765329
2025-03-18,117001.09,116657.45,117202.1,116490.82,0.69,66.63775428966818,114836.31435103138,114028.54783669244,807.7665143389313,473.8334858555448,333.9330284833865,0.0068976146989847,0.0017230631867443,0.0066508510285237,Bull,False,True,False,181.6874007,0.124542633039625,0.996341064317,8.0,4.0,3.0,1.0,0.9989054937499999
2025-03-19,117974.03,117198.36,118243.63,116882.8,0.83,69.87119633606461,115319.0398354881,114320.80577471523,998.2340607728692,578.7136008390097,419.5204599338596,0.0083156490251501,0.0020265618757654,0.0068124862308215,Bull,False,True,False,181.6874007,0.30746379032599996,3.997029274238,13.0,7.0,3.0,3.0,0.9995804269230769
2025-03-20,118769.77,118525.01,119421.81,118444.04,0.67,72.24085455607523,115849.92139925915,114650.35868029189,1199.5627189672814,702.8834244646641,496.67929450261727,0.0067450438032845,0.0021888045990432,0.0068876527360505,Bull,False,True,False,181.6874007,0.18161099139145453,1.9977209053059999,11.0,6.0,4.0,1.0,0.9994177627272727
2025-03-21,118442.18,119078.91,119405.92,118334.4,-0.28,69.80671672620619,116248.73041475777,114931.2343336036,1317.4960811541532,825.805955802562,491.6901253515912,-0.0027581934359224,0.0024633430233998,0.0065509092847974,Bull,False,True,False,181.6874007,0.07420139946653846,0.964618193065,13.0,6.0,5.0,2.0,0.9964772623076923
2025-03-24,116439.62,118797.7,118797.7,116257.52,-1.69,57.13336043414322,116278.09804325656,115042.96660518851,1235.1314380680417,907.671052255658,327.4603858123835,-0.0169074902201226,0.0009401505192264,0.0073310647124229,Bull,False,True,False,181.6874007,0.13423621560348695,1.6731595124169996,34.0,15.0,14.0,5.0,0.9852197837009804
2025-03-25,116633.17,116375.71,116904.55,115877.88,0.17,57.9283767169209,116332.72449814016,115160.75944924862,1171.9650488915358,960.5298515828335,211.4351973087023,0.0016622348990833,0.0009366752674054,0.0073306861782548,Bull,False,True,False,181.6874007,0.62525977181125,5.00207817449,8.0,6.0,1.0,1.0,0.99881628
2025-03-26,117772.31,117935.8,118220.88,117178.23,0.98,62.35372270425759,116554.19919073398,115354.20763819315,1199.9915525408142,1008.4221917744296,191.5693607663844,0.0097668613482768,0.0017156719203283,0.007403116780658,Bull,False,True,False,181.6874007,0.21378392323485715,2.9929749252880002,14.0,8.0,5.0,1.0,0.9992617464285714
2025-03-27,117806.75,118037.7,118147.25,117551.42,0.03,62.48221169400719,116746.89931523646,115535.87744277144,1211.021872465004,1048.9421279125447,162.07974455245926,0.0002924286702026,0.0017645540263541,0.0073896449771336,Bull,False,True,False,181.6874007,0.4997008687128,4.997008687128,10.0,7.0,2.0,1.0,0.999467007
2025-04-03,118938.11,117873.59,119179.46,117508.07,0.96,66.52421785366008,117084.00865135391,115787.89466923282,1296.113982121111,1098.376498754258,197.73748336685296,0.0096035244160457,0.0024787871219575,0.0074241077583532,Bull,False,True,False,203.5403948,0.07617763971457958,9.111981891205,58.0,28.0,18.0,12.0,0.9916380602226346
2025-04-04,118791.66,119155.22,120796.67,118718.26,-0.12,65.53989242164484,117346.72424345333,116010.3958048452,1336.3284386081214,1145.9668867250307,190.36155188309067,-0.0012313126549597,0.0029756150210664,0.0067661189889473,Bull,False,True,False,203.5403948,-0.09042166959871431,-1.2659033743820003,14.0,5.0,6.0,3.0,0.9898656957142856
2025-04-07,114909.49,117601.62,117601.62,110103.98,-3.27,46.07682360928213,116971.76512907588,115928.84722670852,1042.9179023673496,1125.3570898534945,-82.43918748614487,-0.0326804928898206,0.0010036445688117,0.0103849543796192,Bull,False,True,False,203.5403948,-0.21817113672921754,-6.573794501939,40.0,15.0,22.0,3.0,0.9912091793488456
2025-04-08,115532.43,115800.77,116692.29,115560.91,0.54,48.70893153405655,116750.3289553719,115899.48298769307,850.8459676788189,1070.4548654185594,-219.6088977397405,0.0054211362351359,0.0014920259695924,0.0103497221363213,Bull,False,True,False,203.5403948,5.403746000001708e-05,0.000648449520000205,12.0,5.0,5.0,2.0,0.9994606666666667
2025-04-09,114153.16,115092.12,115092.12,112891.49,-1.19,43.63074541766719,116350.7645006993,115770.12572934544,580.638771353857,972.491646605619,-391.8528752517621,-0.0119383795528232,0.0002450530427561,0.010392398232127,Bear,True,False,False,203.5403948,0.502788006423625,8.044608102778,16.0,11.0,3.0,2.0,0.99685762625
2025-04-10,116189.21,117094.15,117484.17,116130.9,1.78,51.6450331838756,116325.90996213016,115801.1690086532,524.7409534769831,882.941507979892,-358.20055450290886,0.0178361247292673,0.0008354342377248,0.0110526572536181,Bull,False,True,False,203.5403948,0.2855821531592857,3.99815014423,14.0,9.0,5.0,0.0,0.9994089721428571
2025-04-11,114853.33,115937.38,115937.38,114639.92,-1.15,46.930472208503474,116099.35919872552,115730.95871171592,368.4004870096105,780.0333037858358,-411.6328167762253,-0.0114974531628195,0.0002790757759864,0.0113914073700391,Bear,True,False,False,203.5403948,0.09290432894818182,1.02194761843,11.0,6.0,5.0,0.0,0.9983742127272727
2025-04-14,116390.04,115448.73,116494.2,115246.21,1.34,52.32231263508471,116144.07932199852,115779.7795478851,364.2997741134168,696.886597851352,-332.5868237379352,0.0133797600818363,0.0010261880012626,0.011748666502837,Bull,False,True,False,203.5403948,-0.02802568740497084,-5.078897588690001,36.0,13.0,18.0,5.0,0.9977105896498598
2025-04-15,116775.5,116739.03,117362.23,116645.69,0.33,53.59587574658112,116241.22096476796,115853.53661841214,387.6843463558325,635.0461475522482,-247.36180119641563,0.0033117954079233,0.0012325563267632,0.0117508617695403,Bull,False,True,False,203.5403948,0.33186080716983335,3.982329686038,12.0,7.0,3.0,2.0,0.9979511866666666
2025-04-16,116020.11,117187.51,117424.04,115776.12,-0.65,50.7356823915359,116207.2038932652,115865.87538741864,341.3285058465699,576.3026192111125,-234.97411336454263,-0.0064687370210361,0.0004665967640451,0.0117274216753764,Bear,True,False,False,203.5403948,0.2166997571276923,2.81709684266,13.0,8.0,5.0,0.0,0.9921037715384616
2025-04-17,116901.13,116073.7,117216.03,115818.07,0.76,53.83038882898342,116313.9617558398,115942.56091427652,371.40084156327066,535.3222636815442,-163.92142211827354,0.0075936835433099,0.0006542947914258,0.0118139719651743,Bear,True,False,False,203.5403948,-0.0592069385419412,-1.0065179552130004,17.0,7.0,8.0,2.0,0.9991126764705882
2025-04-18,117315.59,117360.6,117888.13,116759.07,0.35,55.25441736719158,116468.05840878752,116044.26677247824,423.7916363092663,513.0161382070887,-89.22450189782239,0.0035453891677521,0.0005444593544374,0.0117743256549889,Bear,True,False,False,203.5403948,0.200619546155,2.00619546155,10.0,6.0,4.0,0.0,0.9936298239999999
2025-04-21,118383.38,117712.7,118827.47,117712.7,0.91,58.78170150854678,116762.72326897403,116217.53441896134,545.1888500127097,519.4506805682129,25.73816944449686,0.0091018593521969,0.000654671587098,0.0118470154472273,Bear,True,False,False,203.5403948,0.23844542754731712,8.116295362653,40.0,21.0,13.0,6.0,0.9861799423611112
2025-04-22,118430.35,118546.17,119217.19,118161.68,0.04,58.93505051465233,117019.28122759344,116381.44668422344,637.8345433699724,543.1274531285649,94.70709024140751,0.0003967617751747,0.0002587272245992,0.0117090253730119,Bear,True,False,False,203.5403948,0.13343780333933328,2.0015670500899994,15.0,8.0,6.0,1.0,0.9988482633333333
2025-04-23,117226.15,118422.67,118811.24,117120.39,-1.02,53.445178916244686,117051.10719257905,116444.0173002069,607.0898923721397,555.9199409772799,51.16995139485982,-0.0101680016988889,-0.0005869250505094,0.0118260774437545,Bear,True,False,False,203.5403948,0.08411736001016668,1.009408320122,12.0,5.0,4.0,3.0,0.9990426658333332
2025-04-24,115019.82,115269.3,116568.14,114661.2,-1.88,45.147142680055374,116738.6014706438,116338.52120389527,400.0802667485259,524.7520061315291,-124.67173938300324,-0.018821141869796,-0.001390072472203,0.0125071293088124,Bear,True,False,False,203.5403948,-0.42983998603714285,-6.01775980452,14.0,3.0,9.0,2.0,0.9975479621428571
2025-04-25,115469.35,115099.65,115844.89,113716.6,0.39,46.95427548862908,116543.33201362168,116274.13815175489,269.19386186679185,473.6403772785817,-204.44651541178985,0.003908282937671,-0.0003492838143133,0.0120038478113386,Bear,True,False,False,203.5403948,0.00011864188477777531,0.0010677769629999778,9.0,4.0,4.0,1.0,0.9994212199999999
2025-04-28,114063.9,116305.7,116658.95,113867.81,-1.22,42.26590045850124,116161.88093460296,116110.41680718045,51.46412742251414,389.2051273073682,-337.7409998848541,-0.0121716282286166,-0.0010409769706983,0.0122772955078235,Bear,True,False,False,203.5403948,0.0253083002369142,-1.020523347387,43.0,18.0,19.0,6.0,0.9987804315947714
2025-04-29,114872.18,113869.98,115040.59,112935.57,0.71,45.62831393428538,115963.46540620252,116018.69556220411,-55.23015600160579,300.3180706455734,-355.5482266471792,0.007086203435092,-0.0011750098663576,0.0121672340640513,Bear,True,False,False,203.5403948,0.399680332369,3.99680332369,10.0,7.0,3.0,0.0,0.999436781
2025-04-30,111326.58,114066.13,114066.13,110631.84,-3.09,35.7833824084788,115250.09842063289,115671.13144648528,-421.0330258524045,156.04785134597782,-577.0808771983824,-0.0308656108032422,-0.0027329118400298,0.0138480995229673,Bear,True,False,False,203.5403948,-0.1549679384170769,-2.014583199422,13.0,4.0,6.0,3.0,0.9977707684615384
2025-05-02,114113.94,112820.08,114546.88,112820.08,2.5,45.70198017980462,115075.3048174586,115555.78393193084,-480.4791144722258,28.742458182337103,-509.22157265456286,0.025037686417745,-0.0019612037399449,0.014957369505262,Bear,True,False,False,181.0281652,0.12815294393107693,5.046531175148,20.0,11.0,6.0,3.0,0.9903673747802197
2025-05-05,114102.24,114385.61,114552.21,113077.67,-0.01,45.67009328475662,114925.60253784958,115448.11401104706,-522.5114731974754,-81.50832809362541,-441.00314510385,-0.0001025291038062,-0.0019047645623872,0.0149623973779425,Bear,True,False,False,181.0281652,-0.38580377688315554,-12.476800535714,34.0,7.0,19.0,8.0,0.9800379914074074
2025-05-06,113568.51,114392.83,115093.11,113418.52,-0.47,44.156556943557874,114716.81907048813,115308.88408430284,-592.0650138147321,-183.6196652378468,-408.44534857688535,-0.004677646994485,-0.0005046222676204,0.0131287727902859,Bear,True,False,False,181.0281652,7.491323571430706e-05,0.0005243926500001495,7.0,3.0,3.0,1.0,0.9994250357142856
2025-05-07,110009.03,107007.68,112457.38,107007.68,-3.13,35.66712415959002,113992.54382887456,114916.3023002804,-923.7584714058612,-331.64742647144965,-592.1110449344116,-0.0313421387671635,-0.0023427860177354,0.0147312587720662,Bear,True,False,False,181.0281652,0.21827516458333332,1.96447648125,9.0,5.0,3.0,1.0,0.9944993655555555
2025-05-08,103526.82,110842.45,111881.03,101598.91,-5.89,25.90101657413011,112382.43247058617,114072.63694470408,-1690.2044741179416,-603.3588360007482,-1086.8456381171934,-0.0589243446651606,-0.0046920842733522,0.0193611154433264,Bear,True,False,False,181.0281652,0.28538879080714286,1.99772153565,7.0,4.0,2.0,1.0,0.9992931757142857
2025-05-09,107174.64,103949.69,107541.45,102420.82,3.52,36.44694521130053,111581.23362895752,113561.67420805934,-1980.4405791018216,-878.7751846209629,-1101.6653944808586,0.0352355070888876,-0.0038221151553712,0.020766570376431,Sideways,False,False,True,181.0281652,0.5288711084787272,5.8175821932659995,11.0,8.0,2.0,1.0,0.9914353427272729
2025-05-12,117297.73,117104.12,117327.78,115794.37,9.45,55.412026051799465,112460.6946091179,113838.41908153644,-1377.724472418529,-978.5650421804764,-399.159430238053,0.0944541544529564,0.0014754652254175,0.0301153795781349,Sideways,False,False,True,181.0281652,-0.052195420955651856,-3.009916361871,33.0,13.0,16.0,4.0,0.999219140888889
2025-05-13,118575.89,120067.12,120067.12,116859.93,1.09,57.15070253937313,113401.49390002283,114189.34285327447,-787.8489532516251,-940.421824394706,152.572871143081,0.0108967155630377,0.0013513129994775,0.0300688027713627,Sideways,False,False,True,181.0281652,0.7701834209644445,6.93165078868,9.0,8.0,1.0,0.0,0.9927723377777777
2025-05-14,118536.53,118950.61,119460.54,118148.65,-0.03,57.076892419091386,114191.49945386549,114511.35671599489,-319.8572621294006,-816.308911941645,496.45164981224434,-0.0003319393175121,0.0011691262632058,0.0300673376807095,Sideways,False,False,True,181.0281652,0.16569804491749998,1.9883765390099999,12.0,7.0,5.0,0.0,0.9989961458333333
2025-05-15,119961.91,118871.13,119990.3,118871.13,1.2,59.135171565258496,115079.25492250155,114915.10140369897,164.15351880260278,-620.2164257927955,784.3699445953982,0.0120248163161178,0.0020938039300635,0.0301044319032535,Sideways,False,False,True,181.0281652,-0.05740536196966666,-0.861080429545,15.0,5.0,6.0,4.0,0.9940657233333333
2025-05-16,119649.14,120292.95,120506.18,119541.15,-0.26,58.47258213687424,115782.31416519365,115265.7709293509,516.5432358427352,-392.86449346568935,909.4077293084245,-0.0026072442494455,0.0015837575404257,0.0300927581915869,Sideways,False,False,True,181.0281652,0.09742529144960001,0.974252914496,10.0,5.0,4.0,1.0,0.9969225080000002
2025-05-19,119689.63,120164.33,120285.55,119250.68,0.03,58.53735052090458,116383.43967824076,115593.46419384342,789.9754843973496,-156.29649789308155,946.2719822904312,0.0003384061097304,0.0014234083875246,0.0300902996088851,Sideways,False,False,True,181.0281652,0.1459487134283988,2.723196054268,38.0,17.0,15.0,6.0,0.9890606571726192
2025-05-20,118971.13,119891.17,119900.38,118527.09,-0.6,56.84313053490549,116781.54588158836,115843.66166096611,937.884220622218,62.53964580997835,875.3445748122397,-0.0060030263273435,0.0006681641035476,0.0300769906155631,Sideways,False,False,True,181.0281652,-0.11271953159777778,-1.01447578438,9.0,4.0,5.0,0.0,0.9972485466666667
2025-05-21,119931.46,119239.34,120106.21,119128.39,0.81,58.56912443779121,117266.14805365168,116146.4615379316,1119.686515720081,273.9690197919989,845.717495928082,0.0080719582977819,0.0010519239296779,0.0301222762493915,Sideways,False,False,True,181.0281652,0.22201789025111113,1.9981610122600002,9.0,5.0,3.0,1.0,0.9994314722222223
2025-05-22,119153.04,120234.81,120699.18,119062.03,-0.65,56.59336962205072,117556.43912232063,116369.17105364036,1187.2680686802778,456.6288295696547,730.6392391106231,-0.0064905405137235,0.0012357969889362,0.0300613450474538,Sideways,False,False,True,181.0281652,0.11085125264633333,0.997661273817,9.0,4.0,3.0,2.0,0.9990735577777777
2025-05-23,119102.67,119214.78,119542.52,118665.26,-0.04,56.46064460248581,117794.32079580978,116571.65245707442,1222.668338735355,609.8367314027948,612.8316073325602,-0.0004227336541308,0.0021557173997195,0.0296945411529911,Sideways,False,False,True,181.0281652,0.0837105993941818,0.9208165933359997,11.0,5.0,4.0,2.0,0.9925478218181819
2025-05-26,118221.12,119211.88,119290.94,118150.28,-0.74,54.07058887761486,117859.98221183904,116693.83523803188,1166.1469738071755,721.098779883671,445.0481939235045,-0.0074015972941664,0.0015902233881276,0.0297670117837083,Sideways,False,False,True,181.0281652,0.12561171647962302,4.849949991378001,39.0,20.0,15.0,4.0,0.9974603667055167
2025-05-27,118332.91,118533.7,118807.92,118143.68,0.09,54.33458061543279,117932.74033309458,116815.24818336286,1117.4921497317264,800.3774538532821,317.1146958784443,0.0009456009213921,0.002246084845628,0.0295918273864075,Sideways,False,False,True,181.0281652,0.42792628827,2.99548401789,7.0,5.0,2.0,0.0,0.9992001671428571
2025-05-29,118971.41,118512.41,119639.47,118481.98,0.54,55.89391965074657,118092.53566646464,116974.96387348411,1117.5717929805105,863.8163216787277,253.7554713017828,0.0053957939511501,0.0021615643714309,0.0295796869832821,Sideways,False,False,True,181.0281652,0.15403136957152225,3.299389324877,24.0,12.0,8.0,4.0,0.9855168973333335
2025-05-30,119691.09,119138.77,119913.88,118771.84,0.6,57.64932203121013,118338.46710239316,117176.1584013742,1162.308701018963,923.5147975467748,238.79390347218805,0.0060491844217025,0.0040073041326782,0.0285439494398428,Sideways,False,False,True,181.0281652,-0.0011058242599166674,-0.01326989111900001,12.0,4.0,4.0,4.0,0.99857191
2025-06-02,118877.81,120211.57,120590.77,118672.84,-0.68,54.986046753812445,118421.44293279422,117302.20666793908,1119.2362648551498,962.65909100845,156.5771738466999,-0.0067948249113614,0.0024156785662229,0.0281949300377268,Sideways,False,False,True,214.9477235,0.09446798767499782,3.9857264514079995,36.0,15.0,11.0,10.0,0.9992940153594772
2025-06-03,120450.87,119129.52,120693.83,119129.52,1.32,58.93750225327429,118733.6624815951,117535.44098883247,1198.2214927626335,1009.7715713592868,188.44992140334705,0.0132325788976093,0.0030824339662936,0.0282897603052609,Sideways,False,False,True,214.9477235,-0.08689210102579999,-0.8689210102579998,10.0,3.0,4.0,3.0,0.986032274
2025-06-04,121798.87,120954.38,121882.48,120896.13,1.12,62.01469595247692,119205.23286904204,117851.25054521524,1353.9823238267709,1078.6137218527836,275.3686019739873,0.0111912848782245,0.0038758805599291,0.0282831953836719,Sideways,False,False,True,214.9477235,0.11108676700844443,0.9997809030759999,9.0,4.0,3.0,2.0,0.999548298888889
2025-06-05,121641.0,122106.82,122281.58,121517.9,-0.13,61.43404786046301,119579.9662738048,118131.97272705116,1447.9935467536416,1152.4896868329552,295.5038599206864,-0.0012961532401737,0.0053781798362786,0.027086748233174,Sideways,False,False,True,214.9477235,0.05190235067330769,0.6747305587529999,13.0,5.0,5.0,3.0,0.9734002792307692
2025-06-10,122024.44,122152.23,122611.53,121589.9,0.32,62.3559756801288,119956.0391547579,118420.30363615848,1535.7355185994384,1229.1388531862517,306.59666541318666,0.0031522266341119,0.0084820084012422,0.0224986687820063,Sideways,False,False,True,214.9477235,0.24733217275065664,9.592016346141,50.0,23.0,13.0,14.0,0.9919591280690476
2025-06-11,124352.68,123290.25,124588.17,123237.99,1.91,67.44490929649979,120632.4454386413,118859.73892236895,1772.7065162723447,1337.8523858034705,434.8541304688743,0.0190801121480252,0.0076742386541991,0.0217656563299533,Sideways,False,False,True,214.9477235,0.6599671540168421,12.53937592632,19.0,16.0,3.0,0.0,0.9875395978947368
2025-06-12,124093.12,124807.1,126718.28,123846.56,-0.21,66.36774364617847,121164.85690961956,119247.39677997126,1917.4601296483013,1453.7739345724367,463.6861950758648,-0.0020872891521115,0.0028471664739457,0.0076076597010255,Bull,False,True,False,214.9477235,-0.07356563233893333,-1.103484485084,15.0,6.0,7.0,2.0,0.9831521139999999
2025-06-13,122143.57,122679.01,123058.06,121604.6,-1.57,58.77486812475602,121315.42815429348,119461.928129603,1853.500024690468,1533.719152596043,319.78087209442447,-0.0157103794311883,0.0015168117242344,0.0084100304483065,Bull,False,True,False,214.9477235,-0.13604295086125,-1.08834360689,8.0,3.0,4.0,1.0,0.987974115
2025-06-16,122225.36,122168.26,122903.34,121889.96,0.07,58.98686172138351,121455.41766901757,119666.62678666944,1788.790882348112,1584.7334985464568,204.0573838016553,0.0006696218229087,0.0015668897812555,0.0084014200703342,Bull,False,True,False,214.9477235,-0.09830785134913572,-6.325873403421,44.0,11.0,18.0,15.0,0.9909562823571428
2025-06-17,121971.04,122367.28,122891.61,121815.39,-0.21,57.98832002042091,121534.74418147642,119837.32406173098,1697.4201197454386,1607.2708227862531,90.14929695918543,-0.0020807465815605,0.0008616116363715,0.0080625254080703,Bull,False,True,False,214.9477235,0.12381340435687499,1.9810144697099998,16.0,9.0,7.0,0.0,0.998585190625
2025-06-18,120465.93,121857.97,121905.5,120418.0,-1.23,52.34120020640302,121370.31123048005,119883.88746456572,1486.4237659143257,1583.1014114118675,-96.67764549754224,-0.0123398964213143,0.0003749790277781,0.0085612118887747,Bull,False,True,False,214.9477235,0.07531316386142857,1.05438429406,14.0,7.0,6.0,1.0,0.9971143235714285
2025-06-19,120002.59,121103.35,121745.3,119770.03,-0.38,50.70420762268903,121159.89257963696,119892.68024496826,1267.2123346687004,1519.9235960632343,-252.71126139453412,-0.0038462327066249,0.0001657470869603,0.0086131306183079,Bear,True,False,False,214.9477235,0.08946395402928574,1.2524953564100003,14.0,7.0,5.0,2.0,0.9625650635714286
2025-06-20,120023.24,120234.96,120828.86,119872.16,0.02,50.77809434539736,120985.02295200052,119902.35133793358,1082.6716140669305,1432.4731996639737,-349.8015855970432,0.0001720796192816,0.0004745023842916,0.0084901616124472,Bull,False,True,False,214.9477235,0.08326093491083335,0.9991312189300002,12.0,6.0,5.0,1.0,0.9994639708333333
2025-06-23,116167.47,118272.0,118798.52,115887.49,-3.21,39.01828094558415,120243.86095938504,119625.6934610496,618.1674983354314,1269.6120593982653,-651.4445610628338,-0.0321251950872181,-0.0015353552849583,0.010987558566439,Bear,True,False,False,214.9477235,-0.11369456495605025,-3.7841233678469997,33.0,13.0,17.0,3.0,0.9952362051693123
2025-06-24,122246.64,120499.53,122725.21,120369.54,5.23,56.22983450970146,120551.98081178736,119819.83764912002,732.1431626673293,1162.118280052078,-429.9751173847487,0.0523310871795692,0.0014057260997062,0.0162186426044327,Bear,True,False,False,214.9477235,-0.4158273747463333,-4.989928496956,12.0,3.0,8.0,1.0,0.9980522266666667
2025-06-25,122761.64,122753.01,123256.55,122168.76,0.42,57.328599790519576,120891.92837920468,120037.7489343704,854.1794448342844,1100.5305130085194,-246.35106817423505,0.0042127947238468,0.0016375025186051,0.0162242588894048,Bull,False,True,False,214.9477235,0.47393421083125,3.79147368665,8.0,6.0,2.0,0.0,0.9864975325
2025-06-26,122046.46,123031.82,123417.87,122142.43,-0.58,55.25423503337824,121069.5486285578,120186.54234663924,883.006281918555,1057.0256667905269,-174.01938487197162,-0.0058257612068394,0.0017162943229715,0.0161818217872625,Bull,False,True,False,214.9477235,0.5995504424419,5.995504424419,10.0,7.0,1.0,2.0,0.999589604
2025-06-27,124379.07,122229.42,125285.05,122222.7,1.91,60.299883889868,121578.70576262585,120497.0999505919,1081.605812033944,1061.94169583921,19.66411619473388,0.0191124756916341,0.0026246380614835,0.0166396912320892,Bull,False,True,False,214.9477235,-0.26104933777909084,-2.8715427155699995,11.0,4.0,7.0,0.0,0.9880876909090909
2025-06-30,125627.31,124884.07,125748.59,124500.21,1.0,62.72233192104119,122201.5679529911,120877.11550980732,1324.452443183778,1114.4438453081236,210.0085978756545,0.0100357720957391,0.002856636968713,0.0167125485387411,Bull,False,True,False,214.9477235,0.2568866259837857,5.686632938714,32.0,16.0,10.0,6.0,0.9891024254285714
2025-07-01,128199.43,126114.17,128475.7,126113.28,2.05,67.16800731061484,123124.31596022323,121419.50917574752,1704.8067844757315,1232.5164331416454,472.29035133408615,0.0204742105836699,0.0035778882768114,0.0171627791369732,Bull,False,True,False,147.5905812,0.045670499089090884,0.5023754899799997,11.0,6.0,5.0,0.0,0.9766866081818182
2025-07-02,130344.03,128616.12,130545.95,128616.12,1.67,70.34374800069676,124235.041197112,122080.5847923588,2154.4564047531894,1416.904427463954,737.5519772892353,0.0167286235204009,0.0047540606983995,0.0172204587530474,Bull,False,True,False,147.5905812,0.345706341146,4.839888776044,14.0,9.0,4.0,1.0,0.9938865528571429
2025-07-03,130686.66,130831.28,131325.11,129776.2,0.26,70.82921495867397,125227.59793601785,122718.07184477668,2509.5260912411613,1635.4287602193956,874.0973310217657,0.0026286589420321,0.0042238647006206,0.0171085538770172,Bull,False,True,False,147.5905812,-0.2640254896192,-2.6402548961920003,10.0,3.0,5.0,2.0,0.966990172
2025-07-04,131949.06,130896.03,132129.59,130716.11,0.97,72.60838452890084,126261.66902278432,123401.8487451636,2859.8202776207327,1880.307063699663,979.5132139210696,0.0096597464500201,0.0041472877792104,0.017079128976708,Bull,False,True,False,147.5905812,0.010254605601100008,0.10254605601100009,10.0,4.0,4.0,2.0,0.98878753
2025-07-07,133370.16,132485.75,133862.02,132467.13,1.08,74.49428619542297,127355.28301927904,124140.24217144775,3215.0408478312747,2147.253820525985,1067.7870273052897,0.0107700653570401,0.0047505987090711,0.0170898349852056,Bull,False,True,False,147.5905812,-0.011405841648333323,-0.0024152671599995124,19.0,9.0,9.0,1.0,0.9991914804444445
2025-07-08,133403.19,133746.63,134200.27,132696.36,0.02,74.53816549702289,128285.73024708228,124826.38645504424,3459.3437920380384,2409.671814828396,1049.671977209642,0.0002476565972477,0.0046053702072279,0.0171164534641642,Bull,False,True,False,147.5905812,0.4439091439362778,7.990364590853,18.0,10.0,2.0,6.0,0.999488711111111
2025-07-09,132576.98,133524.94,133566.38,132326.19,-0.62,71.23680308402172,128945.92251676192,125400.50449541133,3545.418021350604,2636.821056132838,908.5969652177664,-0.006193330159496,0.0033416980918518,0.0169234235613202,Bull,False,True,False,147.5905812,0.7135488562619285,9.989683987667,14.0,11.0,1.0,2.0,0.9993984585714285
2025-07-10,133782.34,132773.88,133902.34,132706.03,0.91,73.10811732182154,129689.9867449524,126021.38119945492,3668.605545497456,2843.1779540057614,825.4275914916943,0.0090917744543583,0.0039006512721753,0.0169192881805675,Bull,False,True,False,147.5905812,0.2858627403532857,2.001039182473,7.0,4.0,2.0,1.0,0.9990630300000001
2025-07-11,134299.77,134130.91,134931.95,134130.41,0.39,73.89331816435256,130399.18416880586,126634.5951846805,3764.588984125367,3027.4601600296824,737.1288240956842,0.0038677003257678,0.0048795552600231,0.0162791882611105,Bull,False,True,False,147.5905812,0.42829776799857144,2.99808437599,7.0,5.0,2.0,0.0,0.9995021
2025-07-14,136502.55,134937.44,136841.5,134937.44,1.64,76.97547310631845,131338.1635274511,127365.5548006301,3972.6087268210094,3216.489873387948,756.1188534330622,0.0164019640539965,0.0056661723715775,0.0164443150849346,Bull,False,True,False,147.5905812,0.0925281078463278,0.969142068634,39.0,18.0,17.0,4.0,0.9960217889074073
2025-07-15,135939.88,136840.16,137747.61,135826.41,-0.41,74.55420839113985,132046.11990784324,128000.69000058342,4045.4299072598224,3382.277880162323,663.1520270974993,-0.0041220475368407,0.0055641073238135,0.0165011652281846,Bull,False,True,False,147.5905812,0.24734500032583331,2.96814000391,12.0,7.0,4.0,1.0,0.9970776108333333
2025-07-16,136379.97,136169.64,137232.11,135542.89,0.32,75.21099077952124,132712.86607586738,128621.3774079476,4091.488667919766,3524.120037713812,567.3686302059541,0.0032373869978405,0.0063429714947713,0.0159707105489077,Bull,False,True,False,147.5905812,-0.42539442699350005,-4.253944269935,10.0,2.0,7.0,1.0,0.96140589
2025-07-17,138665.5,136674.98,138943.47,136674.98,1.68,78.33803165749856,133628.6559103493,129365.3864888404,4263.269421508943,3671.949914472839,591.3195070361044,0.0167585459946941,0.0073732104298372,0.0159433945701033,Bull,False,True,False,147.5905812,-0.08327464486816669,-0.9992957384180002,12.0,4.0,5.0,3.0,0.9995147649999999
2025-07-18,138597.36,139600.23,140585.39,138343.73,-0.05,78.02202843392378,134393.07192414172,130049.23637855591,4343.835545585811,3806.3270406954334,537.5085048903775,-0.0004913983651305,0.0073400365306166,0.015959848558735,Bull,False,True,False,147.5905812,0.599643302728,5.99643302728,10.0,8.0,2.0,0.0,0.999410962
2025-07-21,138217.58,139142.17,139201.16,138149.56,-0.27,76.17760423246057,134981.45778196608,130654.29886903326,4327.15891293282,3910.493415142911,416.6654977899093,-0.0027401676337845,0.0088092879032883,0.0132596550160769,Bull,False,True,False,147.5905812,0.10959259204303463,3.045935645363,29.0,14.0,11.0,4.0,0.9974820935930735
2025-07-22,139419.63,138197.81,139901.78,138197.81,0.87,77.95403321423498,135664.25350781746,131303.58265651227,4360.670851305185,4000.528902375366,360.14194892981914,0.0086967952991219,0.0066275733092659,0.0084330759909319,Bull,False,True,False,147.5905812,-0.0009993605150000289,-0.005996163090000173,6.0,3.0,3.0,0.0,0.998731335
2025-07-23,139254.36,139966.08,140202.19,139105.05,-0.12,77.10272210025431,136216.57758353784,131892.52912640024,4324.0484571376,4065.232813327813,258.8156438097867,-0.0011854141342938,0.0063576628663589,0.0085991836422223,Bull,False,True,False,147.5905812,0.16798718972940002,1.679871897294,10.0,4.0,3.0,3.0,0.965539547
2025-07-24,138692.67,139501.61,139867.83,138614.09,-0.4,74.13935230888251,136597.51487837816,132396.24326518542,4201.271613192745,4092.4405733008,108.83103989194478,-0.0040335541379097,0.0064472732198054,0.0084739669307149,Bull,False,True,False,147.5905812,0.21418758404107144,2.998626176575,14.0,8.0,5.0,1.0,0.9994673564285714
2025-07-25,139207.3,138876.06,139436.77,138808.64,0.37,75.08422569685555,136999.0202817046,132900.7659862828,4098.254295421823,4093.6033177250047,4.65097769681779,0.0037105782158493,0.0056771783460161,0.0079457880895401,Bull,False,True,False,147.5905812,-0.24977258416375,-1.99818067331,8.0,3.0,5.0,0.0,0.9993523275
2025-07-28,139380.06,139759.59,140149.23,139195.84,0.12,75.40904541607173,137365.33408451927,133380.71369100257,3984.6203935167,4071.806732883344,-87.18633936664446,0.0012410268714357,0.005237441084801,0.0079352317054551,Bull,False,True,False,147.5905812,0.12565120308113195,4.016252904968001,36.0,16.0,12.0,8.0,0.9970873040972222
2025-07-29,137964.81,139733.06,140331.02,137636.38,-1.02,67.6307111258701,137457.5611484394,133720.27638055797,3737.2847678814433,4004.902339882964,-267.6175720015208,-0.0101538914533398,0.0037060359829505,0.0077941276240663,Bull,False,True,False,147.5905812,-0.4439219330921111,-3.995297397829,9.0,2.0,6.0,1.0,0.9994235988888889
2025-07-30,138412.25,138141.59,139018.88,137658.81,0.32,68.72893812357637,137604.4363563718,134067.8299819981,3536.6063743736886,3911.243146781109,-374.6367724074207,0.0032431458427695,0.0030317620990689,0.0071662720936565,Bull,False,True,False,147.5905812,-0.036228634212250026,-0.4347436105470003,12.0,5.0,6.0,1.0,0.9737625358333334
2025-07-31,139390.42,139379.14,140215.22,139083.73,0.71,71.04202212816094,137879.20307077613,134462.0959092575,3417.107161518623,3812.415949728612,-395.3087882099894,0.0070670767941423,0.0032536829916744,0.0072216412829321,Bull,False,True,False,147.5905812,-0.2934838334530588,-4.989225168701999,17.0,5.0,10.0,2.0,0.9991517964705883
2025-08-01,141034.98,139634.91,141160.94,138957.7,1.18,74.46222522666116,138364.70721373364,134948.97621227548,3415.73100145816,3733.078960074522,-317.3479586163621,0.0117982283143991,0.0033606070848934,0.0073364013265976,Bull,False,True,False,152.1603136,0.461914452628,6.004887884164,13.0,9.0,3.0,1.0,0.9990689123076923
2025-08-04,142052.66,141962.94,142323.34,141440.48,0.72,76.3256343412643,138932.0845654669,135475.1750113662,3456.909554100712,3677.84507887976,-220.9355247790481,0.0072157985203387,0.0031828937430583,0.0071890402424842,Bull,False,True,False,152.1603136,0.2165960242369941,9.203778307847,40.0,22.0,13.0,5.0,0.9722807716448801
2025-08-05,143037.17,142235.7,143281.34,142235.7,0.69,77.99817772183482,139563.6361707797,136035.32278830203,3528.313382477674,3647.938739599343,-119.62535712166893,0.0069305988356713,0.0035170408549795,0.0072007319915337,Bull,False,True,False,152.1603136,-0.0012872333445454415,-0.014159566789999856,11.0,5.0,5.0,1.0,0.9988174054545454
2025-08-06,145088.5,143409.59,145187.17,143409.59,1.43,81.00877163269625,140413.61522142898,136705.92850768706,3707.6867137419176,3659.8883344278574,47.79837931405928,0.0143412373161464,0.0045437692287616,0.0072072652810043,Bull,False,True,False,152.1603136,0.6093600415676923,7.92168054038,13.0,10.0,2.0,1.0,0.9941841807692308
2025-08-07,145647.14,145793.06,146081.03,145250.19,0.39,81.741494806068,141218.7728796707,137368.2404700806,3850.532409590058,3698.017149460298,152.51526012975955,0.0038503396203009,0.0042816974870587,0.0071280455906986,Bull,False,True,False,152.1603136,0.1672128503136667,2.0065542037640003,12.0,6.0,4.0,2.0,0.9988187016666666
2025-08-08,145382.8,145999.41,146813.44,144917.19,-0.18,80.16537495491829,141859.3924366444,137961.91154637095,3897.480890273466,3737.909897622932,159.57099265053375,-0.0018149343680901,0.0039975657523658,0.0072574990414378,Bull,False,True,False,152.1603136,0.19972605187400005,0.9986302593700003,5.0,3.0,2.0,0.0,0.999357636
2025-08-11,146929.84,145650.33,147005.19,145258.5,1.06,82.3146132302918,142639.46129254528,138626.20254293608,4013.258749609202,3792.979668020186,220.27908158901573,0.0106411487466193,0.003709524986997,0.0068416807050172,Bull,False,True,False,152.1603136,0.16553312229696815,4.529752616082,37.0,17.0,13.0,7.0,0.9941569184558823
2025-08-12,147005.31,147467.44,147976.98,146894.63,0.05,82.41472089431471,143311.1303244614,139246.87716938526,4064.2531550761487,3847.234365431379,217.01878964476964,0.0005136465131929,0.0039413096894986,0.0066378854059011,Bull,False,True,False,152.1603136,0.2449489214225,1.95959137138,8.0,5.0,3.0,0.0,0.99699327875
2025-08-13,146529.31,147334.3,147892.25,146417.8,-0.32,79.36338353449521,143806.2348899289,139786.3166383197,4019.918251609197,3881.771142666943,138.1471089422539,-0.0032379782743902,0.0036175414258871,0.0068291907562424,Bull,False,True,False,152.1603136,0.09141347529272728,1.0055482282200001,11.0,6.0,5.0,0.0,0.9990814572727273
2025-08-15,146491.63,146713.84,147534.41,146269.59,-0.03,79.11367945226192,144219.3725991706,140283.0065169627,3936.366082207911,3892.690130575137,43.67595163277383,-0.0002571499176512,0.0027667566302698,0.0061300365667279,Bull,False,True,False,152.1603136,0.20006158268638097,5.045653300802,23.0,13.0,8.0,2.0,0.9965762837301587
2025-08-18,148196.42,146679.73,148395.72,146403.66,1.16,81.88999439500238,144831.22604545206,140869.18529348398,3962.040751968074,3906.560254853725,55.48049711434896,0.0116374566929182,0.0033731993831723,0.0063853776513443,Bull,False,True,False,152.1603136,0.08675723579395833,1.9472707740499997,35.0,16.0,14.0,5.0,0.998154654905303
2025-08-19,149770.75,148464.55,150323.39,148293.94,1.06,84.0045229491907,145591.1528076902,141528.5604569296,4062.592350760591,3937.766674035098,124.82567672549249,0.0106232660681007,0.0040413710682665,0.0064111295083838,Bull,False,True,False,152.1603136,0.374758617024,2.998068936192,8.0,5.0,2.0,1.0,0.99953618
2025-08-20,150591.0,150106.16,151261.67,149931.69,0.55,84.9880094492545,146360.36006804556,142199.85227493482,4160.507793110737,3982.3148978502254,178.19289526051034,0.0054767035619438,0.0038803664814076,0.0063279572032225,Bull,False,True,False,152.1603136,0.2500229742514167,3.000275691017,12.0,7.0,4.0,1.0,0.9992674958333333
2025-08-21,149235.27,150948.94,151249.63,148272.58,-0.9,76.6043037203979,146802.65390373085,142720.99432864337,4081.659575087484,4002.183833297679,79.4757417898054,-0.0090027292467678,0.0034895007257839,0.0068751050000289,Bull,False,True,False,152.1603136,0.30178262999333333,2.71604366994,9.0,6.0,3.0,0.0,0.9685180955555555
2025-08-22,149493.06,149659.84,150465.17,149448.94,0.17,77.06754417341796,147216.5625339261,143222.62882281793,3993.9337111081695,4000.533808859777,-6.600097751607791,0.0017274066646577,0.0037775487659123,0.0066606602090843,Bull,False,True,False,152.1603136,-0.21444873535650003,-3.002282294991,14.0,5.0,8.0,1.0,0.9985464642857143
2025-08-25,148815.31,149828.16,150079.77,148757.14,-0.45,72.9764330319658,147462.52368255286,143636.9015026092,3825.6221799436607,3965.551483076554,-139.92930313289344,-0.0045336552746997,0.0033653370913849,0.0069152643982428,Bull,False,True,False,152.1603136,0.04777897295239581,2.928693070414999,35.0,17.0,14.0,4.0,0.9979375378030303
2025-08-26,148435.06,149096.34,149453.19,148312.58,-0.26,70.70852258901272,147612.1446544678,143992.32065056407,3619.824003903719,3896.405987241988,-276.5819833382684,-0.0025551806463999,0.0031755267154931,0.0070278245082311,Bull,False,True,False,152.1603136,-0.06100207737999999,-0.7320249285599999,12.0,6.0,6.0,0.0,0.9677651583333334
2025-08-27,147494.03,148841.67,149237.92,147337.02,-0.63,65.30003758741728,147593.97316916505,144251.70652830007,3342.266640864982,3785.5781179665855,-443.3114771016044,-0.0063396747372217,0.003366237551299,0.0066907409964881,Bull,False,True,False,152.1603136,0.22741279541692305,2.95636634042,13.0,8.0,5.0,0.0,0.9962838038461539
2025-08-28,147343.52,147554.39,148042.0,147209.56,-0.1,64.4508973801299,147555.44191237044,144480.729748426,3074.7121639444376,3643.404927162157,-568.6927632177194,-0.0010204480818648,0.0031530578550673,0.0067624086108328,Bull,False,True,False,152.1603136,0.00016838517699999667,0.0016838517699999667,10.0,4.0,4.0,2.0,0.9988968400000001
2025-08-29,148617.78,147591.81,149234.95,147488.47,0.86,68.21890838528594,147718.87854123654,144787.17791520926,2931.700626027276,3501.064066935181,-569.3634409079054,0.0086482255887467,0.0032321152947975,0.0068195753717467,Bull,False,True,False,152.1603136,-0.5603355836446667,-6.724027003736,12.0,1.0,8.0,3.0,0.9763931516666666
2025-09-01,149971.13,149079.23,150066.0,148500.2,0.91,71.65522586492061,148065.37876566168,145171.1743659345,2894.2043997271685,3379.6921334935787,-485.4877337664102,0.0091062455649653,0.0030975161573258,0.0066664530629819,Bull,False,True,False,150.6103912,-0.04322191358225175,-1.1188569678440001,34.0,15.0,16.0,3.0,0.9958544844428904
2025-09-02,150975.48,150318.63,151075.67,150081.41,0.67,73.90978565962146,148513.08664786757,145601.12293142083,2911.963716446742,3286.146450084212,-374.1827336374695,0.0066969556073892,0.0030715740116783,0.0066505741232683,Bull,False,True,False,150.6103912,0.11141892317111113,1.0027703085400002,9.0,5.0,4.0,0.0,0.9992134911111111
2025-09-03,152201.88,151320.5,152805.3,151320.5,0.81,76.38033860778987,149080.5933174264,146090.06789946376,2990.5254179626354,3227.0222436598965,-236.4968256972611,0.0081231733788824,0.0031312027388389,0.0066922109440954,Bull,False,True,False,150.6103912,-0.25053418142350004,-3.0064101770820004,12.0,4.0,7.0,1.0,0.9987447208333333
2025-09-04,152665.72,152599.44,153411.06,152264.97,0.3,77.25749213112638,149632.15126859158,146577.15324024422,3054.998028347356,3192.6174005973885,-137.61937225003248,0.0030475313445537,0.0025665174402592,0.0061511350900904,Bull,False,True,False,150.6103912,0.3634364350087273,3.997800785096,11.0,7.0,3.0,1.0,0.9993938309090908
2025-09-05,154277.19,153149.44,154511.31,153129.78,1.06,80.031939770492,150346.7726118852,147147.52633355948,3199.246278325707,3193.9431761430524,5.303102182654584,0.0105555458029478,0.0029017777493916,0.0064023892757501,Bull,False,True,False,150.6103912,0.4997478654441667,5.996974385330001,12.0,9.0,3.0,0.0,0.9994826916666666
2025-09-08,156087.31,155057.34,156199.3,154944.88,1.17,82.59975292783655,151229.9322100567,147809.73253107362,3420.1996789830737,3239.1944767110567,181.00520227201696,0.0117329075023986,0.003579169842916,0.0065910044713047,Bull,False,True,False,150.6103912,-0.02308043618449999,1.0172342112300004,23.0,10.0,9.0,4.0,0.9990483635714286
2025-09-09,156563.53,156640.09,157088.81,155044.27,0.31,83.21143542611561,152050.48571620183,148458.1619732163,3592.3237429855217,3309.82032996595,282.5034130195718,0.0030509847341209,0.0031996616422911,0.0063780559769638,Bull,False,True,False,150.6103912,0.15372232316792306,1.998390201183,13.0,6.0,4.0,3.0,0.9995412453846153
2025-09-10,157020.8,156571.73,157479.42,156079.53,0.29,83.80031562953859,152815.14945217076,149092.43145668178,3722.717995488987,3392.399863070558,330.3181324184293,0.002920667412136,0.0033200126872382,0.0063473402464783,Bull,False,True,False,150.6103912,0.02436452184427778,0.43856139319700005,18.0,7.0,7.0,4.0,0.974994353888889
2025-09-11,156141.25,157284.66,157816.77,156103.81,-0.56,78.12395331900174,153326.85722875988,149614.56616359422,3712.2910651656566,3456.378103489578,255.9129616760788,-0.0056014871915057,0.0032018372413825,0.0064961220893711,Bull,False,True,False,150.6103912,7.002513341664944e-05,0.0008403016009997932,12.0,4.0,4.0,4.0,0.9993641533333334
2025-09-12,154439.69,156201.7,156519.14,154360.34,-1.09,68.4623797996215,153498.06227048914,149971.98274406872,3526.0795264204207,3470.318388075747,55.76113834467378,-0.0108975687078206,0.002669816301874,0.0071926869737797,Bull,False,True,False,150.6103912,0.5400538333696666,4.860484500327,9.0,6.0,1.0,2.0,0.9920486644444444
2025-09-15,155384.52,154612.19,155602.3,154486.2,0.61,70.6340729279693,153788.28653656773,150372.91142969328,3415.375106874446,3459.329731835487,-43.95462496104119,0.0061177926477318,0.0023938330996147,0.0069316467409789,Bull,False,True,False,150.6103912,-0.21964085903646824,-9.522684772719998,41.0,13.0,23.0,5.0,0.9917224055238094
2025-09-16,156180.94,155960.66,156467.92,155781.84,0.51,72.36171509094197,154156.38706940346,150803.13576823453,3353.25130116893,3438.114045702176,-84.86274453324586,0.0051254783938581,0.0021189437159025,0.00669302008717,Bull,False,True,False,150.6103912,-0.33298507017191664,-3.995820842063,12.0,3.0,7.0,2.0,0.9994589958333333
2025-09-17,156177.81,156887.48,157196.59,155960.36,0.0,72.3437016090088,154467.37521257217,151201.25978540233,3266.1154271698324,3403.714321995707,-137.5988948258746,-2.0040857738545803e-05,0.0018441064949184,0.0066606615513056,Bull,False,True,False,150.6103912,0.18325484617136364,2.015803307885,11.0,5.0,3.0,3.0,0.9975977636363637
2025-09-18,157953.47,157020.08,158082.55,156978.84,1.14,75.99458668093547,155003.69748756106,151701.42350500214,3302.273982558924,3383.426254108351,-81.1522715494275,0.0113694768802303,0.0028627168012683,0.0064695697813769,Bull,False,True,False,150.6103912,8.291037318180534e-05,0.0009120141049998587,11.0,5.0,5.0,1.0,0.99947055
2025-09-19,158037.38,158555.48,159337.45,157522.0,0.05,76.15477986679213,155470.41787409014,152170.75361574272,3299.6642583474168,3366.673854956164,-67.00959660874742,0.0005312323939448,0.0028029080877327,0.0064861255921957,Bull,False,True,False,150.6103912,0.12516084162375002,1.0012867329900002,8.0,4.0,3.0,1.0,0.99913254375
2025-09-22,157554.66,158528.16,158850.34,157245.73,-0.31,73.13131792808458,155791.0705088455,152569.5614960581,3221.509012787399,3337.640886522411,-116.13187373501204,-0.0030544672405984,0.0028768674894378,0.0064060044311278,Bull,False,True,False,150.6103912,0.1299046442440926,6.008402957473,35.0,16.0,10.0,9.0,0.999239956441799
2025-09-23,157945.03,158187.31,158831.22,157416.55,0.25,74.02927832233401,156122.44889210002,152967.74434820196,3154.7045438980567,3301.0536179975406,-146.34907409948391,0.0024776798096608,0.0031285105122408,0.0062789819921455,Bull,False,True,False,150.6103912,-0.02955996416636364,-0.32515960583000003,11.0,5.0,6.0,0.0,0.9687018036363636
2025-09-24,158236.69,158529.73,159046.59,158133.31,0.18,74.70935189155449,156447.71675485387,153358.03661870552,3089.680136148352,3258.778921627703,-169.09878547935068,0.001846591817419,0.0035378238399728,0.005883664799179,Bull,False,True,False,150.6103912,0.4208345620994286,5.891683869392001,14.0,8.0,2.0,4.0,0.9958312464285715
2025-09-25,159280.09,158849.28,159537.59,158297.44,0.66,77.02700357855417,156883.46648487635,153796.70723954216,3086.759245334193,3224.374986369001,-137.6157410348078,0.0065939195265016,0.0039185422203912,0.0058191863517927,Bull,False,True,False,150.6103912,0.41599781288791665,4.991973754655,12.0,8.0,3.0,1.0,0.9992999
2025-09-26,162257.02,159901.56,162422.3,159901.56,1.87,82.07437250567776,157710.1670256646,154423.39707365015,3286.769952014438,3236.8539794980884,49.91597251634949,0.0186899065664767,0.0044206262692777,0.0066260141157406,Bull,False,True,False,150.6103912,-6.798888866665909e-05,-0.000815866663999909,12.0,5.0,5.0,2.0,0.9994060866666666
2025-09-29,163847.69,162920.48,163903.63,162058.64,0.98,84.08630985768285,158654.4013294085,155121.49284597236,3532.9084834361274,3296.0648802856967,236.84360315043068,0.0098033971041746,0.0044554838462381,0.0066537369430599,Bull,False,True,False,150.6103912,-0.17119616186764552,-4.2611374319,22.0,7.0,11.0,4.0,0.9890384874074073
2025-09-30,165493.59,164354.55,166556.3,164208.34,1.0,85.8553595661846,159706.58420180716,155889.7963388633,3816.787862943864,3400.20947681733,416.5783861265336,0.0100453048804043,0.0046229013098889,0.0067544660556305,Bull,False,True,False,150.6103912,0.4282973386238,4.282973386238,10.0,7.0,2.0,1.0,0.96379711
2025-10-01,165640.34,166176.66,166522.61,164155.31,0.09,86.00474535738245,160619.46970922145,156612.0588322808,4007.410876940645,3521.6497568419936,485.7611200986512,0.0008867412931219,0.0042610797056009,0.0067509146042512,Bull,False,True,False,193.6757706,-0.0026263869080000004,-0.026263869080000002,10.0,4.0,4.0,2.0,0.9973874070000001
2025-10-02,168489.63,166079.48,168619.31,165567.22,1.72,88.53629099198577,161830.26360011043,157491.8789187785,4338.384681331954,3684.9967417399857,653.3879395919685,0.017201667178418,0.0049687864972941,0.0073337404771616,Bull,False,True,False,193.6757706,0.183659247644,2.020251724084,11.0,5.0,3.0,3.0,0.9963544272727273
2025-10-03,168990.06,169041.41,169988.63,168613.41,0.3,88.9155285246871,162931.770738555,158343.59603590603,4588.174702648976,3865.632333921784,722.5423687271918,0.0029700937677885,0.0045895138955361,0.0072249464660176,Bull,False,True,False,193.6757706,0.29965499331199996,2.99654993312,10.0,6.0,3.0,1.0,0.999433619
2025-10-06,167752.41,169178.98,169326.34,165997.38,-0.73,81.71556739274106,163673.40754800808,159040.5452184315,4632.862329576572,4019.0783330527415,613.7839965238304,-0.0073238035420544,0.0036366783433135,0.0074852076076198,Bull,False,True,False,193.6757706,0.19749905662265,5.426754287202,28.0,14.0,9.0,5.0,0.9836452065
2025-10-07,166173.75,168299.2,168518.97,165997.2,-0.94,73.5360398722059,164058.0756175453,159568.93075780696,4489.144859738357,4113.091638389865,376.0532213484921,-0.0094106546666006,0.0030135963732774,0.0080350009481357,Bull,False,True,False,193.6757706,-0.18508146498500003,-1.8508146498500002,10.0,3.0,5.0,2.0,0.992070015
2025-10-08,165266.75,166360.55,166947.2,165109.84,-0.55,69.24730072562896,164244.02552253834,159990.99144241386,4253.034080124489,4141.08012673679,111.95395338769958,-0.0054581424563145,0.0025946558798549,0.0082555087342322,Bull,False,True,False,193.6757706,-0.36325315252336365,-3.9957846777570003,11.0,3.0,7.0,1.0,0.9994061354545455
2025-10-09,164530.81,165526.94,166729.97,164306.77,-0.45,65.88942281305087,164288.1462113786,160327.27429853135,3960.871912847244,4105.0384839588805,-144.1665711116366,-0.0044530433375135,0.0026520780725545,0.0081993017084149,Bull,False,True,False,193.6757706,0.16653628878508334,1.998435465421,12.0,6.0,4.0,2.0,0.9995101875
2025-10-10,163098.19,163984.81,165262.86,162411.27,-0.87,59.8094054112666,164105.07602501265,160532.52731345498,3572.548711557669,3998.540529478639,-425.9918179209699,-0.0087073053369153,0.0027615912410997,0.0080215014426537,Bull,False,True,False,193.6757706,0.16789591902833334,1.00737551417,6.0,3.0,2.0,1.0,0.9982319233333333
2025-10-13,158443.42,161403.91,161988.13,157678.02,-2.85,45.21151549760045,163234.05202116456,160377.7786235694,2856.273397595156,3770.0871031019424,-913.8137055067864,-0.0285396790730785,0.0010287176550592,0.0105904466398305,Bull,False,True,False,193.6757706,0.023757430949219685,0.3253840393339998,25.0,10.0,10.0,5.0,0.9895146082449496
2025-10-14,165476.02,160821.73,165866.78,160821.73,4.44,60.78472785205823,163578.97017175463,160755.42613293463,2823.544038819993,3580.778490245553,-757.2344514255597,0.044385560473259,0.0029917217590293,0.0143581231528173,Bull,False,True,False,193.6757706,0.07020431505122221,0.6318388354609998,9.0,4.0,3.0,2.0,0.9589855655555556
2025-10-15,165686.38,166756.77,167561.69,165357.2,0.13,61.140537432101226,163903.18706840774,161120.68197493948,2782.505093468266,3421.123810890096,-638.6187174218298,0.0012712415974232,0.0030562858817873,0.0143467661427964,Bull,False,True,False,193.6757706,0.09997149730549999,0.9997149730549999,10.0,5.0,4.0,1.0,0.9994717810000001
2025-10-16,164444.72,166280.38,166864.91,164261.66,-0.75,57.80655211984434,163986.49982711425,161366.90701383285,2619.5928132814006,3260.817611368357,-641.2247980869565,-0.0074940378321983,0.0021131101461659,0.0143914683294865,Bull,False,True,False,193.6757706,0.08321930970825,0.9986317164990001,12.0,5.0,4.0,3.0,0.9994047891666668
2025-10-17,163806.22,164983.44,165030.81,163118.02,-0.39,56.11208278399416,163958.76446909667,161547.59686466004,2411.167604436632,3090.887609982012,-679.72000554538,-0.0038827637640175,0.0018924103382678,0.0144507272654598,Bull,False,True,False,193.6757706,0.11743420076222222,1.05690780686,9.0,5.0,4.0,0.0,0.993802418888889
2025-10-20,166242.91,164912.41,166421.34,164281.95,1.49,60.830814157857375,164310.17147385102,161895.3978376482,2414.7736362028227,2955.664815226174,-540.8911790233515,0.0148754424587784,0.0027889058232366,0.014681998095921,Bull,False,True,False,193.6757706,0.006078528587249998,1.014421059737,30.0,12.0,11.0,7.0,0.9989874062777778
2025-10-21,167346.83,167004.66,168414.14,166923.59,0.66,62.783096063458494,164777.3497086432,162299.20762745204,2478.142081191152,2860.16026841917,-382.0181872280177,0.006640403491493,0.0029970420073282,0.0147068388190099,Bull,False,True,False,193.6757706,0.24984451890999998,1.9987561512799998,8.0,5.0,3.0,0.0,0.99944478625
2025-10-22,166553.28,167781.03,168163.22,166230.91,-0.47,60.45060486811634,165050.5697534673,162614.32409949263,2436.245653974678,2775.377345530272,-339.13169155559353,-0.0047419482042174,0.0026676150062464,0.0148074110957149,Bull,False,True,False,193.6757706,0.2497916897775,1.99833351822,8.0,5.0,3.0,0.0,0.99951875875
2025-10-23,164590.41,166457.67,166720.42,164395.39,-1.18,55.00687938002073,164979.77594524156,162760.70083286354,2219.075112378021,2664.116898899821,-445.0417865218005,-0.0117852377329344,0.0017486571432746,0.0151179719780079,Bull,False,True,False,193.6757706,-0.3841741270760769,-4.994263651989,13.0,3.0,8.0,2.0,0.9993182661538461
2025-10-24,163304.13,164414.44,165025.86,163041.98,-0.78,51.7200072705253,164721.98426135824,162800.95484524404,1921.0294161142083,2515.499402342699,-594.4699862284906,-0.0078150361251302,0.0004234100086943,0.0147109718369936,Bear,True,False,False,193.6757706,0.088891885795,1.06670262954,12.0,6.0,5.0,1.0,0.9549032708333334
2025-10-27,162163.81,163308.91,163570.83,161766.63,-0.7,48.92871376081723,164328.41899038004,162753.7589307815,1574.6600595985365,2327.3315337938666,-752.6714741953301,-0.0069827995164605,-0.0004158998223374,0.0146262563421823,Bear,True,False,False,193.6757706,0.13120505875447097,3.581380337307,38.0,17.0,14.0,7.0,0.9784392825676638
2025-10-28,160101.03,162444.28,163380.67,159805.34,-1.27,44.27386845400732,163678.05145339848,162557.26049146437,1120.790961934108,2086.0234194219147,-965.2324574878066,-0.0127203474067364,-0.0015541824366944,0.0146551032919899,Bear,True,False,False,193.6757706,-0.07796014543299999,-0.7016413088969999,9.0,4.0,4.0,1.0,0.9366817544444443
2025-10-29,158465.06,160607.77,160690.13,158306.84,-1.02,40.94675188341931,162876.05276826024,162254.13452913368,621.918239126564,1793.2023833628448,-1171.2841442362808,-0.0102183602441533,-0.0021094375135582,0.0147676971477325,Bear,True,False,False,193.6757706,0.2724190193527273,2.99660921288,11.0,7.0,4.0,0.0,0.9994067700000001
2025-10-30,156732.88,158996.02,159507.42,156327.61,-1.09,37.7150067428526,161930.94926545097,161845.1527121608,85.79655329015804,1451.7212173483076,-1365.9246640581496,-0.010930990087026,-0.0035160703768304,0.014158764083435,Bear,True,False,False,193.6757706,-0.0002877245174999889,-0.005179041314999799,18.0,8.0,8.0,2.0,0.9992782866666666
2025-10-31,161631.73,158195.55,162194.31,158195.55,3.13,49.78566979679188,161884.91553230467,161829.34362237112,55.57190993355471,1172.491355865357,-1116.9194459318023,0.0312560453173578,-0.0021017727993519,0.0161179311047026,Bear,True,False,False,193.6757706,2.8934020000000633e-05,0.0003472082400000076,12.0,6.0,6.0,0.0,0.9992724958333333
2025-11-03,162803.16,162827.13,163935.03,161892.59,0.72,52.17255624347185,162026.18391195012,161901.47816886217,124.7057430879504,962.9342333098758,-838.2284902219254,0.0072475249754486,-0.0013732063734768,0.0161985865885833,Bear,True,False,False,154.5614987,0.0510650819893394,1.98478631299,32.0,15.0,13.0,4.0,0.9990644272727273
2025-11-04,161281.77,163286.7,163384.95,161159.27,-0.93,48.92017824996932,161911.65869472703,161855.57386005757,56.08483466945472,781.5643535817917,-725.479518912337,-0.0093449660313719,-0.0013699219417154,0.0161968777093766,Bear,True,False,False,154.5614987,0.374190718386125,5.987051494178,16.0,10.0,4.0,2.0,0.99925423375
2025-11-05,159578.19,161368.19,162052.45,159216.86,-1.06,45.49979334632161,161552.66351092287,161686.87875931256,-134.21524838969344,598.4084331874948,-732.6236815771882,-0.0105627561007048,-0.0016251526239349,0.0163045519991929,Bear,True,False,False,154.5614987,-0.00010403339939999231,-0.0015605009909998846,15.0,5.0,5.0,5.0,0.9991049033333332
2025-11-06,159096.8,160240.88,160590.77,158252.63,-0.3,44.55187238706805,161174.83835539626,161495.02107343753,-320.1827180412656,414.6902029417427,-734.8729209830083,-0.0030166403065482,-0.0015533324723866,0.016294600351025,Bear,True,False,False,154.5614987,-0.0007629920796363609,-0.00839291287599997,11.0,4.0,4.0,3.0,0.9990819745454546
2025-11-07,159592.91,159393.02,160435.95,159005.14,0.31,45.804978066462354,160931.46476225837,161354.1239568866,-422.6591946282133,247.2203234277515,-669.8795180559648,0.0031182902484525,-0.0009620526931182,0.0162357929910962,Bear,True,False,False,154.5614987,0.37202191441555554,3.34819722974,9.0,6.0,2.0,1.0,0.9532485233333333
2025-11-10,161538.41,160619.83,161881.45,160406.44,1.22,50.52679153618693,161024.84095268016,161367.774774895,-342.93382221483625,129.18949429923396,-472.1233165140702,0.0121903911646199,0.0010744508187666,0.0151100051874747,Bear,True,False,False,154.5614987,0.07475810087655746,2.802513281937,27.0,13.0,10.0,4.0,0.9902812667821067
2025-11-11,157870.5,161516.75,161516.75,157765.92,-2.27,42.93219595430372,160539.55772919088,161108.71738416204,-569.1596549711539,-10.48033555484362,-558.6793194163104,-0.022706116768142,-0.0022801330433033,0.0121450258304932,Bear,True,False,False,154.5614987,0.1428359111757143,0.99985137823,7.0,4.0,3.0,0.0,0.9993858771428571
2025-11-12,158183.95,158068.17,159516.41,157203.55,0.2,43.710845338232446,160177.15654008457,160892.06794829818,-714.9114082136075,-151.36655008659642,-563.5448581270111,0.0019854881057577,-0.0022444207178866,0.0121570623844925,Bear,True,False,False,154.5614987,0.3745842710195,2.996674168156,8.0,5.0,2.0,1.0,0.9993673012500001
2025-11-13,160657.5,158971.48,160944.52,158971.48,1.56,49.559636243977664,160251.0555339177,160874.69254472054,-623.637010802835,-245.82064222984417,-377.8163685729908,0.0156371743150931,-0.001087860110522,0.0127186755825209,Bear,True,False,False,154.5614987,0.23183818722546154,3.013896433931,13.0,5.0,2.0,6.0,0.9989698415384616
2025-11-14,161935.19,161308.72,162118.77,160791.78,0.8,52.31580202830797,160510.15314408424,160953.2479117783,-443.09476769407047,-285.27546732268945,-157.81930037138102,0.00795288112911,-0.0004960778658657,0.0128563906986344,Bear,True,False,False,154.5614987,0.396972213098,3.96972213098,10.0,7.0,3.0,0.0,0.998092149
2025-11-17,161687.19,163077.95,163602.16,161481.69,-0.15,51.72500468429474,160691.23573730205,161007.6139923873,-316.37825508526294,-291.49602487520417,-24.882230210058765,-0.0015314768828196,-0.0013164238329456,0.0123368893077503,Bear,True,False,False,154.5614987,0.02993579100608129,0.4450309363689997,27.0,11.0,10.0,6.0,0.9863107848436748
2025-11-18,160935.13,162089.33,162344.66,160583.91,-0.47,49.88523621081789,160728.75793156328,161002.24480776602,-273.4868762027472,-287.8941951407128,14.407318937965556,-0.0046513270469973,-0.0018810103598701,0.012211326143532,Bear,True,False,False,154.5614987,0.49944886694642854,6.9922841372499995,14.0,10.0,3.0,1.0,0.9993405364285713
2025-11-19,162226.28,161279.02,162741.73,161279.02,0.8,52.97750472113526,160959.145942092,161092.91408126484,-133.76813917284016,-257.0689839471383,123.30084477429811,0.0080227977570839,-0.001242773061805,0.0123862545853009,Bear,True,False,False,154.5614987,0.48548182431,4.8548182430999995,10.0,7.0,2.0,1.0,0.99234951
2025-11-20,162936.94,162871.27,163817.83,162646.98,0.44,54.63665762490744,161263.42195100093,161229.50859376372,33.9133572372084,-198.87251571026897,232.78587294747737,0.0043806712451275,-0.0004344776129019,0.0121879567051005,Bear,True,False,False,154.5614987,0.5935497471127273,6.529047218240001,11.0,8.0,1.0,2.0,0.957326689090909
2025-11-21,162102.92,163016.59,163357.52,161853.59,-0.51,52.30418550898617,161392.5754970008,161294.2057349664,98.36976203438826,-139.42406016133754,237.7938221957258,-0.0051186673813807,-0.0002996591757144,0.0121167238795182,Bear,True,False,False,154.5614987,0.27477859930909093,3.0225645924,11.0,6.0,3.0,2.0,0.9970892972727273
2025-11-24,161984.09,162206.17,162385.33,161241.47,-0.07,51.963802731679614,161483.57772823144,161345.30827311706,138.26945511437953,-83.88535710619412,222.1548122205737,-0.0007330528037373,1.2828159921668412e-05,0.012015462521271,Bear,True,False,False,154.5614987,0.07913545512949928,0.9780913930629997,31.0,14.0,13.0,4.0,0.9974082306709957
2025-11-25,161692.48,162394.41,162819.84,161276.81,-0.18,51.08521057686304,161515.71653927278,161371.0246973306,144.69184194217087,-38.169917296521135,182.861759238692,-0.0018002385295987,0.0005588336037785,0.0116489133541472,Bear,True,False,False,154.5614987,0.09556181211300001,0.9556181211300001,10.0,5.0,5.0,0.0,0.9512408239999999
2025-11-26,163188.53,161984.45,163397.23,160564.86,0.93,55.2641886540193,161773.0724563077,161505.65471975057,267.4177365571377,22.94761347421064,244.47012308292705,0.0092524401876945,0.0015323736253709,0.0115136572200682,Bull,False,True,False,154.5614987,0.24946481537499998,1.9957185229999999,8.0,5.0,3.0,0.0,0.99912095375
2025-11-27,165373.31,163509.3,165611.11,163509.3,1.34,60.56301725118846,162326.9551553373,161792.14770347273,534.807451864559,125.3195811522803,409.48787071227866,0.0133880732916706,0.0027483267943057,0.011411843078257,Bull,False,True,False,154.5614987,0.5492404442863636,6.04164488715,11.0,7.0,1.0,3.0,0.9948706454545455
2025-11-28,166677.7,165753.36,167005.05,165753.36,0.79,63.35387107969433,162996.30051605462,162154.04046617847,842.2600498761458,268.70767489705344,573.5523749790923,0.0078875484804652,0.0015799019524611,0.0093493324792444,Bull,False,True,False,154.5614987,-0.11092128464444445,-0.9982915618000001,9.0,4.0,5.0,0.0,0.99920316
2025-12-01,168062.19,167229.27,168246.23,166024.8,0.83,66.09637111500555,163775.6681289693,162591.68117238747,1183.9869565818226,451.7635312340073,732.2234253478154,0.0083063901169742,0.0016328452095374,0.0093860421872303,Bull,False,True,False,183.5140849,-0.056879806226463485,-1.8557445346019996,23.0,9.0,11.0,3.0,0.9817113147777778
2025-12-02,167642.28,168499.02,169289.22,167445.94,-0.25,64.51927170025687,164370.53149374324,162965.79960406246,1404.731889680785,642.3572029233628,762.3746867574218,-0.002498539379976,0.0019751665421072,0.0090846032035691,Bull,False,True,False,183.5140849,-0.14721099428744444,-1.324898948587,9.0,3.0,4.0,2.0,0.9656308366666667
2025-12-03,166145.34,168107.55,168160.88,166115.17,-0.89,59.105017248020765,164643.57895624428,163201.32111487264,1442.25784137164,802.3373306130184,639.9205107586217,-0.0089293703235245,0.0020568358309662,0.0089726083591339,Bull,False,True,False,183.5140849,4.144685349999344e-05,0.0004973622419999213,12.0,5.0,5.0,2.0,0.9994868291666666
2025-12-04,166283.55,166501.19,166837.09,165886.27,0.08,59.44341721963527,164895.88219374514,163429.6343656228,1466.2478281223448,935.1194301148836,531.1283980074611,0.0008318620311589,0.0022492609478516,0.0088990424285032,Bull,False,True,False,183.5140849,0.021577506256400026,0.21577506256400025,10.0,4.0,4.0,2.0,0.9886475459999999
2025-12-05,167085.58,167772.2,167923.45,166369.73,0.48,61.4375790945082,165232.75877932282,163700.44515335443,1532.3136259683815,1054.5582692855833,477.7553566827983,0.0048232672444146,0.0023345097976497,0.0089159558802222,Bull,False,True,False,183.5140849,0.6647881939128,6.647881939128,10.0,7.0,0.0,3.0,0.9652659379999999
2025-12-08,168303.25,167386.44,168755.19,167386.44,0.73,64.30707047631272,165705.14204404238,164041.39366051336,1663.7483835290186,1176.3962921342704,487.3520913947482,0.0072877025055064,0.002089375364694,0.0086953860075338,Bull,False,True,False,183.5140849,0.04948395304508182,2.00424028606,28.0,12.0,10.0,6.0,0.9987738215021644
2025-12-09,169456.39,169382.09,169601.05,168880.22,0.69,66.82470422597731,166282.2571141897,164442.50450047533,1839.7526137143725,1309.0675564502908,530.6850572640815,0.0068515610958197,0.0035672592578921,0.0064919552864051,Bull,False,True,False,183.5140849,-0.663551577235,-3.98130946341,6.0,1.0,5.0,0.0,0.998125925
2025-12-10,169451.86,169806.31,170697.75,169239.23,0.0,66.804769114301,166769.8883273913,164813.56787081048,1956.3204565807828,1438.5181364763891,517.8023201043936,-2.6732541629326256e-05,0.0034666482255227,0.0065332208179008,Bull,False,True,False,183.5140849,0.49994644760225,3.999571580818,8.0,5.0,1.0,2.0,0.99948847375
2025-12-11,168574.69,170089.28,170301.48,168548.45,-0.52,62.89231327921013,167047.55012317724,165092.1695100097,1955.3806131675367,1541.890631814619,413.4899813529185,-0.005176514438968,0.0024259637878197,0.0061383118904484,Bull,False,True,False,183.5140849,0.624020324773,4.992162598184,8.0,6.0,1.0,1.0,0.9992998875
2025-12-12,169864.53,168937.33,170052.88,168421.55,0.77,66.04169126591398,167480.93164268843,165445.67769445342,2035.2539482350112,1640.5632950986974,394.6906531363138,0.0076514451843274,0.0024108919905805,0.0061243813082601,Bull,False,True,False,183.5140849,-0.3334341131988889,-3.00090701879,9.0,3.0,6.0,0.0,0.9991617400000001
2025-12-15,170741.34,170549.69,171001.7,170292.95,0.52,68.0281649086394,167982.53292842867,165837.94897634574,2144.583952082932,1741.3674264955446,403.2165255873877,0.0051618192450184,0.0027455567969724,0.0060803315333037,Bull,False,True,False,183.5140849,-0.13752285360243335,-5.097759613878001,28.0,9.0,14.0,5.0,0.9970696683333333
2025-12-16,170447.3,171403.38,171922.59,170191.98,-0.17,66.62071912586006,168361.72786251656,166179.3823855053,2182.3454770112585,1829.563036598688,352.7824404125711,-0.0017221371227378,0.0028920162931854,0.005926104561582,Bull,False,True,False,183.5140849,0.33349494982033334,3.001454548383,9.0,5.0,2.0,2.0,0.9990038633333334
2025-12-17,170313.86,170737.14,171392.63,169230.5,-0.08,65.95383972103113,168662.05588366787,166485.639986579,2176.415897088882,1898.9336086967264,277.4822883921556,-0.0007828812776735,0.0024517323414475,0.0058514889908203,Bull,False,True,False,183.5140849,-0.24995834973,-1.99966679784,8.0,3.0,5.0,0.0,0.99936405625
2025-12-18,171960.66,170804.66,172248.94,170804.66,0.97,69.95145458349617,169169.53344002663,166891.19702461016,2278.3364154164738,1974.814170040676,303.52224537579787,0.0096692071919455,0.0027161591387884,0.0060590569532184,Bull,False,True,False,183.5140849,-0.000174076455999983,-0.00174076455999983,10.0,5.0,5.0,0.0,0.9991995530000001
2025-12-19,171404.48,172289.3,172674.66,171149.06,-0.32,67.08644054500212,169513.37137233024,167225.51428204644,2287.8570902837964,2037.4227540893,250.4343361944964,-0.0032343444134256,0.0028103752871862,0.0059443812672398,Bull,False,True,False,183.5140849,-0.11113326676333335,-1.0001994008700001,9.0,4.0,5.0,0.0,0.9992673211111112
2025-12-22,171204.19,171624.56,172167.63,170858.66,-0.12,66.03750395182078,169773.49731504868,167520.23100189486,2253.266313153814,2080.591465902203,172.67484725161103,-0.0011685225497023,0.0027886017998879,0.0059588234798746,Bull,False,True,False,183.5140849,-0.309487422264275,-7.029699295501,23.0,6.0,13.0,4.0,0.998254611
2025-12-23,171073.73,171596.97,171867.31,170968.31,-0.08,65.32107912321139,169973.5331127335,167783.45314990266,2190.079962830845,2102.4891652879314,87.5907975429136,-0.0007620140605203,0.0028405130233419,0.0059211462703292,Bull,False,True,False,183.5140849,0.9991500591833334,5.9949003551,6.0,6.0,0.0,0.0,0.9994945816666667
2025-12-24,170830.22,171469.52,171587.31,170641.13,-0.14,63.92699689239616,170105.3310953899,168009.1395832432,2096.1915121467027,2101.229634659686,-5.038122512983136,-0.0014234213517178,0.0023067199463712,0.0057925047547919,Bull,False,True,False,183.5140849,0.287656208134,4.027186913876,14.0,7.0,3.0,4.0,0.99845396
2025-12-26,172400.73,171220.16,172582.95,171146.14,0.92,68.5838878433325,170458.46938840684,168334.44257707705,2124.0268113297934,2105.7890699937075,18.237741336085943,0.0091933968123438,0.0020969861224049,0.005435067791695,Bull,False,True,False,183.5140849,0.02732570464091666,1.88647204061,17.0,8.0,5.0,4.0,0.9370694400833334
2025-12-29,173896.34,173200.42,174411.73,173200.42,0.87,72.2569651885962,170987.37255942117,168746.43497877504,2240.937580646132,2132.8187721241925,108.11880852193964,0.0086751952848458,0.0021363684626239,0.0054818863450165,Bull,False,True,False,183.5140849,-0.06495918734584127,-1.0311596871820001,20.0,7.0,8.0,5.0,0.998633147063492
2025-12-30,174472.8,174270.84,174805.16,174121.42,0.33,73.5410275312036,171523.59216566407,169170.61016553245,2352.9820001316257,2176.85141772568,176.13058240594637,0.0033149633856583,0.0018867971260581,0.005296695503259,Bull,False,True,False,183.5140849,0.2167983326035,1.734386660828,8.0,4.0,3.0,1.0,0.95178152875
2025-12-31,174054.31,174791.31,175232.91,173564.33,-0.24,70.97285036065307,171912.9333709465,169532.36570882634,2380.5676621201565,2217.5946666045747,162.97299551558172,-0.0023985973744904,0.0018917942263324,0.0052923858522091,Bull,False,True,False,183.5140849,0.5712701670728572,3.99889116951,7.0,5.0,1.0,1.0,0.9993015371428572
2026-01-01,176355.48,174437.7,176658.39,174437.7,1.32,75.94694300512238,172596.40208310855,170037.78158224662,2558.620500861929,2285.7998334560457,272.82066740588334,0.0132209883225529,0.0029993121586363,0.0052259410102612,Bull,False,True,False,217.4340255,-2.5147830000011257e-05,-0.0002766261300001238,11.0,3.0,3.0,5.0,0.9995343600000001
2026-01-02,179034.94,177030.02,179467.84,176709.52,1.52,80.20126356302683,173586.94637801492,170704.23776133946,2882.70861667546,2405.1815900999286,477.5270265755312,0.0151935170939967,0.0037173949117782,0.0058606029263887,Bull,False,True,False,217.4340255,0.2842818896828571,1.98997322778,7.0,4.0,2.0,1.0,0.9984484514285715
2026-01-05,182408.23,179535.47,183964.38,179535.47,1.88,84.03071442696029,174944.06693524338,171571.2001493884,3372.8667858549743,2598.7186292509377,774.1481566040366,0.0188415177506693,0.0044183074370909,0.0067678700576291,Bull,False,True,False,217.4340255,0.09269709540187498,2.693203695185,28.0,15.0,12.0,1.0,0.98513568625
2026-01-06,185062.11,183121.45,185481.45,181182.06,1.45,86.27920285476684,176500.68894520594,172570.52680498926,3930.1621402166784,2865.007331444086,1065.1548087725923,0.0145491242363351,0.0047813785236324,0.0071157381016924,Bull,False,True,False,217.4340255,0.4997037049675,2.998222229805,6.0,4.0,1.0,1.0,0.9995486766666667
2026-01-07,186518.72,185845.56,187015.13,184896.7,0.79,87.33337776791186,178041.92449209734,173603.726300916,4438.198191181349,3179.645503391539,1258.55268778981,0.0078709250640232,0.0048323467220425,0.0071349714442822,Bull,False,True,False,217.4340255,0.4700306869222222,4.2302761823,9.0,6.0,2.0,1.0,0.9676256288888889
2026-01-08,185543.02,186998.48,187905.17,185199.38,-0.52,82.74726546777822,179195.9391856208,174488.11842677408,4707.820758846734,3485.280554482578,1222.540204364156,-0.0052311103142891,0.0045721278334095,0.0074110755364598,Bull,False,True,False,217.4340255,-0.006366014190666672,-0.05729412771600005,9.0,3.0,3.0,3.0,0.99351572
2026-01-09,184409.67,185700.13,186180.31,183700.84,-0.61,77.64668312260221,179998.0516186022,175223.04817293896,4775.003445663257,3743.225132718714,1031.7783129445424,-0.0061082869083406,0.0045255392099409,0.0074782090258065,Bull,False,True,False,217.4340255,0.499555106614,3.996440852912,8.0,5.0,1.0,2.0,0.99960088
2026-01-12,182384.16,184045.17,184439.06,182303.56,-1.1,69.41185075188746,180365.1452157404,175753.5009008694,4611.644314870937,3916.908969149159,694.7353457217778,-0.0109837515570632,0.0035937793728714,0.0081948375228576,Bull,False,True,False,217.4340255,0.03557136876156495,-0.0321621568139997,30.0,11.0,11.0,8.0,0.9990198989220779
2026-01-13,183951.52,182702.06,184304.88,180589.95,0.86,71.89569182544166,180916.8951825495,176360.76157487908,4556.133607670403,4044.753896853408,511.3797108169947,0.0085937287536372,0.0037653748483023,0.0082650300827946,Bull,False,True,False,217.4340255,0.6241392739275,7.48967128713,12.0,10.0,2.0,0.0,0.9782033375
2026-01-14,182569.81,184400.81,184726.59,182369.88,-0.75,66.74987980739805,181171.1897698496,176820.691087851,4350.49868199855,4105.902853882437,244.5958281161129,-0.0075112725352853,0.0034759180776749,0.0085633183658424,Bull,False,True,False,217.4340255,0.07889782754738461,1.025671758116,13.0,6.0,5.0,2.0,0.9985060384615385
2026-01-15,181456.34,183073.45,183717.55,180783.63,-0.61,62.84618148490113,181215.05903602653,177164.0724887509,4050.986547275621,4094.919592561074,-43.93304528545286,-0.0060988725353879,0.0032101185147892,0.008782171720513,Bull,False,True,False,217.4340255,-0.23605098509844444,-2.124458865886,9.0,2.0,5.0,2.0,0.9505962377777778
2026-01-16,185098.83,182559.69,185208.98,182559.69,2.01,69.19328621979535,181812.5622612532,177751.832304399,4060.729956854222,4088.081665419704,-27.35170856548166,0.020073644161455,0.0037303403632647,0.0094664235388104,Bull,False,True,False,217.4340255,0.09956651407599999,0.9956651407599999,10.0,5.0,4.0,1.0,0.999119355
2026-01-19,187761.69,186151.23,187882.05,186127.34,1.44,72.84544424521101,182727.8126825989,178493.3032448139,4234.509437784989,4117.367219892762,117.14221789222756,0.0143861525218718,0.0046113652100296,0.0096030853616929,Bull,False,True,False,217.4340255,0.2144687353337569,4.984352425157,30.0,14.0,9.0,7.0,0.9989045381944445
2026-01-20,188621.78,188579.17,188958.38,187192.02,0.46,73.92086310588026,183634.576885276,179243.5607822351,4391.016103040922,4172.096996522394,218.91910651852777,0.0045807534007602,0.0048988290075527,0.0095065264193807,Bull,False,True,False,217.4340255,0.333283763044,3.9994051565279998,12.0,7.0,3.0,2.0,0.9991058391666666
2026-01-21,187033.27,189095.63,189523.44,186626.84,-0.84,68.52322826856451,184157.4527490797,179820.5762798473,4336.876469232404,4205.052891064396,131.82357816800777,-0.008421667953722,0.0045158463128926,0.0098930167472103,Bull,False,True,False,217.4340255,0.4164188343158333,4.99702601179,12.0,8.0,3.0,1.0,0.9995009416666667
2026-01-22,187688.16,187391.55,188106.81,186825.63,0.35,69.51163059299537,184700.6384799905,180403.36025911788,4297.278220872657,4223.497957026048,73.78026384660825,0.0035014626007447,0.0047620905105157,0.0097982414552103,Bull,False,True,False,217.4340255,0.21358099263021427,2.9901338968229996,14.0,8.0,5.0,1.0,0.9990000007142857
2026-01-23,189166.83,187926.5,189566.64,186637.56,0.79,71.67440027742106,185387.7448676843,181052.5061658499,4335.238701834402,4245.846105987719,89.39259584668253,0.0078783339343302,0.0046963373666151,0.009771314636259,Bull,False,True,False,217.4340255,0.003764073806000012,0.03764073806000012,10.0,5.0,5.0,0.0,0.9975069729999999
2026-01-26,188587.66,189788.69,191032.73,188268.39,-0.31,69.59204348222667,185880.0395034252,181610.66570912028,4269.3737943049055,4250.551643651156,18.822150653749304,-0.003061688986383,0.0041094931530536,0.0098717063651501,Bull,False,True,False,217.4340255,0.43435581464894285,13.945888169566999,32.0,21.0,7.0,4.0,0.9984521173333333
2026-01-27,188202.86,188775.66,189521.31,187538.23,-0.2,68.17485060704612,186237.39650289825,182098.9763973336,4138.420105564641,4228.125336033853,-89.70523046921244,-0.0020404304290111,0.0038417234623201,0.0099665688943841,Bull,False,True,False,217.4340255,-0.22184457074633335,-1.996601136717,9.0,3.0,5.0,1.0,0.9993884555555554
2026-01-28,188380.39,188901.75,189183.88,188179.52,0.09,68.49362918163722,186567.08781014467,182564.26629382744,4002.821516317257,4183.064572090534,-180.2430557732769,0.0009432906598763,0.0040088178640385,0.0098841135501844,Bull,False,True,False,217.4340255,0.4546855490047273,5.001541039052,11.0,7.0,1.0,3.0,0.95379177
2026-01-29,182338.13,188686.06,188923.41,181961.16,-3.21,50.09995935862603,185916.47891627625,182547.5154572476,3368.9634590286296,4020.244349478153,-651.2808904495237,-0.0320747823061625,0.0017440293326027,0.0125043047064213,Bull,False,True,False,217.4340255,0.2140977208567143,2.9973680919940002,14.0,8.0,5.0,1.0,0.9994495085714286
2026-01-30,184174.48,183166.67,186619.52,182347.48,1.01,54.13152079908753,185648.47908300292,182668.0313493033,2980.447733699635,3812.28502632245,-831.8372926228149,0.010071124454331,0.0014879097006194,0.0122644864600243,Bull,False,True,False,217.4340255,-0.4327649875154375,-6.924239800247,16.0,2.0,9.0,5.0,0.997273366875
2026-02-02,185057.83,184441.94,185611.73,182792.41,0.48,55.97416719001325,185557.6099933102,182845.0534715772,2712.556521733029,3592.339325404566,-879.7828036715364,0.0047962671049754,0.0007856471683347,0.0116027877718867,Bear,True,False,False,217.4340255,-0.17896765216493052,-4.9301162690149996,30.0,10.0,15.0,5.0,0.9945766650277778
2026-02-03,186900.73,185555.89,187518.8,185545.94,1.0,59.61885188044881,185764.2438404933,183145.47395516405,2618.769885329209,3397.625437389495,-778.8555520602854,0.0099585086456488,0.0005561163888004,0.011359029324298,Bear,True,False,False,217.4340255,-0.12235418641714287,-0.85647930492,7.0,3.0,4.0,0.0,0.9802465285714286
2026-02-04,187832.08,187193.3,188312.2,187018.69,0.5,61.359806717006215,186082.37248041737,183492.6299584852,2589.742521932145,3236.0488542980247,-646.3063323658798,0.0049831266041602,0.0004117264658073,0.0112792273464134,Bear,True,False,False,217.4340255,0.5439077054827273,5.98298476031,11.0,8.0,2.0,1.0,0.9987935863636364
2026-02-06,184129.58,188023.59,188036.31,183547.3,-1.97,51.7989533349177,185781.94286804547,183539.81144304184,2242.1314250036085,3037.2653684391416,-795.1339434355332,-0.0197117553082519,-0.0003123057838908,0.0120957297356537,Bear,True,False,False,217.4340255,-0.004476268217040939,0.0014102314619993672,21.0,9.0,9.0,3.0,0.9993384701363637
2026-02-09,182340.38,185027.17,185650.59,180992.8,-0.97,47.91368718662846,185252.4716575769,183450.9646694832,1801.506988093752,2790.113692370064,-988.606704276312,-0.0097170699026195,-0.0004927449336047,0.0122130902682769,Bear,True,False,False,217.4340255,0.016811745506181808,-0.1557841068710002,25.0,10.0,10.0,5.0,0.9936231552777777
2026-02-10,182153.55,183101.94,183216.67,181499.3,-0.1,47.51292753717823,184775.71447948812,183354.8598791511,1420.854600337072,2516.2618739634654,-1095.4072736263934,-0.0010246221928462,5.211534606069934e-06,0.0119633087411409,Bear,True,False,False,217.4340255,0.36346730463490906,3.998140350984,11.0,6.0,2.0,3.0,0.9995509227272728
2026-02-11,183049.81,182739.72,183801.7,182054.66,0.49,49.68701284701269,184510.1907134131,183332.26359180652,1177.92712160651,2248.5949234920745,-1070.6678018855646,0.0049203542835152,-0.0001784571889,0.0118521942914026,Bear,True,False,False,217.4340255,0.599497619842,5.99497619842,10.0,8.0,2.0,0.0,0.999472862
2026-02-12,180512.66,182700.31,182757.09,178725.25,-1.39,44.11619347334571,183895.1859882726,183123.4040664876,771.7819217850338,1953.2323231506664,-1181.4504013656328,-0.0138604350367803,-0.0004959153139747,0.0121404639307092,Bear,True,False,False,217.4340255,-0.11104420790777776,-0.9993978711699999,9.0,3.0,4.0,2.0,0.9991550411111112
2026-02-13,179603.73,180577.78,180832.66,178237.14,-0.5,42.2870306865336,183234.9619900768,182862.68746897,372.274521106825,1637.0407627418983,-1264.7662416350734,-0.005035270102385,-0.0004427351923246,0.0121169356782095,Bear,True,False,False,217.4340255,-0.09080356523709089,-0.9988392176079999,11.0,3.0,4.0,4.0,0.9995484600000001
2026-02-16,174453.94,179926.88,179969.23,173574.27,-2.87,33.74897980142457,181884.035530065,182239.81728608333,-355.78175601831754,1238.4762589898553,-1594.2580150081728,-0.0286730682040957,-0.0028800708106021,0.0126632503024184,Bear,True,False,False,217.4340255,-0.232828641156582,-8.267944644719,31.0,9.0,17.0,5.0,0.9883296764814814
2026-02-17,173150.42,174783.16,176131.34,171693.41,-0.75,31.988395336686,180540.40237159343,181566.5285982253,-1026.1262266318372,785.5557618655168,-1811.681988497354,-0.0074720009189818,-0.0039729784826448,0.0120216354666634,Bear,True,False,False,217.4340255,-0.17675929719318184,-1.9443522691250001,11.0,4.0,6.0,1.0,0.9969285636363636
2026-02-18,178853.09,174328.61,178974.17,174328.61,3.29,45.40628185883634,180280.8158528868,181365.53314650487,-1084.7172936181596,411.5011507687816,-1496.2184443869412,0.0329347742846941,-0.0025552774384481,0.0144998965999234,Bear,True,False,False,217.4340255,0.19842261814589998,1.9842261814589999,10.0,5.0,3.0,2.0,0.998820613
2026-02-19,172170.3,179279.73,179279.73,171647.34,-3.74,36.35467611228498,179033.04418321187,180684.40476528232,-1651.3605820704545,-1.0711957990655492,-1650.2893862713886,-0.0373646885273271,-0.0040024284671284,0.016431818727927,Bear,True,False,False,217.4340255,0.6992853711556,6.992853711556,10.0,8.0,1.0,1.0,0.999451131
2026-02-20,173169.7,172716.16,174148.33,169592.53,0.58,38.33446290036468,178130.9912319485,180127.75996785398,-1996.768735905498,-400.210703820352,-1596.558032085146,0.005804717770719,-0.0038872657086297,0.0164951271184054,Bear,True,False,False,217.4340255,0.3291160271951111,2.962044244756,9.0,5.0,2.0,2.0,0.9949777222222222
2026-02-23,167691.08,172962.95,174336.86,166886.63,-3.16,32.38691418264078,176524.85104241795,179206.52441467962,-2681.6733722616627,-856.5032375086142,-1825.1701347530484,-0.0316372898954032,-0.0058630469001163,0.0173558050890157,Bear,True,False,False,217.4340255,-0.05502757093343232,-1.302643244137,30.0,11.0,12.0,7.0,0.9878376125151517
2026-02-24,166258.55,167685.83,169237.52,163907.59,-0.85,31.03121110586963,174945.4201128152,178247.41519877742,-3301.995085962233,-1345.601607199338,-1956.393478762895,-0.0085426726335116,-0.0061370960824728,0.0173525156136137,Bear,True,False,False,217.4340255,-0.199213268402,-1.99213268402,10.0,4.0,6.0,0.0,0.9991148900000001
2026-02-25,164626.3,167607.55,168191.66,164229.36,-0.98,29.51518009955112,173357.8631723821,177238.4437025717,-3880.580530189618,-1852.597391797394,-2027.983138392224,-0.009817540210714,-0.0065259515715579,0.0173430176940256,Bear,True,False,False,217.4340255,-0.11118284186122221,-1.0006455767509999,9.0,3.0,4.0,2.0,0.99930148
2026-02-26,168893.09,164815.44,169374.27,162953.64,2.59,38.03715037343344,172670.9749920156,176620.26935423308,-3949.294362217479,-2271.936785881411,-1677.3575763360675,0.0259180337528086,-0.0052772144169113,0.0187510851707847,Bear,True,False,False,217.4340255,0.1815751480870909,1.997326628958,11.0,6.0,4.0,1.0,0.9993936072727273
2026-02-27,168062.17,167718.13,169379.97,165811.88,-0.49,37.09651742246301,171961.92807016705,175986.33606873432,-4024.407998567272,-2622.4310284185835,-1401.976970148689,-0.0049197986726394,-0.0039194652352351,0.0176599593952367,Bear,True,False,False,217.4340255,0.17443277585576922,2.267626086125,13.0,6.0,4.0,3.0,0.9782911553846154
2026-03-02,151973.0,152717.47,159328.59,151747.95,-9.57,24.47533639698236,168886.70836706442,174207.5704340133,-5320.862066948845,-3162.1172361246363,-2158.7448308242083,-0.0957334419756689,-0.0092096935567351,0.0267541915674671,Sideways,False,False,True,217.4340255,-0.1587680516934917,-0.9375896842470004,29.0,11.0,12.0,6.0,0.9982958128888889
2026-03-03,157132.09,151258.86,158217.02,151258.86,3.39,32.41564163067099,167078.3055413622,172942.72003149375,-5864.414490131545,-3702.576686926018,-2161.837803205527,0.0339474117112907,-0.0077521363264194,0.028306432132729,Sideways,False,False,True,217.4340255,0.16414587490416668,1.96975049885,12.0,6.0,4.0,2.0,0.9983492691666668
2026-03-04,155777.2,157322.45,157962.48,154790.73,-0.86,31.479604070368907,165339.67391961417,171671.2000291609,-6331.526109546714,-4228.366571450157,-2103.1595380965573,-0.0086226180788404,-0.0086811926626438,0.0279977967001993,Sideways,False,False,True,217.4340255,0.001406806646272715,0.015474873108999865,11.0,5.0,5.0,1.0,0.9986865309090909
2026-03-05,161210.69,156310.7,161476.84,156250.3,3.49,39.07722853546537,164704.4456242889,170896.34743440824,-6191.901810119336,-4621.073619183993,-1570.8281909353427,0.0348798797256593,-0.0071863550065689,0.0295223540598624,Sideways,False,False,True,217.4340255,-0.3672068270788421,-6.9769297144980005,19.0,5.0,12.0,2.0,0.9986114031578948
2026-03-06,157496.09,161435.83,161435.83,157072.66,-2.3,36.12792893913505,163595.46783593678,169903.73577260022,-6308.26793666344,-4958.512482679883,-1349.7554539835571,-0.0230418962911206,-0.0073528620557123,0.0296059884058347,Sideways,False,False,True,217.4340255,0.07268222777782353,1.235597872223,17.0,7.0,5.0,5.0,0.9771005882352942
2026-03-09,146480.16,150174.09,150174.09,144119.44,-6.99,29.11101329266004,160962.34355348497,168168.65608574095,-7206.312532255979,-5408.072492595102,-1798.2400396608773,-0.0699441490896694,-0.0103642160150648,0.0327546630836103,Sideways,False,False,True,217.4340255,-0.2550058358419545,-8.274906935469001,31.0,7.0,15.0,9.0,0.9855894986868687
2026-03-10,156177.13,156209.06,158354.13,155294.66,6.62,40.13365094456472,160226.15685294883,167280.3948942046,-7054.238041255769,-5737.305602327235,-1316.932438928534,0.0661998867286872,-0.0070029905689881,0.0369447440937497,Sideways,False,False,True,217.4340255,0.00020423927066666922,0.001838153436000023,9.0,4.0,4.0,1.0,0.9993489622222221
2026-03-11,155858.48,157206.97,158624.52,155652.36,-0.2,39.91401936732406,159554.2065678798,166434.3271242635,-6880.120556383714,-5965.868593138531,-914.2519632451832,-0.0020403115360103,-0.0073510238599644,0.0368591970199687,Sideways,False,False,True,217.4340255,0.129803796135,2.07686073816,16.0,9.0,7.0,0.0,0.9451622
2026-03-12,154421.44,154679.7,157080.3,153503.7,-0.92,38.880641511992096,158764.55017282136,165544.4836335773,-6779.933460755943,-6128.681566662013,-651.2518940939299,-0.0092201592110997,-0.0071190100686804,0.0368306596531845,Sideways,False,False,True,217.4340255,-0.6183884116385625,-9.894214586217,16.0,2.0,12.0,2.0,0.996361886875
2026-03-13,153866.17,154202.92,155002.11,152780.8,-0.36,38.46622854960161,158010.95322315654,164679.42336442345,-6668.470141266909,-6236.639281582993,-431.83085968391606,-0.0035958089757484,-0.0070470370123485,0.0368363519613316,Sideways,False,False,True,217.4340255,0.3478878052616667,4.17465366314,12.0,8.0,3.0,1.0,0.9650650591666666
2026-03-16,149178.66,153581.45,153943.7,148747.72,-3.05,35.06813550905214,156652.13888113244,163531.21867076244,-6879.079789629992,-6365.127383192393,-513.9524064375992,-0.0304648513705124,-0.0071366261706694,0.0368938505576429,Sideways,False,False,True,217.4340255,-0.3522617348507479,-9.74217483935,33.0,10.0,20.0,3.0,0.9957385877777778
2026-03-17,150016.16,150067.91,151503.47,148509.05,0.56,36.15336346627047,155631.2190532659,162530.10321366892,-6898.884160403017,-6471.878738634518,-427.0054217684983,0.0056140737555894,-0.0064823224369408,0.037003466107417,Sideways,False,False,True,217.4340255,-0.11141955060066665,-1.0027759554059998,9.0,3.0,4.0,2.0,0.9993176422222222
2026-03-18,154292.27,150562.73,154684.45,150284.27,2.85,41.526987809905656,155425.22689122497,161919.89334598975,-6494.6664547647815,-6476.436281860571,-18.23017290421012,0.028504329133608,-0.0067038446944951,0.0367675846989085,Sideways,False,False,True,217.4340255,0.07926041953846151,1.0303854539999997,13.0,7.0,6.0,0.0,0.9982650184615385
2026-03-19,152740.38,152698.52,153322.97,150728.19,-1.01,40.2044734173903,155012.1735233442,161239.92939443496,-6227.755871090776,-6426.700199706613,198.94432861583664,-0.0100581189193728,-0.0053385162140974,0.036069473739528,Sideways,False,False,True,217.4340255,0.016870971230999975,0.16870971230999976,10.0,5.0,5.0,0.0,0.9908591579999999
2026-03-24,153966.36,157190.06,157442.69,153382.02,0.8,41.78185043276736,154851.2791351374,160701.14647632866,-5849.867341191275,-6311.3336280035455,461.4662868122705,0.0080265611490555,-0.0052274240451806,0.0361090006136145,Sideways,False,False,True,217.4340255,0.18937459386096522,4.706268777464,37.0,17.0,12.0,8.0,0.9933287363901961
2026-03-25,158313.45,155359.94,158586.09,155199.7,2.82,47.10959768378726,155383.9208066547,160524.2800706747,-5140.359264019993,-6077.138755206835,936.7794911868424,0.0282340246271979,-0.0022338583190505,0.0362856339550376,Sideways,False,False,True,217.4340255,-0.37466430234975,-2.997314418798,8.0,1.0,4.0,3.0,0.99954177375
2026-03-26,152907.97,157571.13,157591.23,152668.08,-3.41,41.96667395687393,155003.0052979386,159960.1089543284,-4957.103656389809,-5853.13173544343,896.0280790536217,-0.034144161472067,-0.0035139327609783,0.0369651271624501,Sideways,False,False,True,217.4340255,0.07631113828846153,0.99204479775,13.0,7.0,6.0,0.0,0.9990479292307692
2026-03-27,151707.52,153041.83,153660.89,151457.95,-0.79,40.898834139233,154496.00755979418,159348.8060688226,-4852.79850902842,-5653.065090160429,800.2665811320085,-0.007850800713658,-0.0034155957861255,0.036950088277177,Sideways,False,False,True,217.4340255,0.1428769170622143,2.000276838871,14.0,7.0,5.0,2.0,0.9993708114285714
2026-03-30,146842.97,151813.61,151813.61,144656.97,-3.21,36.81126102339702,153318.6171659797,158422.44784150238,-5103.83067552268,-5543.21820723288,439.38753171019926,-0.0320653188451039,-0.0063147634160211,0.0368018254700528,Sideways,False,False,True,217.4340255,0.06841954507357907,1.9610378767600003,30.0,15.0,13.0,2.0,0.9967815535648148
2026-03-31,148743.31,147743.69,150225.63,147743.69,1.29,39.360911182184985,152614.72375582898,157705.47466805778,-5090.750912228803,-5452.7247482320645,361.9738360032616,0.0129413073026241,-0.0054217081172579,0.0370533130688525,Sideways,False,False,True,217.4340255,0.2538867717845,4.062188348552,16.0,9.0,5.0,2.0,0.9834122725
2026-04-01,155511.56,151262.77,157347.19,151262.77,4.55,47.48790640981332,153060.39087031683,157542.96247042387,-4482.57160010704,-5258.69411860706,776.1225185000203,0.0455028868189097,0.0016401083224709,0.0320572943062568,Sideways,False,False,True,217.4340255,-4.7874506428561124e-05,-0.0006702430899998557,14.0,6.0,6.0,2.0,0.9994656471428571
2026-04-02,152011.27,152040.53,152272.64,150022.44,-2.25,44.18946764260212,152898.98765949885,157133.20747261468,-4234.219813115837,-5053.799257508816,819.579444392979,-0.022508230256323,-0.0011826737759097,0.0315442468479481,Sideways,False,False,True,217.4340255,0.2770229753358333,3.3242757040299997,12.0,7.0,4.0,1.0,0.9847443791666667
2026-04-03,150398.7,149093.61,152103.63,148796.55,-1.06,42.71739449603805,152514.32801957594,156634.35506723585,-4120.027047659882,-4867.044815539029,747.017767879147,-0.0106082266137239,-0.0012819542026539,0.0315720077699471,Sideways,False,False,True,217.4340255,0.221985745677,1.997871711093,9.0,5.0,3.0,1.0,0.9994293477777778
2026-04-06,151207.81,150272.88,151875.02,147771.36,0.54,43.73027701102964,152313.3252473335,156232.3887659591,-3919.0635186255968,-4677.448556156342,758.3850375307456,0.0053797672453284,-0.0027569598266704,0.0304632904930891,Sideways,False,False,True,217.4340255,0.07481925593576093,2.0252119873749996,31.0,14.0,12.0,5.0,0.9979434106060605
2026-04-07,151673.45,150613.25,152013.05,149129.41,0.31,44.34024215488587,152214.88290158988,155894.68959811027,-3679.806696520391,-4477.920184229152,798.1134877087616,0.0030794705643844,-0.0014508914838952,0.030105689502225,Sideways,False,False,True,217.4340255,0.3563857297869286,4.989400217017001,14.0,9.0,4.0,1.0,0.9992073871428572
2026-04-08,165811.02,164594.39,165924.14,162956.77,9.32,58.90562221284424,154306.5963013453,156629.23259084285,-2322.6362894975464,-4046.863405282831,1724.2271157852847,0.0932105783840215,0.0067068448897893,0.0325731505133454,Sideways,False,False,True,217.4340255,-0.00020487064428571195,-0.0014340945099999836,7.0,3.0,3.0,1.0,0.9989527414285714
2026-04-09,165517.52,166382.34,166962.17,161993.0,-0.18,58.56299503525542,156031.35379344603,157287.6242507804,-1256.27045733438,-3488.7448156931414,2232.474358358761,-0.0017700874163851,0.0033083461825357,0.02943380891509,Sideways,False,False,True,217.4340255,0.2987136699524,2.987136699524,10.0,6.0,3.0,1.0,0.998750373
2026-04-10,167191.38,166221.33,168290.3,166221.33,1.01,59.99223471089199,157748.28090214665,158021.23578775965,-272.9548856129986,-2845.586829677113,2572.6319440641146,0.0101128871433067,0.0039160061165015,0.029443024072498,Sideways,False,False,True,217.4340255,0.04920489389199999,0.4920489389199999,10.0,4.0,4.0,2.0,0.974774036
2026-04-13,160591.33,161837.7,163612.13,160158.92,-3.95,52.32807967335285,158185.67307104715,158211.61313681447,-25.94006576729589,-2281.6574768951496,2255.7174111278537,-0.0394760184406637,0.0024032131550233,0.0308949661790685,Sideways,False,False,True,217.4340255,0.09589204152111373,2.958767785988999,29.0,13.0,10.0,6.0,0.9897890877248677
2026-04-14,165634.84,163416.55,165763.81,163416.55,3.14,56.86318768111484,159331.69875242453,158761.48179334673,570.2169590778067,-1711.2825897005584,2281.4995487783654,0.0314058673030481,0.0041532969689631,0.0315222474343189,Sideways,False,False,True,217.4340255,0.1820087478437647,3.094148713344,17.0,8.0,5.0,4.0,0.9936365076470587
2026-04-15,168519.94,169403.08,170640.27,168182.98,1.74,59.2512826772249,160745.2743289746,159484.33054939512,1260.9437795794802,-1116.8373158445509,2377.781095424032,0.0174184368457748,0.0065474613797775,0.0305582247175482,Sideways,False,False,True,217.4340255,0.537557479372353,9.13847714933,17.0,12.0,3.0,2.0,0.99309818
2026-04-16,169911.95,170006.75,170899.16,168941.31,0.83,60.39065936778073,162155.53212451696,160256.7468049955,1898.7853195214705,-513.7127887713466,2412.498108292817,0.0082602094446508,0.0066797681642306,0.0305596991680975,Sideways,False,False,True,217.4340255,0.22173569467583334,3.991242504165,18.0,9.0,5.0,4.0,0.9991999533333333
2026-04-17,173939.02,171064.39,174404.03,170758.27,2.37,63.56466478817424,163968.3764130528,161270.24852314396,2698.12788990885,128.6553469646928,2569.4725429441573,0.0237009227426321,0.0064395978446818,0.0303975965615667,Sideways,False,False,True,217.4340255,0.33329850708583336,3.99958208503,12.0,8.0,4.0,0.0,0.9993884675000001
2026-04-20,172196.7,172249.27,174523.77,169226.56,-1.0,61.27680405784904,165234.2723495062,162079.61529920736,3154.657050298847,733.8556876315237,2420.8013626673232,-0.0100168438341206,0.0064416615989444,0.0303964189258459,Sideways,False,False,True,217.4340255,0.33068547041292307,6.902699410883999,33.0,19.0,12.0,2.0,0.9951569046520147
2026-04-21,173155.8,173405.56,175298.13,172837.8,0.56,62.08578181415009,166452.96891112064,162900.073425192,3552.8954859286314,1297.6636472909454,2255.231838637686,0.0055697931493459,0.0063188231989589,0.030394641017745,Sideways,False,False,True,217.4340255,0.36315878139945457,3.994746595394,11.0,7.0,3.0,1.0,0.9993488027272727
2026-04-22,171579.31,173343.41,173452.66,171254.81,-0.91,59.87167382434554,167241.63677094824,163542.97983814077,3698.6569328074975,1777.862304394256,1920.7946284132424,-0.0091044596831292,0.0044518989834426,0.0301232060658654,Sideways,False,False,True,217.4340255,0.38435826158307695,4.99665740058,13.0,9.0,4.0,0.0,0.9994581692307692
2026-04-23,169173.38,171561.73,171561.73,168416.02,-1.4,56.556793351818186,167538.8280369562,163960.046516797,3578.7815201591875,2138.046147547242,1440.7353726119454,-0.0140222617750356,0.0054579939682941,0.0290843940073485,Sideways,False,False,True,217.4340255,0.06128866348177778,1.103195942672,18.0,8.0,7.0,3.0,0.9962047088888889
2026-04-24,170672.05,168045.69,171641.33,166380.72,0.89,58.112537704121664,168020.86218511677,164457.2319599972,3563.63022511956,2423.1629630617053,1140.467262057854,0.0088587814465843,0.0062934730763062,0.0289215075255939,Sideways,False,False,True,217.4340255,0.44420907706977775,3.997881693628,9.0,6.0,2.0,1.0,0.9994771422222222
2026-04-27,169497.36,170553.98,171306.63,169268.33,-0.69,56.40741934189979,168248.0156950988,164830.57477777518,3417.4409173236054,2622.0185539140857,795.4223634095197,-0.0068827321169459,0.0075526024127141,0.0276853806047954,Sideways,False,False,True,217.4340255,0.02170849976741111,1.2858690201210004,30.0,13.0,11.0,6.0,0.9893121954444445
2026-04-28,168412.23,168221.05,169313.91,168170.73,-0.64,54.80760818148736,168273.27943431438,165095.88257201406,3177.396862300317,2733.094215591332,444.30264670898487,-0.0064020466159471,0.0065854347167856,0.0278247442958855,Sideways,False,False,True,217.4340255,0.0,0.0,0.0,0.0,0.0,0.0,0.0
2026-04-29,165823.88,168863.86,169686.03,165391.47,-1.54,51.08576310827959,167896.44875211216,165149.80830742043,2746.640444691729,2735.803461411412,10.836983280318236,-0.0153691332274384,0.0035418337144682,0.02664807324107,Sideways,False,False,True,217.4340255,0.0,0.0,0.0,0.0,0.0,0.0,0.0
2026-04-30,162994.17,164357.47,164357.47,160391.19,-1.71,47.30380166028931,167142.25202101798,164990.13139575967,2152.120625258307,2619.0668941807908,-466.9462689224838,-0.017064550654586,0.003814017694555,0.0263945886631788,Sideways,False,False,True,217.4340255,0.0,0.0,0.0,0.0,0.0,0.0,0.0
2026-05-04,163948.94,164713.27,167245.55,163417.84,0.59,48.6842167334623,166650.97324855367,164913.0061071849,1737.9671413687756,2442.846943618388,-704.8798022496126,0.0058576941739694,0.0046373137339397,0.0261769595944353,Sideways,False,False,True,217.4340255,0.0,0.0,0.0,0.0,0.0,0.0,0.0
2026-05-05,164742.47,162616.2,164920.34,162532.98,0.48,49.85983264663444,166357.3573641608,164900.37380294898,1456.9835612118186,2245.6742671370744,-788.6907059252558,0.0048401044861894,0.0046103305959827,0.0261764321315781,Sideways,False,False,True,217.4340255,0.0,0.0,0.0,0.0,0.0,0.0,0.0
2026-05-06,171704.77,167389.06,172088.58,167354.44,4.23,58.78208629294468,167180.03623121296,165404.40315087867,1775.6330803342862,2151.666029776517,-376.0329494422308,0.0422617191547509,0.0065694430255011,0.0274891629186373,Sideways,False,False,True,217.4340255,0.0,0.0,0.0,0.0,0.0,0.0,0.0
2026-05-07,172894.28,172548.88,173274.55,171541.05,0.69,60.0888092453482,168059.1506571802,165959.20884340617,2099.941813774029,2141.3211865760195,-41.37937280199094,0.0069276467974652,0.0022552964461733,0.0184656612191537,Bull,False,True,False,217.4340255,0.0,0.0,0.0,0.0,0.0,0.0,0.0
2026-05-08,171115.81,171465.06,172287.45,170393.13,-1.03,57.17049154205509,168529.40594069095,166341.17929945016,2188.226641240792,2150.702277508974,37.52436373181763,-0.0102864594479354,0.0018294778445957,0.0186605377834561,Sideways,False,False,True,217.4340255,0.0,0.0,0.0,0.0,0.0,0.0,0.0
2026-05-11,170506.31,170279.55,171304.11,169583.45,-0.36,56.16377521085409,168833.5450267385,166649.7074994909,2183.8375272475823,2157.329327456696,26.508199790886465,-0.0035619151731216,0.0011457377287743,0.0185914524433731,Bear,True,False,False,217.4340255,0.0,0.0,0.0,0.0,0.0,0.0,0.0
2026-05-12,168916.22,170758.16,171571.56,168823.31,-0.93,53.51617194650599,168846.2642533941,166817.59731434344,2028.6669390506577,2131.5968497754884,-102.92991072483072,-0.009325695922925,0.0026532538546613,0.0161917323382651,Bull,False,True,False,217.4340255,0.0,0.0,0.0,0.0,0.0,0.0,0.0
2026-05-13,167451.14,169038.94,169687.3,167329.34,-0.87,51.12477146740058,168631.62975287193,166864.52640216987,1767.103350702062,2058.698149960803,-291.5947992587412,-0.0086734121803103,0.0006492898804933,0.0148723248409615,Bear,True,False,False,217.4340255,0.0,0.0,0.0,0.0,0.0,0.0,0.0
2026-05-14,166498.84,167979.48,168528.88,166398.91,-0.57,49.57410193192606,168303.50825243007,166837.43852052765,1466.0697319024184,1940.1724663491264,-474.1027344467079,-0.0056870320500655,-0.0005059835642986,0.0143907617082813,Bear,True,False,False,217.4340255,0.0,0.0,0.0,0.0,0.0,0.0,0.0
2026-05-15,165596.06,166890.05,166924.48,165291.53,-0.54,48.08511341619883,167886.9777520562,166745.4845560441,1141.493196012103,1780.436612281722,-638.9434162696189,-0.0054221398779714,-0.0011901010304297,0.0142768648836744,Bear,True,False,False,217.4340255,0.0,0.0,0.0,0.0,0.0,0.0,0.0
2026-05-18,161805.02,164799.34,164939.09,161613.52,-2.29,42.33475791945808,166951.29194404755,166379.52421855935,571.7677254882001,1538.7028349230177,-966.9351094348176,-0.0228932983067351,-0.0035198120828981,0.0137948563698107,Bear,True,False,False,217.4340255,0.0,0.0,0.0,0.0,0.0,0.0,0.0
2026-05-19,162896.69,163033.72,164309.66,162563.58,0.67,44.396818332956975,166327.5070295787,166121.53649866607,205.97053091262933,1272.1563741209402,-1066.1858432083109,0.0067468240478572,-0.0026816286887992,0.0138882846328773,Bear,True,False,False,217.4340255,0.0,0.0,0.0,0.0,0.0,0.0,0.0
2026-05-20,164831.42,163514.39,165081.7,162895.73,1.19,47.94926682910653,166097.33979425888,166025.9723135797,71.36748067918234,1031.998595432589,-960.6311147534065,0.0118770369121681,-0.0023662665006581,0.0141545682905929,Bear,True,False,False,217.4340255,0.0,0.0,0.0,0.0,0.0,0.0,0.0
2026-05-21,168514.45,166638.56,168869.19,166638.56,2.23,53.977228589286106,166469.20290283446,166210.30399405528,258.8989087791706,877.3786581019051,-618.4797493227345,0.0223442229642867,-0.0007938323682873,0.0150829955257883,Bear,True,False,False,217.4340255,0.0,0.0,0.0,0.0,0.0,0.0,0.0
2026-05-22,167844.25,169539.16,169624.78,167480.67,-0.4,52.779407383473234,166680.7486100907,166331.3370315327,349.411578558007,771.7852421931256,-422.3736636351185,-0.0039771070077373,-0.0002915746299224,0.0147835879177837,Bear,True,False,False,217.4340255,0.0,0.0,0.0,0.0,0.0,0.0,0.0
2026-05-25,171725.3,170747.3,171920.81,170161.66,2.31,58.51991793694275,167456.83343930752,166730.88984401175,725.943595295772,762.616912813655,-36.67331751788299,0.0231229249735989,0.0004216325464283,0.0155713492782543,Bear,True,False,False,217.4340255,0.0,0.0,0.0,0.0,0.0,0.0,0.0
2026-05-29,173962.81,172118.02,174106.34,171545.47,1.3,61.43102148714674,168457.7529101833,167266.5876333442,1191.1652768391068,848.3265856187454,342.8386912203614,0.0130295885347122,0.0014172485790112,0.0157156529980423,Bull,False,True,False,217.4340255,0.0,0.0,0.0,0.0,0.0,0.0,0.0
2026-06-01,170600.2,174157.61,174171.64,170396.84,-1.93,55.1651815387166,168787.3601547705,167513.5218827261,1273.838272044377,933.4289229038718,340.4093491405051,-0.0193294762254069,0.0007708770985382,0.0163088328100412,Bear,True,False,False,217.4340255,0.0,0.0,0.0,0.0,0.0,0.0,0.0
2026-06-02,171021.77,170615.48,171856.36,170248.47,0.25,55.77422030847988,169131.11551557505,167773.3921136353,1357.7234019397583,1018.2878187110492,339.4355832287092,0.002471099096015,0.0016628887147109,0.0158613393805288,Bull,False,True,False,217.4340255,0.0,0.0,0.0,0.0,0.0,0.0,0.0
2026-06-03,170190.64,170462.91,171624.45,169790.34,-0.49,54.21071764762637,169294.1192824097,167952.44751262528,1341.671769784385,1082.9646089257164,258.70716085866866,-0.0048597906570606,0.0022731267145871,0.0153287487120535,Bull,False,True,False,217.4340255,0.0,0.0,0.0,0.0,0.0,0.0,0.0
2026-06-04,171175.52,170598.48,171455.77,170563.41,0.58,55.79219547411275,169583.56554665434,168191.19362280116,1392.3719238531776,1144.8460719112086,247.525851941969,0.0057869222420221,0.0022695881179898,0.0153278858177073,Bull,False,True,False,217.4340255,0.0,0.0,0.0,0.0,0.0,0.0,0.0
2026-06-05,170478.94,171651.48,172102.91,170254.66,-0.41,54.362090922662695,169721.31546255367,168360.6563174085,1360.6591451451825,1188.008686558003,172.65045858717895,-0.0040693902959955,0.0018241133788805,0.0153786313251159,Bull,False,True,False,217.4340255,0.0,0.0,0.0,0.0,0.0,0.0,0.0
2026-06-08,168953.7,169254.14,169360.55,168432.45,-0.89,51.2635658283171,169603.22077600696,168404.58547908193,1198.6352969250293,1190.1340086314085,8.501288293620746,-0.0089467942491898,-0.0007363122913164,0.0122329163911803,Bear,True,False,False,217.4340255,0.0,0.0,0.0,0.0,0.0,0.0,0.0
2026-06-09,170330.56,170442.16,171022.94,170250.27,0.81,53.82231269566982,169715.11911815975,168547.2502584092,1167.868859750568,1185.6809788552405,-17.812119104672547,0.0081493332196926,-0.0006752279702051,0.0122761738137135,Bear,True,False,False,217.4340255,0.0,0.0,0.0,0.0,0.0,0.0,0.0
2026-06-10,169427.44,169734.3,170729.56,169346.38,-0.53,51.89762009733775,169670.86079228902,168612.449498527,1058.4112937620084,1160.2270418365945,-101.81574807458584,-0.0053021606927141,-0.000426013032444,0.0121203938636317,Bear,True,False,False,217.4340255,0.0,0.0,0.0,0.0,0.0,0.0,0.0
2026-06-11,169703.59,168877.78,170138.19,168682.25,0.16,52.45746232256885,169675.8960550138,168693.27472085835,982.6213341554394,1124.7059003003633,-142.08456614492388,0.0016299012721905,-0.0001664222101784,0.0121052840882198,Bear,True,False,False,217.4340255,0.0,0.0,0.0,0.0,0.0,0.0,0.0
2026-06-12,172399.91,171562.23,173093.45,170946.55,1.59,57.64131473354667,170094.9751234732,168967.84029709108,1127.1348263821274,1125.1916855167162,1.943140865411124,0.0158884087248831,0.0010942830222119,0.0124103053569933,Bull,False,True,False,217.4340255,0.0,0.0,0.0,0.0,0.0,0.0,0.0
2026-06-15,177039.83,176814.48,177176.73,175085.8,2.69,64.761774574056,171163.41433524655,169565.76546026953,1597.6488749770217,1219.6831234087772,377.9657515682443,0.0269137031452044,0.0028736387884877,0.0134442520472332,Bull,False,True,False,217.4340255,0.0,0.0,0.0,0.0,0.0,0.0,0.0
2026-06-16,180392.98,178182.08,180503.55,177741.47,1.89,68.83849696652173,172583.3475144394,170367.78135210142,2215.5661623379856,1418.859731194619,796.7064311433667,0.018940088227604,0.0041049948023712,0.0137433836881535,Bull,False,True,False,217.4340255,0.0,0.0,0.0,0.0,0.0,0.0,0.0
2026-06-17,180511.02,181282.13,181357.7,179564.17,0.07,68.97457117127479,173802.98943529488,171119.13236305688,2683.8570722379955,1671.8591994032945,1011.997872834701,0.000654349188089,0.0044088192556742,0.0135879702654605,Bull,False,True,False,217.4340255,0.0,0.0,0.0,0.0,0.0,0.0,0.0
2026-06-18,181398.22,181087.38,181869.34,181045.34,0.49,70.03374418290666,174971.48644524952,171880.5462620897,3090.940183159837,1955.675396154603,1135.264787005234,0.0049149353873243,0.0057992309403772,0.011974119943167,Bull,False,True,False,217.4340255,0.0,0.0,0.0,0.0,0.0,0.0,0.0
2026-06-19,178922.77,181585.16,182185.88,177836.16,-1.36,63.51801072091149,175579.37622290343,172402.19246489787,3177.183758005558,2199.977068524794,977.206689480764,-0.0136464955389309,0.0047795649610378,0.0127334110683499,Bull,False,True,False,217.4340255,0.0,0.0,0.0,0.0,0.0,0.0,0.0
2026-06-22,178471.88,180146.06,180507.81,178337.14,-0.25,62.37959819388313,176024.3768039952,172851.7989489795,3172.5778550156974,2394.4972258229745,778.0806291927229,-0.0025200258189608,0.0040597118244813,0.0127179970658452,Bull,False,True,False,217.4340255,0.0,0.0,0.0,0.0,0.0,0.0,0.0
2026-06-23,177692.92,179307.69,179405.56,177674.38,-0.44,60.36666573229971,176281.0757572267,173210.40050831437,3070.675248912332,2529.732830440846,540.9424184714858,-0.0043646091473905,0.0027242702188974,0.0120834364416468,Bull,False,True,False,217.4340255,0.0,0.0,0.0,0.0,0.0,0.0,0.0
2026-06-24,179571.27,178115.36,179919.27,177931.31,1.06,63.431062648270576,176787.25948688414,173681.576026217,3105.683460667148,2644.922956486106,460.76050418104114,0.0105707644401362,0.0034516637912911,0.0120966639054657,Bull,False,True,False,217.4340255,0.0,0.0,0.0,0.0,0.0,0.0,0.0
2026-06-29,178414.8,179457.84,180272.02,178331.0,-0.64,60.33780260452824,177037.6503350558,174032.18520946018,3005.465125595627,2717.0313903080105,288.4337352876164,-0.0064401727514652,0.0019735089050379,0.0113495823051476,Bull,False,True,False,217.4340255,-0.07973960703591144,0.03977287814999986,27.0,10.0,10.0,7.0,0.9976632372027971
2026-06-30,180301.7,179020.11,180150.41,179020.11,1.06,63.46810200207951,177539.8118219703,174496.59371246313,3043.218109507172,2782.268734147843,260.9493753593288,0.010575916347747,0.0018508252956897,0.0112364792275632,Bull,False,True,False,217.4340255,-0.142670566641,-1.997387932974,14.0,5.0,7.0,2.0,0.9994330735714286
2026-07-01,184050.09,180733.45,184233.58,180565.84,2.08,68.74531685310579,178541.3930801287,175204.26010413253,3337.132975996181,2893.241582517511,443.8913934786701,0.0207895433043614,0.0038567762721781,0.0108300360209433,Bull,False,True,False,217.4340255,0.2345167892652941,3.9867854175099997,17.0,7.0,3.0,7.0,0.9992732123529412
2026-07-02,184520.95,184840.56,185890.53,184214.8,0.26,69.34438236921152,179461.32491395506,175894.3852816042,3566.93963235087,3027.981192484183,538.9584398666871,0.002558325290686,0.0038611375819116,0.0108294661805989,Bull,False,True,False,217.4340255,-0.00015163434911111582,-0.0013647091420000423,9.0,3.0,3.0,3.0,0.9993793099999999
2026-07-03,185372.2,184830.91,185668.66,184462.66,0.46,70.44721019526264,180370.6903118081,176596.445631115,3774.24468069314,3177.2338901259745,597.0107905671657,0.0046132972976782,0.0043347919796486,0.0106333477485661,Bull,False,True,False,217.4340255,-0.1853671362288889,-1.66830422606,9.0,3.0,5.0,1.0,0.9607714488888889
2026-07-06,187454.69,185910.39,187546.36,185910.39,1.12,73.00568120650816,181460.5364176838,177400.76002881018,4059.776388873608,3353.742389875501,706.0339989981067,0.0112341009061767,0.0046071509128563,0.0107417086656385,Bull,False,True,False,217.4340255,-0.12606380809343704,-3.781668046737,29.0,10.0,14.0,5.0,0.9957174044444445
2026-07-07,186255.55,188012.67,188126.69,186189.2,-0.64,69.28605337507783,182198.23081496323,178056.67039704646,4141.560417916771,3511.3059954837554,630.2544224330159,-0.0063969591798423,0.004490772468664,0.0108526954906179,Bull,False,True,False,217.4340255,0.52032670351,6.243920442119999,12.0,8.0,2.0,2.0,0.9772776133333333
2026-07-08,181629.38,184405.88,185215.56,179504.34,-2.48,57.18182235181465,182110.7153049689,178321.3155528208,3789.399752148107,3566.924746816626,222.47500533148104,-0.0248377565124904,0.0036962243554989,0.0123646509467161,Bull,False,True,False,217.4340255,-0.362673079093,-3.264057711837,9.0,2.0,5.0,2.0,0.9809459344444443
2026-07-09,181259.69,180064.8,182276.81,179411.36,-0.2,56.3348498322425,181979.7883349737,178538.97291927852,3440.815415695193,3541.702880592339,-100.88746489714596,-0.0020354085886324,0.0031869872650827,0.0123813149905586,Bull,False,True,False,217.4340255,-0.21398928686285715,-2.99585001608,14.0,5.0,8.0,1.0,0.9994105028571428
2026-07-10,182241.78,181880.55,183477.56,181880.55,0.54,58.10994063039584,182020.09474497777,178813.2549252579,3206.8398197198694,3474.7302684178453,-267.8904486979759,0.0054181379213436,0.0037230021957856,0.0122255307001288,Bull,False,True,False,217.4340255,0.16662543980233332,0.999752638814,6.0,3.0,2.0,1.0,0.9994698733333333
2026-07-13,179927.05,180125.8,181148.27,179448.52,-1.27,52.674670002863806,181698.08786113505,178895.75826412768,2802.3295970073377,3340.250134135744,-537.9205371284061,-0.0127014233508914,0.0030064359646315,0.012762856793065,Bull,False,True,False,217.4340255,-0.055902983529249994,-2.0133382255709997,28.0,9.0,11.0,8.0,0.9990263600000001
2026-07-14,173518.81,178112.05,178112.05,173349.42,-3.56,41.18861190291892,180439.7374209604,178497.46580011825,1942.271620842192,3060.654431477033,-1118.382810634842,-0.035615767612485,0.000431227147763,0.0150228162172222,Bear,True,False,False,217.4340255,0.23055674828915387,2.9972377277590003,13.0,7.0,4.0,2.0,0.9994846330769231
2026-07-15,175285.78,173870.27,176701.38,173870.27,1.02,44.76510823101678,179646.82089465883,178259.5631482576,1387.2577464012138,2725.97509446187,-1338.717348060656,0.0101831611224165,-0.0004052999533763,0.0138939560209019,Bear,True,False,False,217.4340255,0.15708993310807692,2.042169130405,13.0,6.0,4.0,3.0,0.9927753146153846
2026-07-16,178123.56,175672.34,178431.73,175672.34,1.62,50.02178557185655,179412.47306471132,178249.48884097926,1162.9842237320554,2413.3769203159072,-1250.3926965838518,0.0161894478833366,-0.0005428319705896,0.0137047083247836,Bear,True,False,False,217.4340255,0.0030417765440000025,0.03345954198400003,11.0,4.0,4.0,3.0,0.9961004827272727
2026-07-17,175802.8,178185.45,178694.48,175790.63,-1.3,46.15333467542685,178857.1387470634,178068.25263053636,788.88611652705,2088.478759558136,-1299.592643031086,-0.013028933398816,-0.0012269960999349,0.0139805681875954,Bear,True,False,False,217.4340255,0.09075234591599998,0.9982758050759998,11.0,5.0,4.0,2.0,0.9994382599999999
2026-07-20,175927.73,174419.42,176129.34,173636.45,0.07,46.39366865495145,178406.46047828445,177909.69539864478,496.7650796396483,1770.1360235744385,-1273.37094393479,0.0007106257693281,-0.0014372115808347,0.0139148097841604,Bear,True,False,False,217.4340255,-0.16837788322345237,-3.7603734121869996,27.0,9.0,13.0,5.0,0.9938751654761905
2026-07-21,176133.56,176930.75,178370.45,176062.7,0.12,46.814854082954135,178056.7834816253,177778.12981355996,278.65366806532256,1471.8395524726154,-1193.1858844072929,0.0011699690549067,-0.0006963883511428,0.0136219078387931,Bear,True,False,False,217.4340255,-0.15484582565807692,-2.012995733555,13.0,4.0,6.0,3.0,0.9982718030769231
2026-07-22,174429.94,175863.78,176255.64,174104.06,-0.97,43.75082926143517,177498.80756137523,177530.11575329627,-31.308191921038087,1171.2100035938847,-1202.5181955149228,-0.0096723191196498,-0.0010540030161773,0.0137654315411677,Bear,True,False,False,217.4340255,0.06893650551211111,0.620428549609,9.0,4.0,4.0,1.0,0.9648511255555555
2026-07-23,171739.45,174494.38,175237.59,171655.09,-1.54,39.368538100289534,176612.7525519329,177101.1775493484,-488.4249974154809,839.2830033920116,-1327.7080008074925,-0.0154244735737453,-0.001606996237495,0.0141229363388824,Bear,True,False,False,217.4340255,-0.3329855728186667,-2.996870155368,9.0,2.0,5.0,2.0,0.9994814144444444
2026-07-24,171021.2,171166.52,172718.67,169512.88,-0.42,38.26658383844788,175752.5136977894,176650.80884198926,-898.2951441998594,491.7673738736374,-1390.062518073497,-0.0041822074077912,-0.0023446448298914,0.0138357672154134,Bear,True,False,False,217.4340255,0.0003569663726999961,0.003569663726999961,10.0,4.0,4.0,2.0,0.996673404
2026-07-27,178262.34,175600.3,178588.34,175153.17,4.23,52.65478158708628,176138.6408212064,176770.18152036043,-631.5406991540221,267.10575926810554,-898.6464584221277,0.0423405987093996,9.43937431518216e-05,0.0170110801234102,Bear,True,False,False,217.4340255,-0.2520519033779238,-5.855196485762001,24.0,7.0,13.0,4.0,0.9968876686666667
2026-07-28,177623.88,179104.13,179123.02,177434.95,-0.36,51.5147185844333,176367.13915640544,176833.4184447782,-466.2792883727525,120.42874973993396,-586.7080381126864,-0.00358157533442,-0.0006134808409565,0.0168457222374869,Bear,True,False,False,217.4340255,0.1421553197985714,0.9950872385899998,7.0,4.0,3.0,0.0,0.9991372214285714
2026-07-29,176042.98,176935.03,176935.03,175631.73,-0.89,48.70281460593699,176317.26851695846,176774.8674488687,-457.5989319102373,4.823213409899694,-462.422145320137,-0.0089002672388419,-0.0020979713681167,0.0161543475329369,Bear,True,False,False,217.4340255,0.0054174280336250075,0.04333942426900006,8.0,3.0,3.0,2.0,0.995727885
2026-07-30,175547.98,175141.64,176234.3,174612.16,-0.28,47.82260149152389,176198.91643742638,176683.9868971007,-485.0704596742871,-93.15552120693768,-391.91493846734943,-0.0028118133424007,-0.002366478299771,0.0161174676286087,Bear,True,False,False,217.4340255,-0.39950154190299997,-3.9950154190299996,10.0,3.0,7.0,0.0,0.9992542929999999
2026-07-31,176094.13,176405.33,177108.67,175934.98,0.31,48.91953434654083,176182.7954470531,176640.29379361175,-457.4983465586556,-166.02408627728127,-291.4742602813743,0.003111115263189,-0.0024415874014954,0.016086700012797,Bear,True,False,False,217.4340255,0.00011522725314283703,0.0008065907719998592,7.0,3.0,3.0,1.0,0.9994700742857143
2026-08-03,178200.02,178460.72,178985.95,177759.88,1.2,53.02074585829373,176493.13768596802,176755.82906815902,-262.6913821909984,-185.3575454600247,-77.3338367309737,0.0119588881242094,-0.0024053480405938,0.0161199115310113,Bear,True,False,False,217.4340255,-0.2344324336162756,-5.787332664339,24.0,7.0,13.0,4.0,0.9869973167676768
2026-08-04,177083.22,178716.2,178768.83,177043.09,-0.63,50.696102680296185,176583.91958043448,176780.0802482954,-196.1606678609096,-187.5181699402017,-8.64249792070791,-0.0062671148970689,-0.0023988558264551,0.0161182453798481,Bear,True,False,False,217.4340255,0.6147462585135385,7.991701360676,13.0,10.0,2.0,1.0,0.9994170423076922
2026-08-05,180014.94,179216.2,180202.39,178512.09,1.66,56.13332345458684,177111.76887575226,177019.6994891624,92.06938658986472,-131.60065863418842,223.67004522405315,0.0165556058897053,-0.0003291877063454,0.0157384137513727,Bear,True,False,False,217.4340255,0.07847890764833332,0.4708734458899999,6.0,2.0,2.0,2.0,0.9195231850000001
2026-08-06,181776.59,180713.63,182007.05,180626.94,0.98,59.055290623644986,177829.43366409806,177372.06174922443,457.3719148736273,-13.80614393262529,471.1780588062525,0.0097861321954721,0.0002618893328598,0.0158921972686201,Bear,True,False,False,217.4340255,0.39394156985622225,3.545474128706,9.0,6.0,2.0,1.0,0.9744228677777778
2026-08-07,181430.02,181647.27,181647.27,180620.08,-0.19,58.2334844520267,178383.37002346758,177672.6512492819,710.7187741856906,131.09883969103788,579.6199344946526,-0.0019065711376806,-0.0001043461200913,0.0158514643182729,Bear,True,False,False,217.4340255,0.3336011307192222,3.002410176473,9.0,5.0,2.0,2.0,0.9992995433333333
2026-08-10,181310.28,181989.95,182347.52,180820.23,-0.07,57.93351746847005,178833.66386601105,177942.10523081658,891.5586351944658,283.19079879172347,608.3678364027423,-0.00065997898253,0.0004977260983266,0.0155740709845958,Bear,True,False,False,217.4340255,-0.016052095698526194,0.027296894332999644,25.0,10.0,10.0,5.0,0.9959042876428571
2026-08-11,179846.69,181017.3,181017.3,179778.98,-0.81,54.25474229745919,178989.51404047088,178083.18558408943,906.3284563814524,407.8183303096693,498.510126071783,-0.0080722946321631,0.0018748997473427,0.0132581866184051,Bull,False,True,False,217.4340255,-0.08494712142900003,-1.0193654571480004,12.0,4.0,5.0,3.0,0.9978985975
2026-08-12,180311.22,179931.02,180901.27,179920.09,0.26,55.22653376788024,179192.85341885997,178248.22517045317,944.628248406807,515.1803139290969,429.4479344777101,0.0025829221544193,0.0014948877989429,0.0131156729120756,Bull,False,True,False,217.4340255,9.74504103999907e-05,0.0009745041039999069,10.0,4.0,4.0,2.0,0.9995212240000001
2026-08-13,180104.61,180761.33,181433.86,180035.92,-0.11,54.67024501535622,179333.12366211228,178385.73515782703,947.3885042852488,601.6219520003274,345.76655228492154,-0.0011458521549575,0.0006281227970282,0.0126582912766669,Bear,True,False,False,217.4340255,5.5008554222234376e-05,0.0004950769880001094,9.0,4.0,4.0,1.0,0.999493141111111
2026-08-17,180502.45,180879.22,181158.88,180281.75,0.22,55.59771445903412,179513.02002178732,178542.52884983987,970.4911719474476,675.3957959897515,295.0953759576961,0.0022089384608201,0.00139001639001,0.012244845489429,Bull,False,True,False,217.4340255,-0.10971630442499195,-1.898511610267,31.0,12.0,15.0,4.0,0.9886964223479853
2026-08-18,177955.52,180602.44,180602.44,177866.05,-1.41,48.72454187373082,179273.40463382003,178499.0467128147,774.357921005314,695.188220992864,79.16970001245,-0.0141102239886495,0.0006489739021111,0.0127270982779247,Bear,True,False,False,217.4340255,-0.23927271928433333,-2.153454473559,9.0,2.0,5.0,2.0,0.952660748888889
